timestamp,ukfx,ukfy,trilx,trily,yaw1,pitch1,roll1,accx1,accy1,accz1,yaw2,pitch2,roll2,accx2,accy2,accz2
4596267,3.62,6.77,3.63,6.77,0.0,-1.0097941160202026,0.06470643728971481,-0.010773907415568829,0.6931213736534119,10.139444351196289,-99.081,0.527,0.541,0.09,0.098,9.826
4596309,3.62,6.77,3.63,6.77,0.0,-1.0026195049285889,0.08298142999410629,0.16639702022075653,0.7457938194274902,10.165780067443848,-99.081,0.527,0.539,0.093,0.09,9.824
4596340,3.62,6.77,3.63,6.77,0.0,-0.9814112782478333,0.13679753243923187,0.16160862147808075,0.7386112213134766,10.165780067443848,-99.081,0.527,0.539,0.093,0.09,9.824
4596381,3.62,6.77,3.63,6.77,0.0,-0.9523032903671265,0.21041767299175262,0.15562310814857483,0.7577648162841797,10.162189483642578,-99.081,0.527,0.539,0.093,0.09,9.824
4596423,3.62,6.77,3.63,6.77,0.0,-0.9237386584281921,0.28251808881759644,0.1735796183347702,0.7362170219421387,10.163386344909668,-99.081,0.528,0.538,0.09,0.096,9.819
4596445,3.62,6.78,3.63,6.77,0.0,-0.9089127779006958,0.3200085163116455,0.15921440720558167,0.7433996200561523,10.133459091186523,-99.081,0.528,0.538,0.09,0.096,9.819
4596487,3.62,6.78,3.63,6.77,0.0,-0.881126880645752,0.3898492455482483,0.15921440720558167,0.7374141216278076,10.170568466186523,-99.081,0.528,0.538,0.09,0.096,9.819
4596529,3.62,6.79,3.63,6.77,0.0,-0.8538436889648438,0.4582505524158478,0.15801730751991272,0.7338228225708008,10.17416000366211,-99.082,0.531,0.538,0.093,0.094,9.821
4596551,3.62,6.79,3.63,6.77,0.0,-0.8396782279014587,0.4938129484653473,0.16160862147808075,0.7493851184844971,10.156203269958496,-99.082,0.531,0.538,0.093,0.094,9.821
4596593,3.62,6.8,3.63,6.77,0.0,-0.8131098747253418,0.5600394606590271,0.16879121959209442,0.7661445140838623,10.15021800994873,-99.082,0.531,0.538,0.093,0.094,9.821
4596635,3.62,6.81,3.63,6.77,0.0,-0.7870115637779236,0.6249200105667114,0.16879121959209442,0.7445967197418213,10.165780067443848,-99.082,0.535,0.541,0.09,0.099,9.826
4596658,3.47,7.16,3.62,6.77,0.0,-0.7734599113464355,0.6586713194847107,0.1604115068912506,0.7529764175415039,10.15021800994873,-99.082,0.535,0.541,0.09,0.099,9.826
4596701,3.47,7.18,3.62,6.77,0.0,-0.7468593120574951,0.7245153784751892,0.16639702022075653,0.7553706169128418,10.156203269958496,-99.082,0.535,0.541,0.09,0.099,9.826
4596743,3.47,7.19,3.62,6.77,0.0,-0.7219313979148865,0.7861761450767517,0.15562310814857483,0.7338228225708008,10.1753568649292,-99.082,0.536,0.539,0.081,0.092,9.819
4596765,3.47,7.2,3.62,6.77,0.0,-0.7089954614639282,0.8182757496833801,0.1711854189634323,0.7529764175415039,10.168174743652344,-99.082,0.536,0.539,0.081,0.092,9.819
4596807,3.47,7.21,3.62,6.77,0.0,-0.6847238540649414,0.8781054615974426,0.15442600846290588,0.7410054206848145,10.168174743652344,-99.082,0.536,0.539,0.081,0.092,9.819
4596845,3.47,7.23,3.62,6.77,0.0,-0.6636601686477661,0.9299350380897522,0.16998831927776337,0.7469909191131592,10.17296314239502,-99.083,0.538,0.537,0.094,0.092,9.829
4596887,3.47,7.24,3.62,6.77,0.0,-0.6395983099937439,0.9888653755187988,0.152031809091568,0.7433996200561523,10.153809547424316,-99.083,0.538,0.537,0.094,0.092,9.829
4596929,3.47,7.26,3.62,6.77,0.0,-0.6165011525154114,1.0452666282653809,0.15921440720558167,0.7218518257141113,10.180145263671875,-99.083,0.538,0.538,0.094,0.095,9.829
4596951,3.47,7.27,3.62,6.77,0.0,-0.6045089960098267,1.0746005773544312,0.15682020783424377,0.7350199222564697,10.15141487121582,-99.083,0.538,0.538,0.094,0.095,9.829
4596993,3.47,7.29,3.62,6.77,0.0,-0.5820185542106628,1.1292355060577393,0.15562310814857483,0.7553706169128418,10.170568466186523,-99.083,0.538,0.538,0.094,0.095,9.829
4597035,3.47,7.31,3.62,6.77,0.0,-0.5599694848060608,1.1827638149261475,0.15562310814857483,0.7481880187988281,10.1753568649292,-99.083,0.537,0.539,0.101,0.089,9.819
4597058,3.47,7.09,3.56,6.79,0.0,-0.5485504865646362,1.2106095552444458,0.16400282084941864,0.7445967197418213,10.168174743652344,-99.083,0.537,0.539,0.101,0.089,9.819
4597101,3.48,7.11,3.56,6.79,0.0,-0.5261522531509399,1.2648640871047974,0.1472434103488922,0.7469909191131592,10.17176628112793,-99.083,0.537,0.539,0.101,0.089,9.819
4597140,3.48,7.12,3.56,6.79,0.0,-0.507157027721405,1.3108885288238525,0.15682020783424377,0.7410054206848145,10.14902114868164,-99.083,0.535,0.541,0.092,0.09,9.821
4597182,3.48,7.13,3.56,6.79,0.0,-0.48608312010765076,1.3617974519729614,0.14245499670505524,0.7457938194274902,10.14902114868164,-99.083,0.535,0.541,0.092,0.09,9.821
4597224,3.48,7.15,3.56,6.79,0.0,-0.46591097116470337,1.4104734659194946,0.1759738177061081,0.7230489253997803,10.159794807434082,-99.083,0.535,0.541,0.089,0.096,9.826
4597246,3.48,7.16,3.56,6.79,0.0,-0.45547574758529663,1.4357670545578003,0.16639702022075653,0.7410054206848145,10.168174743652344,-99.083,0.535,0.541,0.089,0.096,9.826
4597288,3.48,7.18,3.56,6.79,0.0,-0.435951828956604,1.4828087091445923,0.15562310814857483,0.7266402244567871,10.158597946166992,-99.083,0.535,0.541,0.089,0.096,9.826
4597330,3.48,7.19,3.56,6.79,-0.01,-0.4168362617492676,1.5288199186325073,0.15442600846290588,0.7398083209991455,10.153809547424316,-99.083,0.535,0.542,0.1,0.101,9.824
4597352,3.48,7.2,3.56,6.79,-0.01,-0.4069526791572571,1.5527182817459106,0.15682020783424377,0.7362170219421387,10.162189483642578,-99.083,0.535,0.542,0.1,0.101,9.824
4597394,3.48,7.22,3.56,6.79,-0.01,-0.38843101263046265,1.5971699953079224,0.15801730751991272,0.7493851184844971,10.168174743652344,-99.083,0.535,0.542,0.1,0.101,9.824
4597436,3.48,7.24,3.56,6.79,-0.01,-0.37027060985565186,1.6406651735305786,0.1496376097202301,0.7350199222564697,10.176554679870605,-99.083,0.535,0.539,0.09,0.096,9.824
4597458,3.49,7.26,3.56,6.79,-0.01,-0.3608708679676056,1.6632634401321411,0.16998831927776337,0.7386112213134766,10.160991668701172,-99.083,0.535,0.539,0.09,0.096,9.824
4597500,3.49,7.28,3.56,6.79,-0.01,-0.3432469069957733,1.7052799463272095,0.15921440720558167,0.7457938194274902,10.182539939880371,-99.083,0.535,0.539,0.09,0.096,9.824
4597542,3.49,7.3,3.56,6.79,-0.01,-0.32600364089012146,1.7463738918304443,0.1735796183347702,0.7350199222564697,10.178948402404785,-99.084,0.534,0.538,0.09,0.091,9.831
4597565,3.46,7.21,3.63,6.79,-0.01,-0.31710484623908997,1.767722725868225,0.16400282084941864,0.7433996200561523,10.15141487121582,-99.084,0.534,0.538,0.09,0.091,9.831
4597608,3.46,7.23,3.63,6.79,-0.01,-0.2996729612350464,1.8092786073684692,0.1604115068912506,0.7457938194274902,10.163386344909668,-99.084,0.531,0.539,0.091,0.087,9.826
4597630,3.46,7.24,3.63,6.79,-0.01,-0.29108890891075134,1.8299086093902588,0.1496376097202301,0.7410054206848145,10.163386344909668,-99.084,0.531,0.539,0.091,0.087,9.826
4597672,3.46,7.25,3.63,6.79,-0.01,-0.2750096917152405,1.8683135509490967,0.15442600846290588,0.7529764175415039,10.164583206176758,-99.084,0.531,0.539,0.091,0.087,9.826
4597714,3.47,7.28,3.63,6.79,-0.01,-0.2592732608318329,1.9059242010116577,0.14844051003456116,0.7410054206848145,10.188525199890137,-99.084,0.532,0.538,0.09,0.098,9.819
4597740,3.43,7.13,3.6,6.82,-0.01,-0.2504175007343292,1.9272377490997314,0.152031809091568,0.7362170219421387,10.183736801147461,-99.084,0.532,0.538,0.09,0.098,9.819
4597782,3.43,7.15,3.6,6.82,-0.01,-0.23449252545833588,1.965319037437439,0.1735796183347702,0.7326257228851318,10.183736801147461,-99.084,0.532,0.538,0.09,0.098,9.819
4597824,3.42,7.16,3.6,6.82,-0.01,-0.2196211963891983,2.000930070877075,0.1735796183347702,0.7266402244567871,10.168174743652344,-99.085,0.532,0.538,0.096,0.094,9.821
4597846,3.42,7.17,3.6,6.82,-0.01,-0.21194811165332794,2.01944899559021,0.1711854189634323,0.7374141216278076,10.17296314239502,-99.085,0.532,0.538,0.096,0.094,9.821
4597888,3.42,7.19,3.6,6.82,-0.01,-0.1975587159395218,2.053896188735962,0.16639702022075653,0.7410054206848145,10.163386344909668,-99.085,0.532,0.538,0.096,0.094,9.821
4597930,3.42,7.2,3.6,6.82,-0.01,-0.18347971141338348,2.087602138519287,0.17238251864910126,0.7350199222564697,10.17296314239502,-99.085,0.532,0.538,0.092,0.093,9.819
4597952,3.42,7.21,3.6,6.82,-0.01,-0.1762228012084961,2.1051230430603027,0.1711854189634323,0.7433996200561523,10.152612686157227,-99.085,0.532,0.538,0.092,0.093,9.819
4597994,3.42,7.23,3.6,6.82,-0.01,-0.16262704133987427,2.1377267837524414,0.1364694982767105,0.7338228225708008,10.1753568649292,-99.085,0.532,0.538,0.092,0.093,9.819
4598037,3.43,7.25,3.6,6.82,-0.01,-0.149337038397789,2.169649839401245,0.18794482946395874,0.7362170219421387,10.157401084899902,-99.085,0.535,0.54,0.097,0.096,9.822
4598058,3.43,7.26,3.6,6.82,-0.01,-0.14249713718891144,2.186256170272827,0.15682020783424377,0.7613561153411865,10.163386344909668,-99.085,0.535,0.54,0.097,0.096,9.822
4598100,3.43,7.28,3.6,6.82,-0.01,-0.12969481945037842,2.2172086238861084,0.16519992053508759,0.7529764175415039,10.153809547424316,-99.085,0.535,0.54,0.097,0.096,9.822
4598136,3.43,7.29,3.6,6.82,-0.01,-0.11925273388624191,2.242647409439087,0.15322890877723694,0.729034423828125,10.17296314239502,-99.086,0.537,0.54,0.086,0.091,9.814
4598178,3.43,7.31,3.6,6.82,-0.01,-0.10667894780635834,2.2732622623443604,0.14844051003456116,0.7410054206848145,10.157401084899902,-99.086,0.537,0.54,0.086,0.091,9.814
4598220,3.43,7.33,3.6,6.82,-0.01,-0.09464284777641296,2.3026466369628906,0.16879121959209442,0.7422025203704834,10.164583206176758,-99.086,0.538,0.538,0.088,0.094,9.824
4598245,3.43,7.35,3.6,6.82,-0.01,-0.08787281066179276,2.3193516731262207,0.15921440720558167,0.7386112213134766,10.187328338623047,-99.086,0.538,0.538,0.088,0.094,9.824
4598287,3.43,7.37,3.6,6.82,-0.01,-0.07592997699975967,2.34857439994812,0.16998831927776337,0.7433996200561523,10.159794807434082,-99.086,0.538,0.538,0.088,0.094,9.824
4598329,3.44,7.39,3.6,6.82,-0.01,-0.0644904375076294,2.3765430450439453,0.16759411990642548,0.750582218170166,10.181343078613281,-99.086,0.537,0.537,0.094,0.096,9.821
4598351,3.44,7.4,3.6,6.82,-0.01,-0.05858980864286423,2.391098737716675,0.16879121959209442,0.7445967197418213,10.163386344909668,-99.086,0.537,0.537,0.094,0.096,9.821
4598393,3.44,7.43,3.6,6.82,-0.01,-0.047507766634225845,2.4182074069976807,0.16879121959209442,0.7362170219421387,10.17416000366211,-99.086,0.537,0.537,0.094,0.096,9.821
4598435,3.44,7.45,3.6,6.82,-0.01,-0.03665874898433685,2.444775342941284,0.15682020783424377,0.7362170219421387,10.156203269958496,-99.087,0.54,0.537,0.085,0.093,9.829
4598460,3.49,7.3,3.63,6.78,-0.01,-0.031071767210960388,2.458606243133545,0.1711854189634323,0.7266402244567871,10.15021800994873,-99.087,0.54,0.537,0.085,0.093,9.829
4598503,3.49,7.32,3.63,6.78,-0.01,-0.019828777760267258,2.486090898513794,0.16400282084941864,0.730231523513794,10.1753568649292,-99.087,0.54,0.537,0.085,0.093,9.829
4598545,3.5,7.34,3.63,6.78,-0.01,-0.009343158453702927,2.511739492416382,0.15801730751991272,0.7565677165985107,10.178948402404785,-99.087,0.539,0.537,0.099,0.1,9.828
4598569,3.51,7.09,2.84,7.54,-0.01,-0.004087170120328665,2.52474045753479,0.1496376097202301,0.729034423828125,10.156203269958496,-99.087,0.539,0.537,0.099,0.1,9.828
4598611,3.52,7.1,2.84,7.54,-0.02,0.006230090279132128,2.549964427947998,0.1628057211637497,0.7553706169128418,10.159794807434082,-99.087,0.54,0.537,0.088,0.092,9.819
4598635,3.52,7.11,2.84,7.54,-0.02,0.011501306667923927,2.563020944595337,0.152031809091568,0.7541735172271729,10.182539939880371,-99.087,0.54,0.537,0.088,0.092,9.819
4598677,3.53,7.12,2.84,7.54,-0.02,0.02115580625832081,2.586745500564575,0.16160862147808075,0.7493851184844971,10.183736801147461,-99.087,0.54,0.537,0.088,0.092,9.819
4598719,3.53,7.13,2.84,7.54,-0.02,0.030312392860651016,2.6094088554382324,0.14844051003456116,0.729034423828125,10.178948402404785,-99.088,0.542,0.537,0.097,0.105,9.821
4598752,3.48,7.17,3.62,6.75,-0.02,0.036894530057907104,2.6259052753448486,0.15083470940589905,0.7410054206848145,10.170568466186523,-99.088,0.542,0.537,0.097,0.105,9.821
4598794,3.48,7.18,3.62,6.75,-0.02,0.04606930539011955,2.6487159729003906,0.16160862147808075,0.7230489253997803,10.164583206176758,-99.088,0.542,0.537,0.097,0.105,9.821
4598837,3.49,7.19,3.62,6.75,-0.02,0.05466318503022194,2.670016288757324,0.16160862147808075,0.7433996200561523,10.18493366241455,-99.088,0.542,0.537,0.099,0.102,9.819
4598860,3.48,7.17,3.61,6.79,-0.02,0.059094980359077454,2.68108868598938,0.16160862147808075,0.750582218170166,10.162189483642578,-99.088,0.542,0.537,0.099,0.102,9.819
4598902,3.49,7.18,3.61,6.79,-0.02,0.06790652871131897,2.702619791030884,0.15682020783424377,0.7206547260284424,10.157401084899902,-99.088,0.542,0.537,0.099,0.102,9.819
4598941,3.43,7.19,3.59,6.82,-0.02,0.07502415031194687,2.719940423965454,0.16160862147808075,0.7410054206848145,10.153809547424316,-99.089,0.542,0.539,0.092,0.097,9.824
4598984,3.44,7.2,3.59,6.82,-0.02,0.08403988927602768,2.7415390014648438,0.1628057211637497,0.7625532150268555,10.176554679870605,-99.089,0.542,0.539,0.092,0.097,9.824
4599026,3.44,7.21,3.59,6.82,-0.02,0.09216547757387161,2.7609469890594482,0.16400282084941864,0.7362170219421387,10.168174743652344,-99.089,0.542,0.54,0.091,0.097,9.826
4599048,3.44,7.22,3.59,6.82,-0.02,0.09637487679719925,2.7710883617401123,0.16519992053508759,0.7338228225708008,10.190919876098633,-99.089,0.542,0.54,0.091,0.097,9.826
4599090,3.45,7.24,3.59,6.82,-0.02,0.10436347872018814,2.7899694442749023,0.1604115068912506,0.7362170219421387,10.178948402404785,-99.089,0.542,0.54,0.091,0.097,9.826
4599132,3.45,7.25,3.59,6.82,-0.02,0.11221841722726822,2.8084380626678467,0.152031809091568,0.729034423828125,10.165780067443848,-99.089,0.543,0.541,0.096,0.095,9.826
4599155,3.44,7.18,3.6,6.78,-0.02,0.11626453697681427,2.8180429935455322,0.16879121959209442,0.7410054206848145,10.14782428741455,-99.089,0.543,0.541,0.096,0.095,9.826
4599198,3.45,7.19,3.6,6.78,-0.02,0.12427318096160889,2.8367295265197754,0.16639702022075653,0.7410054206848145,10.155006408691406,-99.089,0.543,0.541,0.096,0.095,9.826
4599240,3.45,7.2,3.6,6.78,-0.02,0.13174104690551758,2.85420823097229,0.16639702022075653,0.7457938194274902,10.17296314239502,-99.089,0.542,0.541,0.087,0.098,9.829
4599263,3.41,7.22,3.61,6.79,-0.02,0.13556763529777527,2.8633084297180176,0.1496376097202301,0.7338228225708008,10.170568466186523,-99.089,0.542,0.541,0.087,0.098,9.829
4599306,3.42,7.23,3.61,6.79,-0.03,0.14318114519119263,2.8810088634490967,0.14604631066322327,0.7362170219421387,10.168174743652344,-99.089,0.542,0.541,0.087,0.098,9.829
4599347,3.42,7.2,3.68,6.76,-0.03,0.14983858168125153,2.896406412124634,0.152031809091568,0.7386112213134766,10.158597946166992,-99.091,0.548,0.539,0.095,0.102,9.822
4599389,3.43,7.21,3.68,6.76,-0.03,0.15728943049907684,2.9133589267730713,0.15682020783424377,0.7410054206848145,10.162189483642578,-99.091,0.548,0.539,0.095,0.102,9.822
4599431,3.43,7.22,3.68,6.76,-0.03,0.16434188187122345,2.9292237758636475,0.1711854189634323,0.7457938194274902,10.18493366241455,-99.091,0.543,0.54,0.093,0.095,9.824
4599453,3.43,7.23,3.68,6.76,-0.03,0.16800126433372498,2.9374940395355225,0.15682020783424377,0.7386112213134766,10.17296314239502,-99.091,0.543,0.54,0.093,0.095,9.824
4599495,3.44,7.24,3.68,6.76,-0.03,0.1749681979417801,2.952866554260254,0.13766659796237946,0.7481880187988281,10.180145263671875,-99.091,0.543,0.54,0.093,0.095,9.824
4599537,3.44,7.26,3.68,6.76,-0.03,0.18180622160434723,2.9678995609283447,0.1711854189634323,0.7469909191131592,10.170568466186523,-99.091,0.544,0.538,0.096,0.096,9.824
4599560,3.44,7.22,2.72,7.68,-0.03,0.18530844151973724,2.9757232666015625,0.16400282084941864,0.7350199222564697,10.168174743652344,-99.091,0.544,0.538,0.096,0.096,9.824
4599603,3.45,7.23,2.72,7.68,-0.03,0.19218942523002625,2.9909722805023193,0.1604115068912506,0.7601590156555176,10.1753568649292,-99.091,0.544,0.538,0.096,0.096,9.824
4599637,3.45,7.24,2.72,7.68,-0.03,0.19719068706035614,3.002293586730957,0.1412578970193863,0.7457938194274902,10.170568466186523,-99.092,0.544,0.54,0.1,0.102,9.826
4599679,3.46,7.25,2.72,7.68,-0.03,0.20359285175800323,3.0167553424835205,0.16400282084941864,0.7170634269714355,10.17296314239502,-99.092,0.544,0.54,0.1,0.102,9.826
4599721,3.46,7.27,2.72,7.68,-0.03,0.20971561968326569,3.0306344032287598,0.15322890877723694,0.7338228225708008,10.17176628112793,-99.092,0.544,0.544,0.093,0.092,9.822
4599746,3.47,7.27,2.72,7.68,-0.03,0.2131325900554657,3.038530111312866,0.15442600846290588,0.7445967197418213,10.156203269958496,-99.092,0.544,0.544,0.093,0.092,9.822
4599788,3.48,7.29,2.72,7.68,-0.03,0.2192021906375885,3.052347183227539,0.1472434103488922,0.7410054206848145,10.176554679870605,-99.092,0.544,0.544,0.093,0.092,9.822
4599830,3.48,7.3,2.72,7.68,-0.03,0.22502882778644562,3.0656139850616455,0.152031809091568,0.7266402244567871,10.187328338623047,-99.092,0.543,0.545,0.097,0.099,9.824
4599852,3.49,7.31,2.72,7.68,-0.03,0.22801849246025085,3.072545051574707,0.17717093229293823,0.727837324142456,10.155006408691406,-99.092,0.543,0.545,0.097,0.099,9.824
4599894,3.49,7.32,2.72,7.68,-0.03,0.23367732763290405,3.0854477882385254,0.14006079733371735,0.7433996200561523,10.15021800994873,-99.092,0.543,0.545,0.097,0.099,9.824
4599930,3.5,7.34,2.72,7.68,-0.03,0.2382785826921463,3.0960612297058105,0.16639702022075653,0.7398083209991455,10.166977882385254,-99.093,0.544,0.543,0.09,0.097,9.824
4599971,3.51,7.35,2.72,7.68,-0.03,0.2437264770269394,3.1085398197174072,0.15322890877723694,0.7350199222564697,10.176554679870605,-99.093,0.544,0.543,0.09,0.097,9.824
4600014,3.52,7.37,2.72,7.68,-0.03,0.24909575283527374,3.120772123336792,0.14844051003456116,0.7433996200561523,10.15021800994873,-99.093,0.544,0.542,0.094,0.095,9.829
4600046,3.53,7.38,2.72,7.68,-0.03,0.25311923027038574,3.1299631595611572,0.15801730751991272,0.7182605266571045,10.17296314239502,-99.093,0.544,0.542,0.094,0.095,9.829
4600088,3.54,7.4,2.72,7.68,-0.03,0.25849300622940063,3.1419765949249268,0.15562310814857483,0.7613561153411865,10.156203269958496,-99.093,0.544,0.542,0.094,0.095,9.829
4600130,3.54,7.41,2.72,7.68,-0.03,0.2636510133743286,3.1534531116485596,0.1735796183347702,0.7493851184844971,10.158597946166992,-99.093,0.541,0.542,0.095,0.096,9.826
4600153,3.55,7.42,2.72,7.68,-0.03,0.26628661155700684,3.159425735473633,0.1472434103488922,0.7314286231994629,10.17416000366211,-99.093,0.541,0.542,0.095,0.096,9.826
4600195,3.56,7.44,2.72,7.68,-0.03,0.27140873670578003,3.1707398891448975,0.15682020783424377,0.7410054206848145,10.166977882385254,-99.093,0.541,0.542,0.095,0.096,9.826
4600237,3.57,7.46,2.72,7.68,-0.03,0.2763105034828186,3.1815237998962402,0.1604115068912506,0.7410054206848145,10.178948402404785,-99.093,0.54,0.543,0.099,0.099,9.819
4600259,3.58,7.46,2.72,7.68,-0.03,0.2788119316101074,3.187124252319336,0.1711854189634323,0.7338228225708008,10.170568466186523,-99.093,0.54,0.543,0.099,0.099,9.819
4600301,3.59,7.48,2.72,7.68,-0.02,0.28356340527534485,3.1974830627441406,0.17477671802043915,0.7422025203704834,10.15021800994873,-99.093,0.54,0.543,0.099,0.099,9.819
4600332,3.6,7.49,2.72,7.68,-0.02,0.28685280680656433,3.204775094985962,0.13766659796237946,0.7493851184844971,10.163386344909668,-99.094,0.542,0.54,0.092,0.097,9.824
4600373,3.61,7.51,2.72,7.68,-0.02,0.2913624942302704,3.214717388153076,0.1628057211637497,0.7457938194274902,10.144232749938965,-99.094,0.542,0.54,0.092,0.097,9.824
4600416,3.62,7.53,2.72,7.68,-0.02,0.29571646451950073,3.2244327068328857,0.18076223134994507,0.7457938194274902,10.165780067443848,-99.094,0.545,0.539,0.095,0.099,9.819
4600448,3.63,7.54,2.72,7.68,-0.02,0.29889222979545593,3.231717348098755,0.1604115068912506,0.727837324142456,10.186131477355957,-99.094,0.545,0.539,0.095,0.099,9.819
4600490,3.64,7.56,2.72,7.68,-0.02,0.303032249212265,3.241231679916382,0.15562310814857483,0.7613561153411865,10.17296314239502,-99.094,0.545,0.539,0.095,0.099,9.819
4600532,3.66,7.58,2.72,7.68,-0.02,0.30690982937812805,3.2503347396850586,0.16400282084941864,0.7422025203704834,10.182539939880371,-99.095,0.544,0.539,0.089,0.099,9.828
4600555,3.66,7.59,2.72,7.68,-0.02,0.30892544984817505,3.2553000450134277,0.14006079733371735,0.7362170219421387,10.158597946166992,-99.095,0.544,0.539,0.089,0.099,9.828
4600597,3.68,7.61,2.72,7.68,-0.02,0.31256937980651855,3.264143943786621,0.152031809091568,0.7398083209991455,10.180145263671875,-99.095,0.544,0.539,0.089,0.099,9.828
4600640,3.69,7.63,2.72,7.68,-0.02,0.31612467765808105,3.272827625274658,0.1496376097202301,0.7374141216278076,10.17296314239502,-99.095,0.545,0.537,0.094,0.102,9.824
4600661,3.7,7.64,2.72,7.68,-0.02,0.31791791319847107,3.2773680686950684,0.16519992053508759,0.7457938194274902,10.1753568649292,-99.095,0.545,0.537,0.094,0.102,9.824
4600703,3.71,7.66,2.72,7.68,-0.02,0.32136836647987366,3.2858150005340576,0.15921440720558167,0.7565677165985107,10.170568466186523,-99.095,0.545,0.537,0.094,0.102,9.824
4600746,3.73,7.68,2.72,7.68,-0.02,0.3247806429862976,3.2940995693206787,0.15682020783424377,0.7194576263427734,10.156203269958496,-99.095,0.546,0.538,0.089,0.096,9.826
4600787,3.74,7.7,2.72,7.68,-0.02,0.32816895842552185,3.302196741104126,0.1364694982767105,0.729034423828125,10.163386344909668,-99.095,0.546,0.538,0.089,0.096,9.826
4600829,3.76,7.72,2.72,7.68,-0.02,0.33154791593551636,3.3100883960723877,0.15682020783424377,0.751779317855835,10.156203269958496,-99.095,0.548,0.537,0.093,0.097,9.821
4600852,3.77,7.73,2.72,7.68,-0.02,0.33328479528427124,3.31418776512146,0.18315643072128296,0.7254431247711182,10.177751541137695,-99.095,0.548,0.537,0.093,0.097,9.821
4600893,3.78,7.76,2.72,7.68,-0.02,0.33666881918907166,3.3217644691467285,0.15682020783424377,0.730231523513794,10.1753568649292,-99.095,0.548,0.537,0.093,0.097,9.821
4600933,3.8,7.77,2.72,7.68,-0.02,0.3397786021232605,3.3286666870117188,0.16519992053508759,0.7362170219421387,10.178948402404785,-99.096,0.549,0.538,0.099,0.097,9.826
4600974,3.82,7.8,2.72,7.68,-0.02,0.3430958092212677,3.3359506130218506,0.16759411990642548,0.730231523513794,10.164583206176758,-99.096,0.549,0.538,0.099,0.097,9.826
4601017,3.83,7.82,2.72,7.68,-0.02,0.34635430574417114,3.343087673187256,0.15801730751991272,0.7410054206848145,10.181343078613281,-99.096,0.549,0.537,0.09,0.103,9.826
4601049,3.85,7.83,2.72,7.68,-0.02,0.3487725257873535,3.348464250564575,0.15921440720558167,0.7433996200561523,10.18493366241455,-99.096,0.549,0.537,0.09,0.103,9.826
4601090,3.86,7.86,2.72,7.68,-0.02,0.3519223630428314,3.355367660522461,0.1711854189634323,0.7326257228851318,10.165780067443848,-99.096,0.549,0.537,0.09,0.103,9.826
4601132,3.88,7.88,2.72,7.68,-0.02,0.35498756170272827,3.362152338027954,0.1604115068912506,0.750582218170166,10.153809547424316,-99.096,0.549,0.539,0.092,0.096,9.821
4601155,3.89,7.89,2.72,7.68,-0.02,0.35651955008506775,3.365710973739624,0.1711854189634323,0.751779317855835,10.170568466186523,-99.096,0.549,0.539,0.092,0.096,9.821
4601197,3.91,7.91,2.72,7.68,-0.02,0.35951629281044006,3.372520923614502,0.1735796183347702,0.7194576263427734,10.159794807434082,-99.096,0.549,0.539,0.092,0.096,9.821
4601239,3.93,7.94,2.72,7.68,-0.02,0.36233121156692505,3.3790946006774902,0.14245499670505524,0.7529764175415039,10.153809547424316,-99.097,0.551,0.537,0.088,0.105,9.828
4601263,3.7,7.63,3.63,7.32,-0.02,0.3637184202671051,3.3825552463531494,0.16400282084941864,0.727837324142456,10.160991668701172,-99.097,0.551,0.537,0.088,0.105,9.828
4601305,3.71,7.64,3.63,7.32,-0.02,0.3665066063404083,3.3893136978149414,0.152031809091568,0.7386112213134766,10.178948402404785,-99.097,0.551,0.537,0.088,0.105,9.828
4601340,3.72,7.65,3.63,7.32,-0.02,0.36859092116355896,3.394514322280884,0.15801730751991272,0.7266402244567871,10.156203269958496,-99.097,0.551,0.537,0.096,0.102,9.819
4601382,3.73,7.66,3.63,7.32,-0.02,0.37125641107559204,3.4010186195373535,0.16639702022075653,0.751779317855835,10.176554679870605,-99.097,0.551,0.537,0.096,0.102,9.819
4601424,3.74,7.67,3.63,7.32,-0.02,0.37384629249572754,3.4073524475097656,0.14484919607639313,0.7230489253997803,10.168174743652344,-99.097,0.553,0.537,0.092,0.094,9.821
4601447,3.75,7.68,3.63,7.32,-0.02,0.37516140937805176,3.410714864730835,0.16879121959209442,0.7481880187988281,10.195708274841309,-99.097,0.553,0.537,0.092,0.094,9.821
4601489,3.76,7.69,3.63,7.32,-0.02,0.3778055012226105,3.4171712398529053,0.152031809091568,0.7362170219421387,10.157401084899902,-99.097,0.553,0.537,0.092,0.094,9.821
4601531,3.77,7.71,3.63,7.32,-0.02,0.38036900758743286,3.4233896732330322,0.16879121959209442,0.7242460250854492,10.180145263671875,-99.097,0.551,0.537,0.09,0.101,9.831
4601555,3.65,7.64,3.66,6.78,-0.02,0.3816708028316498,3.426652431488037,0.16879121959209442,0.7422025203704834,10.169371604919434,-99.097,0.551,0.537,0.09,0.101,9.831
4601597,3.66,7.65,3.66,6.78,-0.02,0.3843702971935272,3.4329886436462402,0.15442600846290588,0.751779317855835,10.146626472473145,-99.097,0.551,0.537,0.09,0.101,9.831
4601639,3.67,7.66,3.66,6.78,-0.02,0.3869333565235138,3.4389264583587646,0.1604115068912506,0.7362170219421387,10.17296314239502,-99.097,0.549,0.536,0.086,0.081,9.821
4601661,3.68,7.67,3.66,6.78,-0.02,0.3882373869419098,3.4420316219329834,0.15322890877723694,0.7410054206848145,10.153809547424316,-99.097,0.549,0.536,0.086,0.081,9.821
4601703,3.69,7.68,3.66,6.78,-0.02,0.39078429341316223,3.4477603435516357,0.152031809091568,0.7338228225708008,10.17296314239502,-99.097,0.549,0.536,0.086,0.081,9.821
4601744,3.7,7.69,3.66,6.78,-0.02,0.39314815402030945,3.4530673027038574,0.14484919607639313,0.7314286231994629,10.160991668701172,-99.097,0.546,0.534,0.088,0.094,9.822
4601785,3.71,7.7,3.66,6.78,-0.02,0.395586222410202,3.4584755897521973,0.152031809091568,0.7374141216278076,10.162189483642578,-99.097,0.546,0.534,0.088,0.094,9.822
4601827,3.72,7.71,3.66,6.78,-0.02,0.3979775309562683,3.4637436866760254,0.15322890877723694,0.7386112213134766,10.141838073730469,-99.098,0.546,0.533,0.088,0.104,9.828
4601851,3.6,7.64,3.57,6.76,-0.02,0.3991703689098358,3.4664864540100098,0.15442600846290588,0.7481880187988281,10.160991668701172,-99.098,0.546,0.533,0.088,0.104,9.828
4601894,3.61,7.66,3.57,6.76,-0.02,0.40167075395584106,3.4719417095184326,0.1735796183347702,0.7433996200561523,10.176554679870605,-99.098,0.546,0.533,0.088,0.104,9.828
4601936,3.62,7.67,3.57,6.76,-0.02,0.40394192934036255,3.4769880771636963,0.1496376097202301,0.7362170219421387,10.156203269958496,-99.098,0.544,0.531,0.091,0.094,9.822
4601961,3.58,7.61,3.58,6.75,-0.02,0.4051218330860138,3.479769468307495,0.1711854189634323,0.7266402244567871,10.15141487121582,-99.098,0.544,0.531,0.091,0.094,9.822
4602004,3.59,7.62,3.58,6.75,-0.01,0.40740254521369934,3.4849512577056885,0.15682020783424377,0.7433996200561523,10.165780067443848,-99.098,0.544,0.531,0.091,0.094,9.822
4602045,3.6,7.63,3.58,6.75,-0.01,0.40945473313331604,3.489711046218872,0.15682020783424377,0.7338228225708008,10.176554679870605,-99.098,0.545,0.535,0.093,0.097,9.826
4602087,3.6,7.64,3.58,6.75,-0.01,0.41158655285835266,3.4946181774139404,0.15682020783424377,0.7469909191131592,10.156203269958496,-99.098,0.545,0.535,0.093,0.097,9.826
4602129,3.61,7.65,3.58,6.75,-0.01,0.4136367440223694,3.4993393421173096,0.16639702022075653,0.7170634269714355,10.141838073730469,-99.098,0.547,0.538,0.088,0.097,9.822
4602152,3.62,7.65,3.58,6.75,-0.01,0.41465580463409424,3.5018203258514404,0.14245499670505524,0.7362170219421387,10.152612686157227,-99.098,0.547,0.538,0.088,0.097,9.822
4602194,3.62,7.66,3.58,6.75,-0.01,0.41671544313430786,3.5065231323242188,0.152031809091568,0.7122750282287598,10.183736801147461,-99.098,0.547,0.538,0.088,0.097,9.822
4602236,3.63,7.67,3.58,6.75,-0.01,0.41872352361679077,3.510986089706421,0.1711854189634323,0.727837324142456,10.158597946166992,-99.099,0.548,0.536,0.09,0.093,9.817
4602258,3.64,7.67,3.58,6.75,-0.01,0.41973885893821716,3.513301134109497,0.16160862147808075,0.7422025203704834,10.156203269958496,-99.099,0.548,0.536,0.09,0.093,9.817
4602300,3.65,7.68,3.58,6.75,-0.01,0.42174437642097473,3.5175750255584717,0.16160862147808075,0.7553706169128418,10.160991668701172,-99.099,0.548,0.536,0.09,0.093,9.817
4602342,3.66,7.69,3.58,6.75,-0.01,0.4236970841884613,3.5217645168304443,0.152031809091568,0.7433996200561523,10.165780067443848,-99.099,0.548,0.536,0.096,0.095,9.826
4602364,3.66,7.7,3.58,6.75,-0.01,0.4246549606323242,3.5239574909210205,0.15682020783424377,0.7350199222564697,10.17176628112793,-99.099,0.548,0.536,0.096,0.095,9.826
4602406,3.67,7.71,3.58,6.75,-0.01,0.4265432059764862,3.5280089378356934,0.14604631066322327,0.751779317855835,10.15141487121582,-99.099,0.548,0.536,0.096,0.095,9.826
4602445,3.68,7.72,3.58,6.75,-0.01,0.42823633551597595,3.531634569168091,0.1412578970193863,0.7433996200561523,10.162189483642578,-99.099,0.55,0.535,0.094,0.097,9.821
4602487,3.69,7.73,3.58,6.75,-0.01,0.4302181303501129,3.5356807708740234,0.1604115068912506,0.7158663272857666,10.165780067443848,-99.099,0.55,0.535,0.094,0.097,9.821
4602529,3.7,7.74,3.58,6.75,-0.01,0.4321940541267395,3.539579153060913,0.16639702022075653,0.7386112213134766,10.168174743652344,-99.099,0.55,0.535,0.094,0.097,9.821
4602553,3.62,7.6,3.58,6.76,-0.01,0.4332086741924286,3.5416367053985596,0.15801730751991272,0.7386112213134766,10.168174743652344,-99.099,0.55,0.535,0.094,0.097,9.821
4602595,3.63,7.61,3.58,6.76,-0.01,0.4353525936603546,3.5456907749176025,0.15801730751991272,0.729034423828125,10.164583206176758,-99.099,0.55,0.535,0.094,0.097,9.821
4602637,3.64,7.62,3.58,6.76,-0.01,0.4373719096183777,3.549562454223633,0.16879121959209442,0.7601590156555176,10.166977882385254,-99.099,0.55,0.535,0.094,0.097,9.821
4602659,3.65,7.62,3.58,6.76,-0.01,0.43837717175483704,3.5516278743743896,0.15921440720558167,0.750582218170166,10.160991668701172,-99.099,0.55,0.535,0.094,0.097,9.821
4602701,3.66,7.63,3.58,6.76,-0.01,0.44036227464675903,3.555527448654175,0.13766659796237946,0.7314286231994629,10.160991668701172,-99.099,0.55,0.535,0.094,0.097,9.821
4602740,3.59,7.59,3.58,6.78,-0.01,0.44208043813705444,3.558976173400879,0.16519992053508759,0.7529764175415039,10.159794807434082,-99.099,0.55,0.535,0.094,0.097,9.821
4602783,3.6,7.6,3.58,6.78,-0.01,0.4441664218902588,3.5631110668182373,0.16639702022075653,0.7242460250854492,10.176554679870605,-99.099,0.55,0.535,0.094,0.097,9.821
4602825,3.61,7.61,3.58,6.78,-0.01,0.4460327923297882,3.5669174194335938,0.17238251864910126,0.7398083209991455,10.156203269958496,-99.099,0.55,0.535,0.094,0.097,9.821
4602849,3.58,7.59,3.57,6.83,-0.01,0.4469337463378906,3.568922281265259,0.15083470940589905,0.7445967197418213,10.170568466186523,-99.099,0.55,0.535,0.094,0.097,9.821
4602891,3.59,7.59,3.57,6.83,-0.01,0.4487469792366028,3.5728342533111572,0.16639702022075653,0.7565677165985107,10.160991668701172,-99.099,0.55,0.535,0.094,0.097,9.821
4602933,3.6,7.6,3.57,6.83,-0.01,0.4503704011440277,3.5765328407287598,0.16160862147808075,0.7553706169128418,10.153809547424316,-99.099,0.55,0.535,0.094,0.097,9.821
4602955,3.6,7.6,3.57,6.83,-0.01,0.45113083720207214,3.5784926414489746,0.14245499670505524,0.751779317855835,10.17296314239502,-99.099,0.55,0.535,0.094,0.097,9.821
4602997,3.61,7.61,3.57,6.83,-0.01,0.4525919258594513,3.5821712017059326,0.1604115068912506,0.750582218170166,10.15141487121582,-99.099,0.55,0.535,0.094,0.097,9.821
4603039,3.62,7.62,3.57,6.83,-0.01,0.4539664089679718,3.5858027935028076,0.17238251864910126,0.7398083209991455,10.17176628112793,-99.099,0.55,0.535,0.094,0.097,9.821
4603062,3.62,7.62,3.57,6.83,-0.01,0.4546293020248413,3.587798595428467,0.1604115068912506,0.7433996200561523,10.153809547424316,-99.099,0.55,0.535,0.094,0.097,9.821
4603104,3.63,7.63,3.57,6.83,-0.01,0.45582714676856995,3.59134578704834,0.15921440720558167,0.7350199222564697,10.169371604919434,-99.099,0.55,0.535,0.094,0.097,9.821
4603132,3.64,7.63,3.57,6.83,-0.01,0.45649194717407227,3.5936310291290283,0.14006079733371735,0.7457938194274902,10.163386344909668,-99.099,0.55,0.535,0.094,0.097,9.821
4603173,3.65,7.64,3.57,6.83,-0.01,0.45748719573020935,3.597136974334717,0.16879121959209442,0.7493851184844971,10.1753568649292,-99.099,0.55,0.535,0.094,0.097,9.821
4603215,3.66,7.64,3.57,6.83,-0.01,0.4583556056022644,3.6006412506103516,0.1711854189634323,0.7433996200561523,10.17296314239502,-99.099,0.55,0.535,0.094,0.097,9.821
4603237,3.66,7.65,3.57,6.83,-0.01,0.45869871973991394,3.602510929107666,0.16400282084941864,0.7386112213134766,10.145429611206055,-99.099,0.55,0.535,0.094,0.097,9.821
4603279,3.67,7.65,3.57,6.83,-0.01,0.4593212902545929,3.6060149669647217,0.14844051003456116,0.7565677165985107,10.159794807434082,-99.099,0.55,0.535,0.094,0.097,9.821
4603321,3.68,7.66,3.57,6.83,-0.02,0.4598465859889984,3.6095223426818848,0.14604631066322327,0.7422025203704834,10.159794807434082,-99.099,0.55,0.535,0.094,0.097,9.821
4603343,3.69,7.66,3.57,6.83,-0.02,0.4600328803062439,3.6114025115966797,0.15442600846290588,0.7529764175415039,10.144232749938965,-99.099,0.55,0.535,0.094,0.097,9.821
4603385,3.7,7.67,3.57,6.83,-0.02,0.46042728424072266,3.6149728298187256,0.16759411990642548,0.7601590156555176,10.158597946166992,-99.099,0.55,0.535,0.094,0.097,9.821
4603427,3.71,7.68,3.57,6.83,-0.02,0.4607642889022827,3.6185834407806396,0.13766659796237946,0.7386112213134766,10.146626472473145,-99.099,0.55,0.535,0.094,0.097,9.821
4603449,3.72,7.68,3.57,6.83,-0.02,0.460866779088974,3.6205339431762695,0.17238251864910126,0.7362170219421387,10.158597946166992,-99.099,0.55,0.535,0.094,0.097,9.821
4603491,3.73,7.69,3.57,6.83,-0.02,0.46112746000289917,3.6242258548736572,0.1496376097202301,0.7194576263427734,10.156203269958496,-99.099,0.55,0.535,0.094,0.097,9.821
4603533,3.74,7.7,3.57,6.83,-0.02,0.4613707661628723,3.627877950668335,0.1628057211637497,0.7433996200561523,10.146626472473145,-99.099,0.55,0.535,0.094,0.097,9.821
4603555,3.75,7.7,3.57,6.83,-0.02,0.4614410102367401,3.629805326461792,0.16519992053508759,0.7433996200561523,10.14902114868164,-99.099,0.55,0.535,0.094,0.097,9.821
4603597,3.76,7.71,3.57,6.83,-0.02,0.4616524279117584,3.633394718170166,0.1388636976480484,0.7386112213134766,10.178948402404785,-99.099,0.55,0.535,0.094,0.097,9.821
4603637,3.78,7.72,3.57,6.83,-0.02,0.4618462920188904,3.6366868019104004,0.15562310814857483,0.7613561153411865,10.145429611206055,-99.099,0.55,0.535,0.094,0.097,9.821
4603678,3.79,7.73,3.57,6.83,-0.02,0.46210670471191406,3.640185832977295,0.16639702022075653,0.7577648162841797,10.165780067443848,-99.099,0.55,0.535,0.094,0.097,9.821
4603720,3.81,7.73,3.57,6.83,-0.01,0.4624009132385254,3.6436662673950195,0.16160862147808075,0.7374141216278076,10.15141487121582,-99.099,0.55,0.535,0.094,0.097,9.821
4603742,3.81,7.74,3.57,6.83,-0.01,0.4625212252140045,3.645512580871582,0.15921440720558167,0.7386112213134766,10.159794807434082,-99.099,0.55,0.535,0.094,0.097,9.821
4603784,3.83,7.75,3.57,6.83,-0.01,0.46286675333976746,3.6489148139953613,0.1364694982767105,0.7242460250854492,10.156203269958496,-99.099,0.55,0.535,0.094,0.097,9.821
4603826,3.85,7.76,3.57,6.83,-0.01,0.46325281262397766,3.6521830558776855,0.16160862147808075,0.7230489253997803,10.158597946166992,-99.099,0.55,0.535,0.094,0.097,9.821
4603848,3.85,7.76,3.57,6.83,-0.01,0.46342912316322327,3.6538572311401367,0.16160862147808075,0.7481880187988281,10.144232749938965,-99.099,0.55,0.535,0.094,0.097,9.821
4603890,3.87,7.77,3.57,6.83,-0.01,0.4638945162296295,3.6568338871002197,0.14245499670505524,0.7314286231994629,10.145429611206055,-99.099,0.55,0.535,0.094,0.097,9.821
4603932,3.89,7.78,3.57,6.83,-0.01,0.4643886089324951,3.659585475921631,0.16160862147808075,0.729034423828125,10.135852813720703,-99.099,0.55,0.535,0.094,0.097,9.821
4603954,3.9,7.78,3.57,6.83,-0.01,0.46461233496665955,3.6609442234039307,0.15921440720558167,0.7481880187988281,10.14902114868164,-99.099,0.55,0.535,0.094,0.097,9.821
4603996,3.91,7.79,3.57,6.83,-0.01,0.46512508392333984,3.6632919311523438,0.1496376097202301,0.7194576263427734,10.137049674987793,-99.099,0.55,0.535,0.094,0.097,9.821
4604038,3.93,7.8,3.57,6.83,-0.01,0.4656132161617279,3.6654255390167236,0.1472434103488922,0.7386112213134766,10.158597946166992,-99.099,0.55,0.535,0.094,0.097,9.821
4604061,3.94,7.8,3.57,6.83,-0.01,0.4658111333847046,3.6664621829986572,0.1472434103488922,0.7326257228851318,10.146626472473145,-99.099,0.55,0.535,0.094,0.097,9.821
4604103,3.96,7.81,3.57,6.83,-0.01,0.46628573536872864,3.6682302951812744,0.15682020783424377,0.7565677165985107,10.17296314239502,-99.099,0.55,0.535,0.094,0.097,9.821
4604138,3.97,7.82,3.57,6.83,-0.01,0.46662434935569763,3.6694939136505127,0.16400282084941864,0.7338228225708008,10.153809547424316,-99.099,0.55,0.535,0.094,0.097,9.821
4604180,3.99,7.83,3.57,6.83,-0.01,0.4670899510383606,3.670910596847534,0.15801730751991272,0.730231523513794,10.158597946166992,-99.099,0.55,0.535,0.094,0.097,9.821
4604222,4.01,7.84,3.57,6.83,-0.01,0.4675290584564209,3.672156810760498,0.14245499670505524,0.7338228225708008,10.145429611206055,-99.099,0.55,0.535,0.094,0.097,9.821
4604244,4.02,7.85,3.57,6.83,-0.01,0.4677065908908844,3.6727678775787354,0.16400282084941864,0.7445967197418213,10.170568466186523,-99.099,0.55,0.535,0.094,0.097,9.821
4604286,4.04,7.85,3.57,6.83,-0.01,0.468106210231781,3.6737823486328125,0.15921440720558167,0.7481880187988281,10.14902114868164,-99.099,0.55,0.535,0.094,0.097,9.821
4604328,4.06,7.86,3.57,6.83,-0.01,0.46846872568130493,3.6746890544891357,0.1412578970193863,0.7481880187988281,10.152612686157227,-99.099,0.55,0.535,0.094,0.097,9.821
4604352,3.63,7.48,3.57,6.77,-0.01,0.4685966372489929,3.675135612487793,0.15921440720558167,0.7445967197418213,10.189722061157227,-99.099,0.55,0.535,0.094,0.097,9.821
4604394,3.64,7.48,3.57,6.77,-0.01,0.4689372777938843,3.6759026050567627,0.16759411990642548,0.7457938194274902,10.158597946166992,-99.099,0.55,0.535,0.094,0.097,9.821
4604436,3.64,7.48,3.57,6.77,-0.01,0.46922698616981506,3.676560401916504,0.1496376097202301,0.750582218170166,10.153809547424316,-99.099,0.55,0.535,0.094,0.097,9.821
4604460,3.75,7.17,3.38,7.05,-0.01,0.4693182110786438,3.676889181137085,0.15442600846290588,0.7314286231994629,10.159794807434082,-99.099,0.55,0.535,0.094,0.097,9.821
4604503,3.76,7.15,3.38,7.05,-0.01,0.4695904552936554,3.6774401664733887,0.16160862147808075,0.7338228225708008,10.14782428741455,-99.099,0.55,0.535,0.094,0.097,9.821
4604533,3.77,7.15,3.38,7.05,-0.01,0.4697290062904358,3.6778006553649902,0.16879121959209442,0.7374141216278076,10.155006408691406,-99.099,0.55,0.535,0.094,0.097,9.821
4604574,3.78,7.13,3.38,7.05,-0.01,0.46998849511146545,3.678269863128662,0.16160862147808075,0.7242460250854492,10.153809547424316,-99.099,0.55,0.535,0.094,0.097,9.821
4604617,3.79,7.12,3.38,7.05,-0.01,0.47025296092033386,3.6787209510803223,0.13527239859104156,0.7398083209991455,10.164583206176758,-99.099,0.55,0.535,0.094,0.097,9.821
4604649,3.8,7.11,3.38,7.05,-0.01,0.47043031454086304,3.6790521144866943,0.1472434103488922,0.7206547260284424,10.168174743652344,-99.099,0.55,0.535,0.094,0.097,9.821
4604691,3.81,7.1,3.38,7.05,-0.01,0.4707511067390442,3.6794040203094482,0.16639702022075653,0.7338228225708008,10.176554679870605,-99.099,0.55,0.535,0.094,0.097,9.821
4604733,3.82,7.09,3.38,7.05,-0.01,0.4710948169231415,3.6796488761901855,0.15921440720558167,0.7541735172271729,10.15141487121582,-99.099,0.55,0.535,0.094,0.097,9.821
4604755,3.83,7.09,3.38,7.05,-0.01,0.4712491035461426,3.679744005203247,0.15442600846290588,0.7338228225708008,10.15021800994873,-99.099,0.55,0.535,0.094,0.097,9.821
4604797,3.84,7.08,3.38,7.05,-0.01,0.4717041254043579,3.6798007488250732,0.15442600846290588,0.7338228225708008,10.165780067443848,-99.099,0.55,0.535,0.094,0.097,9.821
4604838,3.85,7.07,3.38,7.05,-0.01,0.47219258546829224,3.6797831058502197,0.1604115068912506,0.7362170219421387,10.157401084899902,-99.099,0.55,0.535,0.094,0.097,9.821
4604880,3.87,7.05,3.38,7.05,-0.01,0.4727885127067566,3.6797173023223877,0.16759411990642548,0.7541735172271729,10.141838073730469,-99.099,0.55,0.535,0.094,0.097,9.821
4604922,3.88,7.04,3.38,7.05,-0.01,0.47339972853660583,3.679678201675415,0.16639702022075653,0.7338228225708008,10.159794807434082,-99.099,0.55,0.535,0.094,0.097,9.821
4604944,3.89,7.04,3.38,7.05,-0.01,0.47368699312210083,3.679689407348633,0.1628057211637497,0.7254431247711182,10.165780067443848,-99.099,0.55,0.535,0.094,0.097,9.821
4604986,3.9,7.03,3.38,7.05,-0.01,0.47434496879577637,3.679689884185791,0.15442600846290588,0.7362170219421387,10.157401084899902,-99.099,0.55,0.535,0.094,0.097,9.821
4605028,3.92,7.02,3.38,7.05,-0.01,0.4750153720378876,3.6797077655792236,0.15562310814857483,0.7493851184844971,10.157401084899902,-99.099,0.55,0.535,0.094,0.097,9.821
4605050,3.93,7.01,3.38,7.05,-0.01,0.4753257632255554,3.679746627807617,0.1472434103488922,0.7577648162841797,10.163386344909668,-99.099,0.55,0.535,0.094,0.097,9.821
4605092,3.94,7.0,3.38,7.05,-0.01,0.47603142261505127,3.679824113845825,0.16160862147808075,0.7433996200561523,10.170568466186523,-99.099,0.55,0.535,0.094,0.097,9.821
4605134,3.96,6.99,3.38,7.05,-0.01,0.4767516255378723,3.6799240112304688,0.16639702022075653,0.7338228225708008,10.146626472473145,-99.099,0.55,0.535,0.094,0.097,9.821
4605157,3.97,6.99,3.38,7.05,-0.01,0.4771025776863098,3.680006265640259,0.15682020783424377,0.7266402244567871,10.145429611206055,-99.099,0.55,0.535,0.094,0.097,9.821
4605199,3.98,6.98,3.38,7.05,-0.01,0.4778238832950592,3.680159330368042,0.13168109953403473,0.7398083209991455,10.157401084899902,-99.099,0.55,0.535,0.094,0.097,9.821
4605242,4.0,6.97,3.38,7.05,-0.01,0.4785321056842804,3.6803650856018066,0.17477671802043915,0.7266402244567871,10.146626472473145,-99.099,0.55,0.535,0.094,0.097,9.821
4605264,3.41,6.97,3.62,6.78,-0.01,0.4788458049297333,3.6805155277252197,0.17477671802043915,0.7362170219421387,10.162189483642578,-99.099,0.55,0.535,0.094,0.097,9.821
4605307,3.41,6.96,3.62,6.78,-0.01,0.47951540350914,3.6807940006256104,0.16639702022075653,0.7218518257141113,10.156203269958496,-99.099,0.55,0.535,0.094,0.097,9.821
4605348,3.4,6.95,3.62,6.78,-0.01,0.48003819584846497,3.6810693740844727,0.16879121959209442,0.7649474143981934,10.17416000366211,-99.099,0.55,0.535,0.094,0.097,9.821
4605390,3.4,6.94,3.62,6.78,-0.01,0.4805523753166199,3.681398391723633,0.15921440720558167,0.7266402244567871,10.163386344909668,-99.099,0.55,0.535,0.094,0.097,9.821
4605432,3.4,6.93,3.62,6.78,-0.01,0.48099783062934875,3.681760787963867,0.1628057211637497,0.7553706169128418,10.14782428741455,-99.099,0.55,0.535,0.094,0.097,9.821
4605454,3.4,6.92,3.62,6.78,-0.01,0.4811597168445587,3.6819875240325928,0.15083470940589905,0.7565677165985107,10.163386344909668,-99.099,0.55,0.535,0.094,0.097,9.821
4605496,3.39,6.91,3.62,6.78,-0.01,0.48152413964271545,3.6824169158935547,0.1711854189634323,0.7422025203704834,10.163386344909668,-99.099,0.55,0.535,0.094,0.097,9.821
4605534,3.39,6.9,3.62,6.78,-0.01,0.48178181052207947,3.682842493057251,0.15442600846290588,0.7445967197418213,10.17416000366211,-99.099,0.55,0.535,0.094,0.097,9.821
4605576,3.39,6.89,3.62,6.78,-0.01,0.4820576310157776,3.6833877563476562,0.1711854189634323,0.7386112213134766,10.157401084899902,-99.099,0.55,0.535,0.094,0.097,9.821
4605618,3.39,6.88,3.62,6.78,-0.01,0.4822787344455719,3.683972120285034,0.14604631066322327,0.7433996200561523,10.17176628112793,-99.099,0.55,0.535,0.094,0.097,9.821
4605651,3.41,7.05,3.59,6.8,-0.01,0.4823795258998871,3.6844537258148193,0.15442600846290588,0.750582218170166,10.159794807434082,-99.099,0.55,0.535,0.094,0.097,9.821
4605693,3.41,7.05,3.59,6.8,-0.01,0.4825637936592102,3.685183048248291,0.14484919607639313,0.7601590156555176,10.165780067443848,-99.099,0.55,0.535,0.094,0.097,9.821
4605736,3.42,7.05,3.59,6.8,-0.01,0.48271188139915466,3.6859679222106934,0.152031809091568,0.7206547260284424,10.163386344909668,-99.099,0.55,0.535,0.094,0.097,9.821
4605758,3.4,7.14,3.61,6.82,-0.01,0.48273229598999023,3.6864397525787354,0.15562310814857483,0.7422025203704834,10.162189483642578,-99.099,0.55,0.535,0.094,0.097,9.821
4605801,3.4,7.14,3.61,6.82,-0.01,0.48286357522010803,3.687371015548706,0.1496376097202301,0.7386112213134766,10.158597946166992,-99.099,0.55,0.535,0.094,0.097,9.821
4605843,3.4,7.14,3.61,6.82,-0.01,0.48294660449028015,3.6882662773132324,0.16639702022075653,0.7433996200561523,10.183736801147461,-99.099,0.55,0.535,0.094,0.097,9.821
4605866,3.4,7.14,3.61,6.82,-0.01,0.4829248785972595,3.688779830932617,0.15442600846290588,0.7457938194274902,10.1753568649292,-99.099,0.55,0.535,0.094,0.097,9.821
4605908,3.4,7.14,3.61,6.82,-0.01,0.48294875025749207,3.6896908283233643,0.14484919607639313,0.7410054206848145,10.157401084899902,-99.099,0.55,0.535,0.094,0.097,9.821
4605944,3.4,7.14,3.61,6.82,-0.01,0.4829349219799042,3.690462112426758,0.15322890877723694,0.729034423828125,10.180145263671875,-99.099,0.55,0.535,0.094,0.097,9.821
4605986,3.41,7.14,3.61,6.82,-0.01,0.48298534750938416,3.691380262374878,0.16639702022075653,0.7386112213134766,10.168174743652344,-99.099,0.55,0.535,0.094,0.097,9.821
4606028,3.41,7.14,3.61,6.82,-0.01,0.4830644726753235,3.6922595500946045,0.16879121959209442,0.7637503147125244,10.168174743652344,-99.099,0.55,0.535,0.094,0.097,9.821
4606050,3.41,7.14,3.61,6.82,-0.01,0.4830378293991089,3.6927311420440674,0.3148375153541565,0.7122750282287598,9.8784761428833,-99.099,0.55,0.535,0.094,0.097,9.821
4606092,3.41,7.14,3.61,6.82,-0.01,0.48214027285575867,3.6943843364715576,0.7038952708244324,1.3491326570510864,9.761159896850586,-99.099,0.55,0.535,0.094,0.097,9.821
4606134,3.42,7.14,3.61,6.82,0.0,0.47791439294815063,3.6975584030151367,1.678335428237915,0.4058171808719635,10.655394554138184,-99.099,0.55,0.535,0.094,0.097,9.821
4606157,3.4,7.16,3.64,6.78,0.0,0.4737532138824463,3.6998848915100098,0.304063618183136,0.8032546639442444,9.282320022583008,-99.099,0.55,0.535,0.094,0.097,9.821
4606200,3.41,7.16,3.64,6.78,0.0,0.46252357959747314,3.7057714462280273,0.3663128614425659,1.2880805730819702,10.90558910369873,-99.099,0.55,0.535,0.094,0.097,9.821
4606242,3.41,7.16,3.64,6.78,0.0,0.44850629568099976,3.713744878768921,-0.17477671802043915,0.7637503147125244,11.0887451171875,-99.099,0.55,0.535,0.094,0.097,9.821
4606266,3.43,7.15,3.64,6.82,0.0,0.43936413526535034,3.71911358833313,-0.424970805644989,0.8547300100326538,10.401609420776367,-99.099,0.55,0.535,0.094,0.097,9.821
4606308,3.44,7.15,3.64,6.82,0.0,0.4178903102874756,3.731100082397461,0.20949265360832214,1.0319008827209473,11.411962509155273,-99.099,0.55,0.535,0.094,0.097,9.821
4606351,3.45,7.15,3.64,6.82,0.0,0.3932153880596161,3.7435569763183594,-0.4596867263317108,1.1863269805908203,10.773907661437988,-99.099,0.55,0.535,0.094,0.097,9.821
4606393,3.45,7.15,3.64,6.82,0.01,0.36377885937690735,3.757477283477783,0.2849099934101105,1.1216834783554077,11.312602996826172,-99.099,0.55,0.535,0.094,0.097,9.821
4606435,3.46,7.15,3.64,6.82,0.01,0.3325307369232178,3.772310256958008,0.3315969407558441,0.6488286852836609,9.364919662475586,-99.099,0.55,0.535,0.094,0.097,9.821
4606457,3.46,7.15,3.64,6.82,0.02,0.315023273229599,3.7807555198669434,0.8738836050033569,0.47165772318840027,9.441534042358398,-99.099,0.55,0.535,0.094,0.097,9.821
4606499,3.47,7.15,3.64,6.82,0.02,0.2819179594516754,3.7971627712249756,-0.25498247146606445,0.3902548849582672,10.648212432861328,-99.099,0.55,0.535,0.094,0.097,9.821
4606531,3.48,7.16,3.64,6.82,0.03,0.25777769088745117,3.8090641498565674,-0.38546648621559143,0.3866635859012604,10.752359390258789,-99.099,0.55,0.535,0.094,0.097,9.821
4606572,3.49,7.16,3.64,6.82,0.04,0.22649119794368744,3.823962926864624,-0.31124621629714966,1.1468225717544556,10.992977142333984,-99.099,0.55,0.535,0.094,0.097,9.821
4606615,3.5,7.16,3.64,6.82,0.06,0.1971416175365448,3.8377768993377686,0.05147533491253853,1.0342950820922852,10.918756484985352,-99.099,0.55,0.535,0.094,0.097,9.821
4606648,3.43,7.05,3.65,6.65,0.07,0.17599040269851685,3.847482204437256,-0.3208230137825012,0.7146692276000977,10.673351287841797,-99.099,0.55,0.535,0.094,0.097,9.821
4606690,3.43,7.05,3.65,6.65,0.09,0.1486274003982544,3.8589928150177,-0.2621650993824005,0.9157821536064148,10.11430549621582,-99.099,0.55,0.535,0.094,0.097,9.821
4606732,3.44,7.05,3.65,6.65,0.11,0.12405721843242645,3.8681752681732178,-0.14844051003456116,0.7314286231994629,10.192116737365723,-99.099,0.55,0.535,0.094,0.097,9.821
4606754,3.44,7.05,3.65,6.65,0.12,0.11186215281486511,3.8721516132354736,-0.3998316824436188,0.49559974670410156,9.730035781860352,-99.099,0.55,0.535,0.094,0.097,9.821
4606796,3.45,7.05,3.65,6.65,0.14,0.09115152060985565,3.8780832290649414,-0.25019407272338867,0.7445967197418213,9.750386238098145,-99.099,0.55,0.535,0.094,0.097,9.821
4606838,3.46,7.05,3.65,6.65,0.17,0.07528974860906601,3.8822784423828125,-0.05147533491253853,0.017956512048840523,9.749189376831055,-99.099,0.55,0.535,0.094,0.097,9.821
4606860,3.46,7.04,3.65,6.65,0.18,0.06988780945539474,3.8835434913635254,-0.06344634294509888,0.24181437492370605,8.508993148803711,-99.099,0.55,0.535,0.094,0.097,9.821
4606902,3.47,7.04,3.65,6.65,0.2,0.06744498759508133,3.883101463317871,1.0881646871566772,0.6560112833976746,11.255142211914062,-99.099,0.55,0.535,0.094,0.097,9.821
4606944,3.48,7.04,3.65,6.65,0.22,0.07217559963464737,3.8797593116760254,-0.5650315880775452,0.6488286852836609,10.924742698669434,-99.099,0.55,0.535,0.094,0.097,9.821
4606986,3.48,7.04,3.65,6.65,0.25,0.0851631686091423,3.8742799758911133,0.0071826050989329815,0.8882488012313843,9.334992408752441,-99.099,0.55,0.535,0.094,0.097,9.821
4607028,3.49,7.04,3.65,6.65,0.27,0.10690750181674957,3.8675942420959473,0.7314286231994629,0.40940847992897034,9.75397777557373,-99.099,0.55,0.535,0.094,0.097,9.821
4607051,3.5,6.86,2.69,7.6,0.28,0.12247026711702347,3.863328218460083,1.3563152551651,0.8212111592292786,10.351330757141113,-99.099,0.55,0.535,0.094,0.097,9.821
4607094,3.51,6.86,2.69,7.6,0.31,0.15559625625610352,3.8533949851989746,0.4668693244457245,1.0630255937576294,9.604340553283691,-99.099,0.55,0.535,0.094,0.097,9.821
4607136,3.52,6.85,2.69,7.6,0.34,0.18594922125339508,3.843184232711792,0.4357447028160095,0.4668693244457245,10.653000831604004,-99.099,0.55,0.535,0.094,0.097,9.821
4607158,3.52,6.84,2.69,7.6,0.35,0.20117267966270447,3.837392568588257,0.3770867586135864,0.24420857429504395,9.071630477905273,-99.099,0.55,0.535,0.094,0.097,9.821
4607200,3.53,6.84,2.69,7.6,0.38,0.22957219183444977,3.824863910675049,0.4704606235027313,0.5386953949928284,9.50737476348877,-99.099,0.55,0.535,0.094,0.097,9.821
4607242,3.54,6.83,2.69,7.6,0.41,0.2579174041748047,3.8107807636260986,-0.304063618183136,0.7194576263427734,10.449493408203125,-99.099,0.55,0.535,0.094,0.097,9.821
4607268,3.4,6.88,3.62,6.64,0.43,0.2734552323818207,3.802265167236328,0.3411737382411957,0.9684545993804932,10.326191902160645,-99.099,0.55,0.535,0.094,0.097,9.821
4607310,3.4,6.87,3.62,6.64,0.46,0.30314892530441284,3.784754991531372,0.3866635859012604,0.7445967197418213,10.808623313903809,-99.099,0.55,0.535,0.094,0.097,9.821
4607341,3.4,6.87,3.62,6.64,0.49,0.32192087173461914,3.7725255489349365,0.4908113479614258,0.9253589510917664,10.459070205688477,-99.099,0.55,0.535,0.094,0.097,9.821
4607383,3.41,6.86,3.62,6.64,0.52,0.3459349274635315,3.7549972534179688,-0.12689268589019775,0.9983820915222168,9.889249801635742,-99.099,0.55,0.535,0.094,0.097,9.821
4607425,3.41,6.85,3.62,6.64,0.56,0.3659861385822296,3.738450527191162,0.5327098965644836,-0.0586579404771328,10.78468132019043,-99.099,0.55,0.535,0.094,0.097,9.821
4607448,3.41,6.83,3.59,6.54,0.58,0.37487879395484924,3.729858636856079,0.08499415963888168,0.970848798751831,10.104728698730469,-99.099,0.55,0.535,0.094,0.097,9.821
4607491,3.41,6.82,3.59,6.54,0.62,0.39069342613220215,3.7113893032073975,0.07781155407428741,0.6488286852836609,10.830171585083008,-99.099,0.55,0.535,0.094,0.097,9.821
4607533,3.42,6.81,3.59,6.54,0.67,0.40484583377838135,3.6924057006835938,-0.2944868206977844,0.42377370595932007,9.47146224975586,-99.099,0.55,0.535,0.094,0.097,9.821
4607556,3.4,6.81,3.63,6.6,0.69,0.41201889514923096,3.6818974018096924,0.365115761756897,0.9588778018951416,9.995792388916016,-99.099,0.55,0.535,0.094,0.097,9.821
4607599,3.4,6.8,3.63,6.6,0.74,0.4278284013271332,3.6617987155914307,-0.17238251864910126,1.1300631761550903,10.547656059265137,-99.099,0.55,0.535,0.094,0.097,9.821
4607642,3.4,6.79,3.63,6.6,0.79,0.4460117518901825,3.644573450088501,-0.6715735793113708,1.4748282432556152,10.049661636352539,-99.099,0.55,0.535,0.094,0.097,9.821
4607666,3.36,6.84,3.62,6.61,0.81,0.45732858777046204,3.6365373134613037,0.18794482946395874,0.14245499670505524,10.047266960144043,-99.099,0.55,0.535,0.094,0.097,9.821
4607710,3.37,6.84,3.62,6.61,0.87,0.48588910698890686,3.622175455093384,-0.5482721924781799,1.3407529592514038,9.170989990234375,-99.099,0.55,0.535,0.094,0.097,9.821
4607752,3.38,6.81,3.62,6.59,0.92,0.5167261362075806,3.612530469894409,-0.3711012601852417,1.4532804489135742,10.704475402832031,-99.099,0.55,0.535,0.094,0.097,9.821
4607794,3.38,6.8,3.62,6.59,0.97,0.5564155578613281,3.606738328933716,-0.8391677141189575,0.9038111567497253,9.39365005493164,-99.099,0.55,0.535,0.094,0.097,9.821
4607837,3.38,6.79,3.62,6.59,1.02,0.6007049083709717,3.6054017543792725,-0.02992752194404602,1.048660397529602,9.836577415466309,-99.099,0.55,0.535,0.094,0.097,9.821
4607861,3.39,6.77,3.67,6.5,1.05,0.6272199749946594,3.6067519187927246,0.18794482946395874,0.16400282084941864,9.771934509277344,-99.099,0.55,0.535,0.094,0.097,9.821
4607905,3.39,6.76,3.67,6.5,1.1,0.6859635710716248,3.612299919128418,0.047884032130241394,0.39863458275794983,11.12106704711914,-99.099,0.55,0.535,0.094,0.097,9.821
4607947,3.37,6.76,3.64,6.54,1.15,0.7395676374435425,3.619016647338867,-0.06823474913835526,1.1492167711257935,10.18493366241455,-99.099,0.55,0.535,0.094,0.097,9.821
4607989,3.38,6.76,3.64,6.54,1.21,0.7994286417961121,3.6287038326263428,-0.6823474764823914,1.3730746507644653,10.380061149597168,-99.099,0.55,0.535,0.094,0.097,9.821
4608031,3.38,6.75,3.64,6.54,1.26,0.8597080707550049,3.6405839920043945,-0.21667525172233582,0.20231004059314728,10.204087257385254,-99.099,0.55,0.535,0.094,0.097,9.821
4608054,3.38,6.73,3.69,6.49,1.29,0.8928531408309937,3.6480114459991455,0.1256955862045288,0.9265560507774353,10.322600364685059,-99.099,0.55,0.535,0.094,0.097,9.821
4608097,3.39,6.72,3.69,6.49,1.34,0.9595821499824524,3.6637067794799805,-0.0933738648891449,0.7948749661445618,8.708909034729004,-99.099,0.55,0.535,0.094,0.097,9.821
4608139,3.39,6.72,3.69,6.49,1.4,1.023823857307434,3.6793856620788574,0.9145850539207458,0.5518634915351868,9.99100399017334,-99.099,0.55,0.535,0.094,0.097,9.821
4608163,3.42,6.67,3.0,7.11,1.43,1.0597575902938843,3.688311815261841,-0.24899697303771973,0.5422866940498352,8.802282333374023,-99.099,0.55,0.535,0.094,0.097,9.821
4608206,3.42,6.67,3.0,7.11,1.48,1.1323637962341309,3.704834461212158,-0.8343793153762817,0.9050082564353943,9.475052833557129,-99.099,0.55,0.535,0.094,0.097,9.821
4608247,3.43,6.66,3.0,7.11,1.53,1.203840732574463,3.719797372817993,0.9923965930938721,0.9852139949798584,9.801861763000488,-99.099,0.55,0.535,0.094,0.097,9.821
4608289,3.44,6.65,3.0,7.11,1.58,1.2844786643981934,3.736241579055786,0.9756371974945068,1.0462661981582642,9.864110946655273,-99.099,0.55,0.535,0.094,0.097,9.821
4608331,3.44,6.65,3.0,7.11,1.63,1.362359642982483,3.7521443367004395,1.2210428714752197,0.272938996553421,10.097545623779297,-99.099,0.55,0.535,0.094,0.097,9.821
4608353,3.45,6.64,3.0,7.11,1.66,1.4025136232376099,3.760371208190918,0.3579331636428833,0.5111620426177979,9.135076522827148,-99.099,0.55,0.535,0.094,0.097,9.821
4608395,3.45,6.64,3.0,7.11,1.71,1.4745737314224243,3.774472951889038,0.8990227580070496,0.09816227108240128,10.704475402832031,-99.099,0.55,0.535,0.094,0.097,9.821
4608437,3.46,6.63,3.0,7.11,1.76,1.5400086641311646,3.7861008644104004,-0.3196259140968323,1.137245774269104,9.41519832611084,-99.099,0.55,0.535,0.094,0.097,9.821
4608460,3.5,6.72,3.67,6.91,1.79,1.5711899995803833,3.7910656929016113,0.05746084079146385,0.3315969407558441,9.858125686645508,-99.099,0.55,0.535,0.094,0.097,9.821
4608503,3.51,6.72,3.67,6.91,1.85,1.6258277893066406,3.799095869064331,0.9349357485771179,0.4537012279033661,9.458293914794922,-99.099,0.55,0.535,0.094,0.097,9.821
4608547,3.41,6.68,2.82,6.44,1.9,1.6699018478393555,3.804640293121338,-0.14006079733371735,0.4967968463897705,9.679757118225098,-99.099,0.55,0.535,0.094,0.097,9.821
4608589,3.41,6.68,2.82,6.44,1.96,1.7083017826080322,3.8079543113708496,0.3495534360408783,0.3603273630142212,9.99459457397461,-99.099,0.55,0.535,0.094,0.097,9.821
4608631,3.42,6.67,2.82,6.44,2.02,1.7374420166015625,3.8090009689331055,0.667982280254364,0.4668693244457245,10.595540046691895,-99.099,0.55,0.535,0.094,0.097,9.821
4608653,3.42,6.67,2.82,6.44,2.05,1.7489227056503296,3.8085010051727295,0.05746084079146385,0.6212953329086304,9.823410034179688,-99.099,0.55,0.535,0.094,0.097,9.821
4608695,3.43,6.67,2.82,6.44,2.11,1.7627606391906738,3.805194854736328,0.7769184708595276,-0.05386953800916672,10.704475402832031,-99.099,0.55,0.535,0.094,0.097,9.821
4608738,3.44,6.67,2.82,6.44,2.18,1.7683576345443726,3.798588752746582,0.4728548228740692,0.4920084476470947,10.74996566772461,-99.099,0.55,0.535,0.094,0.097,9.821
4608759,3.44,6.67,2.82,6.44,2.21,1.7671926021575928,3.793292760848999,0.8379706144332886,0.013168109580874443,10.218452453613281,-99.099,0.55,0.535,0.094,0.097,9.821
4608801,3.45,6.66,2.82,6.44,2.28,1.7571812868118286,3.7776038646698,-0.10295066982507706,-0.2298433631658554,10.811017990112305,-99.099,0.55,0.535,0.094,0.097,9.821
4608841,3.47,6.64,3.71,6.34,2.35,1.741507887840271,3.7571663856506348,0.545877993106842,0.6967126727104187,9.987412452697754,-99.099,0.55,0.535,0.094,0.097,9.821
4608883,3.49,6.63,3.71,6.34,2.43,1.7163277864456177,3.7276384830474854,0.93254154920578,0.6057330369949341,10.323798179626465,-99.099,0.55,0.535,0.094,0.097,9.821
4608925,3.5,6.63,3.71,6.34,2.5,1.6861083507537842,3.696599245071411,0.22266076505184174,0.8379706144332886,10.26513957977295,-99.099,0.55,0.535,0.094,0.097,9.821
4608947,3.51,6.63,3.71,6.34,2.54,1.6671515703201294,3.6790804862976074,0.4465186297893524,0.33039984107017517,10.20528507232666,-99.099,0.55,0.535,0.094,0.097,9.821
4608989,3.52,6.62,3.71,6.34,2.62,1.6269125938415527,3.644235849380493,-0.5171475410461426,0.6727706789970398,10.269927978515625,-99.099,0.55,0.535,0.094,0.097,9.821
4609031,3.54,6.62,3.71,6.34,2.69,1.5840568542480469,3.6079204082489014,-0.5506663918495178,0.8331822156906128,9.276334762573242,-99.099,0.55,0.535,0.094,0.097,9.821
4609054,3.53,6.73,3.61,6.81,2.74,1.5603935718536377,3.5880746841430664,-1.294066071510315,0.6871358752250671,10.609905242919922,-99.099,0.55,0.535,0.094,0.097,9.821
4609097,3.55,6.73,3.61,6.81,2.82,1.5172086954116821,3.5490758419036865,-1.5418659448623657,1.4113819599151611,10.327388763427734,-99.099,0.55,0.535,0.094,0.097,9.821
4609139,3.57,6.73,3.61,6.81,2.9,1.4844907522201538,3.5146069526672363,-0.7625532150268555,1.3467384576797485,9.560047149658203,-99.099,0.55,0.535,0.094,0.097,9.821
4609161,3.58,6.73,3.61,6.81,2.95,1.4715278148651123,3.49794864654541,-0.015562310814857483,0.586579442024231,10.74996566772461,-99.099,0.55,0.535,0.094,0.097,9.821
4609203,3.6,6.73,3.61,6.81,3.03,1.4534196853637695,3.4691402912139893,-0.008379706181585789,0.4704606235027313,10.285490036010742,-99.099,0.55,0.535,0.094,0.097,9.821
4609237,3.61,6.73,3.61,6.81,3.09,1.4429861307144165,3.4484012126922607,0.03232172131538391,0.8343793153762817,9.315838813781738,-99.099,0.55,0.535,0.094,0.097,9.821
4609279,3.63,6.72,3.61,6.81,3.17,1.4345048666000366,3.424833059310913,-0.8798691034317017,1.1839327812194824,11.050437927246094,-99.099,0.55,0.535,0.094,0.097,9.821
4609321,3.65,6.72,3.61,6.81,3.25,1.4308291673660278,3.405978202819824,0.22625206410884857,0.22744916379451752,9.718064308166504,-99.099,0.55,0.535,0.094,0.097,9.821
4609354,3.59,6.59,2.92,7.02,3.3,1.4305248260498047,3.3948748111724854,0.4010287821292877,1.0019733905792236,11.010933876037598,-99.099,0.55,0.535,0.094,0.097,9.821
4609396,3.61,6.58,2.92,7.02,3.38,1.4296073913574219,3.3825552463531494,0.3627215623855591,-0.29209262132644653,10.590751647949219,-99.099,0.55,0.535,0.094,0.097,9.821
4609439,3.63,6.57,2.92,7.02,3.45,1.4257547855377197,3.3736257553100586,-0.333991140127182,1.436521053314209,9.156624794006348,-99.099,0.55,0.535,0.094,0.097,9.821
4609464,3.54,6.62,3.71,6.27,3.49,1.4224125146865845,3.3707737922668457,-0.31124621629714966,1.2246341705322266,9.496601104736328,-99.099,0.55,0.535,0.094,0.097,9.821
4609507,3.56,6.61,3.71,6.27,3.56,1.4147790670394897,3.3706822395324707,0.2082955539226532,0.5291185975074768,9.890447616577148,-99.099,0.55,0.535,0.094,0.097,9.821
4609548,3.57,6.61,3.71,6.27,3.63,1.4075157642364502,3.3751628398895264,-0.09457096457481384,1.2988544702529907,10.055646896362305,-99.099,0.55,0.535,0.094,0.097,9.821
4609590,3.59,6.6,3.71,6.27,3.7,1.399981141090393,3.384904146194458,-0.6979097723960876,0.8104372620582581,9.366117477416992,-99.099,0.55,0.535,0.094,0.097,9.821
4609632,3.6,6.6,3.71,6.27,3.77,1.3939971923828125,3.3997256755828857,0.5590460896492004,0.4357447028160095,9.93354320526123,-99.099,0.55,0.535,0.094,0.097,9.821
4609654,3.61,6.59,3.71,6.27,3.8,1.3913477659225464,3.410125494003296,0.507570743560791,0.8331822156906128,10.156203269958496,-99.099,0.55,0.535,0.094,0.097,9.821
4609696,3.63,6.59,3.71,6.27,3.87,1.3857203722000122,3.4335474967956543,0.39863458275794983,0.5829881429672241,10.66018295288086,-99.099,0.55,0.535,0.094,0.097,9.821
4609738,3.64,6.58,3.71,6.27,3.94,1.3787903785705566,3.4589452743530273,0.6883329749107361,0.29209262132644653,10.213664054870605,-99.099,0.55,0.535,0.094,0.097,9.821
4609761,3.58,6.48,3.7,6.19,3.97,1.3743321895599365,3.4729576110839844,0.5997475385665894,0.424970805644989,9.9371337890625,-99.099,0.55,0.535,0.094,0.097,9.821
4609804,3.6,6.47,3.7,6.19,4.04,1.3631411790847778,3.4988696575164795,-0.03950432687997818,0.6093243360519409,10.642226219177246,-99.099,0.55,0.535,0.094,0.097,9.821
4609846,3.61,6.46,3.7,6.19,4.11,1.3497114181518555,3.5194759368896484,0.19393034279346466,0.49320554733276367,10.427945137023926,-99.099,0.55,0.535,0.094,0.097,9.821
4609869,3.62,6.45,3.7,6.19,4.15,1.340677261352539,3.5281620025634766,1.192312479019165,0.002394201699644327,10.769119262695312,-99.099,0.55,0.535,0.094,0.097,9.821
4609911,3.64,6.45,3.7,6.19,4.22,1.3202532529830933,3.536102056503296,0.811634361743927,0.8439561128616333,9.657012939453125,-99.099,0.55,0.535,0.094,0.097,9.821
4609935,3.64,6.44,3.7,6.19,4.26,1.306809902191162,3.536450147628784,0.15083470940589905,0.4106055796146393,10.212467193603516,-99.099,0.55,0.535,0.094,0.097,9.821
4609977,3.66,6.43,3.7,6.19,4.33,1.2781394720077515,3.5314455032348633,1.157596468925476,1.072602391242981,11.60828685760498,-99.099,0.55,0.535,0.094,0.097,9.821
4610019,3.68,6.42,3.7,6.19,4.41,1.2467437982559204,3.522470474243164,0.18076223134994507,0.5003881454467773,10.007762908935547,-99.099,0.55,0.535,0.094,0.097,9.821
4610051,3.69,6.42,3.7,6.19,4.46,1.2215384244918823,3.5135388374328613,-0.5937620401382446,0.9612720012664795,10.052056312561035,-99.099,0.55,0.535,0.094,0.097,9.821
4610093,3.71,6.41,3.7,6.19,4.54,1.1861368417739868,3.500579833984375,-0.5267243981361389,1.3048399686813354,9.516951560974121,-99.099,0.55,0.535,0.094,0.097,9.821
4610135,3.72,6.4,3.7,6.19,4.61,1.152040958404541,3.489381790161133,0.090979665517807,0.6021417379379272,10.079588890075684,-99.099,0.55,0.535,0.094,0.097,9.821
4610157,3.73,6.4,3.7,6.19,4.66,1.1343172788619995,3.484407663345337,0.05746084079146385,0.9971849918365479,9.101557731628418,-99.099,0.55,0.535,0.094,0.097,9.821
4610199,3.75,6.39,3.7,6.19,4.73,1.1035914421081543,3.4788553714752197,-0.3256114423274994,1.5705963373184204,9.660603523254395,-99.099,0.55,0.535,0.094,0.097,9.821
4610239,3.77,6.38,3.7,6.19,4.81,1.0802067518234253,3.478590250015259,-0.7493851184844971,0.4620809257030487,10.137049674987793,-99.099,0.55,0.535,0.094,0.097,9.821
4610281,3.79,6.38,3.7,6.19,4.88,1.062756061553955,3.4846301078796387,-0.07302315533161163,1.158793568611145,10.244789123535156,-99.099,0.55,0.535,0.094,0.097,9.821
4610323,3.81,6.37,3.7,6.19,4.96,1.0538198947906494,3.496436595916748,1.095347285270691,0.05985504388809204,11.273098945617676,-99.099,0.55,0.535,0.094,0.097,9.821
4610346,3.71,6.56,3.72,6.82,5.0,1.0527257919311523,3.505244731903076,0.7805097699165344,0.6248866319656372,10.948684692382812,-99.099,0.55,0.535,0.094,0.097,9.821
4610389,3.73,6.56,3.72,6.82,5.07,1.0549582242965698,3.5247726440429688,0.3363853394985199,0.9157821536064148,9.606734275817871,-99.099,0.55,0.535,0.094,0.097,9.821
4610431,3.74,6.56,3.72,6.82,5.13,1.0603090524673462,3.544877529144287,-0.41539400815963745,0.9205705523490906,10.459070205688477,-99.099,0.55,0.535,0.094,0.097,9.821
4610453,3.75,6.56,3.72,6.82,5.16,1.0646905899047852,3.556260824203491,-0.07302315533161163,0.4644751250743866,10.143035888671875,-99.099,0.55,0.535,0.094,0.097,9.821
4610495,3.77,6.56,3.72,6.82,5.2,1.075657606124878,3.578719139099121,0.5386953949928284,0.5219359993934631,10.224438667297363,-99.099,0.55,0.535,0.094,0.097,9.821
4610537,3.79,6.56,3.72,6.82,5.24,1.0880974531173706,3.6016414165496826,0.27054479718208313,0.7936778664588928,9.641449928283691,-99.099,0.55,0.535,0.094,0.097,9.821
4610559,3.8,6.56,3.72,6.82,5.25,1.095209002494812,3.6140296459198,0.1951274424791336,0.5614402890205383,10.071209907531738,-99.099,0.55,0.535,0.094,0.097,9.821
4610601,3.82,6.57,3.72,6.82,5.26,1.1092631816864014,3.638570785522461,0.767341673374176,0.7469909191131592,9.674968719482422,-99.099,0.55,0.535,0.094,0.097,9.821
4610643,3.84,6.57,3.72,6.82,5.26,1.1235551834106445,3.665349245071411,-0.0694318488240242,1.2485761642456055,10.411186218261719,-99.099,0.55,0.535,0.094,0.097,9.821
4610665,3.85,6.57,3.72,6.82,5.25,1.1312129497528076,3.680715322494507,0.16400282084941864,0.7433996200561523,10.216058731079102,-99.099,0.55,0.535,0.094,0.097,9.821
4610707,3.87,6.57,3.72,6.82,5.22,1.147121787071228,3.710430145263672,-0.669179379940033,0.46088382601737976,9.781511306762695,-99.099,0.55,0.535,0.094,0.097,9.821
4610738,3.88,6.57,3.72,6.82,5.18,1.1595959663391113,3.7312469482421875,0.9421183466911316,1.0247182846069336,9.71926212310791,-99.099,0.55,0.535,0.094,0.097,9.821
4610779,3.9,6.57,3.72,6.82,5.12,1.178756594657898,3.759096384048462,-0.4620809257030487,1.2210428714752197,10.755950927734375,-99.099,0.55,0.535,0.094,0.097,9.821
4610821,3.92,6.58,3.72,6.82,5.04,1.2001761198043823,3.784512996673584,-0.6787561774253845,0.48602294921875,9.951498985290527,-99.099,0.55,0.535,0.094,0.097,9.821
4610843,3.93,6.58,3.72,6.82,4.99,1.2127370834350586,3.796212673187256,-0.27054479718208313,0.08738835901021957,9.697713851928711,-99.099,0.55,0.535,0.094,0.097,9.821
4610885,3.95,6.58,3.72,6.82,4.88,1.239030122756958,3.810997247695923,-0.11252748221158981,-0.03950432687997818,9.7791166305542,-99.099,0.55,0.535,0.094,0.097,9.821
4610927,3.98,6.58,3.72,6.82,4.76,1.2665183544158936,3.8155558109283447,-0.9289502501487732,0.12090718746185303,10.019734382629395,-99.099,0.55,0.535,0.094,0.097,9.821
4610950,3.99,6.58,3.72,6.82,4.69,1.282249093055725,3.8125360012054443,-0.8224082589149475,0.5949591398239136,10.960655212402344,-99.099,0.55,0.535,0.094,0.097,9.821
4610992,4.01,6.59,3.72,6.82,4.53,1.312667965888977,3.797621011734009,-0.9349357485771179,0.39863458275794983,10.046070098876953,-99.099,0.55,0.535,0.094,0.097,9.821
4611034,4.04,6.59,3.72,6.82,4.37,1.3453775644302368,3.7756097316741943,-0.26336219906806946,0.6655880808830261,10.137049674987793,-99.099,0.55,0.535,0.094,0.097,9.821
4611056,4.05,6.59,3.72,6.82,4.28,1.3636890649795532,3.7607502937316895,-0.5530605912208557,0.7553706169128418,10.286687850952148,-99.099,0.55,0.535,0.094,0.097,9.821
4611098,4.07,6.59,3.72,6.82,4.09,1.3992811441421509,3.726682186126709,-0.2214636504650116,-0.2861070930957794,10.277111053466797,-99.099,0.55,0.535,0.094,0.097,9.821
4611130,4.09,6.6,3.72,6.82,3.95,1.425536036491394,3.697136402130127,0.42856210470199585,0.5925649404525757,10.20887565612793,-99.099,0.55,0.535,0.094,0.097,9.821
4611171,4.11,6.6,3.72,6.82,3.74,1.4599369764328003,3.652545213699341,-0.20470423996448517,0.8834604024887085,10.02452278137207,-99.099,0.55,0.535,0.094,0.097,9.821
4611214,4.14,6.6,3.72,6.82,3.54,1.4919694662094116,3.605114221572876,0.3076549172401428,0.6847416758537292,10.605116844177246,-99.099,0.55,0.535,0.094,0.097,9.821
4611349,3.75,6.51,3.64,6.23,2.83,1.5600560903549194,3.45487117767334,0.16519992053508759,0.35075053572654724,9.854534149169922,-99.099,0.55,0.535,0.094,0.097,9.821
4611391,3.76,6.51,3.64,6.23,2.59,1.5658106803894043,3.414243698120117,0.43933600187301636,0.751779317855835,10.08318042755127,-99.099,0.55,0.535,0.094,0.097,9.821
4611435,3.74,6.42,3.39,5.83,2.36,1.56290602684021,3.3788249492645264,0.15682020783424377,0.4297592043876648,10.542867660522461,-99.099,0.55,0.535,0.094,0.097,9.821
4611478,3.75,6.42,3.39,5.83,2.12,1.5513635873794556,3.3439676761627197,-0.22744916379451752,0.7481880187988281,10.900800704956055,-99.099,0.55,0.535,0.094,0.097,9.821
4611520,3.76,6.41,3.39,5.83,1.89,1.5344098806381226,3.3136844635009766,-0.17717093229293823,1.0462661981582642,9.787496566772461,-99.099,0.55,0.535,0.094,0.097,9.821
4611552,3.72,6.41,3.69,5.8,1.72,1.5184122323989868,3.2933599948883057,0.4273650050163269,0.8559271097183228,10.186131477355957,-99.099,0.55,0.535,0.094,0.097,9.821
4611595,3.73,6.4,3.69,5.8,1.47,1.4898501634597778,3.264787435531616,0.011971008032560349,0.7266402244567871,10.577583312988281,-99.099,0.55,0.535,0.094,0.097,9.821
4611637,3.74,6.4,3.69,5.8,1.24,1.4602488279342651,3.239374876022339,-0.30047231912612915,0.8643068075180054,9.822212219238281,-99.099,0.55,0.535,0.094,0.097,9.821
4611662,3.74,6.42,3.67,6.14,1.12,1.442586898803711,3.225921630859375,0.05746084079146385,0.9181763529777527,10.170568466186523,-99.099,0.55,0.535,0.094,0.097,9.821
4611705,3.74,6.41,3.67,6.14,0.88,1.4075533151626587,3.2008447647094727,-0.17717093229293823,0.18555063009262085,9.96945571899414,-99.099,0.55,0.535,0.094,0.097,9.821
4611740,3.75,6.41,3.67,6.14,0.68,1.378969669342041,3.1809675693511963,-0.304063618183136,0.6392518281936646,10.074800491333008,-99.099,0.55,0.535,0.094,0.097,9.821
4611781,3.76,6.41,3.67,6.14,0.46,1.3453748226165771,3.1561484336853027,-0.14006079733371735,0.5614402890205383,10.072406768798828,-99.099,0.55,0.535,0.094,0.097,9.821
4611823,3.77,6.4,3.67,6.14,0.23,1.3141652345657349,3.130399465560913,-0.5901707410812378,1.0223240852355957,10.125079154968262,-99.099,0.55,0.535,0.094,0.097,9.821
4611846,3.77,6.4,3.67,6.14,0.11,1.2990586757659912,3.1166019439697266,0.15921440720558167,1.01753568649292,9.911994934082031,-99.099,0.55,0.535,0.094,0.097,9.821
4611888,3.78,6.4,3.67,6.14,-0.11,1.273685097694397,3.0913758277893066,-0.5638344883918762,0.9876081943511963,10.475829124450684,-99.099,0.55,0.535,0.094,0.097,9.821
4611930,3.79,6.39,3.67,6.14,-0.33,1.2532838582992554,3.069620132446289,-0.16519992053508759,0.4058171808719635,10.248380661010742,-99.099,0.55,0.535,0.094,0.097,9.821
4611952,3.8,6.39,3.67,6.14,-0.44,1.2446101903915405,3.059554100036621,0.152031809091568,0.9074024558067322,10.642226219177246,-99.099,0.55,0.535,0.094,0.097,9.821
4611994,3.8,6.39,3.67,6.14,-0.65,1.2316808700561523,3.0423872470855713,-0.28371289372444153,0.8798691034317017,10.277111053466797,-99.099,0.55,0.535,0.094,0.097,9.821
4612036,3.81,6.39,3.67,6.14,-0.85,1.221356749534607,3.027204990386963,-0.090979665517807,1.2078747749328613,10.648212432861328,-99.099,0.55,0.535,0.094,0.097,9.821
4612058,3.82,6.39,3.67,6.14,-0.96,1.2169502973556519,3.020236015319824,0.3663128614425659,1.01753568649292,10.146626472473145,-99.099,0.55,0.535,0.094,0.097,9.821
4612100,3.83,6.38,3.67,6.14,-1.15,1.2101836204528809,3.0093705654144287,0.10534487664699554,0.5051765441894531,10.074800491333008,-99.099,0.55,0.535,0.094,0.097,9.821
4612134,3.84,6.38,3.67,6.14,-1.29,1.2061625719070435,3.002904176712036,-0.03232172131538391,0.9397241473197937,11.018115997314453,-99.099,0.55,0.535,0.094,0.097,9.821
4612175,3.85,6.38,3.67,6.14,-1.46,1.202889323234558,2.997075319290161,0.22744916379451752,0.6560112833976746,10.248380661010742,-99.099,0.55,0.535,0.094,0.097,9.821
4612218,3.86,6.38,3.67,6.14,-1.63,1.2016031742095947,2.992943286895752,-0.05626374110579491,0.16400282084941864,9.996989250183105,-99.099,0.55,0.535,0.094,0.097,9.821
4612250,3.87,6.38,3.67,6.14,-1.74,1.2018282413482666,2.9908933639526367,0.5003881454467773,0.5374982953071594,10.283096313476562,-99.099,0.55,0.535,0.094,0.097,9.821
4612292,3.88,6.38,3.67,6.14,-1.89,1.2024801969528198,2.989511728286743,0.08140286058187485,0.2849099934101105,10.018536567687988,-99.099,0.55,0.535,0.094,0.097,9.821
4612334,3.89,6.37,3.67,6.14,-2.03,1.2025668621063232,2.9887948036193848,0.5590460896492004,0.6536170840263367,10.056844711303711,-99.099,0.55,0.535,0.094,0.097,9.821
4612358,3.73,6.25,3.65,5.6,-2.09,1.202175498008728,2.988598108291626,-0.03950432687997818,0.6177040338516235,10.475829124450684,-99.099,0.55,0.535,0.094,0.097,9.821
4612400,3.73,6.24,3.65,5.6,-2.21,1.199976921081543,2.9876394271850586,0.1604115068912506,0.7398083209991455,9.95748519897461,-99.099,0.55,0.535,0.094,0.097,9.821
4612442,3.74,6.24,3.65,5.6,-2.32,1.1959075927734375,2.986381769180298,0.730231523513794,1.215057373046875,10.348937034606934,-99.099,0.55,0.535,0.094,0.097,9.821
4612467,3.67,6.28,3.65,5.68,-2.37,1.1923905611038208,2.9856765270233154,0.07422025501728058,1.7178397178649902,10.781089782714844,-99.099,0.55,0.535,0.094,0.097,9.821
4612509,3.67,6.27,3.65,5.68,-2.46,1.1823806762695312,2.985874891281128,0.152031809091568,0.9145850539207458,10.340557098388672,-99.099,0.55,0.535,0.094,0.097,9.821
4612545,3.68,6.23,3.6,5.94,-2.53,1.1717674732208252,2.987788677215576,-0.18555063009262085,0.6356605291366577,10.05923843383789,-99.099,0.55,0.535,0.094,0.097,9.821
4612588,3.68,6.23,3.6,5.94,-2.6,1.156337022781372,2.9923648834228516,-0.2717418968677521,1.091755986213684,9.782708168029785,-99.099,0.55,0.535,0.094,0.097,9.821
4612630,3.68,6.22,3.6,5.94,-2.67,1.1415005922317505,2.998680591583252,-0.05506663769483566,0.7565677165985107,10.235212326049805,-99.099,0.55,0.535,0.094,0.097,9.821
4612654,3.68,6.15,3.27,5.56,-2.69,1.1338143348693848,3.002861261367798,0.6332663297653198,0.20350714027881622,10.948684692382812,-99.099,0.55,0.535,0.094,0.097,9.821
4612696,3.69,6.14,3.27,5.56,-2.72,1.1192501783370972,3.0107979774475098,0.08738835901021957,0.1149216815829277,9.920374870300293,-99.099,0.55,0.535,0.094,0.097,9.821
4612740,3.66,6.11,3.61,5.59,-2.74,1.1059579849243164,3.017921209335327,-0.03950432687997818,0.7841010689735413,9.001001358032227,-99.099,0.55,0.535,0.094,0.097,9.821
4612783,3.66,6.1,3.61,5.59,-2.74,1.0928999185562134,3.026665687561035,0.6260837316513062,1.193509578704834,10.922348022460938,-99.099,0.55,0.535,0.094,0.097,9.821
4612825,3.67,6.1,3.61,5.59,-2.73,1.0822663307189941,3.03692889213562,-0.5805938839912415,0.9923965930938721,10.334571838378906,-99.099,0.55,0.535,0.094,0.097,9.821
4612849,3.67,6.13,3.66,5.91,-2.72,1.0774192810058594,3.0432355403900146,0.5997475385665894,0.026336219161748886,10.450690269470215,-99.099,0.55,0.535,0.094,0.097,9.821
4612891,3.68,6.12,3.66,5.91,-2.67,1.0694100856781006,3.0545437335968018,-0.3998316824436188,1.1803414821624756,9.463082313537598,-99.099,0.55,0.535,0.094,0.097,9.821
4612934,3.68,6.12,3.66,5.91,-2.62,1.0642915964126587,3.063246488571167,-0.6703764796257019,0.5805938839912415,10.447098731994629,-99.099,0.55,0.535,0.094,0.097,9.821
4612956,3.69,6.12,3.6,5.92,-2.59,1.0630064010620117,3.0668179988861084,-1.1228805780410767,0.5386953949928284,10.540472984313965,-99.099,0.55,0.535,0.094,0.097,9.821
4612999,3.69,6.12,3.6,5.92,-2.51,1.0633273124694824,3.071307897567749,0.42856210470199585,0.47644615173339844,10.413579940795898,-99.099,0.55,0.535,0.094,0.097,9.821
4613041,3.68,6.08,3.25,5.54,-2.43,1.0643620491027832,3.0729031562805176,-0.46567222476005554,0.7481880187988281,11.019312858581543,-99.099,0.55,0.535,0.094,0.097,9.821
4613084,3.69,6.08,3.25,5.54,-2.33,1.0634227991104126,3.0719966888427734,0.3687070608139038,0.44771572947502136,9.856928825378418,-99.099,0.55,0.535,0.094,0.097,9.821
4613126,3.7,6.07,3.25,5.54,-2.23,1.0585085153579712,3.068674087524414,0.8631097078323364,0.5315127968788147,10.583568572998047,-99.099,0.55,0.535,0.094,0.097,9.821
4613150,3.68,6.05,3.68,5.5,-2.17,1.0535752773284912,3.065725088119507,0.5590460896492004,0.849941611289978,9.14585018157959,-99.099,0.55,0.535,0.094,0.097,9.821
4613192,3.68,6.04,3.68,5.5,-2.05,1.037972092628479,3.0579872131347656,0.8882488012313843,0.29209262132644653,9.481039047241211,-99.099,0.55,0.535,0.094,0.097,9.821
4613235,3.69,6.04,3.68,5.5,-1.93,1.017734408378601,3.0493454933166504,0.788889467716217,0.34596213698387146,10.20767879486084,-99.099,0.55,0.535,0.094,0.097,9.821
4613257,3.69,6.04,3.68,5.5,-1.87,1.004441499710083,3.04433536529541,0.9193734526634216,1.702277421951294,9.53849983215332,-99.099,0.55,0.535,0.094,0.097,9.821
4613299,3.7,6.03,3.68,5.5,-1.74,0.9748077392578125,3.0356318950653076,0.2932897210121155,0.2585737705230713,10.249577522277832,-99.099,0.55,0.535,0.094,0.097,9.821
4613341,3.71,6.03,3.68,5.5,-1.61,0.9432207345962524,3.02935791015625,0.28371289372444153,1.0797849893569946,10.02691650390625,-99.099,0.55,0.535,0.094,0.097,9.821
4613365,3.69,6.05,3.68,5.48,-1.54,0.9253242611885071,3.0273783206939697,0.333991140127182,0.5734112858772278,9.744400978088379,-99.099,0.55,0.535,0.094,0.097,9.821
4613407,3.69,6.05,3.68,5.48,-1.39,0.88897305727005,3.0272412300109863,0.3292027413845062,0.3926490843296051,9.425971984863281,-99.099,0.55,0.535,0.094,0.097,9.821
4613448,3.68,6.02,3.28,5.54,-1.25,0.8566461801528931,3.0300681591033936,0.41539400815963745,0.5662286877632141,10.090363502502441,-99.099,0.55,0.535,0.094,0.097,9.821
4613491,3.69,6.01,3.28,5.54,-1.08,0.8208123445510864,3.036008358001709,-0.31124621629714966,0.8595184087753296,9.034520149230957,-99.099,0.55,0.535,0.094,0.097,9.821
4613533,3.7,6.01,3.28,5.54,-0.92,0.7895126342773438,3.043464183807373,0.26815059781074524,1.0307037830352783,10.261548042297363,-99.099,0.55,0.535,0.094,0.097,9.821
4613557,3.72,5.97,3.34,5.8,-0.83,0.7739787101745605,3.048102378845215,0.36750996112823486,0.1364694982767105,10.250774383544922,-99.099,0.55,0.535,0.094,0.097,9.821
4613599,3.73,5.97,3.34,5.8,-0.64,0.7459690570831299,3.056225538253784,0.2106897532939911,0.4189853072166443,10.290278434753418,-99.099,0.55,0.535,0.094,0.097,9.821
4613641,3.73,5.93,3.3,5.37,-0.46,0.7246385812759399,3.062494993209839,-0.3711012601852417,0.8810662031173706,10.3549222946167,-99.099,0.55,0.535,0.094,0.097,9.821
4613684,3.74,5.93,3.3,5.37,-0.25,0.707974374294281,3.069852352142334,0.040701430290937424,0.6655880808830261,9.961075782775879,-99.099,0.55,0.535,0.094,0.097,9.821
4613726,3.75,5.92,3.3,5.37,-0.06,0.6997615098953247,3.0782063007354736,0.24181437492370605,0.6392518281936646,10.23880386352539,-99.099,0.55,0.535,0.094,0.097,9.821
4613749,3.76,5.92,3.3,5.37,0.04,0.699068009853363,3.0835623741149902,-0.7338228225708008,0.9481038451194763,10.362105369567871,-99.099,0.55,0.535,0.094,0.097,9.821
4613791,3.77,5.91,3.3,5.37,0.25,0.7064571380615234,3.0972554683685303,-0.6847416758537292,0.6153098344802856,9.928754806518555,-99.099,0.55,0.535,0.094,0.097,9.821
4613833,3.78,5.91,3.3,5.37,0.46,0.7226235866546631,3.1137516498565674,-0.13407529890537262,0.22625206410884857,10.687716484069824,-99.099,0.55,0.535,0.094,0.097,9.821
4613855,3.79,5.91,3.3,5.37,0.58,0.7353322505950928,3.1238527297973633,0.29209262132644653,0.6416460275650024,9.804255485534668,-99.099,0.55,0.535,0.094,0.097,9.821
4613897,3.8,5.9,3.3,5.37,0.8,0.7657967805862427,3.14492130279541,-0.5793967843055725,0.8463503122329712,9.97065258026123,-99.099,0.55,0.535,0.094,0.097,9.821
4613939,3.81,5.9,3.3,5.37,1.01,0.8021600246429443,3.16731858253479,-0.12210428714752197,0.08140286058187485,10.257957458496094,-99.099,0.55,0.535,0.094,0.097,9.821
4613961,3.82,5.89,3.3,5.37,1.13,0.8242197036743164,3.179600238800049,0.365115761756897,0.7266402244567871,9.72165584564209,-99.099,0.55,0.535,0.094,0.097,9.821
4614003,3.83,5.89,3.3,5.37,1.35,0.8703148365020752,3.2020533084869385,0.19393034279346466,0.4165911078453064,10.795455932617188,-99.099,0.55,0.535,0.094,0.097,9.821
4614045,3.84,5.83,3.33,5.74,1.56,0.9164282083511353,3.2213008403778076,-0.1173158809542656,0.07182604819536209,11.050437927246094,-99.099,0.55,0.535,0.094,0.097,9.821
4614088,3.86,5.82,3.33,5.74,1.79,0.9692237973213196,3.23911452293396,-0.015562310814857483,1.53707754611969,9.429563522338867,-99.099,0.55,0.535,0.094,0.097,9.821
4614130,3.87,5.82,3.33,5.74,2.0,1.0190449953079224,3.2532408237457275,0.6655880808830261,1.0546458959579468,9.633070945739746,-99.099,0.55,0.535,0.094,0.097,9.821
4614154,3.85,5.79,3.83,5.23,2.11,1.0455175638198853,3.2596402168273926,0.52552729845047,0.667982280254364,10.311826705932617,-99.099,0.55,0.535,0.094,0.097,9.821
4614196,3.86,5.79,3.83,5.23,2.33,1.0971468687057495,3.270329475402832,0.272938996553421,0.829590916633606,9.247604370117188,-99.099,0.55,0.535,0.094,0.097,9.821
4614239,3.88,5.78,3.83,5.23,2.54,1.144606351852417,3.2794365882873535,-0.2932897210121155,0.7362170219421387,10.213664054870605,-99.099,0.55,0.535,0.094,0.097,9.821
4614261,3.89,5.77,3.83,5.23,2.64,1.168789267539978,3.283963918685913,-0.11851298063993454,0.768538773059845,9.589975357055664,-99.099,0.55,0.535,0.094,0.097,9.821
4614304,3.9,5.77,3.83,5.23,2.85,1.2142506837844849,3.293936014175415,0.2849099934101105,0.6200982332229614,10.248380661010742,-99.099,0.55,0.535,0.094,0.097,9.821
4614346,3.86,5.76,3.32,5.27,3.05,1.2554686069488525,3.3055105209350586,-0.013168109580874443,0.37229835987091064,9.704896926879883,-99.099,0.55,0.535,0.094,0.097,9.821
4614389,3.87,5.76,3.32,5.27,3.26,1.2980467081069946,3.32062029838562,-0.013168109580874443,0.6380547285079956,10.35252857208252,-99.099,0.55,0.535,0.094,0.097,9.821
4614431,3.89,5.75,3.32,5.27,3.46,1.3352911472320557,3.3361809253692627,-0.04429273307323456,0.2585737705230713,9.895236015319824,-99.099,0.55,0.535,0.094,0.097,9.821
4614454,3.89,5.75,3.32,5.27,3.56,1.353667140007019,3.344987630844116,0.6739677786827087,0.6931213736534119,10.409989356994629,-99.099,0.55,0.535,0.094,0.097,9.821
4614495,3.91,5.74,3.32,5.27,3.75,1.3864318132400513,3.3622145652770996,-0.46806642413139343,0.4991910457611084,10.737994194030762,-99.099,0.55,0.535,0.094,0.097,9.821
4614532,3.92,5.73,3.32,5.27,3.91,1.4130967855453491,3.3772037029266357,-0.17238251864910126,0.5135562419891357,10.878055572509766,-99.099,0.55,0.535,0.094,0.097,9.821
4614573,3.93,5.73,3.32,5.27,4.1,1.4440994262695312,3.395531415939331,-1.2234370708465576,0.7709329724311829,9.97065258026123,-99.099,0.55,0.535,0.094,0.097,9.821
4614616,3.94,5.72,3.32,5.27,4.29,1.476613998413086,3.415931224822998,-1.0031704902648926,0.849941611289978,10.357316970825195,-99.099,0.55,0.535,0.094,0.097,9.821
4614648,3.96,5.71,3.32,5.27,4.42,1.502671480178833,3.4331207275390625,-0.33039984107017517,1.047463297843933,10.44470500946045,-99.099,0.55,0.535,0.094,0.097,9.821
4614689,3.97,5.71,3.32,5.27,4.6,1.5375319719314575,3.4575445652008057,0.038307227194309235,0.5614402890205383,10.253169059753418,-99.099,0.55,0.535,0.094,0.097,9.821
4614731,3.98,5.7,3.32,5.27,4.77,1.5714619159698486,3.4823052883148193,-0.7936778664588928,0.5374982953071594,10.077195167541504,-99.099,0.55,0.535,0.094,0.097,9.821
4614773,4.0,5.69,3.32,5.27,4.94,1.6074120998382568,3.5075411796569824,-0.5746083855628967,1.0043675899505615,9.226056098937988,-99.099,0.55,0.535,0.094,0.097,9.821
4614815,4.02,5.69,3.32,5.27,5.1,1.644161581993103,3.531223773956299,-0.8403648138046265,0.7829039692878723,10.401609420776367,-99.099,0.55,0.535,0.094,0.097,9.821
4614837,4.02,5.68,3.32,5.27,5.18,1.6644593477249146,3.5432300567626953,-0.7972691655158997,0.690727174282074,10.60152530670166,-99.099,0.55,0.535,0.094,0.097,9.821
4614879,4.04,5.68,3.32,5.27,5.33,1.7045040130615234,3.56428861618042,0.10534487664699554,0.3902548849582672,9.45111083984375,-99.099,0.55,0.535,0.094,0.097,9.821
4614921,4.05,5.67,3.32,5.27,5.47,1.7449424266815186,3.583001136779785,-0.005985504016280174,0.7146692276000977,10.394426345825195,-99.099,0.55,0.535,0.094,0.097,9.821
4614948,4.06,5.67,3.32,5.27,5.56,1.7701162099838257,3.593207836151123,0.4165911078453064,0.304063618183136,9.825803756713867,-99.099,0.55,0.535,0.094,0.097,9.821
4614989,4.08,5.66,3.32,5.27,5.69,1.8093680143356323,3.6079132556915283,0.2561795711517334,1.2078747749328613,9.364919662475586,-99.099,0.55,0.535,0.094,0.097,9.821
4615031,4.1,5.65,3.32,5.27,5.81,1.8458789587020874,3.622441530227661,0.08619125932455063,0.4776432514190674,9.355342864990234,-99.099,0.55,0.535,0.094,0.097,9.821
4615055,3.97,5.55,3.38,5.54,5.88,1.8636654615402222,3.6301522254943848,-0.6404489278793335,0.6727706789970398,9.26795482635498,-99.099,0.55,0.535,0.094,0.097,9.821
4615097,3.98,5.53,3.38,5.54,6.0,1.895564079284668,3.6449737548828125,-0.06584054976701736,0.45489832758903503,10.065223693847656,-99.099,0.55,0.535,0.094,0.097,9.821
4615139,3.99,5.52,3.38,5.54,6.12,1.92190682888031,3.657548666000366,-0.29807811975479126,1.1204863786697388,9.795876502990723,-99.099,0.55,0.535,0.094,0.097,9.821
4615161,3.99,5.52,3.38,5.54,6.18,1.933729887008667,3.6633434295654297,-0.7158663272857666,1.2090718746185303,10.565611839294434,-99.099,0.55,0.535,0.094,0.097,9.821
4615203,4.0,5.51,3.38,5.54,6.29,1.9516140222549438,3.671950578689575,0.6607996821403503,0.7015010714530945,10.44350814819336,-99.099,0.55,0.535,0.094,0.097,9.821
4615245,4.02,5.5,3.38,5.54,6.39,1.9631203413009644,3.6765623092651367,0.6871358752250671,0.3902548849582672,9.99459457397461,-99.099,0.55,0.535,0.094,0.097,9.821
4615267,4.02,5.49,3.38,5.54,6.45,1.9657655954360962,3.6769025325775146,0.3531447649002075,0.3495534360408783,10.935516357421875,-99.099,0.55,0.535,0.094,0.097,9.821
4615310,4.03,5.48,3.38,5.54,6.56,1.9643758535385132,3.6742444038391113,-0.7469909191131592,0.7936778664588928,9.680954933166504,-99.099,0.55,0.535,0.094,0.097,9.821
4615339,3.97,5.55,3.91,5.61,6.63,1.9596952199935913,3.670558214187622,1.173158884048462,0.6117185354232788,10.48061752319336,-99.099,0.55,0.535,0.094,0.097,9.821
4615382,3.98,5.54,3.91,5.61,6.74,1.9468543529510498,3.660012722015381,-0.008379706181585789,0.002394201699644327,9.862914085388184,-99.099,0.55,0.535,0.094,0.097,9.821
4615424,3.98,5.53,3.91,5.61,6.84,1.9311219453811646,3.643695831298828,-1.2509703636169434,0.304063618183136,9.095572471618652,-99.099,0.55,0.535,0.094,0.097,9.821
4615446,3.99,5.53,3.91,5.61,6.89,1.9211246967315674,3.631532669067383,0.3016694188117981,-0.05985504388809204,10.056844711303711,-99.099,0.55,0.535,0.094,0.097,9.821
4615488,4.0,5.52,3.91,5.61,6.98,1.8996473550796509,3.6001012325286865,-0.6727706789970398,0.18794482946395874,10.487800598144531,-99.099,0.55,0.535,0.094,0.097,9.821
4615530,4.0,5.51,3.91,5.61,7.07,1.8775460720062256,3.5606088638305664,-1.2988544702529907,0.5997475385665894,10.235212326049805,-99.099,0.55,0.535,0.094,0.097,9.821
4615552,4.01,5.51,3.91,5.61,7.1,1.865885853767395,3.5358166694641113,-0.7445967197418213,0.07541735470294952,10.3549222946167,-99.099,0.55,0.535,0.094,0.097,9.821
4615594,4.02,5.5,3.91,5.61,7.17,1.8449349403381348,3.4815971851348877,-0.15083470940589905,0.49799394607543945,9.90122127532959,-99.099,0.55,0.535,0.094,0.097,9.821
4615636,4.03,5.49,3.91,5.61,7.21,1.8252861499786377,3.422318696975708,-0.2908954918384552,1.3263877630233765,9.744400978088379,-99.099,0.55,0.535,0.094,0.097,9.821
4615660,3.92,5.37,3.82,4.88,7.23,1.815647006034851,3.389087200164795,-0.38905778527259827,0.7817068696022034,10.277111053466797,-99.099,0.55,0.535,0.094,0.097,9.821
4615702,3.92,5.36,3.82,4.88,7.24,1.7992966175079346,3.322852373123169,-0.34356793761253357,0.24660277366638184,9.706093788146973,-99.099,0.55,0.535,0.094,0.097,9.821
4615744,3.91,5.31,3.41,5.33,7.24,1.7865855693817139,3.263068437576294,0.39384618401527405,0.3842693865299225,10.254365921020508,-99.099,0.55,0.535,0.094,0.097,9.821
4615787,3.91,5.3,3.41,5.33,7.21,1.7728358507156372,3.197303533554077,0.4034229815006256,0.13048399984836578,10.109517097473145,-99.099,0.55,0.535,0.094,0.097,9.821
4615829,3.92,5.28,3.41,5.33,7.18,1.7590752840042114,3.1380820274353027,-0.13407529890537262,0.8822633028030396,10.554838180541992,-99.099,0.55,0.535,0.094,0.097,9.821
4615852,3.92,5.28,3.41,5.33,7.16,1.7511919736862183,3.107783317565918,0.004788403399288654,0.16879121959209442,10.413579940795898,-99.099,0.55,0.535,0.094,0.097,9.821
4615894,3.92,5.26,3.41,5.33,7.1,1.7338056564331055,3.049328088760376,0.14245499670505524,0.35075053572654724,10.299856185913086,-99.099,0.55,0.535,0.094,0.097,9.821
4615936,3.93,5.25,3.41,5.33,7.03,1.7143105268478394,2.992621898651123,-0.12449848651885986,0.4596867263317108,10.60152530670166,-99.099,0.55,0.535,0.094,0.097,9.821
4615961,3.84,5.28,3.34,4.86,6.98,1.702187418937683,2.9615933895111084,0.2513911724090576,0.3627215623855591,10.061633110046387,-99.099,0.55,0.535,0.094,0.097,9.821
4616003,3.84,5.27,3.34,4.86,6.87,1.6765429973602295,2.903683662414551,0.4106055796146393,0.27054479718208313,9.728838920593262,-99.099,0.55,0.535,0.094,0.097,9.821
4616030,3.84,5.26,3.34,4.86,6.79,1.6598597764968872,2.8702797889709473,-0.17477671802043915,0.8475474119186401,10.037690162658691,-99.099,0.55,0.535,0.094,0.097,9.821
4616071,3.85,5.25,3.34,4.86,6.67,1.6315369606018066,2.819467306137085,-0.08619125932455063,0.49320554733276367,9.87967300415039,-99.099,0.55,0.535,0.094,0.097,9.821
4616113,3.85,5.23,3.34,4.86,6.53,1.6020238399505615,2.7724454402923584,0.629675030708313,0.3603273630142212,10.481815338134766,-99.099,0.55,0.535,0.094,0.097,9.821
4616295,3.69,4.94,3.4,5.23,5.75,1.462419033050537,2.6117143630981445,0.4010287821292877,0.39863458275794983,10.257957458496094,-99.099,0.55,0.535,0.094,0.097,9.821
4616337,3.68,4.92,3.4,5.23,5.54,1.433813452720642,2.5819790363311768,-0.5482721924781799,0.44173020124435425,10.074800491333008,-99.099,0.55,0.535,0.094,0.097,9.821
4616359,3.68,4.91,3.4,5.23,5.42,1.4200537204742432,2.567267656326294,-0.30526071786880493,0.30286651849746704,10.845733642578125,-99.099,0.55,0.535,0.094,0.097,9.821
4616401,3.68,4.89,3.4,5.23,5.2,1.3965848684310913,2.5416648387908936,-0.019153613597154617,0.6763619780540466,9.737217903137207,-99.099,0.55,0.535,0.094,0.097,9.821
4616442,3.64,4.82,3.35,5.17,4.98,1.3767480850219727,2.521063804626465,-0.038307227194309235,0.750582218170166,10.199298858642578,-99.099,0.55,0.535,0.094,0.097,9.821
4616484,3.63,4.8,3.35,5.17,4.73,1.35667085647583,2.5019733905792236,-0.015562310814857483,0.48602294921875,9.727641105651855,-99.099,0.55,0.535,0.094,0.097,9.821
4616526,3.63,4.78,3.35,5.17,4.49,1.3396967649459839,2.4869871139526367,-0.20111294090747833,0.6021417379379272,10.333374977111816,-99.099,0.55,0.535,0.094,0.097,9.821
4616548,3.63,4.77,3.35,5.17,4.36,1.3317477703094482,2.4804975986480713,0.019153613597154617,0.7146692276000977,9.862914085388184,-99.099,0.55,0.535,0.094,0.097,9.821
4616590,3.63,4.74,3.35,5.17,4.12,1.3185547590255737,2.4702131748199463,-0.07062894850969315,0.7146692276000977,10.806229591369629,-99.099,0.55,0.535,0.094,0.097,9.821
4616632,3.63,4.72,3.35,5.17,3.87,1.3066086769104004,2.462533712387085,0.6368576288223267,0.2825157940387726,9.793481826782227,-99.099,0.55,0.535,0.094,0.097,9.821
4616654,3.63,4.71,3.35,5.17,3.74,1.3006750345230103,2.4597702026367188,0.18794482946395874,0.1472434103488922,10.38963794708252,-99.099,0.55,0.535,0.094,0.097,9.821
4616696,3.62,4.69,3.35,5.17,3.5,1.2890385389328003,2.4559247493743896,0.628477931022644,-0.02753331884741783,9.823410034179688,-99.099,0.55,0.535,0.094,0.097,9.821
4616738,3.62,4.66,3.35,5.17,3.26,1.2764090299606323,2.4525957107543945,-0.013168109580874443,0.47165772318840027,9.769539833068848,-99.099,0.55,0.535,0.094,0.097,9.821
4616760,3.62,4.65,3.35,5.17,3.14,1.2691086530685425,2.4509806632995605,0.3076549172401428,0.40701428055763245,9.945513725280762,-99.099,0.55,0.535,0.094,0.097,9.821
4616802,3.62,4.63,3.35,5.17,2.91,1.2532241344451904,2.446784734725952,0.13048399984836578,0.27054479718208313,10.02691650390625,-99.099,0.55,0.535,0.094,0.097,9.821
4616841,3.61,4.64,3.37,5.03,2.72,1.2370436191558838,2.441561460494995,0.15442600846290588,0.5638344883918762,10.066421508789062,-99.099,0.55,0.535,0.094,0.097,9.821
4616883,3.6,4.62,3.37,5.03,2.5,1.2149181365966797,2.4334185123443604,1.2725181579589844,0.49559974670410156,9.807847023010254,-99.099,0.55,0.535,0.094,0.097,9.821
4616925,3.6,4.6,3.37,5.03,2.3,1.1909260749816895,2.424182176589966,-0.4345476031303406,0.5638344883918762,11.100716590881348,-99.099,0.55,0.535,0.094,0.097,9.821
4616947,3.6,4.59,3.37,5.03,2.2,1.1770175695419312,2.4187915325164795,0.047884032130241394,0.8619126081466675,9.460687637329102,-99.099,0.55,0.535,0.094,0.097,9.821
4616989,3.6,4.57,3.37,5.03,2.01,1.1513932943344116,2.409857988357544,-0.9648633003234863,1.1288660764694214,10.108319282531738,-99.099,0.55,0.535,0.094,0.097,9.821
4617031,3.6,4.55,3.37,5.03,1.84,1.128832221031189,2.404265880584717,-0.8846575021743774,0.9481038451194763,10.663774490356445,-99.099,0.55,0.535,0.094,0.097,9.821
4617053,3.6,4.54,3.37,5.03,1.75,1.1184715032577515,2.4031598567962646,0.25977087020874023,1.4915876388549805,10.333374977111816,-99.099,0.55,0.535,0.094,0.097,9.821
4617095,3.6,4.52,3.37,5.03,1.6,1.1017367839813232,2.405397415161133,-0.8307880163192749,1.0749965906143188,9.945513725280762,-99.099,0.55,0.535,0.094,0.097,9.821
4617137,3.6,4.5,3.37,5.03,1.46,1.0883121490478516,2.412928342819214,-0.48243165016174316,0.8930372595787048,10.382455825805664,-99.099,0.55,0.535,0.094,0.097,9.821
4617159,3.6,4.49,3.37,5.03,1.39,1.082837700843811,2.419569969177246,-0.5913678407669067,0.16519992053508759,10.733205795288086,-99.099,0.55,0.535,0.094,0.097,9.821
4617201,3.6,4.47,3.37,5.03,1.28,1.074512243270874,2.4346039295196533,-0.035913024097681046,0.02274491637945175,11.057621002197266,-99.099,0.55,0.535,0.094,0.097,9.821
4617238,3.42,4.53,3.27,4.62,1.2,1.0681641101837158,2.4474010467529297,0.26336219906806946,0.7769184708595276,9.363722801208496,-99.099,0.55,0.535,0.094,0.097,9.821
4617437,3.39,4.45,3.27,4.62,1.03,1.021337866783142,2.528623104095459,0.6643909811973572,0.9241618514060974,10.250774383544922,-99.099,0.55,0.535,0.094,0.097,9.821
4617459,3.39,4.44,3.27,4.62,1.03,1.0130854845046997,2.539911985397339,0.5614402890205383,0.9588778018951416,10.341753959655762,-99.099,0.55,0.535,0.094,0.097,9.821
4617501,3.38,4.42,3.27,4.62,1.07,0.9947000741958618,2.563213348388672,0.585382342338562,0.090979665517807,10.771512985229492,-99.099,0.55,0.535,0.094,0.097,9.821
4617534,3.38,4.41,3.27,4.62,1.1,0.9792824983596802,2.582552194595337,0.14245499670505524,1.3048399686813354,10.166977882385254,-99.099,0.55,0.535,0.094,0.097,9.821
4617575,3.37,4.39,3.27,4.62,1.17,0.9597742557525635,2.6105406284332275,0.10295066982507706,0.30526071786880493,10.571598052978516,-99.099,0.55,0.535,0.094,0.097,9.821
4617618,3.37,4.38,3.27,4.62,1.25,0.94186931848526,2.6400346755981445,0.3866635859012604,-0.10534487664699554,10.90678596496582,-99.099,0.55,0.535,0.094,0.097,9.821
4617645,3.32,4.42,3.36,4.53,1.31,0.9317848682403564,2.658038854598999,0.689530074596405,0.2932897210121155,10.047266960144043,-99.099,0.55,0.535,0.094,0.097,9.821
4617688,3.31,4.41,3.36,4.53,1.44,0.9132146835327148,2.6898064613342285,0.08379705995321274,0.6320692300796509,9.951498985290527,-99.099,0.55,0.535,0.094,0.097,9.821
4617730,3.31,4.4,3.36,4.53,1.56,0.8963268399238586,2.718106269836426,-0.12210428714752197,0.3603273630142212,9.907206535339355,-99.099,0.55,0.535,0.094,0.097,9.821
4617753,3.28,4.39,3.3,4.43,1.63,0.8875777721405029,2.732789993286133,-0.04189852997660637,0.4381389021873474,8.981847763061523,-99.099,0.55,0.535,0.094,0.097,9.821
4617796,3.27,4.38,3.3,4.43,1.79,0.8718257546424866,2.7612218856811523,0.44532153010368347,0.32202014327049255,10.509347915649414,-99.099,0.55,0.535,0.094,0.097,9.821
4617838,3.27,4.37,3.3,4.43,1.94,0.8582810759544373,2.786458969116211,-0.0802057534456253,0.22625206410884857,11.36168384552002,-99.099,0.55,0.535,0.094,0.097,9.821
4617860,3.27,4.36,3.3,4.43,2.02,0.8517235517501831,2.798696994781494,0.7649474143981934,0.42856210470199585,10.218452453613281,-99.099,0.55,0.535,0.094,0.097,9.821
4617902,3.26,4.35,3.3,4.43,2.19,0.8400316834449768,2.8201792240142822,0.10893617570400238,0.646434485912323,9.795876502990723,-99.099,0.55,0.535,0.094,0.097,9.821
4617944,3.25,4.34,3.3,4.43,2.36,0.8290953636169434,2.8410165309906006,-0.38067805767059326,0.6739677786827087,10.33098030090332,-99.099,0.55,0.535,0.094,0.097,9.821
4617966,3.25,4.33,3.3,4.43,2.44,0.8236297965049744,2.8518738746643066,0.26096799969673157,0.5650315880775452,9.612719535827637,-99.099,0.55,0.535,0.094,0.097,9.821
4618009,3.25,4.32,3.3,4.43,2.6,0.8145748376846313,2.873685121536255,-0.010773907415568829,0.6967126727104187,10.408791542053223,-99.099,0.55,0.535,0.094,0.097,9.821
4618047,3.24,4.31,3.3,4.43,2.75,0.8084516525268555,2.8951303958892822,-0.09935937076807022,0.8631097078323364,11.30302619934082,-99.099,0.55,0.535,0.094,0.097,9.821
4618089,3.24,4.3,3.3,4.43,2.9,0.8049478530883789,2.921577215194702,-0.38546648621559143,0.7936778664588928,10.323798179626465,-99.099,0.55,0.535,0.094,0.097,9.821
4618131,3.23,4.29,3.3,4.43,3.04,0.8041592240333557,2.94938063621521,0.788889467716217,0.43933600187301636,10.827776908874512,-99.099,0.55,0.535,0.094,0.097,9.821
4618153,3.23,4.28,3.3,4.43,3.11,0.8046883344650269,2.9648754596710205,0.727837324142456,0.6536170840263367,9.746794700622559,-99.099,0.55,0.535,0.094,0.097,9.821
4618195,3.23,4.27,3.3,4.43,3.23,0.8063054084777832,2.9951775074005127,-0.19393034279346466,1.2509703636169434,11.164162635803223,-99.099,0.55,0.535,0.094,0.097,9.821
4618237,3.23,4.26,3.3,4.43,3.34,0.8073897957801819,3.025923490524292,0.5446808934211731,0.09935937076807022,10.870872497558594,-99.099,0.55,0.535,0.094,0.097,9.821
4618259,3.22,4.25,3.3,4.43,3.39,0.8072707653045654,3.0420522689819336,0.7745242714881897,-0.07781155407428741,9.794678688049316,-99.099,0.55,0.535,0.094,0.097,9.821
4618301,3.22,4.24,3.3,4.43,3.48,0.8029144406318665,3.069955825805664,0.7170634269714355,0.35075053572654724,10.02811336517334,-99.099,0.55,0.535,0.094,0.097,9.821
4618337,3.22,4.23,3.3,4.43,3.55,0.7950555682182312,3.090036153793335,-0.17956513166427612,0.3016694188117981,9.649829864501953,-99.099,0.55,0.535,0.094,0.097,9.821
4618378,3.22,4.22,3.3,4.43,3.62,0.7821160554885864,3.1092677116394043,0.1711854189634323,0.790086567401886,10.035296440124512,-99.099,0.55,0.535,0.094,0.097,9.821
4618421,3.22,4.21,3.3,4.43,3.68,0.7671489119529724,3.123927116394043,0.6703764796257019,0.9133879542350769,10.186131477355957,-99.099,0.55,0.535,0.094,0.097,9.821
4618446,3.22,4.2,3.3,4.43,3.72,0.7568720579147339,3.130239248275757,0.645237386226654,0.4836287498474121,10.475829124450684,-99.099,0.55,0.535,0.094,0.097,9.821
4618488,3.22,4.19,3.3,4.43,3.76,0.7368266582489014,3.1371984481811523,-0.03950432687997818,0.629675030708313,10.346542358398438,-99.099,0.55,0.535,0.094,0.097,9.821
4618530,3.22,4.18,3.3,4.43,3.8,0.7158373594284058,3.140521287918091,-0.424970805644989,0.2777273952960968,10.222043991088867,-99.099,0.55,0.535,0.094,0.097,9.821
4618552,3.22,4.17,3.3,4.43,3.81,0.7042039632797241,3.1404640674591064,0.3256114423274994,-0.3974374830722809,9.979032516479492,-99.099,0.55,0.535,0.094,0.097,9.821
4618594,3.22,4.16,3.3,4.43,3.83,0.682644784450531,3.1358556747436523,-0.26096799969673157,0.27892449498176575,9.50498104095459,-99.099,0.55,0.535,0.094,0.097,9.821
4618637,3.22,4.15,3.3,4.43,3.84,0.6624394655227661,3.127253293991089,-0.35673606395721436,1.380257248878479,10.234015464782715,-99.099,0.55,0.535,0.094,0.097,9.821
4618659,3.44,4.26,3.32,4.69,3.85,0.6524541974067688,3.121030569076538,-0.009576806798577309,1.5454572439193726,10.651803016662598,-99.099,0.55,0.535,0.094,0.097,9.821
4618702,3.45,4.25,3.32,4.69,3.84,0.6338405013084412,3.107499122619629,0.9493009448051453,0.7613561153411865,10.120290756225586,-99.099,0.55,0.535,0.094,0.097,9.821
4618745,3.46,4.24,3.32,4.69,3.83,0.61622554063797,3.0935544967651367,0.3842693865299225,0.5602431893348694,10.152612686157227,-99.099,0.55,0.535,0.094,0.097,9.821
4618787,3.47,4.23,3.32,4.69,3.82,0.5986146330833435,3.0768866539001465,-0.5961562395095825,1.013944387435913,10.794258117675781,-99.099,0.55,0.535,0.094,0.097,9.821
4618829,3.48,4.23,3.32,4.69,3.8,0.5832751989364624,3.0571465492248535,-0.48602294921875,0.8834604024887085,10.02571964263916,-99.099,0.55,0.535,0.094,0.097,9.821
4618851,3.49,4.22,3.32,4.69,3.78,0.5763214230537415,3.044828414916992,-1.2485761642456055,0.12449848651885986,10.186131477355957,-99.099,0.55,0.535,0.094,0.097,9.821
4618893,3.5,4.21,3.32,4.69,3.75,0.567019522190094,3.0163626670837402,-0.26815059781074524,0.9780313968658447,9.099164009094238,-99.099,0.55,0.535,0.094,0.097,9.821
4618935,3.51,4.2,3.32,4.69,3.71,0.5610616207122803,2.9837214946746826,0.24420857429504395,0.7553706169128418,10.502165794372559,-99.099,0.55,0.535,0.094,0.097,9.821
4618957,3.52,4.2,3.32,4.69,3.69,0.5593258738517761,2.964738130569458,0.1867477297782898,-0.020350715145468712,10.758345603942871,-99.099,0.55,0.535,0.094,0.097,9.821
4618999,3.53,4.19,3.32,4.69,3.64,0.55735182762146,2.9258174896240234,-0.033518824726343155,0.15562310814857483,10.188525199890137,-99.099,0.55,0.535,0.094,0.097,9.821
4619041,3.54,4.18,3.32,4.69,3.59,0.5557674765586853,2.8839309215545654,-0.3148375153541565,0.456095427274704,9.490615844726562,-99.099,0.55,0.535,0.094,0.097,9.821
4619063,3.55,4.18,3.32,4.69,3.57,0.5550458431243896,2.860424757003784,0.22625206410884857,0.4692635238170624,10.165780067443848,-99.099,0.55,0.535,0.094,0.097,9.821
4619105,3.56,4.17,3.32,4.69,3.51,0.553381085395813,2.8135690689086914,0.2106897532939911,0.40940847992897034,10.2747163772583,-99.099,0.55,0.535,0.094,0.097,9.821
4619137,3.57,4.16,3.32,4.69,3.47,0.5515293478965759,2.7776105403900146,0.5997475385665894,0.5937620401382446,10.971428871154785,-99.099,0.55,0.535,0.094,0.097,9.821
4619288,3.62,4.14,3.32,4.69,3.26,0.5252998471260071,2.6020216941833496,0.9744400978088379,0.38905778527259827,9.86770248413086,-99.099,0.55,0.535,0.094,0.097,9.821
4619330,3.63,4.13,3.32,4.69,3.21,0.509442925453186,2.5584332942962646,0.5303156971931458,0.5542576909065247,9.649829864501953,-99.099,0.55,0.535,0.094,0.097,9.821
4619353,3.49,4.13,3.31,4.54,3.18,0.49866172671318054,2.5372073650360107,0.08978256583213806,0.5734112858772278,10.754754066467285,-99.099,0.55,0.535,0.094,0.097,9.821
4619396,3.5,4.12,3.31,4.54,3.12,0.47452881932258606,2.5000855922698975,0.11133038252592087,0.4752490520477295,9.244012832641602,-99.099,0.55,0.535,0.094,0.097,9.821
4619437,3.51,4.12,3.31,4.54,3.06,0.4526020586490631,2.4720118045806885,-0.4465186297893524,0.39863458275794983,8.828619003295898,-99.099,0.55,0.535,0.094,0.097,9.821
4619478,3.52,4.11,3.31,4.54,3.01,0.43256399035453796,2.4484612941741943,0.18555063009262085,0.06703764945268631,8.865729331970215,-99.099,0.55,0.535,0.094,0.097,9.821
4619521,3.52,4.1,3.31,4.54,2.95,0.4170262813568115,2.4289817810058594,-0.9576807022094727,0.2849099934101105,9.870096206665039,-99.099,0.55,0.535,0.094,0.097,9.821
4619547,3.53,4.1,3.33,4.44,2.92,0.4109058082103729,2.4201173782348633,0.9050082564353943,0.4273650050163269,10.668562889099121,-99.099,0.55,0.535,0.094,0.097,9.821
4619589,3.54,4.09,3.33,4.44,2.87,0.40350091457366943,2.4067656993865967,-0.04908113554120064,0.7793126702308655,9.99459457397461,-99.099,0.55,0.535,0.094,0.097,9.821
4619631,3.55,4.08,3.33,4.44,2.81,0.39963117241859436,2.3980019092559814,-0.05386953800916672,0.9349357485771179,11.027692794799805,-99.099,0.55,0.535,0.094,0.097,9.821
4619653,3.55,4.08,3.33,4.44,2.79,0.39938467741012573,2.3956873416900635,-0.6548141837120056,1.2330138683319092,10.498574256896973,-99.099,0.55,0.535,0.094,0.097,9.821
4619695,3.56,4.08,3.33,4.44,2.73,0.40486741065979004,2.397303342819214,-0.7661445140838623,0.27892449498176575,10.323798179626465,-99.099,0.55,0.535,0.094,0.097,9.821
4619737,3.57,4.07,3.33,4.44,2.68,0.4165951609611511,2.404197931289673,-0.628477931022644,0.4812345504760742,10.893617630004883,-99.099,0.55,0.535,0.094,0.097,9.821
4619760,3.58,4.07,3.33,4.44,2.65,0.42590904235839844,2.4104866981506348,0.9062053561210632,0.5327098965644836,9.410409927368164,-99.099,0.55,0.535,0.094,0.097,9.821
4619802,3.59,4.06,3.33,4.44,2.6,0.44475966691970825,2.4260661602020264,1.070208191871643,1.2653355598449707,9.897629737854004,-99.099,0.55,0.535,0.094,0.097,9.821
4619844,3.59,4.05,3.33,4.44,2.54,0.4625912010669708,2.446481704711914,0.10295066982507706,0.9516952037811279,10.729615211486816,-99.099,0.55,0.535,0.094,0.097,9.821
4619866,3.6,4.05,3.33,4.44,2.51,0.47129297256469727,2.4596943855285645,0.2932897210121155,0.004788403399288654,10.053253173828125,-99.099,0.55,0.535,0.094,0.097,9.821
4619908,3.61,4.05,3.33,4.44,2.46,0.48596495389938354,2.4876456260681152,0.585382342338562,0.26336219906806946,9.475052833557129,-99.099,0.55,0.535,0.094,0.097,9.821
4619936,3.54,3.99,3.52,3.95,2.42,0.4939030706882477,2.506176710128784,-0.14365209639072418,0.17238251864910126,9.742006301879883,-99.099,0.55,0.535,0.094,0.097,9.821
4619978,3.54,3.99,3.52,3.95,2.37,0.5068497657775879,2.537536859512329,-0.7170634269714355,0.8619126081466675,9.647436141967773,-99.099,0.55,0.535,0.094,0.097,9.821
4620020,3.55,3.98,3.52,3.95,2.32,0.5203467011451721,2.567110538482666,0.5961562395095825,0.3256114423274994,9.603142738342285,-99.099,0.55,0.535,0.094,0.097,9.821
4620046,3.43,3.91,3.31,3.94,2.3,0.5284237265586853,2.5832955837249756,0.2753331959247589,0.24420857429504395,10.02571964263916,-99.099,0.55,0.535,0.094,0.097,9.821
4620089,3.44,3.89,3.31,3.94,2.24,0.5455188155174255,2.6160526275634766,-0.6931213736534119,0.5925649404525757,9.870096206665039,-99.099,0.55,0.535,0.094,0.097,9.821
4620131,3.44,3.89,3.31,3.94,2.2,0.5613014101982117,2.6470062732696533,0.3770867586135864,1.2342109680175781,10.674548149108887,-99.099,0.55,0.535,0.094,0.097,9.821
4620156,3.39,3.89,3.42,4.0,2.18,0.5695093870162964,2.663745164871216,0.8523358106613159,0.10055647045373917,9.944316864013672,-99.099,0.55,0.535,0.094,0.097,9.821
4620199,3.39,3.88,3.42,4.0,2.13,0.5852241516113281,2.6965372562408447,-0.363918662071228,0.3794809579849243,9.425971984863281,-99.099,0.55,0.535,0.094,0.097,9.821
4620244,3.31,3.89,3.34,4.04,2.09,0.5985877513885498,2.7230441570281982,1.2030863761901855,-0.06703764945268631,10.196905136108398,-99.099,0.55,0.535,0.094,0.097,9.821
4620287,3.31,3.88,3.34,4.04,2.04,0.6125569343566895,2.747164487838745,-0.14006079733371735,1.0319008827209473,10.662577629089355,-99.099,0.55,0.535,0.094,0.097,9.821
4620329,3.3,3.87,3.34,4.04,1.99,0.6254377961158752,2.765516519546509,0.2825157940387726,0.8487445116043091,9.188945770263672,-99.099,0.55,0.535,0.094,0.097,9.821
4620354,3.27,3.84,3.33,3.81,1.97,0.6324417591094971,2.7735769748687744,-0.14604631066322327,0.4644751250743866,9.697713851928711,-99.099,0.55,0.535,0.094,0.097,9.821
4620396,3.27,3.83,3.33,3.81,1.91,0.6472780108451843,2.7866110801696777,0.2944868206977844,0.07661445438861847,10.299856185913086,-99.099,0.55,0.535,0.094,0.097,9.821
4620438,3.27,3.82,3.33,3.81,1.86,0.6605425477027893,2.7942867279052734,-0.23582886159420013,-0.1711854189634323,10.42076301574707,-99.099,0.55,0.535,0.094,0.097,9.821
4620845,3.23,3.68,3.31,3.77,1.27,0.7658635377883911,2.617366313934326,-0.36152446269989014,0.028730420395731926,9.618705749511719,-99.099,0.55,0.535,0.094,0.097,9.821
4620867,3.23,3.68,3.31,3.77,1.24,0.7582168579101562,2.598896026611328,1.699883222579956,-0.06224924325942993,10.406397819519043,-99.099,0.55,0.535,0.094,0.097,9.821
4620909,3.23,3.67,3.31,3.77,1.18,0.7365894317626953,2.561526298522949,0.18076223134994507,0.6165069341659546,9.849745750427246,-99.099,0.55,0.535,0.094,0.097,9.821
4620941,3.22,3.63,3.35,3.69,1.13,0.7169567942619324,2.53395676612854,-0.6536170840263367,0.646434485912323,9.510966300964355,-99.099,0.55,0.535,0.094,0.097,9.821
4620984,3.22,3.62,3.35,3.69,1.06,0.6822970509529114,2.4890382289886475,-0.6739677786827087,0.8762778043746948,9.989806175231934,-99.099,0.55,0.535,0.094,0.097,9.821
4621026,3.22,3.61,3.35,3.69,0.99,0.6500357389450073,2.4488775730133057,-0.021547814831137657,0.22744916379451752,10.500968933105469,-99.099,0.55,0.535,0.094,0.097,9.821
4621051,3.21,3.62,3.36,3.77,0.96,0.6328761577606201,2.4281668663024902,-0.6643909811973572,0.14484919607639313,10.617087364196777,-99.099,0.55,0.535,0.094,0.097,9.821
4621093,3.21,3.61,3.36,3.77,0.88,0.5982152223587036,2.387122631072998,0.061052143573760986,0.5518634915351868,10.752359390258789,-99.099,0.55,0.535,0.094,0.097,9.821
4621135,3.21,3.6,3.36,3.77,0.81,0.5655374526977539,2.350376844406128,-0.3734954595565796,0.4034229815006256,8.773551940917969,-99.099,0.55,0.535,0.094,0.097,9.821
4621159,3.28,3.67,3.72,4.11,0.77,0.5473493933677673,2.3308961391448975,-0.8678981065750122,0.7194576263427734,11.00015926361084,-99.099,0.55,0.535,0.094,0.097,9.821
4621202,3.28,3.66,3.72,4.11,0.69,0.5132875442504883,2.294337511062622,-0.3926490843296051,-0.33997663855552673,9.534908294677734,-99.099,0.55,0.535,0.094,0.097,9.821
4621244,3.29,3.65,3.72,4.11,0.62,0.481187641620636,2.2590906620025635,-0.31124621629714966,0.39384618401527405,9.50498104095459,-99.099,0.55,0.535,0.094,0.097,9.821
4621270,3.29,3.6,3.36,3.62,0.57,0.4634946584701538,2.2394866943359375,1.6651673316955566,0.7194576263427734,10.0580415725708,-99.099,0.55,0.535,0.094,0.097,9.821
4621312,3.29,3.59,3.36,3.62,0.49,0.42721208930015564,2.201920509338379,-0.47165772318840027,0.2968810200691223,10.146626472473145,-99.099,0.55,0.535,0.094,0.097,9.821
4621346,3.29,3.61,3.61,3.67,0.43,0.40013831853866577,2.175814628601074,-0.24181437492370605,0.45010992884635925,9.874884605407715,-99.099,0.55,0.535,0.094,0.097,9.821
4621388,3.29,3.6,3.61,3.67,0.35,0.3625197112560272,2.1412484645843506,1.656787633895874,0.7721300721168518,9.856928825378418,-99.099,0.55,0.535,0.094,0.097,9.821
4621430,3.3,3.59,3.61,3.67,0.27,0.32531431317329407,2.109128713607788,-0.2406172752380371,0.36152446269989014,10.293869972229004,-99.099,0.55,0.535,0.094,0.097,9.821
4621453,3.3,3.6,3.74,3.56,0.23,0.30483296513557434,2.092508316040039,0.6943184733390808,0.5973533391952515,9.696516990661621,-99.099,0.55,0.535,0.094,0.097,9.821
4621496,3.3,3.59,3.74,3.56,0.15,0.261644184589386,2.0609796047210693,0.1496376097202301,1.4484920501708984,10.681731224060059,-99.099,0.55,0.535,0.094,0.097,9.821
4621538,3.31,3.58,3.74,3.56,0.08,0.21825309097766876,2.03462815284729,-0.1711854189634323,0.19393034279346466,9.211690902709961,-99.099,0.55,0.535,0.094,0.097,9.821
4621562,3.37,3.51,4.31,2.92,0.03,0.19322946667671204,2.0221848487854004,0.6703764796257019,0.4489128291606903,10.917559623718262,-99.099,0.55,0.535,0.094,0.097,9.821
4621605,3.38,3.5,4.31,2.92,-0.03,0.14261677861213684,2.0018064975738525,0.31842881441116333,0.8954314589500427,11.45266342163086,-99.099,0.55,0.535,0.094,0.097,9.821
4621640,3.38,3.48,3.29,3.91,-0.09,0.10181402415037155,1.9888681173324585,0.5111620426177979,0.7326257228851318,10.699687004089355,-99.099,0.55,0.535,0.094,0.097,9.821
4621682,3.39,3.47,3.29,3.91,-0.17,0.04308493062853813,1.9755895137786865,-0.05267243832349777,1.2880805730819702,10.99776554107666,-99.099,0.55,0.535,0.094,0.097,9.821
4621724,3.4,3.46,3.29,3.91,-0.25,-0.017258312553167343,1.9678552150726318,-0.706289529800415,1.1432312726974487,9.476250648498535,-99.099,0.55,0.535,0.094,0.097,9.821
4621746,3.4,3.45,3.29,3.91,-0.29,-0.05110027641057968,1.9663445949554443,-0.7015010714530945,1.3886369466781616,11.128249168395996,-99.099,0.55,0.535,0.094,0.097,9.821
4621894,3.42,3.41,3.29,3.91,-0.57,-0.2741183340549469,1.9954071044921875,-0.0694318488240242,1.1791443824768066,9.959878921508789,-99.099,0.55,0.535,0.094,0.097,9.821
4621937,3.43,3.4,3.29,3.91,-0.64,-0.33093222975730896,2.017439365386963,0.3387795388698578,1.3180080652236938,10.463858604431152,-99.099,0.55,0.535,0.094,0.097,9.821
4621959,3.44,3.4,3.33,3.84,-0.68,-0.35925981402397156,2.0328261852264404,0.7003039717674255,0.7553706169128418,10.047266960144043,-99.099,0.55,0.535,0.094,0.097,9.821
4622002,3.45,3.39,3.33,3.84,-0.74,-0.4126148223876953,2.069882392883301,-0.46567222476005554,0.5303156971931458,9.84615421295166,-99.099,0.55,0.535,0.094,0.097,9.821
4622035,3.46,3.38,3.33,3.84,-0.79,-0.4480050802230835,2.101360559463501,-0.4620809257030487,0.2513911724090576,9.727641105651855,-99.099,0.55,0.535,0.094,0.097,9.821
4622076,3.46,3.37,3.33,3.84,-0.84,-0.48760077357292175,2.1479508876800537,0.3878606855869293,1.159990668296814,10.245985984802246,-99.099,0.55,0.535,0.094,0.097,9.821
4622119,3.47,3.37,3.33,3.84,-0.89,-0.5197914838790894,2.1996865272521973,-1.1755530834197998,0.8212111592292786,9.446322441101074,-99.099,0.55,0.535,0.094,0.097,9.821
4622145,3.45,3.35,3.28,3.71,-0.92,-0.5346193909645081,2.233407735824585,0.7601590156555176,-0.304063618183136,9.804255485534668,-99.099,0.55,0.535,0.094,0.097,9.821
4622187,3.45,3.34,3.28,3.71,-0.96,-0.552786111831665,2.29361629486084,0.4357447028160095,1.0821791887283325,10.680533409118652,-99.099,0.55,0.535,0.094,0.097,9.821
4622229,3.45,3.33,3.28,3.71,-0.99,-0.5643342137336731,2.3509974479675293,-0.7817068696022034,1.5837644338607788,10.915165901184082,-99.099,0.55,0.535,0.094,0.097,9.821
4622254,3.46,3.31,3.34,3.7,-1.0,-0.5677101016044617,2.3815126419067383,1.237802267074585,1.2713210582733154,9.533711433410645,-99.099,0.55,0.535,0.094,0.097,9.821
4622296,3.46,3.3,3.34,3.7,-1.02,-0.5704920291900635,2.4455509185791016,0.5710170865058899,1.2294225692749023,10.319009780883789,-99.099,0.55,0.535,0.094,0.097,9.821
4622338,3.46,3.29,3.34,3.7,-1.04,-0.5710957646369934,2.50813627243042,-0.3280056416988373,1.1504138708114624,9.825803756713867,-99.099,0.55,0.535,0.094,0.097,9.821
4622361,3.46,3.28,3.33,3.73,-1.04,-0.570597767829895,2.542634963989258,-0.028730420395731926,0.507570743560791,11.198878288269043,-99.099,0.55,0.535,0.094,0.097,9.821
4622404,3.47,3.28,3.33,3.73,-1.02,-0.5680792927742004,2.6121630668640137,-0.524330198764801,0.7015010714530945,9.786299705505371,-99.099,0.55,0.535,0.094,0.097,9.821
4622430,3.47,3.27,3.33,3.73,-1.01,-0.5655737519264221,2.6522629261016846,-0.2585737705230713,0.6727706789970398,9.531316757202148,-99.099,0.55,0.535,0.094,0.097,9.821
4622471,3.47,3.27,3.33,3.73,-0.97,-0.5579003691673279,2.72011661529541,-0.1843535304069519,0.9756371974945068,10.583568572998047,-99.099,0.55,0.535,0.094,0.097,9.821
4622514,3.47,3.26,3.33,3.73,-0.92,-0.5464171171188354,2.7888431549072266,-0.8367735147476196,0.8655039072036743,10.799046516418457,-99.099,0.55,0.535,0.094,0.097,9.821
4622541,3.46,3.26,3.29,3.61,-0.88,-0.5377334356307983,2.830519676208496,1.9117701053619385,0.48961424827575684,9.531316757202148,-99.099,0.55,0.535,0.094,0.097,9.821
4622584,3.46,3.26,3.29,3.61,-0.78,-0.5209397077560425,2.9067888259887695,-0.19273324310779572,0.9433154463768005,9.654618263244629,-99.099,0.55,0.535,0.094,0.097,9.821
4622626,3.46,3.26,3.29,3.61,-0.69,-0.5056101083755493,2.9745047092437744,0.52552729845047,0.45010992884635925,10.771512985229492,-99.099,0.55,0.535,0.094,0.097,9.821
4622649,3.46,3.26,3.29,3.61,-0.62,-0.4970722496509552,3.0105068683624268,-0.5805938839912415,0.730231523513794,10.132261276245117,-99.099,0.55,0.535,0.094,0.097,9.821
4622691,3.46,3.25,3.29,3.61,-0.49,-0.4795236587524414,3.073324203491211,0.7745242714881897,1.1803414821624756,9.805453300476074,-99.099,0.55,0.535,0.094,0.097,9.821
4622733,3.46,3.25,3.29,3.61,-0.34,-0.45842626690864563,3.1352620124816895,-0.5171475410461426,1.3263877630233765,9.524134635925293,-99.099,0.55,0.535,0.094,0.097,9.821
4622758,3.38,3.25,3.31,3.28,-0.26,-0.4454396069049835,3.1677651405334473,1.1994950771331787,0.6416460275650024,10.137049674987793,-99.099,0.55,0.535,0.094,0.097,9.821
4622800,3.37,3.25,3.31,3.28,-0.06,-0.4164673984050751,3.231234073638916,0.28730419278144836,0.9062053561210632,10.806229591369629,-99.099,0.55,0.535,0.094,0.097,9.821
4622845,3.32,3.18,3.37,3.11,0.12,-0.3882708251476288,3.2873568534851074,-0.3878606855869293,1.013944387435913,8.989029884338379,-99.099,0.55,0.535,0.094,0.097,9.821
4622887,3.32,3.17,3.37,3.11,0.34,-0.35844865441322327,3.3419747352600098,-0.6177040338516235,0.9145850539207458,10.120290756225586,-99.099,0.55,0.535,0.094,0.097,9.821
4622929,3.31,3.17,3.37,3.11,0.56,-0.3270195424556732,3.393876552581787,0.5135562419891357,1.3754688501358032,10.15141487121582,-99.099,0.55,0.535,0.094,0.097,9.821
4622951,3.31,3.17,3.37,3.11,0.68,-0.3087376058101654,3.421196460723877,-0.8942343592643738,0.26336219906806946,10.156203269958496,-99.099,0.55,0.535,0.094,0.097,9.821
4622993,3.3,3.17,3.37,3.11,0.92,-0.27039292454719543,3.4718472957611084,-0.43095630407333374,1.7070658206939697,10.074800491333008,-99.099,0.55,0.535,0.094,0.097,9.821
4623036,3.29,3.16,3.37,3.11,1.17,-0.22907592356204987,3.52156662940979,-0.0035913025494664907,0.27413609623908997,10.813411712646484,-99.099,0.55,0.535,0.094,0.097,9.821
4623060,3.29,3.08,3.37,2.99,1.31,-0.20583732426166534,3.5474042892456055,-0.5422866940498352,0.9097966551780701,10.163386344909668,-99.099,0.55,0.535,0.094,0.097,9.821
4623102,3.28,3.08,3.37,2.99,1.6,-0.15596167743206024,3.599423408508301,-0.4967968463897705,1.2449848651885986,9.911994934082031,-99.099,0.55,0.535,0.094,0.097,9.821
4623132,3.27,3.07,3.37,2.99,1.79,-0.12233686447143555,3.6337227821350098,-0.5937620401382446,1.094150185585022,10.732008934020996,-99.099,0.55,0.535,0.094,0.097,9.821
4623174,3.27,3.07,3.37,2.99,2.07,-0.07127484679222107,3.6874821186065674,0.3555389642715454,0.8379706144332886,10.575188636779785,-99.099,0.55,0.535,0.094,0.097,9.821
4623216,3.26,3.06,3.37,2.99,2.34,-0.02227196842432022,3.7429258823394775,0.973242998123169,0.6272808313369751,10.180145263671875,-99.099,0.55,0.535,0.094,0.097,9.821
4623238,3.25,3.06,3.37,2.99,2.48,0.0030284132808446884,3.773646831512451,-0.2106897532939911,0.9002198576927185,10.474632263183594,-99.099,0.55,0.535,0.094,0.097,9.821
4623280,3.25,3.06,3.37,2.99,2.75,0.05011298879981041,3.833803176879883,1.3036428689956665,0.36990416049957275,10.529699325561523,-99.099,0.55,0.535,0.094,0.097,9.821
4623322,3.24,3.06,3.37,2.99,3.01,0.0945466086268425,3.8932926654815674,-0.5482721924781799,0.4644751250743866,9.78869342803955,-99.099,0.55,0.535,0.094,0.097,9.821
4623352,3.22,3.1,3.61,3.12,3.18,0.12281524389982224,3.9323291778564453,-0.7158663272857666,0.4836287498474121,9.677363395690918,-99.099,0.55,0.535,0.094,0.097,9.821
4623394,3.21,3.1,3.61,3.12,3.43,0.16761957108974457,3.992313861846924,0.7721300721168518,0.7697358727455139,10.662577629089355,-99.099,0.55,0.535,0.094,0.097,9.821
4623432,3.2,3.1,3.61,3.12,3.63,0.20652951300144196,4.042388916015625,-0.8595184087753296,0.48482584953308105,10.190919876098633,-99.099,0.55,0.535,0.094,0.097,9.821
4623473,3.19,3.1,3.61,3.12,3.85,0.2529778778553009,4.099620342254639,0.5602431893348694,0.9397241473197937,9.86650562286377,-99.099,0.55,0.535,0.094,0.097,9.821
4623516,3.18,3.1,3.61,3.12,4.05,0.30098313093185425,4.157627105712891,0.3687070608139038,0.7481880187988281,11.190498352050781,-99.099,0.55,0.535,0.094,0.097,9.821
4623548,3.17,3.1,3.61,3.12,4.19,0.3367888033390045,4.202016830444336,0.790086567401886,0.4537012279033661,10.83855152130127,-99.099,0.55,0.535,0.094,0.097,9.821
4623590,3.16,3.1,3.61,3.12,4.35,0.3780496418476105,4.259555816650391,-0.47405192255973816,0.9097966551780701,9.86770248413086,-99.099,0.55,0.535,0.094,0.097,9.821
4623632,3.15,3.1,3.61,3.12,4.5,0.409599632024765,4.313066005706787,0.37828385829925537,1.0019733905792236,10.226832389831543,-99.099,0.55,0.535,0.094,0.097,9.821
4623655,3.28,3.04,3.37,3.33,4.57,0.42206087708473206,4.340141773223877,-0.7134721279144287,0.9157821536064148,10.194510459899902,-99.099,0.55,0.535,0.094,0.097,9.821
4623698,3.28,3.04,3.37,3.33,4.68,0.44117704033851624,4.392459869384766,0.19871874153614044,0.7817068696022034,10.429142951965332,-99.099,0.55,0.535,0.094,0.097,9.821
4623740,3.27,3.03,3.37,3.33,4.78,0.4548552930355072,4.4399919509887695,0.07661445438861847,1.459265947341919,10.237606048583984,-99.099,0.55,0.535,0.094,0.097,9.821
4623763,3.29,2.99,3.35,3.32,4.82,0.459737628698349,4.463766098022461,1.8579005002975464,0.031124621629714966,10.038887977600098,-99.099,0.55,0.535,0.094,0.097,9.821
4623806,3.29,2.98,3.35,3.32,4.89,0.4647189676761627,4.508338928222656,-0.8140285611152649,1.5598224401474,9.765948295593262,-99.099,0.55,0.535,0.094,0.097,9.821
4623847,3.32,2.95,3.3,3.3,4.94,0.46605587005615234,4.545990943908691,-0.10534487664699554,0.8882488012313843,10.672154426574707,-99.099,0.55,0.535,0.094,0.097,9.821
4623889,3.32,2.95,3.3,3.3,4.99,0.464886873960495,4.585165023803711,1.2641384601593018,0.2992752194404602,9.989806175231934,-99.099,0.55,0.535,0.094,0.097,9.821
4623931,3.31,2.94,3.3,3.3,5.02,0.4598408043384552,4.616511344909668,0.5446808934211731,0.6248866319656372,10.127472877502441,-99.099,0.55,0.535,0.094,0.097,9.821
4623953,3.31,2.94,3.3,3.3,5.04,0.455012708902359,4.629871845245361,1.1432312726974487,0.8858546018600464,9.496601104736328,-99.099,0.55,0.535,0.094,0.097,9.821
4623995,3.31,2.93,3.3,3.3,5.06,0.4422528147697449,4.649852275848389,-0.7972691655158997,0.9205705523490906,10.453084945678711,-99.099,0.55,0.535,0.094,0.097,9.821
4624040,3.34,2.89,3.33,3.2,5.07,0.42856645584106445,4.666619777679443,-0.23822307586669922,1.5119383335113525,9.911994934082031,-99.099,0.55,0.535,0.094,0.097,9.821
4624083,3.34,2.88,3.33,3.2,5.07,0.4183107018470764,4.686214447021484,-0.3280056416988373,0.4189853072166443,10.51174259185791,-99.099,0.55,0.535,0.094,0.097,9.821
4624125,3.34,2.88,3.33,3.2,5.06,0.41641420125961304,4.706076145172119,0.788889467716217,1.0666168928146362,10.170568466186523,-99.099,0.55,0.535,0.094,0.097,9.821
4624147,3.34,2.87,3.33,3.2,5.06,0.41924723982810974,4.717402458190918,-0.2849099934101105,1.0283095836639404,10.111910820007324,-99.099,0.55,0.535,0.094,0.097,9.821
4624189,3.34,2.86,3.33,3.2,5.04,0.4322350323200226,4.740764141082764,1.0546458959579468,0.9516952037811279,9.744400978088379,-99.099,0.55,0.535,0.094,0.097,9.821
4624232,3.33,2.85,3.33,3.2,5.01,0.451661080121994,4.7647705078125,0.5279214978218079,0.2801215946674347,10.219650268554688,-99.099,0.55,0.535,0.094,0.097,9.821
4624256,3.37,2.84,3.33,3.18,4.99,0.46479782462120056,4.77747106552124,0.2059013396501541,0.5003881454467773,9.931148529052734,-99.099,0.55,0.535,0.094,0.097,9.821
4624299,3.37,2.83,3.33,3.18,4.95,0.4962905943393707,4.802880764007568,0.6607996821403503,1.1061211824417114,9.838972091674805,-99.099,0.55,0.535,0.094,0.097,9.821
4624339,3.39,2.81,3.34,3.18,4.9,0.5262567400932312,4.824719429016113,-0.5781996846199036,1.039083480834961,10.369287490844727,-99.099,0.55,0.535,0.094,0.097,9.821
4624382,3.4,2.8,3.34,3.18,4.84,0.5662257075309753,4.854008197784424,0.5770025849342346,1.115697979927063,9.81263542175293,-99.099,0.55,0.535,0.094,0.097,9.821
4624424,3.4,2.79,3.34,3.18,4.78,0.605181097984314,4.88433837890625,0.6368576288223267,1.0534487962722778,10.60032844543457,-99.099,0.55,0.535,0.094,0.097,9.821
4624453,3.4,2.78,3.34,3.18,4.74,0.6323543190956116,4.907193183898926,-0.13407529890537262,1.334767460823059,9.828198432922363,-99.099,0.55,0.535,0.094,0.097,9.821
4624495,3.4,2.77,3.34,3.18,4.66,0.6748116612434387,4.947570323944092,0.872686505317688,0.5027823448181152,10.970232009887695,-99.099,0.55,0.535,0.094,0.097,9.821
4624603,3.39,2.72,3.3,3.06,4.46,0.7738761901855469,5.070448398590088,1.820790410041809,0.5422866940498352,10.359710693359375,-99.099,0.55,0.535,0.094,0.097,9.821
4624645,3.4,2.71,3.3,3.06,4.37,0.8036540150642395,5.123250484466553,0.0586579404771328,0.9756371974945068,10.360907554626465,-99.099,0.55,0.535,0.094,0.097,9.821
4624669,3.42,2.69,3.35,2.98,4.33,0.8164699673652649,5.1528706550598145,0.023942016065120697,0.4106055796146393,10.736797332763672,-99.099,0.55,0.535,0.094,0.097,9.821
4624712,3.42,2.68,3.35,2.98,4.23,0.8342174887657166,5.207830429077148,0.9026140570640564,0.1999158412218094,10.146626472473145,-99.099,0.55,0.535,0.094,0.097,9.821
4624739,3.44,2.67,3.34,3.04,4.17,0.840249240398407,5.23660135269165,0.10055647045373917,1.0749965906143188,9.654618263244629,-99.099,0.55,0.535,0.094,0.097,9.821
4624782,3.45,2.65,3.34,3.04,4.07,0.844115674495697,5.287660121917725,-1.194706678390503,1.0235211849212646,9.773131370544434,-99.099,0.55,0.535,0.094,0.097,9.821
4624824,3.46,2.64,3.34,3.04,3.97,0.8411116003990173,5.332605361938477,0.1604115068912506,1.404199242591858,9.999382972717285,-99.099,0.55,0.535,0.094,0.097,9.821
4624853,3.46,2.63,3.34,3.04,3.91,0.8347845673561096,5.362100124359131,0.3124433159828186,0.5398924946784973,10.259154319763184,-99.099,0.55,0.535,0.094,0.097,9.821
4624895,3.47,2.62,3.34,3.04,3.8,0.8161686658859253,5.4058518409729,0.11611878126859665,0.4884171485900879,9.242815971374512,-99.099,0.55,0.535,0.094,0.097,9.821
4624937,3.48,2.61,3.34,3.04,3.71,0.7875214219093323,5.446178913116455,-0.4213795065879822,1.3215993642807007,10.427945137023926,-99.099,0.55,0.535,0.094,0.097,9.821
4624960,3.45,2.56,3.34,3.03,3.66,0.7669528126716614,5.466306686401367,0.48602294921875,1.094150185585022,9.548076629638672,-99.099,0.55,0.535,0.094,0.097,9.821
4625004,3.46,2.55,3.34,3.03,3.56,0.7127010226249695,5.504487991333008,0.9971849918365479,1.2018892765045166,10.698490142822266,-99.099,0.55,0.535,0.094,0.097,9.821
4625039,3.42,2.57,3.58,2.57,3.49,0.6589981317520142,5.532230377197266,0.6727706789970398,0.8834604024887085,9.14225959777832,-99.099,0.55,0.535,0.094,0.097,9.821
4625081,3.43,2.56,3.58,2.57,3.39,0.5717467069625854,5.564035415649414,0.5662286877632141,0.3411737382411957,11.446678161621094,-99.099,0.55,0.535,0.094,0.097,9.821
4625123,3.44,2.54,3.58,2.57,3.31,0.4707864224910736,5.588390827178955,1.2892776727676392,-0.019153613597154617,11.025299072265625,-99.099,0.55,0.535,0.094,0.097,9.821
4625148,3.4,2.52,3.32,2.54,3.27,0.40880799293518066,5.598336219787598,-0.15442600846290588,1.6400281190872192,9.701305389404297,-99.099,0.55,0.535,0.094,0.097,9.821
4625255,3.4,2.45,3.37,2.83,3.07,0.04369445890188217,5.626379489898682,0.4357447028160095,1.4065934419631958,11.578359603881836,-99.099,0.55,0.535,0.094,0.097,9.821
4625363,3.44,2.41,3.4,2.79,2.89,-0.32668086886405945,5.655118465423584,0.9600749015808105,1.158793568611145,11.068394660949707,-99.099,0.55,0.535,0.094,0.097,9.821
4625407,3.45,2.39,3.4,2.79,2.82,-0.4522375464439392,5.678746700286865,0.7625532150268555,1.1552022695541382,10.562021255493164,-99.099,0.55,0.535,0.094,0.097,9.821
4625442,3.43,2.36,3.32,2.72,2.77,-0.5368786454200745,5.7004075050354,-0.2944868206977844,1.0785878896713257,10.522516250610352,-99.099,0.55,0.535,0.094,0.097,9.821
4625484,3.44,2.34,3.32,2.72,2.69,-0.6233975887298584,5.733842849731445,-0.7050924301147461,0.8032546639442444,9.897629737854004,-99.099,0.55,0.535,0.094,0.097,9.821
4625526,3.45,2.32,3.32,2.72,2.62,-0.6804003715515137,5.771731853485107,0.1256955862045288,0.8307880163192749,9.7791166305542,-99.099,0.55,0.535,0.094,0.097,9.821
4625549,3.45,2.33,3.39,2.76,2.59,-0.6974268555641174,5.794804096221924,-0.8762778043746948,1.3275848627090454,10.6925048828125,-99.099,0.55,0.535,0.094,0.097,9.821
4625592,3.46,2.31,3.39,2.76,2.51,-0.7000548243522644,5.848557472229004,-0.7374141216278076,1.7345991134643555,10.406397819519043,-99.099,0.55,0.535,0.094,0.097,9.821
4625634,3.47,2.29,3.39,2.76,2.44,-0.670232355594635,5.907810688018799,-0.5219359993934631,1.0414776802062988,9.700108528137207,-99.099,0.55,0.535,0.094,0.097,9.821
4625657,3.44,2.27,3.31,2.73,2.41,-0.6385247111320496,5.942959785461426,-0.3758896589279175,1.1085153818130493,10.144232749938965,-99.099,0.55,0.535,0.094,0.097,9.821
4625700,3.45,2.24,3.31,2.73,2.33,-0.54549241065979,6.018942832946777,-0.18315643072128296,1.3000515699386597,10.05923843383789,-99.099,0.55,0.535,0.094,0.097,9.821
4625742,3.46,2.22,3.31,2.73,2.26,-0.4319128096103668,6.094882965087891,-0.2059013396501541,1.0115501880645752,10.484209060668945,-99.099,0.55,0.535,0.094,0.097,9.821
4625766,3.45,2.21,3.33,2.68,2.22,-0.3570062816143036,6.138271331787109,0.0347159244120121,1.0091559886932373,9.345766067504883,-99.099,0.55,0.535,0.094,0.097,9.821
4625810,3.46,2.19,3.33,2.68,2.15,-0.19430837035179138,6.222055435180664,-0.25019407272338867,1.192312479019165,10.703278541564941,-99.099,0.55,0.535,0.094,0.097,9.821
4625852,3.46,2.16,4.13,1.94,2.08,-0.026670970022678375,6.299497127532959,-0.9373299479484558,1.0785878896713257,10.316615104675293,-99.099,0.55,0.535,0.094,0.097,9.821
4625894,3.47,2.13,4.13,1.94,2.01,0.1686868965625763,6.378906726837158,-0.46567222476005554,0.6177040338516235,10.14782428741455,-99.099,0.55,0.535,0.094,0.097,9.821
4625936,3.48,2.11,4.13,1.94,1.95,0.3677758276462555,6.448505878448486,0.27413609623908997,1.4281413555145264,10.739192008972168,-99.099,0.55,0.535,0.094,0.097,9.821
4625960,3.47,2.1,3.4,2.56,1.91,0.4786323606967926,6.4819560050964355,0.06703764945268631,0.507570743560791,9.77672290802002,-99.099,0.55,0.535,0.094,0.097,9.821
4626002,3.48,2.08,3.4,2.56,1.85,0.7063804268836975,6.54060697555542,0.47405192255973816,1.0307037830352783,9.84376049041748,-99.099,0.55,0.535,0.094,0.097,9.821
4626041,3.42,2.1,3.38,2.34,1.79,0.8967404365539551,6.581895351409912,-1.1635819673538208,1.4640543460845947,9.75397777557373,-99.099,0.55,0.535,0.094,0.097,9.821
4626084,3.43,2.08,3.38,2.34,1.72,1.1457828283309937,6.627305507659912,-0.07182604819536209,1.2413935661315918,9.20091724395752,-99.099,0.55,0.535,0.094,0.097,9.821
4626126,3.44,2.05,3.38,2.34,1.66,1.3801125288009644,6.663243293762207,-2.005143880844116,1.6101006269454956,10.468647003173828,-99.099,0.55,0.535,0.094,0.097,9.821
4626148,3.44,2.04,3.38,2.34,1.63,1.5073888301849365,6.679633617401123,-1.4951789379119873,1.4089876413345337,9.369708061218262,-99.099,0.55,0.535,0.094,0.097,9.821
4626190,3.44,2.02,3.38,2.34,1.57,1.7574440240859985,6.707712650299072,-1.9776105880737305,1.501164436340332,9.999382972717285,-99.099,0.55,0.535,0.094,0.097,9.821
4626232,3.45,1.99,3.38,2.34,1.51,2.0151562690734863,6.73460054397583,-1.5705963373184204,0.9900023937225342,9.386467933654785,-99.099,0.55,0.535,0.094,0.097,9.821
4626255,3.42,2.06,3.81,2.15,1.47,2.1549394130706787,6.748283863067627,0.8451532125473022,0.8966285586357117,10.781089782714844,-99.099,0.55,0.535,0.094,0.097,9.821
4626298,3.42,2.03,3.81,2.15,1.41,2.433922290802002,6.771378517150879,0.6811503767967224,0.9469067454338074,10.340557098388672,-99.099,0.55,0.535,0.094,0.097,9.821
4626340,3.43,2.01,3.81,2.15,1.35,2.6943106651306152,6.787275791168213,-2.073378562927246,1.7298107147216797,10.432733535766602,-99.099,0.55,0.535,0.094,0.097,9.821
4626366,3.37,2.12,3.65,2.33,1.32,2.834458112716675,6.792858123779297,1.314416766166687,0.5973533391952515,10.536881446838379,-99.099,0.55,0.535,0.094,0.097,9.821
4626408,3.37,2.1,3.65,2.33,1.26,3.0954267978668213,6.797314643859863,-1.656787633895874,1.6053122282028198,11.154585838317871,-99.099,0.55,0.535,0.094,0.097,9.821
4626535,3.42,2.08,3.42,2.62,1.1,3.734921932220459,6.77193021774292,1.8962076902389526,1.115697979927063,10.824186325073242,-99.099,0.55,0.535,0.094,0.097,9.821
4626942,3.47,1.99,3.44,2.42,0.61,4.388916492462158,6.26650333404541,-0.48961424827575684,0.9050082564353943,11.499350547790527,-99.099,0.55,0.535,0.094,0.097,9.821
4626984,3.48,1.97,3.44,2.42,0.54,4.320356369018555,6.1817307472229,-0.569819986820221,0.6045359373092651,9.860519409179688,-99.099,0.55,0.535,0.094,0.097,9.821
4627026,3.49,1.96,3.44,2.42,0.48,4.232310771942139,6.093316555023193,-0.5123591423034668,0.31124621629714966,8.746018409729004,-99.099,0.55,0.535,0.094,0.097,9.821
4627051,3.46,1.98,3.49,2.19,0.45,4.1743855476379395,6.0429229736328125,1.988384485244751,-0.22026655077934265,10.309432983398438,-99.099,0.55,0.535,0.094,0.097,9.821
4627094,3.48,1.96,3.49,2.19,0.37,4.030449390411377,5.929347038269043,-0.2214636504650116,1.0522516965866089,9.77672290802002,-99.099,0.55,0.535,0.094,0.097,9.821
4627136,3.49,1.95,3.49,2.19,0.3,3.879206657409668,5.819292068481445,0.6775590777397156,0.8259995579719543,10.359710693359375,-99.099,0.55,0.535,0.094,0.097,9.821
4627159,3.43,1.96,3.32,2.06,0.26,3.789454221725464,5.758320331573486,-0.9133879542350769,0.50876784324646,10.086771965026855,-99.099,0.55,0.535,0.094,0.097,9.821
4627202,3.44,1.94,3.32,2.06,0.17,3.5941505432128906,5.632412910461426,0.23702596127986908,0.49559974670410156,9.682151794433594,-99.099,0.55,0.535,0.094,0.097,9.821
4627236,3.45,1.93,3.32,2.06,0.1,3.437945604324341,5.535623550415039,0.7122750282287598,0.16160862147808075,10.127472877502441,-99.099,0.55,0.535,0.094,0.097,9.821
4627278,3.46,1.91,3.32,2.06,0.0,3.22761607170105,5.408266067504883,1.2090718746185303,0.9145850539207458,9.549273490905762,-99.099,0.55,0.535,0.094,0.097,9.821
4627320,3.48,1.9,3.32,2.06,-0.09,3.0166738033294678,5.281869411468506,0.8858546018600464,0.24181437492370605,9.940725326538086,-99.099,0.55,0.535,0.094,0.097,9.821
4627346,3.47,1.89,3.43,2.19,-0.15,2.8923583030700684,5.207555294036865,0.6045359373092651,0.38905778527259827,9.57441234588623,-99.099,0.55,0.535,0.094,0.097,9.821
4627388,3.48,1.87,3.43,2.19,-0.28,2.6653761863708496,5.067775249481201,-0.6787561774253845,1.2066776752471924,10.24119758605957,-99.099,0.55,0.535,0.094,0.097,9.821
4627430,3.5,1.85,3.43,2.19,-0.4,2.454005002975464,4.932530403137207,-0.016759412363171577,-0.040701430290937424,9.232041358947754,-99.099,0.55,0.535,0.094,0.097,9.821
4627452,3.51,1.84,3.43,2.19,-0.47,2.345219373703003,4.860393524169922,-0.020350715145468712,1.217451572418213,10.641029357910156,-99.099,0.55,0.535,0.094,0.097,9.821
4627494,3.52,1.82,3.43,2.19,-0.6,2.146660566329956,4.7222981452941895,-0.6643909811973572,-0.7158663272857666,10.163386344909668,-99.099,0.55,0.535,0.094,0.097,9.821
4627531,3.54,1.81,3.43,2.19,-0.73,1.9801517724990845,4.59876823425293,0.30526071786880493,-0.3208230137825012,10.181343078613281,-99.099,0.55,0.535,0.094,0.097,9.821
4627573,3.56,1.79,3.43,2.19,-0.88,1.8016347885131836,4.45562219619751,-0.25737667083740234,0.9050082564353943,10.004171371459961,-99.099,0.55,0.535,0.094,0.097,9.821
4627615,3.58,1.77,3.43,2.19,-1.04,1.6346888542175293,4.31107759475708,0.4908113479614258,0.18794482946395874,10.229227066040039,-99.099,0.55,0.535,0.094,0.097,9.821
4627647,3.59,1.75,3.43,2.19,-1.17,1.5196824073791504,4.203059196472168,0.5841852426528931,0.1975216418504715,10.936713218688965,-99.099,0.55,0.535,0.094,0.097,9.821
4627689,3.61,1.73,3.43,2.19,-1.37,1.3728432655334473,4.052957534790039,0.22625206410884857,0.4129997789859772,9.971850395202637,-99.099,0.55,0.535,0.094,0.097,9.821
4627731,3.63,1.71,3.43,2.19,-1.58,1.2402204275131226,3.908719301223755,-0.17717093229293823,0.7038952708244324,10.96544361114502,-99.099,0.55,0.535,0.094,0.097,9.821
4627753,3.64,1.7,3.43,2.19,-1.7,1.1752285957336426,3.8340413570404053,-0.38546648621559143,0.20231004059314728,9.911994934082031,-99.099,0.55,0.535,0.094,0.097,9.821
4627795,3.66,1.68,3.43,2.19,-1.95,1.061682105064392,3.6954545974731445,-0.7637503147125244,0.42856210470199585,10.87446403503418,-99.099,0.55,0.535,0.094,0.097,9.821
4627834,3.68,1.66,3.43,2.19,-2.19,0.9675759673118591,3.572932004928589,-0.033518824726343155,0.39145198464393616,8.869319915771484,-99.099,0.55,0.535,0.094,0.097,9.821
4627875,3.71,1.64,3.43,2.19,-2.47,0.8720363974571228,3.4407784938812256,-1.0582371950149536,0.4812345504760742,10.471040725708008,-99.099,0.55,0.535,0.094,0.097,9.821
4627918,3.73,1.62,3.43,2.19,-2.77,0.7824643850326538,3.3128855228424072,0.8403648138046265,0.5781996846199036,9.816226959228516,-99.099,0.55,0.535,0.094,0.097,9.821
4627950,3.75,1.6,3.43,2.19,-3.01,0.7171728014945984,3.2191550731658936,-0.2298433631658554,0.9145850539207458,10.079588890075684,-99.099,0.55,0.535,0.094,0.097,9.821
4627991,3.77,1.58,3.43,2.19,-3.34,0.6350200176239014,3.105109214782715,0.4537012279033661,1.2725181579589844,9.786299705505371,-99.099,0.55,0.535,0.094,0.097,9.821
4628033,3.79,1.56,3.43,2.19,-3.68,0.5555540323257446,3.0026206970214844,0.5590460896492004,0.7757213711738586,10.45667552947998,-99.099,0.55,0.535,0.094,0.097,9.821
4628055,3.81,1.54,3.43,2.19,-3.86,0.5146627426147461,2.954207420349121,-0.3064578175544739,0.42616790533065796,10.709263801574707,-99.099,0.55,0.535,0.094,0.097,9.821
4628097,3.83,1.52,3.43,2.19,-4.2,0.43922266364097595,2.872948408126831,0.5374982953071594,0.9469067454338074,9.828198432922363,-99.099,0.55,0.535,0.094,0.097,9.821
4628139,3.85,1.49,3.43,2.19,-4.55,0.3667943775653839,2.80436635017395,0.1999158412218094,0.9301473498344421,10.475829124450684,-99.099,0.55,0.535,0.094,0.097,9.821
4628161,3.86,1.48,3.43,2.19,-4.73,0.32991349697113037,2.774427890777588,-0.14365209639072418,0.272938996553421,10.374075889587402,-99.099,0.55,0.535,0.094,0.097,9.821
4628203,3.89,1.46,3.43,2.19,-5.07,0.2629626989364624,2.728032112121582,-0.17477671802043915,0.456095427274704,10.611102104187012,-99.099,0.55,0.535,0.094,0.097,9.821
4628240,3.42,1.48,3.49,1.59,-5.34,0.2112274318933487,2.696866035461426,-0.4776432514190674,0.6655880808830261,9.658209800720215,-99.099,0.55,0.535,0.094,0.097,9.821
4628536,3.41,1.31,3.49,1.59,-7.29,0.02994605340063572,2.6208865642547607,-0.5482721924781799,0.8954314589500427,9.643844604492188,-99.099,0.55,0.535,0.094,0.097,9.821
4628558,3.4,1.3,3.49,1.59,-7.4,0.03596542030572891,2.6288628578186035,1.3946224451065063,0.24660277366638184,10.11550235748291,-99.099,0.55,0.535,0.094,0.097,9.821
4628600,3.4,1.28,3.49,1.59,-7.6,0.05904640629887581,2.647840738296509,-1.136048674583435,2.2625205516815186,10.36449909210205,-99.099,0.55,0.535,0.094,0.097,9.821
4628642,3.4,1.25,3.49,1.59,-7.78,0.09461850672960281,2.6696019172668457,-0.2454056739807129,0.7637503147125244,10.806229591369629,-99.099,0.55,0.535,0.094,0.097,9.821
4628665,3.4,1.24,3.49,1.59,-7.86,0.12032156437635422,2.6828231811523438,-0.5422866940498352,0.29209262132644653,10.303446769714355,-99.099,0.55,0.535,0.094,0.097,9.821
4628707,3.4,1.22,3.49,1.59,-7.99,0.17465923726558685,2.7084920406341553,1.0821791887283325,1.5538369417190552,10.575188636779785,-99.099,0.55,0.535,0.094,0.097,9.821
4628741,3.26,1.23,3.32,1.48,-8.06,0.22077971696853638,2.7298099994659424,-0.9421183466911316,0.40222588181495667,10.437521934509277,-99.099,0.55,0.535,0.094,0.097,9.821
4628783,3.25,1.2,3.32,1.48,-8.09,0.2895177900791168,2.7603890895843506,-0.17956513166427612,0.20949265360832214,9.84615421295166,-99.099,0.55,0.535,0.094,0.097,9.821
4628825,3.25,1.18,3.32,1.48,-8.09,0.3595065474510193,2.7884860038757324,-0.5973533391952515,0.6847416758537292,11.197681427001953,-99.099,0.55,0.535,0.094,0.097,9.821
4628848,3.28,1.17,3.98,0.91,-8.07,0.3983788788318634,2.8026864528656006,-0.07781155407428741,0.9636662006378174,9.422380447387695,-99.099,0.55,0.535,0.094,0.097,9.821
4628891,3.27,1.15,3.98,0.91,-7.95,0.477497935295105,2.830524206161499,0.19632454216480255,0.6141127347946167,9.488221168518066,-99.099,0.55,0.535,0.094,0.097,9.821
4628933,3.27,1.13,3.98,0.91,-7.82,0.5533785820007324,2.8593997955322266,0.40940847992897034,1.260547161102295,10.054450035095215,-99.099,0.55,0.535,0.094,0.097,9.821
4628956,3.26,1.12,3.98,0.91,-7.72,0.595385730266571,2.877023458480835,0.16160862147808075,1.0187327861785889,9.781511306762695,-99.099,0.55,0.535,0.094,0.097,9.821
4628998,3.26,1.1,3.98,0.91,-7.5,0.6711212992668152,2.9117069244384766,0.8822633028030396,0.456095427274704,10.006566047668457,-99.099,0.55,0.535,0.094,0.097,9.821
4629040,3.25,1.08,3.98,0.91,-7.24,0.7437494397163391,2.946777582168579,0.750582218170166,0.690727174282074,10.581174850463867,-99.099,0.55,0.535,0.094,0.097,9.821
4629062,3.25,1.07,3.98,0.91,-7.08,0.7802960276603699,2.965437650680542,0.25977087020874023,0.585382342338562,10.158597946166992,-99.099,0.55,0.535,0.094,0.097,9.821
4629104,3.24,1.06,3.98,0.91,-6.74,0.8455124497413635,3.0006182193756104,0.8918401598930359,0.47405192255973816,10.402806282043457,-99.099,0.55,0.535,0.094,0.097,9.821
4629145,3.18,1.2,3.59,1.33,-6.39,0.8990728259086609,3.031967878341675,0.6931213736534119,1.280897855758667,9.96945571899414,-99.099,0.55,0.535,0.094,0.097,9.821
4629188,3.18,1.19,3.59,1.33,-5.92,0.9547274708747864,3.0695719718933105,1.1037269830703735,1.1312602758407593,10.304644584655762,-99.099,0.55,0.535,0.094,0.097,9.821
4629230,3.17,1.18,3.59,1.33,-5.48,0.9967020750045776,3.1032261848449707,-0.456095427274704,0.29568392038345337,11.139023780822754,-99.099,0.55,0.535,0.094,0.097,9.821
4629255,3.09,1.33,3.44,1.47,-5.23,1.0144559144973755,3.1204254627227783,0.30885201692581177,0.4513070285320282,9.634267807006836,-99.099,0.55,0.535,0.094,0.097,9.821
4629297,3.08,1.32,3.44,1.47,-4.67,1.0427660942077637,3.1543989181518555,-0.6153098344802856,0.9289502501487732,10.461463928222656,-99.099,0.55,0.535,0.094,0.097,9.821
4629339,3.07,1.32,3.44,1.47,-4.13,1.0630325078964233,3.185281991958618,-0.38067805767059326,0.0347159244120121,9.929951667785645,-99.099,0.55,0.535,0.094,0.097,9.821
4629363,3.12,1.3,3.28,1.49,-3.82,1.071272373199463,3.201472043991089,-1.169567584991455,0.851138710975647,10.81580638885498,-99.099,0.55,0.535,0.094,0.097,9.821
4629406,3.11,1.29,3.28,1.49,-3.2,1.0840539932250977,3.2293059825897217,0.49799394607543945,1.357512354850769,9.446322441101074,-99.099,0.55,0.535,0.094,0.097,9.821
4629441,3.16,1.23,3.32,1.52,-2.73,1.0909792184829712,3.248868227005005,0.5183446407318115,0.5063736438751221,10.66018295288086,-99.099,0.55,0.535,0.094,0.097,9.821
4629483,3.16,1.22,3.32,1.52,-2.07,1.0940245389938354,3.273145914077759,0.17238251864910126,0.42856210470199585,9.883264541625977,-99.099,0.55,0.535,0.094,0.097,9.821
4629525,3.16,1.22,3.32,1.52,-1.44,1.0891954898834229,3.294316053390503,0.4752490520477295,0.9696516990661621,9.762357711791992,-99.099,0.55,0.535,0.094,0.097,9.821
4629550,3.16,1.2,3.37,1.54,-1.1,1.082679033279419,3.304687976837158,0.03232172131538391,0.790086567401886,10.471040725708008,-99.099,0.55,0.535,0.094,0.097,9.821
4629593,3.16,1.19,3.37,1.54,-0.37,1.0612443685531616,3.3266217708587646,0.6847416758537292,0.8583213090896606,10.430339813232422,-99.099,0.55,0.535,0.094,0.097,9.821
4629635,3.16,1.19,3.37,1.54,0.28,1.0341190099716187,3.3480942249298096,-0.10893617570400238,0.9756371974945068,9.971850395202637,-99.099,0.55,0.535,0.094,0.097,9.821
4629661,3.17,1.22,3.4,1.48,0.65,1.015363335609436,3.3607871532440186,0.30286651849746704,0.6093243360519409,9.9000244140625,-99.099,0.55,0.535,0.094,0.097,9.821
4629703,3.17,1.21,3.4,1.48,1.39,0.9743015766143799,3.3862836360931396,-0.061052143573760986,1.0223240852355957,9.757569313049316,-99.099,0.55,0.535,0.094,0.097,9.821
4629739,3.21,1.12,3.4,1.01,1.93,0.9408682584762573,3.4047725200653076,0.5638344883918762,0.8643068075180054,10.307038307189941,-99.099,0.55,0.535,0.094,0.097,9.821
4629782,3.21,1.11,3.4,1.01,2.69,0.8900806307792664,3.4279348850250244,0.07302315533161163,1.1264718770980835,9.659406661987305,-99.099,0.55,0.535,0.094,0.097,9.821
4629824,3.21,1.11,3.4,1.01,3.39,0.8420482873916626,3.4457650184631348,-0.727837324142456,1.1432312726974487,10.234015464782715,-99.099,0.55,0.535,0.094,0.097,9.821
4629847,3.24,1.1,3.34,1.43,3.76,0.8163137435913086,3.453517198562622,0.29209262132644653,0.26815059781074524,10.503362655639648,-99.099,0.55,0.535,0.094,0.097,9.821
4629890,3.24,1.09,3.34,1.43,4.5,0.767382800579071,3.4657394886016846,-1.2018892765045166,1.4532804489135742,9.649829864501953,-99.099,0.55,0.535,0.094,0.097,9.821
4629932,3.25,1.08,3.34,1.43,5.21,0.7254418730735779,3.4758338928222656,0.2801215946674347,0.706289529800415,10.283096313476562,-99.099,0.55,0.535,0.094,0.097,9.821
4629955,3.27,1.05,4.26,0.52,5.58,0.7059611082077026,3.480726480484009,-0.18555063009262085,1.0067617893218994,9.637859344482422,-99.099,0.55,0.535,0.094,0.097,9.821
4629998,3.27,1.04,4.26,0.52,6.32,0.6745417714118958,3.490995407104492,-0.4944026470184326,0.5374982953071594,9.975440979003906,-99.099,0.55,0.535,0.094,0.097,9.821
4630041,3.28,1.03,4.26,0.52,7.02,0.6527875065803528,3.5010130405426025,-0.2753331959247589,0.5374982953071594,11.004947662353516,-99.099,0.55,0.535,0.094,0.097,9.821
4630063,3.22,1.13,3.25,1.44,7.39,0.6454033255577087,3.5062146186828613,0.13527239859104156,-0.0694318488240242,10.092757225036621,-99.099,0.55,0.535,0.094,0.097,9.821
4630106,3.23,1.12,3.25,1.44,8.11,0.6384353041648865,3.514418840408325,-0.06584054976701736,0.4836287498474121,10.572794914245605,-99.099,0.55,0.535,0.094,0.097,9.821
4630151,3.25,1.09,3.37,1.19,8.81,0.6390683054924011,3.520712375640869,-0.628477931022644,1.0438719987869263,9.982624053955078,-99.099,0.55,0.535,0.094,0.097,9.821
4630193,3.25,1.09,3.37,1.19,9.51,0.6475232243537903,3.5262672901153564,0.14604631066322327,0.6416460275650024,10.471040725708008,-99.099,0.55,0.535,0.094,0.097,9.821
4630236,3.26,1.09,3.37,1.19,10.18,0.6620898842811584,3.530212640762329,-0.41539400815963745,0.6823474764823914,10.255562782287598,-99.099,0.55,0.535,0.094,0.097,9.821
4630258,3.23,1.16,3.53,1.26,10.52,0.6728120446205139,3.531564474105835,-0.3687070608139038,0.6009446382522583,10.26274585723877,-99.099,0.55,0.535,0.094,0.097,9.821
4630301,3.23,1.16,3.53,1.26,11.18,0.698614776134491,3.5319766998291016,0.3292027413845062,0.5758054852485657,10.113107681274414,-99.099,0.55,0.535,0.094,0.097,9.821
4630343,3.23,1.16,3.53,1.26,11.81,0.7253629565238953,3.5300817489624023,0.2585737705230713,0.5039794445037842,10.588356971740723,-99.099,0.55,0.535,0.094,0.097,9.821
4630365,3.24,1.15,3.53,1.26,12.14,0.7403339743614197,3.528071165084839,-0.020350715145468712,0.689530074596405,9.72285270690918,-99.099,0.55,0.535,0.094,0.097,9.821
4630407,3.24,1.15,3.53,1.26,12.74,0.7704887390136719,3.523406982421875,-0.6200982332229614,0.8930372595787048,9.831789016723633,-99.099,0.55,0.535,0.094,0.097,9.821
4630449,3.27,1.13,3.45,1.32,13.31,0.8017370104789734,3.519266366958618,-0.4752490520477295,0.5434837937355042,10.043676376342773,-99.099,0.55,0.535,0.094,0.097,9.821
4630491,3.28,1.13,3.45,1.32,13.91,0.8399454355239868,3.5154812335968018,-0.545877993106842,0.2777273952960968,10.736797332763672,-99.099,0.55,0.535,0.094,0.097,9.821
4630533,3.28,1.12,3.45,1.32,14.47,0.8803138136863708,3.512359619140625,-1.0031704902648926,0.2801215946674347,10.219650268554688,-99.099,0.55,0.535,0.094,0.097,9.821
4630555,3.28,1.12,3.45,1.32,14.76,0.9035921692848206,3.51096248626709,-1.157596468925476,0.3076549172401428,10.51413631439209,-99.099,0.55,0.535,0.094,0.097,9.821
4630597,3.28,1.12,3.45,1.32,15.3,0.9510152339935303,3.5085062980651855,-0.43335050344467163,0.5123591423034668,11.310209274291992,-99.099,0.55,0.535,0.094,0.097,9.821
4630640,3.28,1.12,3.45,1.32,15.81,1.0012625455856323,3.5064468383789062,-1.5466543436050415,0.7386112213134766,10.461463928222656,-99.099,0.55,0.535,0.094,0.097,9.821
4630661,3.28,1.12,3.45,1.32,16.07,1.0294018983840942,3.505638599395752,-1.5167267322540283,0.7350199222564697,10.226832389831543,-99.099,0.55,0.535,0.094,0.097,9.821
4630703,3.29,1.12,3.45,1.32,16.54,1.0863561630249023,3.5044333934783936,0.17836803197860718,0.8008604645729065,11.307814598083496,-99.099,0.55,0.535,0.094,0.097,9.821
4630852,3.31,1.07,3.41,1.34,17.98,1.2986503839492798,3.5031182765960693,0.023942016065120697,0.8451532125473022,10.273519515991211,-99.099,0.55,0.535,0.094,0.097,9.821
4631005,3.34,1.09,3.4,1.39,19.01,1.502524971961975,3.5016095638275146,0.05027823522686958,0.7793126702308655,10.14902114868164,-99.099,0.55,0.535,0.094,0.097,9.821
4631047,3.34,1.09,4.07,0.74,19.23,1.550620675086975,3.5009186267852783,-0.3016694188117981,1.016338586807251,9.884461402893066,-99.099,0.55,0.535,0.094,0.097,9.821
4631089,3.34,1.09,4.07,0.74,19.42,1.5989218950271606,3.50085711479187,0.09816227108240128,0.6248866319656372,10.216058731079102,-99.099,0.55,0.535,0.094,0.097,9.821
4631131,3.34,1.08,4.07,0.74,19.59,1.6416702270507812,3.5014970302581787,0.06224924325942993,0.7218518257141113,10.14902114868164,-99.099,0.55,0.535,0.094,0.097,9.821
4631156,3.38,1.11,3.47,1.44,19.66,1.6624946594238281,3.5021579265594482,0.07422025501728058,0.7338228225708008,10.156203269958496,-99.099,0.55,0.535,0.094,0.097,9.821
4631199,3.38,1.11,3.47,1.44,19.79,1.7019333839416504,3.504101037979126,0.07422025501728058,0.7122750282287598,10.134655952453613,-99.099,0.55,0.535,0.094,0.097,9.821
4631241,3.38,1.1,3.47,1.44,19.89,1.7341104745864868,3.5063488483428955,0.08259996026754379,0.7362170219421387,10.1382474899292,-99.099,0.55,0.535,0.094,0.097,9.821
4631794,3.37,1.04,3.41,1.43,21.3,1.4352436065673828,3.7686526775360107,-0.20231004059314728,1.1192892789840698,9.959878921508789,-99.099,0.55,0.535,0.094,0.097,9.821
4631859,3.44,1.02,3.56,1.26,21.71,1.3522611856460571,3.8505475521087646,-0.41778820753097534,0.6380547285079956,10.425551414489746,-99.099,0.55,0.535,0.094,0.097,9.821
4631903,3.45,1.01,3.56,1.26,22.05,1.2969166040420532,3.9129538536071777,-0.05267243832349777,1.3934253454208374,9.827000617980957,-99.099,0.55,0.535,0.094,0.097,9.821
4631945,3.47,0.86,3.53,0.74,22.38,1.249260425567627,3.9736740589141846,-0.6368576288223267,0.6775590777397156,9.955090522766113,-99.099,0.55,0.535,0.094,0.097,9.821
4631987,3.48,0.86,3.53,0.74,22.78,1.2043739557266235,4.040127277374268,-0.5602431893348694,0.7362170219421387,10.38724422454834,-99.099,0.55,0.535,0.094,0.097,9.821
4632029,3.49,0.85,3.53,0.74,23.16,1.1684057712554932,4.10395622253418,-0.5171475410461426,0.669179379940033,9.95748519897461,-99.099,0.55,0.535,0.094,0.097,9.821
4632054,3.46,0.84,3.55,1.01,23.38,1.152821660041809,4.1379241943359375,-0.5099649429321289,0.7625532150268555,10.425551414489746,-99.099,0.55,0.535,0.094,0.097,9.821
4632096,3.47,0.83,3.55,1.01,23.84,1.1278846263885498,4.207741737365723,0.4106055796146393,1.0881646871566772,9.908403396606445,-99.099,0.55,0.535,0.094,0.097,9.821
4632138,3.47,0.82,3.55,1.01,24.28,1.1088893413543701,4.272654056549072,0.5099649429321289,0.9397241473197937,9.706093788146973,-99.099,0.55,0.535,0.094,0.097,9.821
4632160,3.48,0.82,3.55,1.01,24.51,1.1006333827972412,4.3067779541015625,0.3794809579849243,0.7206547260284424,9.53849983215332,-99.099,0.55,0.535,0.094,0.097,9.821
4632202,3.49,0.81,3.55,1.01,24.97,1.0867480039596558,4.371788501739502,0.4189853072166443,0.8188169598579407,10.222043991088867,-99.099,0.55,0.535,0.094,0.097,9.821
4632240,3.48,0.91,3.58,1.25,25.36,1.0754363536834717,4.426238536834717,0.6177040338516235,0.811634361743927,10.359710693359375,-99.099,0.55,0.535,0.094,0.097,9.821
4632283,3.49,0.9,3.58,1.25,25.88,1.0585978031158447,4.496691703796387,0.6572083830833435,0.456095427274704,9.552865028381348,-99.099,0.55,0.535,0.094,0.097,9.821
4632325,3.5,0.9,3.58,1.25,26.36,1.0400283336639404,4.559393882751465,-0.2454056739807129,1.260547161102295,10.860098838806152,-99.099,0.55,0.535,0.094,0.097,9.821
4632350,3.5,0.85,3.58,0.82,26.61,1.0286401510238647,4.591654300689697,0.4429273009300232,0.3555389642715454,10.064026832580566,-99.099,0.55,0.535,0.094,0.097,9.821
4632392,3.51,0.84,3.58,0.82,27.13,1.0030320882797241,4.653850078582764,0.2513911724090576,0.7852981686592102,10.33098030090332,-99.099,0.55,0.535,0.094,0.097,9.821
4632434,3.52,0.84,3.58,0.82,27.62,0.9766172170639038,4.708003997802734,-0.03950432687997818,0.6871358752250671,9.974244117736816,-99.099,0.55,0.535,0.094,0.097,9.821
4632457,3.52,0.85,3.57,1.06,27.87,0.9613919258117676,4.734875202178955,0.6093243360519409,1.2330138683319092,10.086771965026855,-99.099,0.55,0.535,0.094,0.097,9.821
4632500,3.53,0.84,3.57,1.06,28.39,0.9299695491790771,4.787063121795654,-0.2406172752380371,1.4293384552001953,9.726444244384766,-99.099,0.55,0.535,0.094,0.097,9.821
4632542,3.54,0.84,3.57,1.06,28.89,0.9001375436782837,4.835996627807617,0.7194576263427734,1.316810965538025,9.240421295166016,-99.099,0.55,0.535,0.094,0.097,9.821
4632567,3.54,0.84,3.65,1.09,29.16,0.8838833570480347,4.862199306488037,0.14484919607639313,0.5614402890205383,10.595540046691895,-99.099,0.55,0.535,0.094,0.097,9.821
4632610,3.55,0.83,3.65,1.09,29.68,0.8549947142601013,4.9064507484436035,0.8810662031173706,0.6177040338516235,9.555258750915527,-99.099,0.55,0.535,0.094,0.097,9.821
4632645,3.57,0.83,3.61,1.09,30.09,0.834398627281189,4.935282230377197,0.5961562395095825,1.381454348564148,10.430339813232422,-99.099,0.55,0.535,0.094,0.097,9.821
4632687,3.58,0.82,3.61,1.09,30.61,0.8117178082466125,4.964267253875732,-0.1173158809542656,0.5781996846199036,10.08318042755127,-99.099,0.55,0.535,0.094,0.097,9.821
4632729,3.59,0.82,3.61,1.09,31.11,0.7952868938446045,4.982214450836182,-0.7733271718025208,0.9373299479484558,10.356119155883789,-99.099,0.55,0.535,0.094,0.097,9.821
4632751,3.6,0.81,3.61,1.09,31.38,0.7893355488777161,4.986670970916748,-0.08499415963888168,1.3180080652236938,9.440337181091309,-99.099,0.55,0.535,0.094,0.097,9.821
4632793,3.61,0.81,3.61,1.09,31.88,0.7842627167701721,4.985354900360107,-0.42856210470199585,0.5805938839912415,10.371682167053223,-99.099,0.55,0.535,0.094,0.097,9.821
4632835,3.62,0.8,3.61,1.09,32.38,0.7861911058425903,4.974734306335449,-0.09935937076807022,0.8882488012313843,10.406397819519043,-99.099,0.55,0.535,0.094,0.097,9.821
4632858,3.64,0.78,3.73,1.05,32.64,0.790690541267395,4.964503288269043,-0.015562310814857483,0.34356793761253357,10.236409187316895,-99.099,0.55,0.535,0.094,0.097,9.821
4632901,3.66,0.78,3.73,1.05,33.17,0.8056957125663757,4.934129238128662,0.4704606235027313,0.5339069962501526,10.66018295288086,-99.099,0.55,0.535,0.094,0.097,9.821
4632943,3.67,0.77,3.73,1.05,33.66,0.8248602747917175,4.896734714508057,0.16160862147808075,1.1779472827911377,9.943120002746582,-99.099,0.55,0.535,0.094,0.097,9.821
4632967,3.68,0.77,3.74,0.95,33.94,0.8379406929016113,4.871957302093506,-0.09457096457481384,0.586579442024231,10.870872497558594,-99.099,0.55,0.535,0.094,0.097,9.821
4633010,3.7,0.76,3.74,0.95,34.45,0.8681354522705078,4.817742347717285,0.11013327538967133,0.5662286877632141,10.176554679870605,-99.099,0.55,0.535,0.094,0.097,9.821
4633052,3.71,0.77,3.8,0.99,34.91,0.9005126953125,4.76410436630249,-0.16519992053508759,0.9756371974945068,10.409989356994629,-99.099,0.55,0.535,0.094,0.097,9.821
4633094,3.72,0.77,3.8,0.99,35.42,0.9420312643051147,4.702988147735596,-0.5530605912208557,0.6488286852836609,10.248380661010742,-99.099,0.55,0.535,0.094,0.097,9.821
4633136,3.74,0.76,3.8,0.99,35.9,0.9878161549568176,4.64345645904541,-0.22026655077934265,0.6272808313369751,10.141838073730469,-99.099,0.55,0.535,0.094,0.097,9.821
4633158,3.75,0.76,3.8,0.99,36.16,1.0149366855621338,4.611474514007568,-0.40701428055763245,0.8451532125473022,10.703278541564941,-99.099,0.55,0.535,0.094,0.097,9.821
4633200,3.76,0.76,3.8,0.99,36.64,1.0709507465362549,4.550393581390381,0.34835633635520935,0.8427590131759644,9.720458984375,-99.099,0.55,0.535,0.094,0.097,9.821
4633242,3.78,0.75,3.8,0.99,37.11,1.1304051876068115,4.492255210876465,-0.05267243832349777,1.1456254720687866,9.742006301879883,-99.099,0.55,0.535,0.094,0.097,9.821
4633264,3.79,0.75,3.8,0.99,37.36,1.1634925603866577,4.4637017250061035,-0.35075053572654724,0.7601590156555176,9.277531623840332,-99.099,0.55,0.535,0.094,0.097,9.821
4633306,3.8,0.75,3.8,0.99,37.84,1.2301335334777832,4.417032718658447,-0.2106897532939911,1.2473790645599365,10.251971244812012,-99.099,0.55,0.535,0.094,0.097,9.821
4633350,3.85,0.77,4.36,1.07,38.32,1.29962956905365,4.378308296203613,-0.27054479718208313,-0.1149216815829277,10.672154426574707,-99.099,0.55,0.535,0.094,0.097,9.821
4633392,3.87,0.77,4.36,1.07,38.82,1.374773621559143,4.3431572914123535,-0.7422025203704834,1.3120225667953491,9.964667320251465,-99.099,0.55,0.535,0.094,0.097,9.821
4633435,3.89,0.76,4.36,1.07,39.3,1.4487709999084473,4.312651634216309,-0.3866635859012604,0.6308721303939819,10.17416000366211,-99.099,0.55,0.535,0.094,0.097,9.821
4633457,3.84,0.78,3.82,0.94,39.55,1.4888479709625244,4.297680377960205,-1.0103530883789062,1.315613865852356,10.08437728881836,-99.099,0.55,0.535,0.094,0.097,9.821
4633500,3.86,0.78,3.82,0.94,40.05,1.5694260597229004,4.265670299530029,-0.22505496442317963,-0.09457096457481384,10.333374977111816,-99.099,0.55,0.535,0.094,0.097,9.821
4633542,3.88,0.78,3.82,0.94,40.53,1.6451672315597534,4.231456756591797,-0.3148375153541565,0.9888052940368652,9.469067573547363,-99.099,0.55,0.535,0.094,0.097,9.821
4633564,3.89,0.78,3.82,0.94,40.78,1.6843012571334839,4.211467742919922,-0.3256114423274994,0.45250412821769714,10.462661743164062,-99.099,0.55,0.535,0.094,0.097,9.821
4633606,3.9,0.77,3.82,0.94,41.26,1.7549136877059937,4.169116020202637,0.4010287821292877,0.6548141837120056,10.42195987701416,-99.099,0.55,0.535,0.094,0.097,9.821
4633645,3.88,0.74,3.86,0.91,41.68,1.8120986223220825,4.128810405731201,-0.10773907601833344,0.7817068696022034,10.807426452636719,-99.099,0.55,0.535,0.094,0.097,9.821
4633687,3.89,0.74,3.86,0.91,42.17,1.8718879222869873,4.078680992126465,-0.02513911761343479,0.8583213090896606,9.751583099365234,-99.099,0.55,0.535,0.094,0.097,9.821
4633729,3.91,0.73,3.86,0.91,42.65,1.9205775260925293,4.0295329093933105,0.14604631066322327,0.6200982332229614,10.74996566772461,-99.099,0.55,0.535,0.094,0.097,9.821
4633751,3.91,0.73,3.86,0.91,42.9,1.9420297145843506,4.00296688079834,0.5518634915351868,0.7398083209991455,9.982624053955078,-99.099,0.55,0.535,0.094,0.097,9.821
4633793,3.93,0.73,3.86,0.91,43.38,1.974347472190857,3.9513330459594727,-0.04429273307323456,0.6021417379379272,10.132261276245117,-99.099,0.55,0.535,0.094,0.097,9.821
4633835,3.94,0.73,3.86,0.91,43.85,1.9980568885803223,3.8991150856018066,-0.31124621629714966,0.7362170219421387,9.795876502990723,-99.099,0.55,0.535,0.094,0.097,9.821
4633857,3.95,0.72,3.86,0.91,44.11,2.006197929382324,3.8711998462677,0.1149216815829277,1.039083480834961,10.226832389831543,-99.099,0.55,0.535,0.094,0.097,9.821
4633899,3.96,0.72,3.86,0.91,44.59,2.012765407562256,3.816951036453247,-0.09816227108240128,0.5398924946784973,9.915586471557617,-99.099,0.55,0.535,0.094,0.097,9.821
4633941,3.98,0.72,3.86,0.91,45.07,2.011162757873535,3.7620389461517334,-0.24779987335205078,0.9265560507774353,10.310629844665527,-99.099,0.55,0.535,0.094,0.097,9.821
4633964,3.99,0.71,3.86,0.91,45.34,2.0062670707702637,3.73144268989563,-0.7398083209991455,0.3124433159828186,10.05923843383789,-99.099,0.55,0.535,0.094,0.097,9.821
4634006,4.0,0.71,3.86,0.91,45.83,1.9912689924240112,3.675224781036377,0.181959331035614,0.9026140570640564,10.925939559936523,-99.099,0.55,0.535,0.094,0.097,9.821
4634045,3.9,0.79,4.03,0.82,46.25,1.9736648797988892,3.626828193664551,-0.4129997789859772,0.8690952062606812,9.552865028381348,-99.099,0.55,0.535,0.094,0.097,9.821
4634088,3.91,0.79,4.03,0.82,46.8,1.9444738626480103,3.566310405731201,0.646434485912323,0.6272808313369751,10.42315673828125,-99.099,0.55,0.535,0.094,0.097,9.821
4634130,3.92,0.78,4.03,0.82,47.3,1.9112157821655273,3.513373851776123,-0.2885012924671173,0.4405331015586853,9.618705749511719,-99.099,0.55,0.535,0.094,0.097,9.821
4634152,3.92,0.78,4.03,0.82,47.56,1.8904629945755005,3.48675799369812,-0.7026981711387634,1.314416766166687,10.562021255493164,-99.099,0.55,0.535,0.094,0.097,9.821
4634194,3.93,0.78,4.03,0.82,48.06,1.8471075296401978,3.440321922302246,-0.4297592043876648,0.6440402865409851,10.378864288330078,-99.099,0.55,0.535,0.094,0.097,9.821
4634236,3.94,0.78,4.03,0.82,48.57,1.802093267440796,3.3986172676086426,-0.727837324142456,0.1041477769613266,10.366893768310547,-99.099,0.55,0.535,0.094,0.097,9.821
4634260,3.89,0.76,3.95,0.78,48.83,1.77769136428833,3.3789072036743164,-1.0103530883789062,1.048660397529602,9.684545516967773,-99.099,0.55,0.535,0.094,0.097,9.821
4634303,3.9,0.76,3.95,0.78,49.35,1.7289934158325195,3.3455123901367188,-0.12330138683319092,1.0989385843276978,11.39520263671875,-99.099,0.55,0.535,0.094,0.097,9.821
4634335,3.91,0.76,3.95,0.78,49.73,1.6934070587158203,3.3257477283477783,0.6177040338516235,0.9265560507774353,10.019734382629395,-99.099,0.55,0.535,0.094,0.097,9.821
4634377,3.91,0.76,3.95,0.78,50.23,1.64640212059021,3.305438280105591,0.08379705995321274,0.2992752194404602,9.161413192749023,-99.099,0.55,0.535,0.094,0.097,9.821
4634419,3.92,0.75,3.95,0.78,50.71,1.6027264595031738,3.2909786701202393,0.19153612852096558,0.14484919607639313,10.799046516418457,-99.099,0.55,0.535,0.094,0.097,9.821
4634444,3.95,0.69,4.02,0.69,50.96,1.5796695947647095,3.28570818901062,-0.15562310814857483,1.191115379333496,11.716026306152344,-99.099,0.55,0.535,0.094,0.097,9.821
4634486,3.96,0.69,4.02,0.69,51.44,1.5368090867996216,3.280076026916504,0.3423708379268646,0.05746084079146385,9.309853553771973,-99.099,0.55,0.535,0.094,0.097,9.821
4634528,3.97,0.69,4.02,0.69,51.89,1.4966667890548706,3.2784132957458496,0.07182604819536209,0.6045359373092651,10.777499198913574,-99.099,0.55,0.535,0.094,0.097,9.821
4634550,3.97,0.68,4.02,0.69,52.12,1.4757486581802368,3.2794406414031982,-0.40940847992897034,1.3682862520217896,9.578003883361816,-99.099,0.55,0.535,0.094,0.097,9.821
4634593,3.98,0.68,4.02,0.69,52.56,1.4362910985946655,3.285600185394287,0.586579442024231,-0.20949265360832214,9.640253067016602,-99.099,0.55,0.535,0.094,0.097,9.821
4634635,3.99,0.68,4.02,0.69,52.97,1.3995624780654907,3.294888973236084,-0.43933600187301636,0.06224924325942993,10.445901870727539,-99.099,0.55,0.535,0.094,0.097,9.821
4634658,3.97,0.68,4.0,0.77,53.19,1.3808465003967285,3.3012702465057373,-0.002394201699644327,1.0043675899505615,11.21324348449707,-99.099,0.55,0.535,0.094,0.097,9.821
4634702,3.98,0.67,4.0,0.77,53.6,1.3436607122421265,3.316230297088623,-0.08619125932455063,-0.11971008777618408,9.391256332397461,-99.099,0.55,0.535,0.094,0.097,9.821
4634733,3.98,0.67,4.0,0.77,53.88,1.3173149824142456,3.327785015106201,-0.27653029561042786,0.07182604819536209,10.673351287841797,-99.099,0.55,0.535,0.094,0.097,9.821
4634775,3.99,0.67,4.0,0.77,54.27,1.2803219556808472,3.344007730484009,-0.22266076505184174,1.403002142906189,11.349713325500488,-99.099,0.55,0.535,0.094,0.097,9.821
4634817,3.99,0.66,4.0,0.77,54.63,1.2434550523757935,3.359915018081665,0.21188685297966003,0.6368576288223267,9.708487510681152,-99.099,0.55,0.535,0.094,0.097,9.821
4634843,4.04,0.61,4.12,0.72,54.84,1.2221426963806152,3.3690025806427,-0.4106055796146393,0.28371289372444153,9.242815971374512,-99.099,0.55,0.535,0.094,0.097,9.821
4634885,4.05,0.61,4.12,0.72,55.19,1.1854650974273682,3.3852856159210205,-0.3711012601852417,1.4113819599151611,12.034455299377441,-99.099,0.55,0.535,0.094,0.097,9.821
4634927,4.05,0.6,4.12,0.72,55.53,1.1526044607162476,3.401118040084839,0.5650315880775452,0.47644615173339844,10.170568466186523,-99.099,0.55,0.535,0.094,0.097,9.821
4634951,4.08,0.61,4.09,0.82,55.71,1.1361627578735352,3.409576416015625,0.768538773059845,0.29209262132644653,10.231620788574219,-99.099,0.55,0.535,0.094,0.097,9.821
4634993,4.09,0.61,4.09,0.82,56.04,1.1029480695724487,3.4254229068756104,0.9241618514060974,0.5494692921638489,10.919954299926758,-99.099,0.55,0.535,0.094,0.097,9.821
4635034,4.09,0.6,4.09,0.82,56.34,1.0714033842086792,3.4382569789886475,-0.363918662071228,0.8140285611152649,9.581595420837402,-99.099,0.55,0.535,0.094,0.097,9.821
4635076,4.1,0.6,4.09,0.82,56.66,1.0381046533584595,3.4498891830444336,-1.01753568649292,0.5949591398239136,10.229227066040039,-99.099,0.55,0.535,0.094,0.097,9.821
4635118,4.11,0.59,4.09,0.82,56.96,1.0050822496414185,3.4584436416625977,1.4484920501708984,0.6572083830833435,9.898826599121094,-99.099,0.55,0.535,0.094,0.097,9.821
4635260,4.09,0.6,4.12,0.72,57.9,0.9097176790237427,3.4556877613067627,-1.0199298858642578,0.19273324310779572,10.350133895874023,-99.099,0.55,0.535,0.094,0.097,9.821
4635302,4.1,0.6,4.12,0.72,58.18,0.8965120315551758,3.443228244781494,-1.0091559886932373,0.26096799969673157,11.05522632598877,-99.099,0.55,0.535,0.094,0.097,9.821
4635340,4.08,0.61,4.11,0.75,58.4,0.8895108699798584,3.4294748306274414,1.437718152999878,0.6105214357376099,10.326191902160645,-99.099,0.55,0.535,0.094,0.097,9.821
4635383,4.09,0.6,4.11,0.75,58.67,0.8796984553337097,3.405766248703003,1.4449007511138916,0.48722004890441895,10.040084838867188,-99.099,0.55,0.535,0.094,0.097,9.821
4635425,4.1,0.6,4.11,0.75,58.91,0.8666373491287231,3.379199266433716,0.011971008032560349,0.7697358727455139,10.093954086303711,-99.099,0.55,0.535,0.094,0.097,9.821
4635447,4.1,0.6,4.11,0.75,59.04,0.8574612140655518,3.3627147674560547,-0.46806642413139343,0.15442600846290588,10.83974838256836,-99.099,0.55,0.535,0.094,0.097,9.821
4635490,4.11,0.59,4.11,0.75,59.27,0.8376839756965637,3.327193021774292,-0.6859387755393982,0.7110779285430908,10.11669921875,-99.099,0.55,0.535,0.094,0.097,9.821
4635532,4.12,0.59,4.11,0.75,59.5,0.8195705413818359,3.2916407585144043,0.8906430602073669,0.45010992884635925,10.049661636352539,-99.099,0.55,0.535,0.094,0.097,9.821
4635556,4.13,0.61,4.17,0.84,59.61,0.8105572462081909,3.2726402282714844,0.9457096457481384,0.20350714027881622,9.81024169921875,-99.099,0.55,0.535,0.094,0.097,9.821
4635598,4.14,0.61,4.17,0.84,59.83,0.7901537418365479,3.2352614402770996,1.2306196689605713,0.3603273630142212,10.771512985229492,-99.099,0.55,0.535,0.094,0.097,9.821
4635641,4.15,0.61,4.17,0.84,60.04,0.7637664675712585,3.201505184173584,0.9014169573783875,1.0462661981582642,10.773907661437988,-99.099,0.55,0.535,0.094,0.097,9.821
4635663,4.16,0.61,4.17,0.84,60.14,0.7469056844711304,3.1857850551605225,-0.19871874153614044,0.5829881429672241,9.582792282104492,-99.099,0.55,0.535,0.094,0.097,9.821
4635707,4.17,0.6,4.17,0.84,60.34,0.7109193801879883,3.1594057083129883,-0.7649474143981934,0.4800374507904053,9.186552047729492,-99.099,0.55,0.535,0.094,0.097,9.821
4635746,4.18,0.61,4.17,0.84,60.5,0.6775204539299011,3.1394262313842773,0.4967968463897705,0.29807811975479126,9.623494148254395,-99.099,0.55,0.535,0.094,0.097,9.821
4635789,4.2,0.61,4.17,0.84,60.68,0.6361645460128784,3.1197006702423096,0.4010287821292877,0.727837324142456,10.144232749938965,-99.099,0.55,0.535,0.094,0.097,9.821
4635831,4.21,0.61,4.17,0.84,60.84,0.5960427522659302,3.104658842086792,-0.0586579404771328,0.8619126081466675,10.156203269958496,-99.099,0.55,0.535,0.094,0.097,9.821
4635856,4.18,0.63,4.18,0.89,60.92,0.5741605758666992,3.098351001739502,0.152031809091568,0.5662286877632141,10.137049674987793,-99.099,0.55,0.535,0.094,0.097,9.821
4635899,4.19,0.63,4.18,0.89,61.07,0.5288591384887695,3.0885839462280273,0.026336219161748886,0.7122750282287598,10.157401084899902,-99.099,0.55,0.535,0.094,0.097,9.821
4635941,4.18,0.65,4.18,0.8,61.2,0.4904060959815979,3.0827629566192627,0.0802057534456253,0.6308721303939819,10.15141487121582,-99.099,0.55,0.535,0.094,0.097,9.821
4635983,4.19,0.65,4.18,0.8,61.31,0.45023250579833984,3.0790345668792725,0.10534487664699554,0.6584054827690125,10.128670692443848,-99.099,0.55,0.535,0.094,0.097,9.821
4636025,4.2,0.65,4.18,0.8,61.42,0.4143815040588379,3.07767653465271,0.09576806426048279,0.6560112833976746,10.140641212463379,-99.099,0.55,0.535,0.094,0.097,9.821
4636050,4.16,0.67,4.14,0.81,61.47,0.3966802954673767,3.078014612197876,0.08140286058187485,0.6320692300796509,10.15141487121582,-99.099,0.55,0.535,0.094,0.097,9.821
4636093,4.17,0.67,4.14,0.81,61.56,0.36314985156059265,3.0805323123931885,0.09576806426048279,0.6751648783683777,10.131064414978027,-99.099,0.55,0.535,0.094,0.097,9.821
4636136,4.17,0.64,4.14,0.75,61.64,0.336329847574234,3.0840559005737305,0.10893617570400238,0.6344634294509888,10.156203269958496,-99.099,0.55,0.535,0.094,0.097,9.821
4636178,4.18,0.64,4.14,0.75,61.7,0.31105610728263855,3.0888895988464355,0.10055647045373917,0.6416460275650024,10.14902114868164,-99.099,0.55,0.535,0.094,0.097,9.821
4636220,4.19,0.65,4.14,0.75,61.76,0.2902413606643677,3.0942578315734863,0.08619125932455063,0.6404489278793335,10.14902114868164,-99.099,0.55,0.535,0.094,0.097,9.821
4636252,4.18,0.65,4.15,0.88,61.79,0.27752214670181274,3.0985586643218994,0.09576806426048279,0.6416460275650024,10.157401084899902,-99.099,0.55,0.535,0.094,0.097,9.821
4636294,4.19,0.65,4.15,0.88,61.83,0.2622344493865967,3.1052801609039307,0.08858546614646912,0.6703764796257019,10.156203269958496,-99.099,0.55,0.535,0.094,0.097,9.821
4636334,4.2,0.65,4.15,0.88,61.86,0.2514371871948242,3.1114981174468994,0.09576806426048279,0.669179379940033,10.14782428741455,-99.099,0.55,0.535,0.094,0.097,9.821
4636376,4.21,0.65,4.15,0.88,61.89,0.24248866736888885,3.1184961795806885,0.07302315533161163,0.6320692300796509,10.160991668701172,-99.099,0.55,0.535,0.094,0.097,9.821
4636418,4.22,0.65,4.15,0.88,61.91,0.23644524812698364,3.125357151031494,0.090979665517807,0.646434485912323,10.137049674987793,-99.099,0.55,0.535,0.094,0.097,9.821
4636447,4.22,0.66,4.15,0.88,61.92,0.23401574790477753,3.1299514770507812,0.1041477769613266,0.6272808313369751,10.152612686157227,-99.099,0.55,0.535,0.094,0.097,9.821
4636489,4.23,0.66,4.15,0.88,61.94,0.23263537883758545,3.136850595474243,0.09576806426048279,0.6488286852836609,10.155006408691406,-99.099,0.55,0.535,0.094,0.097,9.821
4636531,4.24,0.66,4.15,0.88,61.94,0.2333201915025711,3.1433820724487305,0.08858546614646912,0.6368576288223267,10.141838073730469,-99.099,0.55,0.535,0.094,0.097,9.821
4636553,4.24,0.66,4.15,0.88,61.95,0.23463386297225952,3.1467344760894775,0.09696517139673233,0.6356605291366577,10.14902114868164,-99.099,0.55,0.535,0.094,0.097,9.821
4636596,4.25,0.66,4.15,0.88,61.95,0.23897115886211395,3.152949333190918,0.08619125932455063,0.6416460275650024,10.15021800994873,-99.099,0.55,0.535,0.094,0.097,9.821
4636638,4.26,0.66,4.15,0.88,61.94,0.2446800172328949,3.1586551666259766,0.0933738648891449,0.6524199843406677,10.14902114868164,-99.099,0.55,0.535,0.094,0.097,9.821
4636660,4.27,0.66,4.15,0.88,61.94,0.2483738511800766,3.161497116088867,0.08619125932455063,0.6392518281936646,10.134655952453613,-99.099,0.55,0.535,0.094,0.097,9.821
4636702,4.28,0.67,4.15,0.88,61.94,0.2566230893135071,3.1664881706237793,0.08140286058187485,0.6344634294509888,10.146626472473145,-99.099,0.55,0.535,0.094,0.097,9.821
4636744,4.29,0.67,4.15,0.88,61.93,0.2658303678035736,3.1710257530212402,0.08379705995321274,0.6428431272506714,10.132261276245117,-99.099,0.55,0.535,0.094,0.097,9.821
4636766,4.29,0.67,4.15,0.88,61.92,0.2711212635040283,3.1732099056243896,0.08379705995321274,0.6404489278793335,10.14902114868164,-99.099,0.55,0.535,0.094,0.097,9.821
4636810,4.3,0.67,4.15,0.88,61.91,0.2822245955467224,3.1769843101501465,0.10055647045373917,0.6380547285079956,10.145429611206055,-99.099,0.55,0.535,0.094,0.097,9.821
4636840,4.2,0.62,4.08,0.51,61.91,0.28986895084381104,3.1791884899139404,0.09696517139673233,0.6536170840263367,10.132261276245117,-99.099,0.55,0.535,0.094,0.097,9.821
4636883,4.2,0.62,4.08,0.51,61.89,0.30290448665618896,3.182297706604004,0.090979665517807,0.6320692300796509,10.146626472473145,-99.099,0.55,0.535,0.094,0.097,9.821
4636925,4.21,0.62,4.08,0.51,61.88,0.31510379910469055,3.184729814529419,0.06823474913835526,0.646434485912323,10.17296314239502,-99.099,0.55,0.535,0.094,0.097,9.821
4636949,4.19,0.62,4.14,0.88,61.88,0.32166969776153564,3.1858320236206055,0.07661445438861847,0.6272808313369751,10.15141487121582,-99.099,0.55,0.535,0.094,0.097,9.821
4636991,4.19,0.62,4.14,0.88,61.86,0.33506613969802856,3.1876251697540283,0.08499415963888168,0.6236895322799683,10.144232749938965,-99.099,0.55,0.535,0.094,0.097,9.821
4637033,4.19,0.62,4.14,0.88,61.85,0.34797972440719604,3.189013957977295,0.07182604819536209,0.6596025824546814,10.163386344909668,-99.099,0.55,0.535,0.094,0.097,9.821
4637057,4.19,0.64,4.14,0.85,61.85,0.35483089089393616,3.189607858657837,0.07422025501728058,0.629675030708313,10.133459091186523,-99.099,0.55,0.535,0.094,0.097,9.821
4637099,4.19,0.64,4.14,0.85,61.84,0.36858174204826355,3.190464735031128,0.09696517139673233,0.6512228846549988,10.122684478759766,-99.099,0.55,0.535,0.094,0.097,9.821
4637141,4.19,0.64,4.14,0.85,61.83,0.3816186189651489,3.1910324096679688,0.10055647045373917,0.6272808313369751,10.14902114868164,-99.099,0.55,0.535,0.094,0.097,9.821
4637165,4.17,0.67,4.14,0.81,61.82,0.388429194688797,3.1912269592285156,0.09217676520347595,0.6488286852836609,10.140641212463379,-99.099,0.55,0.535,0.094,0.097,9.821
4637207,4.17,0.67,4.14,0.81,61.81,0.4019302427768707,3.1913535594940186,0.07541735470294952,0.6344634294509888,10.155006408691406,-99.099,0.55,0.535,0.094,0.097,9.821
4637236,4.17,0.67,4.14,0.81,61.81,0.410427451133728,3.191314220428467,0.08379705995321274,0.6392518281936646,10.137049674987793,-99.099,0.55,0.535,0.094,0.097,9.821
4637277,4.17,0.67,4.14,0.81,61.8,0.42299705743789673,3.1910269260406494,0.06224924325942993,0.6392518281936646,10.15141487121582,-99.099,0.55,0.535,0.094,0.097,9.821
4637320,4.17,0.67,4.14,0.81,61.79,0.4353238344192505,3.1905572414398193,0.090979665517807,0.6320692300796509,10.139444351196289,-99.099,0.55,0.535,0.094,0.097,9.821
4637353,4.16,0.7,4.16,0.88,61.79,0.4445347189903259,3.1900806427001953,0.090979665517807,0.6440402865409851,10.141838073730469,-99.099,0.55,0.535,0.094,0.097,9.821
4637395,4.16,0.7,4.16,0.88,61.78,0.4568852186203003,3.1892549991607666,0.06464344263076782,0.646434485912323,10.141838073730469,-99.099,0.55,0.535,0.094,0.097,9.821
4637438,4.16,0.71,4.16,0.88,61.77,0.46832263469696045,3.188371419906616,0.08379705995321274,0.6320692300796509,10.153809547424316,-99.099,0.55,0.535,0.094,0.097,9.821
4637462,4.14,0.7,4.16,0.77,61.77,0.47442492842674255,3.1878538131713867,0.09576806426048279,0.6368576288223267,10.146626472473145,-99.099,0.55,0.535,0.094,0.097,9.821
4637504,4.14,0.71,4.16,0.77,61.77,0.4857555627822876,3.186753273010254,0.0933738648891449,0.6200982332229614,10.155006408691406,-99.099,0.55,0.535,0.094,0.097,9.821
4637538,4.14,0.71,4.12,0.83,61.76,0.49371349811553955,3.185899496078491,0.09576806426048279,0.6224924325942993,10.140641212463379,-99.099,0.55,0.535,0.094,0.097,9.821
4637580,4.14,0.71,4.12,0.83,61.76,0.5042759776115417,3.184598445892334,0.090979665517807,0.6332663297653198,10.15141487121582,-99.099,0.55,0.535,0.094,0.097,9.821
4637622,4.14,0.72,4.12,0.83,61.76,0.5139564871788025,3.1832544803619385,0.08858546614646912,0.6320692300796509,10.155006408691406,-99.099,0.55,0.535,0.094,0.097,9.821
4637654,4.14,0.72,4.12,0.83,61.76,0.5208278894424438,3.1821999549865723,0.09217676520347595,0.6368576288223267,10.14782428741455,-99.099,0.55,0.535,0.094,0.097,9.821
4637696,4.14,0.72,4.12,0.83,61.75,0.5300027132034302,3.180643320083618,0.1041477769613266,0.6153098344802856,10.133459091186523,-99.099,0.55,0.535,0.094,0.097,9.821
4637738,4.14,0.72,4.12,0.83,61.75,0.5385837554931641,3.1790590286254883,0.08259996026754379,0.6332663297653198,10.170568466186523,-99.099,0.55,0.535,0.094,0.097,9.821
4637763,4.13,0.67,4.14,0.63,61.75,0.5430967211723328,3.1781675815582275,0.08379705995321274,0.6392518281936646,10.163386344909668,-99.099,0.55,0.535,0.094,0.097,9.821
4637805,4.13,0.68,4.14,0.63,61.75,0.551470160484314,3.1763954162597656,0.08858546614646912,0.6212953329086304,10.160991668701172,-99.099,0.55,0.535,0.094,0.097,9.821
4637847,4.14,0.69,4.17,0.83,61.75,0.5588055849075317,3.174734354019165,0.08379705995321274,0.6248866319656372,10.133459091186523,-99.099,0.55,0.535,0.094,0.097,9.821
4637889,4.14,0.69,4.17,0.83,61.75,0.5665968656539917,3.172863245010376,0.09457096457481384,0.646434485912323,10.146626472473145,-99.099,0.55,0.535,0.094,0.097,9.821
4637931,4.14,0.7,4.17,0.83,61.75,0.5737472772598267,3.1710968017578125,0.08978256583213806,0.6380547285079956,10.17296314239502,-99.099,0.55,0.535,0.094,0.097,9.821
4637955,4.12,0.66,4.14,0.84,61.75,0.577350914478302,3.170186996459961,0.08379705995321274,0.6440402865409851,10.156203269958496,-99.099,0.55,0.535,0.094,0.097,9.821
4637997,4.11,0.66,4.14,0.84,61.75,0.5843818783760071,3.1683285236358643,0.09816227108240128,0.629675030708313,10.139444351196289,-99.099,0.55,0.535,0.094,0.097,9.821
4638039,4.11,0.66,4.14,0.84,61.75,0.5908558368682861,3.1665477752685547,0.090979665517807,0.6428431272506714,10.146626472473145,-99.099,0.55,0.535,0.094,0.097,9.821
4638061,4.11,0.66,4.14,0.84,61.75,0.5941253900527954,3.1656229496002197,0.08858546614646912,0.629675030708313,10.160991668701172,-99.099,0.55,0.535,0.094,0.097,9.821
4638104,4.11,0.67,4.14,0.84,61.75,0.6003759503364563,3.163837432861328,0.07900865375995636,0.6368576288223267,10.153809547424316,-99.099,0.55,0.535,0.094,0.097,9.821
4638141,4.11,0.67,4.12,0.77,61.75,0.6052837371826172,3.162447690963745,0.08259996026754379,0.6524199843406677,10.15141487121582,-99.099,0.55,0.535,0.094,0.097,9.821
4638183,4.1,0.67,4.12,0.77,61.75,0.6112632751464844,3.1607980728149414,0.09576806426048279,0.6308721303939819,10.146626472473145,-99.099,0.55,0.535,0.094,0.097,9.821
4638225,4.1,0.68,4.12,0.77,61.75,0.6167811155319214,3.159334897994995,0.08140286058187485,0.6416460275650024,10.170568466186523,-99.099,0.55,0.535,0.094,0.097,9.821
4638247,4.1,0.68,4.12,0.77,61.75,0.6195744276046753,3.158632755279541,0.08619125932455063,0.6404489278793335,10.144232749938965,-99.099,0.55,0.535,0.094,0.097,9.821
4638290,4.1,0.68,4.12,0.77,61.75,0.6249873638153076,3.1573874950408936,0.08499415963888168,0.629675030708313,10.155006408691406,-99.099,0.55,0.535,0.094,0.097,9.821
4638332,4.09,0.68,4.12,0.77,61.75,0.6301596760749817,3.156325340270996,0.090979665517807,0.6320692300796509,10.164583206176758,-99.099,0.55,0.535,0.094,0.097,9.821
4638356,4.1,0.69,4.13,0.82,61.75,0.6327999234199524,3.155844211578369,0.07541735470294952,0.6141127347946167,10.164583206176758,-99.099,0.55,0.535,0.094,0.097,9.821
4638398,4.1,0.7,4.13,0.82,61.75,0.6380871534347534,3.1548912525177,0.07781155407428741,0.6619967818260193,10.160991668701172,-99.099,0.55,0.535,0.094,0.097,9.821
4638440,4.1,0.7,4.13,0.82,61.75,0.6430652737617493,3.154022455215454,0.09935937076807022,0.6320692300796509,10.159794807434082,-99.099,0.55,0.535,0.094,0.097,9.821
4638464,4.11,0.66,4.16,0.83,61.75,0.6456236243247986,3.1536026000976562,0.07541735470294952,0.6404489278793335,10.146626472473145,-99.099,0.55,0.535,0.094,0.097,9.821
4638506,4.1,0.66,4.16,0.83,61.75,0.6507472395896912,3.1527881622314453,0.08858546614646912,0.629675030708313,10.1382474899292,-99.099,0.55,0.535,0.094,0.097,9.821
4638541,4.12,0.66,4.15,0.75,61.75,0.6545127034187317,3.1522109508514404,0.07900865375995636,0.6320692300796509,10.1382474899292,-99.099,0.55,0.535,0.094,0.097,9.821
4638583,4.12,0.66,4.15,0.75,61.75,0.659491777420044,3.1514384746551514,0.08619125932455063,0.6392518281936646,10.162189483642578,-99.099,0.55,0.535,0.094,0.097,9.821
4638625,4.12,0.66,4.15,0.75,61.75,0.6641473770141602,3.1507375240325928,0.10055647045373917,0.6428431272506714,10.143035888671875,-99.099,0.55,0.535,0.094,0.097,9.821
4638647,4.12,0.66,4.15,0.75,61.75,0.666519820690155,3.1504018306732178,0.090979665517807,0.6368576288223267,10.153809547424316,-99.099,0.55,0.535,0.094,0.097,9.821
4638690,4.11,0.67,4.15,0.75,61.75,0.6711381673812866,3.1497581005096436,0.09217676520347595,0.6320692300796509,10.140641212463379,-99.099,0.55,0.535,0.094,0.097,9.821
4638733,4.11,0.67,4.15,0.75,61.75,0.6755454540252686,3.149158000946045,0.08619125932455063,0.6177040338516235,10.140641212463379,-99.099,0.55,0.535,0.094,0.097,9.821
4638754,4.11,0.67,4.15,0.75,61.75,0.6777829527854919,3.148862600326538,0.08619125932455063,0.6105214357376099,10.14902114868164,-99.099,0.55,0.535,0.094,0.097,9.821
4638797,4.11,0.67,4.15,0.75,61.75,0.682129442691803,3.1482276916503906,0.07661445438861847,0.6524199843406677,10.157401084899902,-99.099,0.55,0.535,0.094,0.097,9.821
4638839,4.11,0.67,4.15,0.75,61.75,0.6862612366676331,3.1475961208343506,0.09935937076807022,0.6368576288223267,10.158597946166992,-99.099,0.55,0.535,0.094,0.097,9.821
4638862,4.11,0.65,4.17,0.68,61.75,0.6883483529090881,3.1472742557525635,0.09217676520347595,0.6392518281936646,10.14902114868164,-99.099,0.55,0.535,0.094,0.097,9.821
4638906,4.11,0.65,4.17,0.68,61.75,0.6924993395805359,3.1465964317321777,0.07900865375995636,0.6356605291366577,10.14902114868164,-99.099,0.55,0.535,0.094,0.097,9.821
4638945,4.1,0.64,4.08,0.84,61.75,0.6959910988807678,3.1460061073303223,0.06224924325942993,0.6392518281936646,10.135852813720703,-99.099,0.55,0.535,0.094,0.097,9.821
4638987,4.1,0.64,4.08,0.84,61.75,0.6999951004981995,3.1452836990356445,0.08379705995321274,0.6248866319656372,10.163386344909668,-99.099,0.55,0.535,0.094,0.097,9.821
4639029,4.09,0.64,4.08,0.84,61.75,0.7037582397460938,3.1445510387420654,0.07541735470294952,0.629675030708313,10.14902114868164,-99.099,0.55,0.535,0.094,0.097,9.821
4639051,4.09,0.64,4.08,0.84,61.75,0.7056811451911926,3.1441521644592285,0.08978256583213806,0.6212953329086304,10.152612686157227,-99.099,0.55,0.535,0.094,0.097,9.821
4639094,4.09,0.64,4.08,0.84,61.75,0.7094848155975342,3.1432859897613525,0.09696517139673233,0.6380547285079956,10.15021800994873,-99.099,0.55,0.535,0.094,0.097,9.821
4639136,4.09,0.64,4.08,0.84,61.75,0.7131369113922119,3.142434597015381,0.08858546614646912,0.6308721303939819,10.143035888671875,-99.099,0.55,0.535,0.094,0.097,9.821
4639159,4.09,0.64,4.08,0.84,61.75,0.7150768637657166,3.141986131668091,0.09457096457481384,0.6476315855979919,10.153809547424316,-99.099,0.55,0.535,0.094,0.097,9.821
4639202,4.09,0.64,4.08,0.84,61.75,0.7187248468399048,3.141167163848877,0.07422025501728058,0.6356605291366577,10.159794807434082,-99.099,0.55,0.535,0.094,0.097,9.821
4639246,4.11,0.65,4.18,0.83,61.75,0.7222523093223572,3.140432357788086,0.09816227108240128,0.6631938815116882,10.152612686157227,-99.099,0.55,0.535,0.094,0.097,9.821
4639288,4.11,0.65,4.18,0.83,61.75,0.7259093523025513,3.139782428741455,0.08738835901021957,0.6548141837120056,10.158597946166992,-99.099,0.55,0.535,0.094,0.097,9.821
4639330,4.11,0.65,4.18,0.83,61.76,0.7293257117271423,3.139314889907837,0.090979665517807,0.6129156351089478,10.163386344909668,-99.099,0.55,0.535,0.094,0.097,9.821
4639355,4.09,0.68,4.13,0.78,61.76,0.7310545444488525,3.139152765274048,0.0802057534456253,0.6320692300796509,10.160991668701172,-99.099,0.55,0.535,0.094,0.097,9.821
4639398,4.09,0.68,4.13,0.78,61.76,0.734678328037262,3.138835906982422,0.10654197633266449,0.6428431272506714,10.141838073730469,-99.099,0.55,0.535,0.094,0.097,9.821
4639440,4.09,0.69,4.13,0.78,61.76,0.7378590703010559,3.138575553894043,0.10175357013940811,0.6476315855979919,10.139444351196289,-99.099,0.55,0.535,0.094,0.097,9.821
4639464,4.09,0.66,4.14,0.68,61.76,0.7394402623176575,3.138465166091919,0.07661445438861847,0.6392518281936646,10.165780067443848,-99.099,0.55,0.535,0.094,0.097,9.821
4639506,4.09,0.67,4.14,0.68,61.76,0.7425948977470398,3.138218402862549,0.08858546614646912,0.6105214357376099,10.132261276245117,-99.099,0.55,0.535,0.094,0.097,9.821
4639540,4.1,0.68,4.12,0.92,61.76,0.7447983622550964,3.1380553245544434,0.08619125932455063,0.6320692300796509,10.152612686157227,-99.099,0.55,0.535,0.094,0.097,9.821
4639582,4.09,0.68,4.12,0.92,61.76,0.7478058934211731,3.1378231048583984,0.0933738648891449,0.6416460275650024,10.153809547424316,-99.099,0.55,0.535,0.094,0.097,9.821
4639624,4.09,0.69,4.12,0.92,61.76,0.7505910396575928,3.137617826461792,0.1041477769613266,0.6476315855979919,10.144232749938965,-99.099,0.55,0.535,0.094,0.097,9.821
4639648,4.1,0.69,4.11,0.75,61.76,0.7519767880439758,3.137531042098999,0.08619125932455063,0.6416460275650024,10.141838073730469,-99.099,0.55,0.535,0.094,0.097,9.821
4639690,4.1,0.7,4.11,0.75,61.76,0.7547539472579956,3.1373443603515625,0.07422025501728058,0.6428431272506714,10.160991668701172,-99.099,0.55,0.535,0.094,0.097,9.821
4639732,4.1,0.7,4.11,0.75,61.76,0.7573263645172119,3.137204170227051,0.09696517139673233,0.6021417379379272,10.165780067443848,-99.099,0.55,0.535,0.094,0.097,9.821
4639754,4.1,0.7,4.11,0.75,61.76,0.7586065530776978,3.137160539627075,0.0933738648891449,0.6224924325942993,10.153809547424316,-99.099,0.55,0.535,0.094,0.097,9.821
4639797,4.09,0.71,4.11,0.75,61.76,0.7611128687858582,3.137040138244629,0.0933738648891449,0.6392518281936646,10.140641212463379,-99.099,0.55,0.535,0.094,0.097,9.821
4639839,4.08,0.7,4.15,0.73,61.76,0.7632837891578674,3.1369307041168213,0.0933738648891449,0.6344634294509888,10.156203269958496,-99.099,0.55,0.535,0.094,0.097,9.821
4639882,4.08,0.7,4.15,0.73,61.76,0.7657564878463745,3.136772394180298,0.08499415963888168,0.6272808313369751,10.152612686157227,-99.099,0.55,0.535,0.094,0.097,9.821
4639924,4.08,0.7,4.15,0.73,61.76,0.7678941488265991,3.1366074085235596,0.0933738648891449,0.6344634294509888,10.141838073730469,-99.099,0.55,0.535,0.094,0.097,9.821
4639946,4.07,0.71,4.15,0.73,61.76,0.7689289450645447,3.136522054672241,0.08379705995321274,0.6356605291366577,10.135852813720703,-99.099,0.55,0.535,0.094,0.097,9.821
4639988,4.07,0.71,4.15,0.73,61.76,0.7709037661552429,3.1363022327423096,0.0802057534456253,0.6512228846549988,10.125079154968262,-99.099,0.55,0.535,0.094,0.097,9.821
4640031,4.07,0.71,4.15,0.73,61.76,0.7728134393692017,3.1360702514648438,0.07182604819536209,0.6440402865409851,10.146626472473145,-99.099,0.55,0.535,0.094,0.097,9.821
4640072,4.07,0.72,4.15,0.73,61.76,0.7746865749359131,3.1358580589294434,0.08499415963888168,0.645237386226654,10.128670692443848,-99.099,0.55,0.535,0.094,0.097,9.821
4640115,4.07,0.72,4.15,0.73,61.76,0.7765370607376099,3.135693073272705,0.08140286058187485,0.6428431272506714,10.145429611206055,-99.099,0.55,0.535,0.094,0.097,9.821
4640141,4.06,0.71,4.13,0.8,61.76,0.7775914669036865,3.1356401443481445,0.08619125932455063,0.6512228846549988,10.134655952453613,-99.099,0.55,0.535,0.094,0.097,9.821
4640183,4.06,0.71,4.13,0.8,61.76,0.7795107364654541,3.1355910301208496,0.07182604819536209,0.6177040338516235,10.155006408691406,-99.099,0.55,0.535,0.094,0.097,9.821
4640225,4.06,0.72,4.13,0.8,61.76,0.781315267086029,3.135606288909912,0.08499415963888168,0.6153098344802856,10.137049674987793,-99.099,0.55,0.535,0.094,0.097,9.821
4640249,4.05,0.7,4.12,0.8,61.76,0.7822141647338867,3.135657548904419,0.09217676520347595,0.6368576288223267,10.170568466186523,-99.099,0.55,0.535,0.094,0.097,9.821
4640291,4.05,0.7,4.12,0.8,61.76,0.7840729355812073,3.1357734203338623,0.08858546614646912,0.6272808313369751,10.156203269958496,-99.099,0.55,0.535,0.094,0.097,9.821
4640333,4.05,0.7,4.12,0.8,61.76,0.7857882976531982,3.135920763015747,0.09457096457481384,0.646434485912323,10.144232749938965,-99.099,0.55,0.535,0.094,0.097,9.821
4640356,4.05,0.71,4.12,0.8,61.76,0.7866635322570801,3.1360321044921875,0.10175357013940811,0.6224924325942993,10.129867553710938,-99.099,0.55,0.535,0.094,0.097,9.821
4640399,4.04,0.71,4.12,0.8,61.76,0.7883327007293701,3.1362106800079346,0.09576806426048279,0.6236895322799683,10.165780067443848,-99.099,0.55,0.535,0.094,0.097,9.821
4640438,4.04,0.71,4.12,0.8,61.76,0.7897465825080872,3.136356830596924,0.10295066982507706,0.6476315855979919,10.146626472473145,-99.099,0.55,0.535,0.094,0.097,9.821
4640480,4.04,0.72,4.12,0.8,61.76,0.7913283109664917,3.136484384536743,0.090979665517807,0.6416460275650024,10.177751541137695,-99.099,0.55,0.535,0.094,0.097,9.821
4640522,4.04,0.72,4.12,0.8,61.76,0.7928552627563477,3.1365911960601807,0.08379705995321274,0.6308721303939819,10.144232749938965,-99.099,0.55,0.535,0.094,0.097,9.821
4640544,4.04,0.73,4.12,0.8,61.76,0.7936149835586548,3.1366562843322754,0.07062894850969315,0.6368576288223267,10.15021800994873,-99.099,0.55,0.535,0.094,0.097,9.821
4640586,4.03,0.73,4.12,0.8,61.76,0.7951600551605225,3.136744260787964,0.1173158809542656,0.6332663297653198,10.163386344909668,-99.099,0.55,0.535,0.094,0.097,9.821
4640628,4.03,0.74,4.12,0.8,61.76,0.7966899871826172,3.136824369430542,0.09217676520347595,0.6512228846549988,10.14902114868164,-99.099,0.55,0.535,0.094,0.097,9.821
4640652,4.06,0.72,4.13,0.83,61.76,0.7974420785903931,3.13687801361084,0.09457096457481384,0.6344634294509888,10.17296314239502,-99.099,0.55,0.535,0.094,0.097,9.821
4640694,4.06,0.73,4.13,0.83,61.76,0.7990162372589111,3.136937379837036,0.08858546614646912,0.6320692300796509,10.155006408691406,-99.099,0.55,0.535,0.094,0.097,9.821
4640736,4.05,0.73,4.13,0.83,61.76,0.8004703521728516,3.136990547180176,0.10055647045373917,0.646434485912323,10.156203269958496,-99.099,0.55,0.535,0.094,0.097,9.821
4640759,4.05,0.73,4.13,0.83,61.76,0.801201581954956,3.1370387077331543,0.10175357013940811,0.6392518281936646,10.152612686157227,-99.099,0.55,0.535,0.094,0.097,9.821
4640802,4.05,0.74,4.13,0.83,61.76,0.8025847673416138,3.137139081954956,0.08978256583213806,0.6320692300796509,10.166977882385254,-99.099,0.55,0.535,0.094,0.097,9.821
4640836,4.04,0.74,4.12,0.84,61.76,0.8035401701927185,3.137258529663086,0.07062894850969315,0.6416460275650024,10.146626472473145,-99.099,0.55,0.535,0.094,0.097,9.821
4640878,4.04,0.74,4.12,0.84,61.76,0.8048776388168335,3.137449026107788,0.08379705995321274,0.6512228846549988,10.168174743652344,-99.099,0.55,0.535,0.094,0.097,9.821
4640920,4.03,0.75,4.12,0.84,61.76,0.8061034083366394,3.1376709938049316,0.09935937076807022,0.6416460275650024,10.163386344909668,-99.099,0.55,0.535,0.094,0.097,9.821
4640951,4.03,0.75,4.12,0.84,61.76,0.8069103360176086,3.1378631591796875,0.08858546614646912,0.6536170840263367,10.155006408691406,-99.099,0.55,0.535,0.094,0.097,9.821
4640993,4.03,0.76,4.12,0.84,61.76,0.8080651760101318,3.138148546218872,0.08738835901021957,0.6416460275650024,10.160991668701172,-99.099,0.55,0.535,0.094,0.097,9.821
4641035,4.03,0.76,4.12,0.84,61.76,0.8091331124305725,3.138477087020874,0.08259996026754379,0.6560112833976746,10.14902114868164,-99.099,0.55,0.535,0.094,0.097,9.821
4641060,4.08,0.74,4.17,0.83,61.76,0.8096513748168945,3.138704776763916,0.08259996026754379,0.6416460275650024,10.158597946166992,-99.099,0.55,0.535,0.094,0.097,9.821
4641102,4.08,0.75,4.17,0.83,61.76,0.8107348084449768,3.1391775608062744,0.07781155407428741,0.645237386226654,10.164583206176758,-99.099,0.55,0.535,0.094,0.097,9.821
4641144,4.08,0.76,4.17,0.83,61.76,0.8118072152137756,3.1396737098693848,0.07661445438861847,0.6404489278793335,10.170568466186523,-99.099,0.55,0.535,0.094,0.097,9.821
4641166,4.08,0.76,4.17,0.83,61.76,0.8123575448989868,3.139970302581787,0.090979665517807,0.6500257849693298,10.146626472473145,-99.099,0.55,0.535,0.094,0.097,9.821
4641208,4.08,0.76,4.17,0.83,61.76,0.8135701417922974,3.1405229568481445,0.090979665517807,0.6260837316513062,10.163386344909668,-99.099,0.55,0.535,0.094,0.097,9.821
4641243,4.07,0.74,4.08,0.82,61.76,0.8145531415939331,3.140979290008545,0.08619125932455063,0.6320692300796509,10.176554679870605,-99.099,0.55,0.535,0.094,0.097,9.821
4641285,4.07,0.75,4.08,0.82,61.76,0.8159959316253662,3.1415774822235107,0.1041477769613266,0.6368576288223267,10.15141487121582,-99.099,0.55,0.535,0.094,0.097,9.821
4641327,4.07,0.75,4.08,0.82,61.76,0.8174160122871399,3.14214825630188,0.10295066982507706,0.646434485912323,10.145429611206055,-99.099,0.55,0.535,0.094,0.097,9.821
4641351,4.1,0.73,4.15,0.87,61.76,0.8181406855583191,3.142462730407715,0.09576806426048279,0.6631938815116882,10.17416000366211,-99.099,0.55,0.535,0.094,0.097,9.821
4641393,4.1,0.73,4.15,0.87,61.76,0.819717526435852,3.143033981323242,0.08858546614646912,0.6212953329086304,10.17296314239502,-99.099,0.55,0.535,0.094,0.097,9.821
4641435,4.1,0.74,4.15,0.87,61.76,0.8212348818778992,3.1435704231262207,0.08140286058187485,0.6631938815116882,10.140641212463379,-99.099,0.55,0.535,0.094,0.097,9.821
4641461,4.11,0.73,4.11,0.87,61.76,0.8220372200012207,3.1438846588134766,0.08259996026754379,0.6392518281936646,10.163386344909668,-99.099,0.55,0.535,0.094,0.097,9.821
4641504,4.11,0.74,4.11,0.87,61.76,0.823775589466095,3.14448881149292,0.090979665517807,0.6356605291366577,10.176554679870605,-99.099,0.55,0.535,0.094,0.097,9.821
4641546,4.11,0.74,4.11,0.87,61.76,0.8253673315048218,3.1450464725494385,0.08619125932455063,0.6272808313369751,10.17296314239502,-99.099,0.55,0.535,0.094,0.097,9.821
4641570,4.12,0.72,4.16,0.9,61.76,0.8261756300926208,3.1453588008880615,0.07541735470294952,0.6428431272506714,10.141838073730469,-99.099,0.55,0.535,0.094,0.097,9.821
4641612,4.12,0.72,4.16,0.9,61.76,0.8279412388801575,3.1459522247314453,0.09576806426048279,0.6404489278793335,10.164583206176758,-99.099,0.55,0.535,0.094,0.097,9.821
4641643,4.11,0.72,4.08,0.83,61.76,0.8290836215019226,3.146361827850342,0.08858546614646912,0.628477931022644,10.155006408691406,-99.099,0.55,0.535,0.094,0.097,9.821
4641685,4.11,0.73,4.08,0.83,61.76,0.8308722972869873,3.146944522857666,0.08858546614646912,0.629675030708313,10.163386344909668,-99.099,0.55,0.535,0.094,0.097,9.821
4641727,4.11,0.73,4.08,0.83,61.76,0.8325350880622864,3.1474831104278564,0.08499415963888168,0.6392518281936646,10.165780067443848,-99.099,0.55,0.535,0.094,0.097,9.821
4641749,4.11,0.73,4.08,0.83,61.76,0.833348274230957,3.147771120071411,0.07900865375995636,0.6248866319656372,10.162189483642578,-99.099,0.55,0.535,0.094,0.097,9.821
4641791,4.11,0.74,4.08,0.83,61.76,0.8349673748016357,3.1482393741607666,0.08379705995321274,0.6236895322799683,10.160991668701172,-99.099,0.55,0.535,0.094,0.097,9.821
4641833,4.11,0.74,4.08,0.83,61.76,0.8365685343742371,3.1486406326293945,0.08140286058187485,0.646434485912323,10.140641212463379,-99.099,0.55,0.535,0.094,0.097,9.821
4641855,4.11,0.75,4.08,0.83,61.76,0.837360680103302,3.1488373279571533,0.08259996026754379,0.6177040338516235,10.170568466186523,-99.099,0.55,0.535,0.094,0.097,9.821
4641897,4.11,0.75,4.08,0.83,61.76,0.8389809727668762,3.1491127014160156,0.08619125932455063,0.6404489278793335,10.153809547424316,-99.099,0.55,0.535,0.094,0.097,9.821
4641941,4.11,0.72,4.15,0.74,61.76,0.8406283855438232,3.1492960453033447,0.0802057534456253,0.6392518281936646,10.152612686157227,-99.099,0.55,0.535,0.094,0.097,9.821
4641983,4.11,0.72,4.15,0.74,61.76,0.8423795104026794,3.1493849754333496,0.07541735470294952,0.6488286852836609,10.178948402404785,-99.099,0.55,0.535,0.094,0.097,9.821
4642025,4.11,0.73,4.15,0.74,61.76,0.8440514802932739,3.149405002593994,0.08499415963888168,0.6488286852836609,10.188525199890137,-99.099,0.55,0.535,0.094,0.097,9.821
4642049,4.13,0.71,4.1,0.82,61.76,0.8448930978775024,3.149402618408203,0.07661445438861847,0.6308721303939819,10.17416000366211,-99.099,0.55,0.535,0.094,0.097,9.821
4642091,4.13,0.72,4.1,0.82,61.76,0.8466814756393433,3.14932918548584,0.09935937076807022,0.6332663297653198,10.164583206176758,-99.099,0.55,0.535,0.094,0.097,9.821
4642133,4.13,0.72,4.1,0.82,61.76,0.8483381867408752,3.1492419242858887,0.1041477769613266,0.6416460275650024,10.160991668701172,-99.099,0.55,0.535,0.094,0.097,9.821
4642158,4.12,0.7,4.14,0.78,61.76,0.8491743206977844,3.149200439453125,0.08619125932455063,0.6404489278793335,10.1753568649292,-99.099,0.55,0.535,0.094,0.097,9.821
4642200,4.12,0.7,4.14,0.78,61.76,0.8507781028747559,3.14906644821167,0.07182604819536209,0.6320692300796509,10.176554679870605,-99.099,0.55,0.535,0.094,0.097,9.821
4642242,4.12,0.7,4.14,0.78,61.76,0.8522301316261292,3.14892315864563,0.09696517139673233,0.6344634294509888,10.15141487121582,-99.099,0.55,0.535,0.094,0.097,9.821
4642266,4.1,0.67,4.16,0.87,61.76,0.8529180288314819,3.148858070373535,0.08858546614646912,0.6536170840263367,10.164583206176758,-99.099,0.55,0.535,0.094,0.097,9.821
4642309,4.1,0.67,4.16,0.87,61.75,0.8543447852134705,3.148723840713501,0.07661445438861847,0.6356605291366577,10.168174743652344,-99.099,0.55,0.535,0.094,0.097,9.821
4642340,4.1,0.67,4.16,0.87,61.75,0.8552827835083008,3.148669719696045,0.07661445438861847,0.6129156351089478,10.1753568649292,-99.099,0.55,0.535,0.094,0.097,9.821
4642382,4.1,0.67,4.16,0.87,61.75,0.8566400408744812,3.1486103534698486,0.06703764945268631,0.6308721303939819,10.162189483642578,-99.099,0.55,0.535,0.094,0.097,9.821
4642424,4.11,0.68,4.16,0.87,61.75,0.8579760789871216,3.148578643798828,0.08738835901021957,0.6272808313369751,10.186131477355957,-99.099,0.55,0.535,0.094,0.097,9.821
4642448,4.1,0.67,4.15,0.82,61.75,0.8586392998695374,3.1485865116119385,0.0802057534456253,0.6224924325942993,10.178948402404785,-99.099,0.55,0.535,0.094,0.097,9.821
4642490,4.1,0.67,4.15,0.82,61.75,0.860083281993866,3.1485393047332764,0.07781155407428741,0.6260837316513062,10.166977882385254,-99.099,0.55,0.535,0.094,0.097,9.821
4642532,4.1,0.67,4.15,0.82,61.75,0.8614811301231384,3.148453712463379,0.07661445438861847,0.6332663297653198,10.17416000366211,-99.099,0.55,0.535,0.094,0.097,9.821
4642557,4.1,0.68,4.15,0.74,61.75,0.8622196316719055,3.1483988761901855,0.07661445438861847,0.6153098344802856,10.164583206176758,-99.099,0.55,0.535,0.094,0.097,9.821
4642599,4.1,0.68,4.15,0.74,61.75,0.8637361526489258,3.1482186317443848,0.090979665517807,0.6248866319656372,10.17296314239502,-99.099,0.55,0.535,0.094,0.097,9.821
