timestamp,ukfx,ukfy,trilx,trily,yaw1,pitch1,roll1,accx1,accy1,accz1,yaw2,pitch2,roll2,accx2,accy2,accz2
4777534,3.62,6.72,2.77,7.63,0.0,-1.0097941160202026,0.06470643728971481,0.08738835901021957,0.628477931022644,10.155006408691406,-103.181,0.671,0.774,0.134,0.118,9.819
4777576,3.62,6.72,2.77,7.63,0.0,-1.0016535520553589,0.08006247878074646,0.13048399984836578,0.6763619780540466,10.200496673583984,-103.181,0.671,0.774,0.134,0.118,9.819
4777616,3.62,6.73,2.77,7.63,0.0,-0.9705148935317993,0.13850612938404083,0.13766659796237946,0.6715735793113708,10.180145263671875,-103.181,0.671,0.776,0.133,0.112,9.826
4777657,3.62,6.73,2.77,7.63,0.0,-0.9376567006111145,0.2002193182706833,0.1388636976480484,0.6572083830833435,10.181343078613281,-103.181,0.671,0.776,0.133,0.112,9.826
4777699,3.62,6.73,2.77,7.63,0.0,-0.9054732322692871,0.26078400015830994,0.13527239859104156,0.6799532771110535,10.17416000366211,-103.182,0.671,0.776,0.133,0.118,9.819
4777721,3.62,6.73,2.77,7.63,0.0,-0.888800859451294,0.29234737157821655,0.1256955862045288,0.6787561774253845,10.169371604919434,-103.182,0.671,0.776,0.133,0.118,9.819
4777763,3.62,6.74,2.77,7.63,0.0,-0.8576350212097168,0.35126012563705444,0.11013327538967133,0.6727706789970398,10.190919876098633,-103.182,0.671,0.776,0.133,0.118,9.819
4777805,3.62,6.74,2.77,7.63,0.0,-0.8271009922027588,0.40913358330726624,0.1364694982767105,0.6572083830833435,10.17296314239502,-103.182,0.67,0.778,0.13,0.115,9.814
4777827,3.62,6.75,2.77,7.63,0.0,-0.8112821578979492,0.43932533264160156,0.1364694982767105,0.6823474764823914,10.189722061157227,-103.182,0.67,0.778,0.13,0.115,9.814
4777869,3.62,6.75,2.77,7.63,0.0,-0.7817192077636719,0.4957183003425598,0.1388636976480484,0.6703764796257019,10.196905136108398,-103.182,0.67,0.778,0.13,0.115,9.814
4777912,3.62,6.76,2.77,7.63,0.0,-0.7527700066566467,0.5511413216590881,0.1280897855758667,0.6787561774253845,10.190919876098633,-103.183,0.668,0.777,0.129,0.119,9.821
4777934,3.52,6.95,3.63,6.69,0.0,-0.7377778887748718,0.5800679922103882,0.11133038252592087,0.6548141837120056,10.181343078613281,-103.183,0.668,0.777,0.129,0.119,9.821
4777978,3.52,6.96,3.63,6.69,0.0,-0.7084176540374756,0.6366299390792847,0.11851298063993454,0.6703764796257019,10.176554679870605,-103.183,0.668,0.777,0.129,0.119,9.821
4778019,3.52,6.97,3.63,6.69,0.0,-0.6809370517730713,0.6897333264350891,0.14245499670505524,0.6512228846549988,10.1753568649292,-103.183,0.671,0.776,0.137,0.12,9.822
4778042,3.26,7.06,2.68,6.73,0.0,-0.6666914224624634,0.717451274394989,0.12090718746185303,0.667982280254364,10.200496673583984,-103.183,0.671,0.776,0.137,0.12,9.822
4778085,3.25,7.08,2.68,6.73,0.0,-0.6387863159179688,0.7716104984283447,0.1364694982767105,0.6799532771110535,10.1753568649292,-103.183,0.671,0.776,0.137,0.12,9.822
4778127,3.24,7.09,2.68,6.73,0.0,-0.6126893758773804,0.8224146962165833,0.1256955862045288,0.6775590777397156,10.190919876098633,-103.183,0.672,0.781,0.135,0.119,9.819
4778149,3.24,7.1,2.68,6.73,0.0,-0.5991741418838501,0.8489109873771667,0.13527239859104156,0.669179379940033,10.192116737365723,-103.183,0.672,0.781,0.135,0.119,9.819
4778191,3.23,7.12,2.68,6.73,0.0,-0.5738736987113953,0.8983452916145325,0.13407529890537262,0.6667851805686951,10.176554679870605,-103.184,0.67,0.778,0.129,0.115,9.816
4778227,3.29,7.08,3.64,6.68,0.0,-0.5537129640579224,0.9378132820129395,0.12928688526153564,0.6703764796257019,10.17296314239502,-103.184,0.67,0.778,0.129,0.115,9.816
4778269,3.29,7.1,3.64,6.68,0.0,-0.5281132459640503,0.9877402186393738,0.12689268589019775,0.6643909811973572,10.178948402404785,-103.184,0.67,0.778,0.129,0.115,9.816
4778312,3.29,7.11,3.64,6.68,0.0,-0.5041027665138245,1.0344939231872559,0.12689268589019775,0.6739677786827087,10.195708274841309,-103.184,0.672,0.773,0.123,0.116,9.817
4778333,3.28,7.12,3.64,6.68,0.0,-0.49163416028022766,1.058841347694397,0.12449848651885986,0.6775590777397156,10.200496673583984,-103.184,0.672,0.773,0.123,0.116,9.817
4778375,3.28,7.14,3.64,6.68,0.0,-0.46823981404304504,1.1042088270187378,0.12330138683319092,0.646434485912323,10.194510459899902,-103.184,0.672,0.773,0.123,0.116,9.817
4778413,3.28,7.15,3.64,6.68,0.0,-0.447981059551239,1.1434826850891113,0.1256955862045288,0.6799532771110535,10.188525199890137,-103.184,0.675,0.769,0.135,0.116,9.826
4778454,3.28,7.17,3.64,6.68,0.0,-0.4254538416862488,1.187044382095337,0.14484919607639313,0.6536170840263367,10.160991668701172,-103.184,0.675,0.769,0.135,0.116,9.826
4778496,3.27,7.19,3.64,6.68,0.0,-0.4034236967563629,1.2296316623687744,0.13287819921970367,0.6703764796257019,10.186131477355957,-103.185,0.673,0.77,0.136,0.117,9.819
4778519,3.27,7.2,3.64,6.68,0.0,-0.3920477330684662,1.2517493963241577,0.12689268589019775,0.6787561774253845,10.176554679870605,-103.185,0.673,0.77,0.136,0.117,9.819
4778561,3.27,7.22,3.64,6.68,0.0,-0.3703177571296692,1.2938885688781738,0.12330138683319092,0.6787561774253845,10.165780067443848,-103.185,0.673,0.77,0.136,0.117,9.819
4778603,3.27,7.24,3.64,6.68,0.0,-0.34957119822502136,1.3342604637145996,0.11611878126859665,0.6727706789970398,10.18493366241455,-103.185,0.673,0.767,0.128,0.122,9.821
4778626,3.36,7.06,3.62,6.68,0.0,-0.3388556241989136,1.3552870750427246,0.1364694982767105,0.669179379940033,10.164583206176758,-103.185,0.673,0.767,0.128,0.122,9.821
4778669,3.36,7.07,3.62,6.68,0.0,-0.3178722858428955,1.396265983581543,0.1256955862045288,0.6667851805686951,10.186131477355957,-103.185,0.673,0.767,0.128,0.122,9.821
4778711,3.37,7.08,3.62,6.68,0.0,-0.2982723116874695,1.4345965385437012,0.13407529890537262,0.6607996821403503,10.186131477355957,-103.185,0.674,0.768,0.135,0.126,9.819
4778733,3.37,7.09,3.62,6.68,0.0,-0.2881435453891754,1.4545365571975708,0.12330138683319092,0.6655880808830261,10.190919876098633,-103.185,0.674,0.768,0.135,0.126,9.819
4778775,3.37,7.1,3.62,6.68,0.0,-0.26919180154800415,1.4916540384292603,0.1280897855758667,0.6727706789970398,10.193313598632812,-103.185,0.674,0.768,0.135,0.126,9.819
4778817,3.38,7.11,3.62,6.68,0.0,-0.25066229701042175,1.5279873609542847,0.13527239859104156,0.6607996821403503,10.189722061157227,-103.186,0.677,0.771,0.141,0.122,9.817
4778839,3.38,7.12,3.62,6.68,0.0,-0.24110180139541626,1.546875,0.13407529890537262,0.6775590777397156,10.1753568649292,-103.186,0.677,0.771,0.141,0.122,9.817
4778881,3.38,7.13,3.62,6.68,0.0,-0.22324007749557495,1.5819987058639526,0.13766659796237946,0.6631938815116882,10.186131477355957,-103.186,0.677,0.771,0.141,0.122,9.817
4778923,3.39,7.15,3.62,6.68,0.0,-0.20578868687152863,1.616368055343628,0.14844051003456116,0.6524199843406677,10.20648193359375,-103.186,0.678,0.769,0.127,0.122,9.826
4778945,3.39,7.15,3.62,6.68,0.0,-0.19678543508052826,1.6342347860336304,0.12928688526153564,0.6655880808830261,10.1753568649292,-103.186,0.678,0.769,0.127,0.122,9.826
4778987,3.4,7.17,3.62,6.68,0.0,-0.1798929125070572,1.6674948930740356,0.12210428714752197,0.6775590777397156,10.190919876098633,-103.186,0.678,0.769,0.127,0.122,9.826
4779017,3.4,7.06,3.64,6.69,0.0,-0.16918152570724487,1.688666582107544,0.13048399984836578,0.6751648783683777,10.190919876098633,-103.186,0.681,0.77,0.133,0.118,9.822
4779060,3.4,7.07,3.64,6.69,0.0,-0.15128135681152344,1.7237772941589355,0.13287819921970367,0.6775590777397156,10.196905136108398,-103.186,0.681,0.77,0.133,0.118,9.822
4779102,3.41,7.09,3.64,6.69,0.0,-0.13527974486351013,1.7551904916763306,0.1388636976480484,0.6799532771110535,10.178948402404785,-103.188,0.678,0.771,0.131,0.111,9.822
4779127,3.44,7.03,3.64,6.71,0.0,-0.12701724469661713,1.7715339660644531,0.11611878126859665,0.6488286852836609,10.17176628112793,-103.188,0.678,0.771,0.131,0.111,9.822
4779169,3.44,7.04,3.64,6.71,0.0,-0.11045249551534653,1.8040999174118042,0.13048399984836578,0.6584054827690125,10.195708274841309,-103.188,0.678,0.771,0.131,0.111,9.822
4779211,3.45,7.05,3.64,6.71,0.0,-0.09530056267976761,1.8339500427246094,0.11851298063993454,0.6715735793113708,10.170568466186523,-103.188,0.678,0.774,0.132,0.123,9.824
4779233,3.45,7.05,3.64,6.71,0.0,-0.08746261149644852,1.8495157957077026,0.12330138683319092,0.6727706789970398,10.202890396118164,-103.188,0.678,0.774,0.132,0.123,9.824
4779275,3.46,7.07,3.64,6.71,0.0,-0.07271044701337814,1.8785542249679565,0.12210428714752197,0.6835445761680603,10.176554679870605,-103.188,0.678,0.774,0.132,0.123,9.824
4779317,3.43,7.04,3.63,6.68,0.0,-0.05889195576310158,1.9057420492172241,0.14604631066322327,0.6703764796257019,10.183736801147461,-103.188,0.676,0.773,0.138,0.117,9.819
4779359,3.44,7.05,3.63,6.68,0.0,-0.04397004842758179,1.9350329637527466,0.12928688526153564,0.6655880808830261,10.176554679870605,-103.188,0.676,0.773,0.138,0.117,9.819
4779401,3.44,7.06,3.63,6.68,0.0,-0.029997730627655983,1.9624756574630737,0.1173158809542656,0.6643909811973572,10.183736801147461,-103.189,0.676,0.775,0.133,0.114,9.821
4779423,3.45,7.07,3.63,6.68,0.0,-0.022772839292883873,1.9767826795578003,0.13048399984836578,0.6703764796257019,10.187328338623047,-103.189,0.676,0.775,0.133,0.114,9.821
4779465,3.45,7.08,3.63,6.68,0.0,-0.009201760403811932,2.0034737586975098,0.13766659796237946,0.6727706789970398,10.192116737365723,-103.189,0.676,0.775,0.133,0.114,9.821
4779507,3.46,7.09,3.63,6.68,0.0,0.004076065961271524,2.0296716690063477,0.12090718746185303,0.6835445761680603,10.20648193359375,-103.189,0.68,0.776,0.141,0.12,9.824
4779530,3.42,7.07,3.62,6.71,0.0,0.010920729488134384,2.0433309078216553,0.13048399984836578,0.6655880808830261,10.194510459899902,-103.189,0.68,0.776,0.141,0.12,9.824
4779573,3.43,7.09,3.62,6.71,0.0,0.024386776611208916,2.069976329803467,0.12928688526153564,0.6823474764823914,10.177751541137695,-103.189,0.68,0.776,0.141,0.12,9.824
4779615,3.43,7.1,3.62,6.71,0.0,0.03697562962770462,2.0949795246124268,0.1280897855758667,0.6631938815116882,10.176554679870605,-103.19,0.678,0.774,0.137,0.118,9.824
4779637,3.44,7.11,3.62,6.71,0.0,0.04347001761198044,2.108036518096924,0.12210428714752197,0.6607996821403503,10.180145263671875,-103.19,0.678,0.774,0.137,0.118,9.824
4779679,3.44,7.12,3.62,6.71,0.0,0.055692147463560104,2.132411479949951,0.1280897855758667,0.6607996821403503,10.17176628112793,-103.19,0.678,0.774,0.137,0.118,9.824
4779721,3.45,7.14,3.62,6.71,0.0,0.0677022635936737,2.1563491821289062,0.12928688526153564,0.6703764796257019,10.195708274841309,-103.19,0.678,0.774,0.131,0.115,9.819
4779743,3.45,7.14,3.62,6.71,0.0,0.07391275465488434,2.1688389778137207,0.11611878126859665,0.6607996821403503,10.192116737365723,-103.19,0.678,0.774,0.131,0.115,9.819
4779785,3.46,7.16,3.62,6.71,0.0,0.08561033755540848,2.1921181678771973,0.11611878126859665,0.6763619780540466,10.178948402404785,-103.19,0.678,0.774,0.131,0.115,9.819
4779814,3.46,7.17,3.62,6.71,0.0,0.0932895764708519,2.207488536834717,0.13048399984836578,0.6799532771110535,10.183736801147461,-103.19,0.677,0.778,0.144,0.119,9.824
4779856,3.47,7.19,3.62,6.71,0.0,0.10490377992391586,2.230539321899414,0.11133038252592087,0.6751648783683777,10.200496673583984,-103.19,0.677,0.778,0.144,0.119,9.824
4779898,3.48,7.2,3.62,6.71,0.0,0.11603337526321411,2.252628803253174,0.11971008777618408,0.6751648783683777,10.200496673583984,-103.191,0.674,0.775,0.133,0.123,9.826
4779920,3.48,7.21,3.62,6.71,0.0,0.12177632004022598,2.2641398906707764,0.13766659796237946,0.6560112833976746,10.183736801147461,-103.191,0.674,0.775,0.133,0.123,9.826
4779962,3.49,7.23,3.62,6.71,0.0,0.13256704807281494,2.2855799198150635,0.13527239859104156,0.6823474764823914,10.190919876098633,-103.191,0.674,0.775,0.133,0.123,9.826
4780004,3.5,7.25,3.62,6.71,0.0,0.143108069896698,2.3066234588623047,0.13407529890537262,0.669179379940033,10.178948402404785,-103.191,0.673,0.777,0.133,0.113,9.821
4780029,3.48,7.26,3.66,6.71,0.0,0.14852137863636017,2.3175997734069824,0.13527239859104156,0.6811503767967224,10.198101997375488,-103.191,0.673,0.777,0.133,0.113,9.821
4780071,3.49,7.28,3.66,6.71,0.0,0.15942345559597015,2.3394548892974854,0.11133038252592087,0.667982280254364,10.20528507232666,-103.191,0.673,0.777,0.133,0.113,9.821
4780113,3.5,7.3,3.66,6.71,0.0,0.16941113770008087,2.359452724456787,0.13168109953403473,0.6703764796257019,10.188525199890137,-103.192,0.675,0.778,0.128,0.125,9.819
4780136,3.48,7.26,3.59,6.75,0.0,0.1745695322751999,2.369861602783203,0.13168109953403473,0.669179379940033,10.183736801147461,-103.192,0.675,0.778,0.128,0.125,9.819
4780179,3.49,7.28,3.59,6.75,0.0,0.18478325009346008,2.390078544616699,0.13287819921970367,0.646434485912323,10.182539939880371,-103.192,0.675,0.778,0.128,0.125,9.819
4780221,3.5,7.3,3.59,6.75,0.0,0.19436226785182953,2.408928871154785,0.13527239859104156,0.6919242739677429,10.182539939880371,-103.192,0.674,0.781,0.132,0.118,9.826
4780244,3.5,7.31,3.59,6.75,0.0,0.19930490851402283,2.4187164306640625,0.14245499670505524,0.689530074596405,10.160991668701172,-103.192,0.674,0.781,0.132,0.118,9.826
4780286,3.51,7.33,3.59,6.75,0.0,0.20885434746742249,2.437340259552002,0.12330138683319092,0.6799532771110535,10.200496673583984,-103.192,0.674,0.781,0.132,0.118,9.826
4780324,3.55,7.47,3.65,7.77,0.0,0.21671292185783386,2.452686309814453,0.12928688526153564,0.6572083830833435,10.198101997375488,-103.193,0.678,0.778,0.129,0.124,9.821
4780367,3.56,7.49,3.65,7.77,0.0,0.22639770805835724,2.471386194229126,0.14006079733371735,0.6775590777397156,10.198101997375488,-103.193,0.678,0.778,0.129,0.124,9.821
4780409,3.57,7.52,3.65,7.77,0.0,0.23528192937374115,2.4884774684906006,0.13287819921970367,0.6584054827690125,10.193313598632812,-103.193,0.68,0.777,0.132,0.121,9.821
4780433,3.6,7.36,3.33,6.67,-0.01,0.23986853659152985,2.497368812561035,0.14245499670505524,0.646434485912323,10.176554679870605,-103.193,0.68,0.777,0.132,0.121,9.821
4780475,3.62,7.38,3.33,6.67,-0.01,0.2489681988954544,2.514650821685791,0.1256955862045288,0.6871358752250671,10.178948402404785,-103.193,0.68,0.777,0.132,0.121,9.821
4780517,3.63,7.4,3.33,6.67,-0.01,0.2575094401836395,2.530817747116089,0.1256955862045288,0.6560112833976746,10.190919876098633,-103.194,0.68,0.775,0.132,0.122,9.824
4780539,3.64,7.41,3.33,6.67,-0.01,0.26191574335098267,2.5392398834228516,0.1388636976480484,0.6835445761680603,10.1753568649292,-103.194,0.68,0.775,0.132,0.122,9.824
4780581,3.65,7.43,3.33,6.67,-0.01,0.2702372372150421,2.554901599884033,0.12689268589019775,0.6751648783683777,10.183736801147461,-103.194,0.68,0.775,0.132,0.122,9.824
4780625,3.64,7.52,3.64,7.59,-0.01,0.27838361263275146,2.5702552795410156,0.1256955862045288,0.689530074596405,10.180145263671875,-103.194,0.68,0.775,0.13,0.118,9.821
4780668,3.65,7.55,3.64,7.59,-0.01,0.28694096207618713,2.586385488510132,0.12330138683319092,0.6727706789970398,10.188525199890137,-103.194,0.68,0.775,0.13,0.118,9.821
4780710,3.66,7.57,3.64,7.59,-0.01,0.2947670519351959,2.6011898517608643,0.14006079733371735,0.646434485912323,10.1753568649292,-103.194,0.679,0.775,0.131,0.114,9.824
4780734,3.65,7.64,3.62,7.78,-0.01,0.29878729581832886,2.608919382095337,0.13527239859104156,0.6811503767967224,10.183736801147461,-103.194,0.679,0.775,0.131,0.114,9.824
4780776,3.66,7.67,3.62,7.78,-0.01,0.306738942861557,2.623969078063965,0.12449848651885986,0.6655880808830261,10.170568466186523,-103.194,0.679,0.775,0.131,0.114,9.824
4780819,3.67,7.69,3.62,7.78,-0.01,0.3141680359840393,2.638059139251709,0.14245499670505524,0.6703764796257019,10.1753568649292,-103.194,0.679,0.773,0.131,0.125,9.821
4780842,3.66,7.73,3.63,7.71,-0.01,0.31797677278518677,2.6454038619995117,0.1280897855758667,0.667982280254364,10.17176628112793,-103.194,0.679,0.773,0.131,0.125,9.821
4780884,3.67,7.76,3.63,7.71,-0.01,0.3254896104335785,2.659715414047241,0.13766659796237946,0.6619967818260193,10.183736801147461,-103.194,0.679,0.773,0.131,0.125,9.821
4780929,3.65,7.75,3.64,6.68,-0.01,0.3326199948787689,2.673449993133545,0.14245499670505524,0.6440402865409851,10.181343078613281,-103.194,0.68,0.773,0.129,0.119,9.829
4780972,3.66,7.78,3.64,6.68,-0.02,0.33984899520874023,2.687523126602173,0.13527239859104156,0.6751648783683777,10.178948402404785,-103.194,0.68,0.773,0.129,0.119,9.829
4781014,3.68,7.81,3.64,6.68,-0.02,0.34636467695236206,2.7004220485687256,0.14245499670505524,0.6560112833976746,10.200496673583984,-103.195,0.682,0.775,0.138,0.124,9.824
4781036,3.68,7.82,3.64,6.68,-0.02,0.3496570289134979,2.7071542739868164,0.1364694982767105,0.6655880808830261,10.17416000366211,-103.195,0.682,0.775,0.138,0.124,9.824
4781078,3.69,7.85,3.64,6.68,-0.02,0.35583680868148804,2.719662666320801,0.13048399984836578,0.6715735793113708,10.193313598632812,-103.195,0.682,0.775,0.138,0.124,9.824
4781120,3.71,7.88,3.64,6.68,-0.02,0.361886590719223,2.7318742275238037,0.1388636976480484,0.6512228846549988,10.186131477355957,-103.195,0.682,0.776,0.141,0.116,9.821
4781142,3.71,7.89,3.64,6.68,-0.02,0.3649804890155792,2.7382140159606934,0.12090718746185303,0.6643909811973572,10.193313598632812,-103.195,0.682,0.776,0.141,0.116,9.821
4781185,3.73,7.92,3.64,6.68,-0.02,0.3708595335483551,2.7499372959136963,0.1280897855758667,0.6643909811973572,10.188525199890137,-103.195,0.682,0.776,0.141,0.116,9.821
4781223,3.74,7.95,3.64,6.68,-0.02,0.37609440088272095,2.7603108882904053,0.11133038252592087,0.6607996821403503,10.178948402404785,-103.196,0.68,0.776,0.131,0.115,9.828
4781265,3.75,7.98,3.64,6.68,-0.02,0.38196301460266113,2.771763324737549,0.12689268589019775,0.6739677786827087,10.182539939880371,-103.196,0.68,0.776,0.131,0.115,9.828
4781307,3.77,8.01,3.64,6.68,-0.02,0.38761720061302185,2.7827165126800537,0.13048399984836578,0.6667851805686951,10.20528507232666,-103.196,0.682,0.777,0.139,0.126,9.821
4781329,3.78,8.03,3.64,6.68,-0.02,0.39052289724349976,2.788422107696533,0.13048399984836578,0.669179379940033,10.181343078613281,-103.196,0.682,0.777,0.139,0.126,9.821
4781371,3.79,8.06,3.64,6.68,-0.02,0.3960522711277008,2.7990074157714844,0.13287819921970367,0.6799532771110535,10.189722061157227,-103.196,0.682,0.777,0.139,0.126,9.821
4781413,3.81,8.09,3.64,6.68,-0.02,0.40147653222084045,2.8093326091766357,0.1388636976480484,0.6596025824546814,10.189722061157227,-103.196,0.68,0.778,0.13,0.125,9.829
4781438,3.78,7.93,3.63,7.32,-0.02,0.40437525510787964,2.8149282932281494,0.1388636976480484,0.6667851805686951,10.163386344909668,-103.196,0.68,0.778,0.13,0.125,9.829
4781480,3.79,7.96,3.63,7.32,-0.02,0.4099101424217224,2.825288772583008,0.1256955862045288,0.6631938815116882,10.190919876098633,-103.196,0.68,0.778,0.13,0.125,9.829
4781522,3.81,7.99,3.63,7.32,-0.02,0.4151010513305664,2.8349714279174805,0.1472434103488922,0.6835445761680603,10.20528507232666,-103.197,0.68,0.781,0.126,0.122,9.817
4781546,3.73,7.9,3.66,6.69,-0.02,0.4177588224411011,2.8400187492370605,0.13287819921970367,0.6584054827690125,10.183736801147461,-103.197,0.68,0.781,0.126,0.122,9.817
4781589,3.75,7.93,3.66,6.69,-0.02,0.42307248711586,2.8498291969299316,0.1364694982767105,0.6715735793113708,10.189722061157227,-103.197,0.679,0.779,0.13,0.118,9.821
4781621,3.72,7.81,3.57,7.13,-0.02,0.4267260730266571,2.856667995452881,0.12210428714752197,0.6655880808830261,10.169371604919434,-103.197,0.679,0.779,0.13,0.118,9.821
4781664,3.73,7.83,3.57,7.13,-0.01,0.4319804310798645,2.866344451904297,0.10893617570400238,0.6787561774253845,10.186131477355957,-103.197,0.679,0.779,0.13,0.118,9.821
4781706,3.74,7.85,3.57,7.13,-0.01,0.43677574396133423,2.875218152999878,0.13527239859104156,0.667982280254364,10.178948402404785,-103.198,0.676,0.777,0.128,0.117,9.824
4781730,3.69,7.78,3.59,6.71,-0.01,0.4392150640487671,2.8798575401306152,0.13168109953403473,0.6847416758537292,10.180145263671875,-103.198,0.676,0.777,0.128,0.117,9.824
4781772,3.7,7.8,3.59,6.71,-0.01,0.4440639913082123,2.888908624649048,0.1256955862045288,0.6607996821403503,10.177751541137695,-103.198,0.676,0.777,0.128,0.117,9.824
4781816,3.7,7.68,2.94,6.66,-0.01,0.4485906958580017,2.897418975830078,0.11133038252592087,0.6560112833976746,10.187328338623047,-103.198,0.674,0.778,0.136,0.12,9.824
4781859,3.71,7.69,2.94,6.66,-0.01,0.45338431000709534,2.9063658714294434,0.13766659796237946,0.6751648783683777,10.166977882385254,-103.198,0.674,0.778,0.136,0.12,9.824
4781901,3.72,7.71,2.94,6.66,-0.01,0.4577942490577698,2.9145984649658203,0.1280897855758667,0.6476315855979919,10.187328338623047,-103.198,0.676,0.778,0.134,0.121,9.821
4781925,3.67,7.63,3.59,6.66,-0.01,0.4600561559200287,2.918916702270508,0.13766659796237946,0.6560112833976746,10.181343078613281,-103.198,0.676,0.778,0.134,0.121,9.821
4781968,3.68,7.64,3.59,6.66,-0.01,0.4647373557090759,2.9275054931640625,0.13048399984836578,0.6607996821403503,10.165780067443848,-103.198,0.676,0.778,0.134,0.121,9.821
4782010,3.69,7.65,3.59,6.66,-0.01,0.46904051303863525,2.9353668689727783,0.13287819921970367,0.6572083830833435,10.170568466186523,-103.199,0.676,0.777,0.128,0.117,9.819
4782034,3.68,7.67,3.65,7.73,-0.01,0.471238911151886,2.9394681453704834,0.14006079733371735,0.6823474764823914,10.180145263671875,-103.199,0.676,0.777,0.128,0.117,9.819
4782076,3.69,7.69,3.65,7.73,-0.01,0.47562268376350403,2.947444200515747,0.12090718746185303,0.6835445761680603,10.18493366241455,-103.199,0.676,0.777,0.128,0.117,9.819
4782120,3.67,7.66,2.61,6.65,-0.01,0.47968801856040955,2.954948663711548,0.11133038252592087,0.6667851805686951,10.188525199890137,-103.199,0.676,0.774,0.131,0.121,9.819
4782163,3.68,7.67,2.61,6.65,-0.01,0.48396092653274536,2.9628779888153076,0.14484919607639313,0.6703764796257019,10.168174743652344,-103.199,0.676,0.774,0.131,0.121,9.819
4782205,3.69,7.68,2.61,6.65,-0.01,0.4878567159175873,2.9702115058898926,0.13168109953403473,0.6512228846549988,10.186131477355957,-103.199,0.676,0.774,0.127,0.116,9.816
4782229,3.7,7.65,3.66,7.39,-0.01,0.48982974886894226,2.9740748405456543,0.13527239859104156,0.6811503767967224,10.176554679870605,-103.199,0.676,0.774,0.127,0.116,9.816
4782271,3.72,7.66,3.66,7.39,-0.01,0.4937904477119446,2.9816460609436035,0.13527239859104156,0.6655880808830261,10.160991668701172,-103.199,0.676,0.774,0.127,0.116,9.816
4782314,3.73,7.67,3.66,7.39,-0.01,0.4974743127822876,2.9888033866882324,0.13527239859104156,0.6775590777397156,10.1753568649292,-103.2,0.677,0.773,0.13,0.121,9.819
4782337,3.67,7.62,3.57,6.7,-0.01,0.499329537153244,2.9925730228424072,0.12210428714752197,0.6727706789970398,10.176554679870605,-103.2,0.677,0.773,0.13,0.121,9.819
4782379,3.68,7.63,3.57,6.7,-0.01,0.5030307769775391,2.9999303817749023,0.12928688526153564,0.6560112833976746,10.190919876098633,-103.2,0.677,0.773,0.13,0.121,9.819
4782424,3.65,7.62,2.76,6.71,-0.01,0.5065322518348694,3.006988763809204,0.1280897855758667,0.6428431272506714,10.195708274841309,-103.2,0.677,0.774,0.132,0.119,9.828
4782467,3.66,7.63,2.76,6.71,-0.01,0.5100805759429932,3.0141828060150146,0.13766659796237946,0.667982280254364,10.165780067443848,-103.2,0.677,0.774,0.132,0.119,9.828
4782509,3.67,7.64,2.76,6.71,-0.01,0.5132471323013306,3.020728588104248,0.1280897855758667,0.6596025824546814,10.17296314239502,-103.2,0.679,0.774,0.132,0.121,9.826
4782533,3.7,7.64,3.71,7.4,-0.01,0.5148069858551025,3.0241293907165527,0.11372458189725876,0.6560112833976746,10.163386344909668,-103.2,0.679,0.774,0.132,0.121,9.826
4782575,3.71,7.65,3.71,7.4,-0.01,0.5179278254508972,3.0307278633117676,0.09816227108240128,0.6751648783683777,10.177751541137695,-103.2,0.679,0.774,0.132,0.121,9.826
4782618,3.72,7.66,3.71,7.4,-0.01,0.5208516716957092,3.036912679672241,0.13407529890537262,0.6524199843406677,10.155006408691406,-103.2,0.68,0.775,0.13,0.115,9.821
4782641,3.72,7.67,3.67,7.51,-0.01,0.5223299264907837,3.040144205093384,0.1173158809542656,0.6584054827690125,10.190919876098633,-103.2,0.68,0.775,0.13,0.115,9.821
4782683,3.73,7.68,3.67,7.51,-0.02,0.5253431797027588,3.0463738441467285,0.1280897855758667,0.669179379940033,10.165780067443848,-103.2,0.68,0.775,0.13,0.115,9.821
4782725,3.74,7.69,3.67,7.51,-0.02,0.5281832814216614,3.052158832550049,0.12928688526153564,0.6727706789970398,10.186131477355957,-103.2,0.68,0.775,0.135,0.12,9.819
4782750,3.69,7.69,3.59,6.77,-0.02,0.5296935439109802,3.0552923679351807,0.11133038252592087,0.669179379940033,10.181343078613281,-103.2,0.68,0.775,0.135,0.12,9.819
4782792,3.7,7.7,3.59,6.77,-0.02,0.5326547622680664,3.061063051223755,0.13048399984836578,0.6631938815116882,10.169371604919434,-103.202,0.679,0.777,0.13,0.124,9.822
4782817,3.69,7.7,3.61,7.5,-0.02,0.5341539978981018,3.064051866531372,0.13527239859104156,0.667982280254364,10.165780067443848,-103.202,0.679,0.777,0.13,0.124,9.822
4782860,3.7,7.71,3.61,7.5,-0.02,0.5371417999267578,3.0696842670440674,0.13527239859104156,0.6536170840263367,10.177751541137695,-103.202,0.679,0.777,0.13,0.124,9.822
4782902,3.71,7.72,3.61,7.5,-0.02,0.5398370623588562,3.074816942214966,0.14484919607639313,0.689530074596405,10.163386344909668,-103.202,0.678,0.777,0.131,0.122,9.822
4782924,3.71,7.72,3.61,7.5,-0.02,0.5411717891693115,3.0774941444396973,0.14245499670505524,0.6919242739677429,10.170568466186523,-103.202,0.678,0.777,0.131,0.122,9.822
4782966,3.72,7.73,3.61,7.5,-0.02,0.5437323451042175,3.0824785232543945,0.1280897855758667,0.6775590777397156,10.188525199890137,-103.202,0.678,0.777,0.131,0.122,9.822
4783008,3.73,7.74,3.61,7.5,-0.02,0.5462285876274109,3.0873780250549316,0.1280897855758667,0.6787561774253845,10.181343078613281,-103.202,0.679,0.777,0.13,0.122,9.821
4783031,3.74,7.75,3.61,7.5,-0.02,0.5474684238433838,3.089949369430542,0.1256955862045288,0.6715735793113708,10.163386344909668,-103.202,0.679,0.777,0.13,0.122,9.821
4783073,3.75,7.76,3.61,7.5,-0.02,0.5499103665351868,3.0948538780212402,0.14484919607639313,0.6560112833976746,10.170568466186523,-103.202,0.679,0.777,0.13,0.122,9.821
4783115,3.76,7.77,3.61,7.5,-0.03,0.552213728427887,3.0995676517486572,0.11851298063993454,0.6787561774253845,10.17296314239502,-103.203,0.677,0.776,0.135,0.117,9.824
4783137,3.77,7.77,3.61,7.5,-0.03,0.553346574306488,3.1020429134368896,0.13527239859104156,0.6835445761680603,10.164583206176758,-103.203,0.677,0.776,0.135,0.117,9.824
4783179,3.78,7.78,3.61,7.5,-0.03,0.5555290579795837,3.106668710708618,0.14844051003456116,0.6476315855979919,10.177751541137695,-103.203,0.677,0.776,0.135,0.117,9.824
4783221,3.79,7.79,3.61,7.5,-0.03,0.5576268434524536,3.1112618446350098,0.13407529890537262,0.6727706789970398,10.169371604919434,-103.203,0.676,0.776,0.132,0.123,9.821
4783246,3.74,7.74,3.66,6.67,-0.03,0.5586891174316406,3.113809585571289,0.13048399984836578,0.6823474764823914,10.1753568649292,-103.203,0.676,0.776,0.132,0.123,9.821
4783288,3.75,7.75,3.66,6.67,-0.03,0.5606947541236877,3.1186273097991943,0.12330138683319092,0.6524199843406677,10.1753568649292,-103.203,0.676,0.776,0.132,0.123,9.821
4783326,3.76,7.76,3.66,6.67,-0.03,0.5621476173400879,3.1227848529815674,0.585382342338562,0.9014169573783875,9.90361499786377,-103.203,0.675,0.779,0.137,0.121,9.826
4783368,3.77,7.77,3.66,6.67,-0.03,0.5634986162185669,3.127776622772217,0.2537853717803955,0.45010992884635925,9.955090522766113,-103.203,0.675,0.779,0.137,0.121,9.826
4783410,3.78,7.78,3.66,6.67,-0.03,0.5634220242500305,3.1313040256500244,2.2900538444519043,1.7274165153503418,11.009736061096191,-103.204,0.671,0.776,0.13,0.1,9.821
4783432,3.78,7.78,3.66,6.67,-0.03,0.5621837973594666,3.1319735050201416,1.291671872138977,0.42616790533065796,11.372458457946777,-103.204,0.671,0.776,0.13,0.1,9.821
4783474,3.8,7.79,3.66,6.67,-0.04,0.5540733337402344,3.1269657611846924,2.340332269668579,0.8834604024887085,10.371682167053223,-103.204,0.671,0.776,0.13,0.1,9.821
4783516,3.81,7.8,3.66,6.67,-0.04,0.5368369817733765,3.1144301891326904,1.7872716188430786,0.730231523513794,10.096348762512207,-103.211,0.523,0.773,0.144,0.893,9.965
4783538,3.81,7.81,3.66,6.67,-0.04,0.5229170918464661,3.104278087615967,-0.2454056739807129,0.4991910457611084,10.843339920043945,-103.211,0.523,0.773,0.144,0.893,9.965
4783580,3.83,7.82,3.66,6.67,-0.03,0.4883149564266205,3.080146312713623,-0.11372458189725876,0.6440402865409851,10.351330757141113,-103.211,0.523,0.773,0.144,0.893,9.965
4783622,3.84,7.83,3.66,6.67,-0.02,0.44732266664505005,3.0525505542755127,0.2944868206977844,0.4668693244457245,9.765948295593262,-103.085,0.56,0.627,0.079,0.514,9.668
4783646,3.78,7.59,3.01,7.29,-0.02,0.42269372940063477,3.036388397216797,-0.16998831927776337,0.7170634269714355,11.002553939819336,-103.085,0.56,0.627,0.079,0.514,9.668
4783688,3.79,7.59,3.01,7.29,0.0,0.3703738749027252,3.0018887519836426,-0.181959331035614,0.9385270476341248,10.396821022033691,-102.752,0.558,0.716,0.224,0.008,9.791
4783723,3.8,7.59,3.01,7.29,0.02,0.328071653842926,2.9743802547454834,0.2454056739807129,0.8762778043746948,9.50498104095459,-102.752,0.558,0.716,0.224,0.008,9.791
4783765,3.82,7.59,3.01,7.29,0.06,0.27435851097106934,2.940122127532959,0.21547815203666687,0.7625532150268555,10.989385604858398,-102.752,0.558,0.716,0.224,0.008,9.791
4783807,3.83,7.6,3.01,7.29,0.1,0.2225596159696579,2.9075934886932373,0.1496376097202301,0.2801215946674347,10.498574256896973,-102.416,0.412,0.74,0.185,0.154,9.814
4783830,3.74,7.7,3.68,8.12,0.12,0.1954614669084549,2.890878677368164,0.5051765441894531,0.5566518902778625,10.66137981414795,-102.416,0.412,0.74,0.185,0.154,9.814
4783873,3.76,7.71,3.68,8.12,0.18,0.14254872500896454,2.858062744140625,-0.013168109580874443,0.690727174282074,10.849325180053711,-102.416,0.412,0.74,0.185,0.154,9.814
4783915,3.77,7.72,3.68,8.12,0.24,0.09337501972913742,2.827728271484375,0.3100491166114807,0.19871874153614044,10.113107681274414,-102.147,0.259,0.795,0.09,0.22,9.652
4783938,3.78,7.72,3.68,8.12,0.27,0.06804824620485306,2.812325954437256,0.5063736438751221,0.4165911078453064,10.696096420288086,-102.147,0.259,0.795,0.09,0.22,9.652
4783979,3.79,7.73,3.68,8.12,0.34,0.021757889539003372,2.784057855606079,0.02513911761343479,0.8271966576576233,9.622296333312988,-102.147,0.259,0.795,0.09,0.22,9.652
4784022,3.74,7.63,3.65,6.61,0.42,-0.021230634301900864,2.758193254470825,0.50876784324646,0.9780313968658447,9.62828254699707,-101.856,0.243,0.822,0.208,0.007,9.682
4784065,3.75,7.64,3.65,6.61,0.51,-0.06499483436346054,2.73360013961792,0.1280897855758667,0.8212111592292786,10.093954086303711,-101.856,0.243,0.822,0.208,0.007,9.682
4784107,3.77,7.64,3.65,6.61,0.6,-0.1017955020070076,2.715440273284912,0.3423708379268646,0.43095630407333374,10.72722053527832,-101.569,0.126,0.811,0.189,0.066,9.895
4784129,3.78,7.64,3.65,6.61,0.64,-0.11915197968482971,2.7083373069763184,0.26575639843940735,0.645237386226654,9.904812812805176,-101.569,0.126,0.811,0.189,0.066,9.895
4784171,3.79,7.65,3.65,6.61,0.74,-0.1474829614162445,2.6994388103485107,-0.23104046285152435,0.8200140595436096,9.551667213439941,-101.569,0.126,0.811,0.189,0.066,9.895
4784213,3.8,7.65,3.65,6.61,0.84,-0.17030292749404907,2.69592022895813,0.2190694510936737,0.6440402865409851,10.001777648925781,-101.313,0.07,0.828,0.175,0.142,9.864
4784235,3.81,7.66,3.65,6.61,0.89,-0.1795804351568222,2.696789503097534,0.08619125932455063,0.39624038338661194,11.208455085754395,-101.313,0.07,0.828,0.175,0.142,9.864
4784277,3.83,7.66,3.65,6.61,0.99,-0.19244186580181122,2.7024574279785156,0.05985504388809204,0.568622887134552,10.336965560913086,-101.313,0.07,0.828,0.175,0.142,9.864
4784314,3.84,7.67,3.65,6.61,1.08,-0.2002086490392685,2.7105233669281006,0.1628057211637497,0.8559271097183228,10.104728698730469,-101.067,0.264,0.823,0.169,0.243,9.869
4784355,3.86,7.67,3.65,6.61,1.19,-0.206095352768898,2.7236504554748535,-0.07541735470294952,0.524330198764801,10.26394271850586,-101.067,0.264,0.823,0.169,0.243,9.869
4784398,3.87,7.68,3.65,6.61,1.29,-0.20998212695121765,2.7395853996276855,0.6308721303939819,0.1867477297782898,10.852916717529297,-100.838,0.457,0.836,0.135,0.179,9.847
4784430,3.89,7.69,3.65,6.61,1.37,-0.21172042191028595,2.7531092166900635,-0.243011474609375,0.3974374830722809,10.017339706420898,-100.838,0.457,0.836,0.135,0.179,9.847
4784472,3.91,7.69,3.65,6.61,1.48,-0.2113037407398224,2.7721915245056152,-0.09935937076807022,0.9756371974945068,10.769119262695312,-100.838,0.457,0.836,0.135,0.179,9.847
4784514,3.92,7.7,3.65,6.61,1.59,-0.2070353478193283,2.792186975479126,-0.3687070608139038,0.5303156971931458,10.047266960144043,-100.625,0.677,0.849,0.132,0.354,9.743
4784538,3.75,7.54,3.62,6.52,1.64,-0.20270226895809174,2.8034508228302,0.2214636504650116,0.4225766062736511,9.514557838439941,-100.625,0.677,0.849,0.132,0.354,9.743
4784580,3.76,7.54,3.62,6.52,1.75,-0.18968383967876434,2.826935052871704,0.4082113802433014,1.1216834783554077,10.469843864440918,-100.625,0.677,0.849,0.132,0.354,9.743
4784619,3.71,7.47,3.63,6.54,1.84,-0.17604142427444458,2.8475894927978516,-0.2106897532939911,0.5135562419891357,9.6989107131958,-100.43,0.865,0.843,0.078,0.424,9.821
4784662,3.72,7.47,3.63,6.54,1.95,-0.156624898314476,2.87270188331604,-0.3208230137825012,0.7254431247711182,10.399214744567871,-100.43,0.865,0.843,0.078,0.424,9.821
4784704,3.73,7.47,3.63,6.54,2.05,-0.13615863025188446,2.8949391841888428,-0.2777273952960968,0.7841010689735413,10.830171585083008,-100.252,0.982,0.833,0.137,0.296,9.791
4784728,3.69,7.41,3.61,6.51,2.11,-0.12425204366445541,2.9059934616088867,-0.20350714027881622,0.4345476031303406,9.848548889160156,-100.252,0.982,0.833,0.137,0.296,9.791
4784770,3.69,7.4,3.61,6.51,2.21,-0.09833060950040817,2.925668716430664,-0.7146692276000977,0.42377370595932007,10.582371711730957,-100.252,0.982,0.833,0.137,0.296,9.791
4784813,3.7,7.4,3.61,6.51,2.3,-0.07080282270908356,2.9416663646698,0.13527239859104156,0.973242998123169,9.931148529052734,-100.087,1.115,0.852,0.139,0.258,9.871
4784836,3.68,7.41,3.61,7.25,2.35,-0.05464784801006317,2.9488818645477295,0.3064578175544739,1.2713210582733154,9.601945877075195,-100.087,1.115,0.852,0.139,0.258,9.871
4784878,3.69,7.41,3.61,7.25,2.45,-0.01811240240931511,2.962815761566162,0.14006079733371735,0.5746083855628967,9.818621635437012,-100.087,1.115,0.852,0.139,0.258,9.871
4784922,3.69,7.41,3.61,7.25,2.54,0.021112671121954918,2.9773385524749756,-0.2082955539226532,0.5351040959358215,10.333374977111816,-99.924,1.161,0.857,0.103,0.134,10.156
4784964,3.7,7.41,3.61,7.25,2.64,0.062163736671209335,2.9927353858947754,0.5578489899635315,0.6344634294509888,10.462661743164062,-99.924,1.161,0.857,0.103,0.134,10.156
4785006,3.71,7.4,3.61,7.25,2.73,0.10256657749414444,3.0078883171081543,-0.16160862147808075,0.6308721303939819,9.907206535339355,-99.728,0.882,0.821,0.106,0.037,9.711
4785030,3.69,7.32,3.69,6.39,2.77,0.12396934628486633,3.0160071849823,0.26575639843940735,0.9133879542350769,10.032901763916016,-99.728,0.882,0.821,0.106,0.037,9.711
4785072,3.69,7.32,3.69,6.39,2.86,0.16735558211803436,3.0332906246185303,0.304063618183136,1.0678139925003052,10.20528507232666,-99.728,0.882,0.821,0.106,0.037,9.711
4785114,3.69,7.32,3.69,6.39,2.94,0.21030035614967346,3.0511486530303955,-0.2825157940387726,1.1013327836990356,9.974244117736816,-99.541,0.845,0.793,0.153,0.374,9.842
4785136,3.7,7.31,3.69,6.39,2.99,0.2337912619113922,3.0613090991973877,0.1735796183347702,0.7254431247711182,10.210073471069336,-99.541,0.845,0.793,0.153,0.374,9.842
4785178,3.7,7.31,3.69,6.39,3.07,0.27919694781303406,3.0814208984375,0.49559974670410156,0.1041477769613266,11.245565414428711,-99.541,0.845,0.793,0.153,0.374,9.842
4785220,3.7,7.31,3.69,6.39,3.15,0.32321345806121826,3.100938558578491,-0.2932897210121155,0.1496376097202301,10.02811336517334,-99.336,0.821,0.771,0.143,0.084,9.885
4785245,3.68,7.35,3.66,7.35,3.19,0.3466377556324005,3.111299514770508,-0.5374982953071594,0.5662286877632141,10.013748168945312,-99.336,0.821,0.771,0.143,0.084,9.885
4785287,3.69,7.35,3.66,7.35,3.28,0.39054253697395325,3.130283832550049,0.011971008032560349,0.912190854549408,10.040084838867188,-99.336,0.821,0.771,0.143,0.084,9.885
4785319,3.69,7.35,3.66,7.35,3.34,0.4210152328014374,3.143092393875122,0.2753331959247589,0.29807811975479126,10.450690269470215,-99.124,0.831,0.74,0.085,0.008,9.911
4785361,3.69,7.34,3.66,7.35,3.42,0.4616229236125946,3.158888101577759,-0.35673606395721436,0.7613561153411865,9.39245319366455,-99.124,0.831,0.74,0.085,0.008,9.911
4785403,3.69,7.34,3.66,7.35,3.5,0.4993084669113159,3.1724822521209717,0.2298433631658554,0.4644751250743866,10.475829124450684,-98.926,0.933,0.736,0.172,0.232,9.743
4785426,3.7,7.34,3.66,7.35,3.54,0.5181484222412109,3.1788105964660645,0.10055647045373917,0.5877765417098999,10.382455825805664,-98.926,0.933,0.736,0.172,0.232,9.743
4785468,3.7,7.34,3.66,7.35,3.62,0.5530526041984558,3.1896181106567383,0.5183446407318115,0.9923965930938721,9.797073364257812,-98.926,0.933,0.736,0.172,0.232,9.743
4785510,3.7,7.34,3.66,7.35,3.7,0.5856818556785583,3.198972702026367,0.07422025501728058,0.6500257849693298,10.685321807861328,-98.718,1.003,0.718,0.097,0.139,9.949
4785533,3.7,7.34,3.66,7.35,3.75,0.6020474433898926,3.203235387802124,0.06823474913835526,0.4129997789859772,10.371682167053223,-98.718,1.003,0.718,0.097,0.139,9.949
4785575,3.71,7.34,3.66,7.35,3.83,0.6310814023017883,3.2086055278778076,-0.5626373887062073,0.7625532150268555,10.283096313476562,-98.718,1.003,0.718,0.097,0.139,9.949
4785617,3.71,7.33,3.66,7.35,3.91,0.6567223072052002,3.2107596397399902,-0.05386953800916672,1.1216834783554077,10.008959770202637,-98.513,0.921,0.725,0.091,0.133,9.798
4785641,3.67,7.25,3.68,6.36,3.95,0.6691444516181946,3.210576057434082,-1.0187327861785889,1.0869675874710083,10.498574256896973,-98.513,0.921,0.725,0.091,0.133,9.798
4785684,3.67,7.25,3.68,6.36,4.03,0.6938804388046265,3.2090578079223633,-0.2693476974964142,0.7493851184844971,10.125079154968262,-98.513,0.921,0.725,0.091,0.133,9.798
4785727,3.67,7.25,3.68,6.36,4.11,0.7184475660324097,3.206773042678833,0.3711012601852417,0.3292027413845062,10.530896186828613,-98.306,0.987,0.73,0.093,0.255,9.85
4785769,3.68,7.24,3.68,6.36,4.19,0.7431602478027344,3.202901840209961,-0.25977087020874023,0.09457096457481384,9.927556991577148,-98.306,0.987,0.73,0.093,0.255,9.85
4785811,3.68,7.24,3.68,6.36,4.27,0.7679654955863953,3.196835994720459,-0.3471592366695404,0.9145850539207458,9.841365814208984,-98.135,1.278,0.713,0.087,0.332,9.869
4785835,3.63,7.2,3.65,6.37,4.31,0.7814134359359741,3.192446231842041,0.0694318488240242,0.35673606395721436,10.54526138305664,-98.135,1.278,0.713,0.087,0.332,9.869
4785877,3.63,7.19,3.65,6.37,4.39,0.8067545294761658,3.180527687072754,0.008379706181585789,0.25977087020874023,10.47822380065918,-98.135,1.278,0.713,0.087,0.332,9.869
4785919,3.63,7.19,3.65,6.37,4.46,0.8275063037872314,3.167105197906494,-0.03232172131538391,1.136048674583435,9.724050521850586,-97.96,1.291,0.732,0.171,0.471,9.859
4785961,3.63,7.18,3.65,6.37,4.54,0.8455031514167786,3.152350664138794,1.0426748991012573,0.42377370595932007,10.685321807861328,-97.96,1.291,0.732,0.171,0.471,9.859
4786003,3.63,7.18,3.65,6.37,4.62,0.8571827411651611,3.1374075412750244,0.7098808288574219,-0.04668693244457245,10.178948402404785,-97.805,1.375,0.766,0.203,0.414,9.963
4786027,3.61,7.13,3.65,6.33,4.66,0.860273003578186,3.1292319297790527,0.21308395266532898,1.2856862545013428,9.552865028381348,-97.805,1.375,0.766,0.203,0.414,9.963
4786069,3.61,7.12,3.65,6.33,4.74,0.8620387315750122,3.114844799041748,0.5997475385665894,0.8930372595787048,8.936357498168945,-97.805,1.375,0.766,0.203,0.414,9.963
4786111,3.61,7.11,3.65,6.33,4.82,0.8605641722679138,3.1056950092315674,0.5015852451324463,0.7110779285430908,9.926360130310059,-97.607,1.041,0.693,0.181,0.532,9.85
4786135,3.65,7.19,3.7,7.25,4.86,0.8582706451416016,3.103342294692993,0.12928688526153564,0.5805938839912415,10.431536674499512,-97.607,1.041,0.693,0.181,0.532,9.85
4786178,3.65,7.19,3.7,7.25,4.95,0.8517159223556519,3.1036324501037598,0.4189853072166443,0.5662286877632141,10.848128318786621,-97.607,1.041,0.693,0.181,0.532,9.85
4786216,3.65,7.18,3.7,7.25,5.02,0.8436991572380066,3.1071200370788574,0.545877993106842,0.8475474119186401,10.698490142822266,-97.421,0.593,0.677,0.092,0.045,9.854
4786258,3.65,7.18,3.7,7.25,5.11,0.8304005861282349,3.11216139793396,0.8535329103469849,-0.011971008032560349,10.126276016235352,-97.421,0.593,0.677,0.092,0.045,9.854
4786300,3.66,7.17,3.7,7.25,5.2,0.812240481376648,3.1166234016418457,0.9265560507774353,0.033518824726343155,10.102334022521973,-97.179,0.424,0.639,0.123,0.061,9.913
4786324,3.65,7.12,3.7,6.22,5.24,0.7999125719070435,3.118800640106201,1.0007762908935547,0.27054479718208313,10.445901870727539,-97.179,0.424,0.639,0.123,0.061,9.913
4786366,3.65,7.11,3.7,6.22,5.33,0.770946204662323,3.1256349086761475,-0.4082113802433014,1.2689268589019775,9.892841339111328,-97.179,0.424,0.639,0.123,0.061,9.913
4786408,3.66,7.11,3.7,6.22,5.42,0.7419760823249817,3.1388840675354004,-0.17956513166427612,1.1348515748977661,10.383652687072754,-96.941,0.426,0.593,0.058,0.133,9.873
4786432,3.65,7.07,3.67,6.2,5.47,0.7264111638069153,3.149740695953369,-0.35913026332855225,1.3335703611373901,9.99220085144043,-96.941,0.426,0.593,0.058,0.133,9.873
4786474,3.65,7.07,3.67,6.2,5.56,0.6980953812599182,3.180070400238037,-1.0295066833496094,1.4975731372833252,10.280701637268066,-96.941,0.426,0.593,0.058,0.133,9.873
4786517,3.65,7.06,3.67,6.2,5.66,0.6742688417434692,3.2153680324554443,0.1999158412218094,1.0534487962722778,10.146626472473145,-96.695,0.485,0.596,0.126,0.204,9.796
4786540,3.67,7.05,3.7,6.98,5.71,0.6631221771240234,3.236771583557129,-0.4908113479614258,0.39863458275794983,10.044873237609863,-96.695,0.485,0.596,0.126,0.204,9.796
4786582,3.68,7.05,3.7,6.98,5.81,0.6444774270057678,3.2831084728240967,-0.6739677786827087,0.7637503147125244,9.607931137084961,-96.695,0.485,0.596,0.126,0.204,9.796
4786620,3.7,7.05,3.74,7.01,5.89,0.6322474479675293,3.323885679244995,0.6560112833976746,0.8786720037460327,10.811017990112305,-96.484,0.856,0.642,0.089,0.683,9.781
4786663,3.71,7.04,3.74,7.01,6.0,0.6199162602424622,3.376831531524658,0.3579331636428833,-0.02753331884741783,10.614693641662598,-96.484,0.856,0.642,0.089,0.683,9.781
4786705,3.72,7.04,3.74,7.01,6.09,0.6100686192512512,3.4256246089935303,0.16160862147808075,0.3076549172401428,9.823410034179688,-96.281,1.241,0.617,0.077,0.29,9.755
4786727,3.72,7.03,3.74,7.01,6.15,0.6057286262512207,3.4508163928985596,-0.10773907601833344,1.0785878896713257,10.502165794372559,-96.281,1.241,0.617,0.077,0.29,9.755
4786769,3.73,7.03,3.74,7.01,6.24,0.600189745426178,3.4965224266052246,-0.19871874153614044,0.37229835987091064,10.690110206604004,-96.281,1.241,0.617,0.077,0.29,9.755
4786811,3.74,7.02,3.74,7.01,6.34,0.5974529385566711,3.5395705699920654,-0.0586579404771328,1.37906014919281,9.344569206237793,-96.095,1.306,0.626,0.149,0.37,9.842
4786833,3.74,7.02,3.74,7.01,6.39,0.5975103378295898,3.5612382888793945,-0.45848962664604187,1.1815385818481445,9.865307807922363,-96.095,1.306,0.626,0.149,0.37,9.842
4786875,3.75,7.01,3.74,7.01,6.48,0.6014302968978882,3.6021220684051514,0.43335050344467163,0.2214636504650116,9.786299705505371,-96.095,1.306,0.626,0.149,0.37,9.842
4786917,3.76,7.0,3.74,7.01,6.57,0.6083127856254578,3.642695426940918,0.6177040338516235,0.8667010068893433,9.477447509765625,-95.921,1.468,0.692,0.223,0.206,9.904
4786942,3.76,6.99,3.69,6.87,6.63,0.6135919094085693,3.665013551712036,-0.30047231912612915,0.6248866319656372,9.767146110534668,-95.921,1.468,0.692,0.223,0.206,9.904
4786984,3.76,6.98,3.69,6.87,6.72,0.6272453665733337,3.7083327770233154,0.010773907415568829,1.3335703611373901,9.299078941345215,-95.921,1.468,0.692,0.223,0.206,9.904
4787011,3.77,6.98,3.69,6.87,6.78,0.6373605728149414,3.734616756439209,0.7170634269714355,0.6943184733390808,9.68574333190918,-95.703,1.246,0.617,0.156,0.191,9.774
4787052,3.78,6.97,3.69,6.87,6.87,0.6576283574104309,3.777334213256836,-0.1843535304069519,0.8367735147476196,10.29746150970459,-95.703,1.246,0.617,0.156,0.191,9.774
4787095,3.79,6.96,3.69,6.87,6.97,0.6835681200027466,3.821161985397339,-0.4776432514190674,1.1408370733261108,9.534908294677734,-95.488,0.957,0.62,0.1,0.104,9.741
4787120,3.79,6.96,3.69,6.87,7.02,0.7025909423828125,3.8484456539154053,0.14365209639072418,0.9528923034667969,10.66137981414795,-95.488,0.957,0.62,0.1,0.104,9.741
4787162,3.8,6.95,3.69,6.87,7.12,0.7402376532554626,3.895498037338257,0.1999158412218094,0.8248024582862854,10.099940299987793,-95.488,0.957,0.62,0.1,0.104,9.741
4787204,3.81,6.95,3.69,6.87,7.22,0.779050350189209,3.937843084335327,1.0893617868423462,-0.16519992053508759,9.975440979003906,-95.241,0.857,0.581,0.005,0.108,9.788
4787228,3.77,6.88,3.7,6.03,7.27,0.8001459240913391,3.9578423500061035,-0.0035913025494664907,-0.03950432687997818,10.901997566223145,-95.241,0.857,0.581,0.005,0.108,9.788
4787270,3.78,6.87,3.7,6.03,7.37,0.8421429991722107,3.989492416381836,-0.10295066982507706,0.5339069962501526,10.26513957977295,-95.241,0.857,0.581,0.005,0.108,9.788
4787312,3.78,6.86,3.7,6.03,7.47,0.8825905919075012,4.011226654052734,-0.6715735793113708,0.21667525172233582,9.876082420349121,-94.985,0.969,0.587,0.149,0.237,9.857
4787336,3.74,6.83,3.68,6.05,7.52,0.9042696356773376,4.018468856811523,-1.1097124814987183,-0.0071826050989329815,10.612298965454102,-94.985,0.969,0.587,0.149,0.237,9.857
4787378,3.74,6.82,3.68,6.05,7.62,0.9479818940162659,4.023408889770508,0.767341673374176,0.6212953329086304,10.181343078613281,-94.985,0.969,0.587,0.149,0.237,9.857
4787421,3.75,6.81,3.68,6.05,7.72,0.9886041283607483,4.018367290496826,-0.5291185975074768,0.20350714027881622,10.235212326049805,-94.731,1.125,0.612,0.114,0.296,9.748
4787444,3.76,6.77,3.7,6.52,7.77,1.0094701051712036,4.010773658752441,-0.8990227580070496,0.6643909811973572,9.895236015319824,-94.731,1.125,0.612,0.114,0.296,9.748
4787486,3.77,6.76,3.7,6.52,7.87,1.050044059753418,3.9851670265197754,-0.1173158809542656,0.7015010714530945,9.616311073303223,-94.731,1.125,0.612,0.114,0.296,9.748
4787530,3.78,6.75,3.7,6.52,7.96,1.0873509645462036,3.950209379196167,-0.04908113554120064,0.6200982332229614,9.763554573059082,-94.527,1.584,0.643,0.025,0.494,9.809
4787572,3.79,6.74,3.7,6.52,8.05,1.122089147567749,3.9073474407196045,-0.07302315533161163,1.2952631711959839,10.599130630493164,-94.527,1.584,0.643,0.025,0.494,9.809
4787614,3.79,6.73,3.7,6.52,8.14,1.1540738344192505,3.8606016635894775,-0.1628057211637497,0.9911994934082031,10.396821022033691,-94.318,1.807,0.666,0.138,0.255,9.755
4787638,3.77,6.69,2.95,6.77,8.18,1.169928789138794,3.8338429927825928,0.30047231912612915,1.2102689743041992,11.083956718444824,-94.318,1.807,0.666,0.138,0.255,9.755
4787681,3.78,6.68,2.95,6.77,8.25,1.19856595993042,3.779853105545044,0.5650315880775452,1.1851298809051514,9.847352027893066,-94.318,1.807,0.666,0.138,0.255,9.755
4787722,3.79,6.67,2.95,6.77,8.31,1.222320318222046,3.731247901916504,0.42616790533065796,0.6727706789970398,10.471040725708008,-94.392,1.905,0.916,0.019,0.39,9.939
4787763,3.8,6.65,2.95,6.77,8.36,1.2434377670288086,3.6842892169952393,1.0749965906143188,0.6344634294509888,10.165780067443848,-94.392,1.905,0.916,0.019,0.39,9.939
4787805,3.8,6.64,2.95,6.77,8.4,1.2612303495407104,3.641070604324341,0.3172317147254944,1.213860273361206,10.212467193603516,-94.612,1.817,0.971,0.144,0.049,9.937
4787828,3.81,6.63,2.95,6.77,8.41,1.2691372632980347,3.6202831268310547,-0.09935937076807022,1.0031704902648926,10.052056312561035,-94.612,1.817,0.971,0.144,0.049,9.937
4787870,3.82,6.62,2.95,6.77,8.42,1.2827075719833374,3.585010528564453,1.072602391242981,1.1623848676681519,9.473855972290039,-94.612,1.817,0.971,0.144,0.049,9.937
4787912,3.83,6.61,2.95,6.77,8.42,1.2936983108520508,3.5566651821136475,0.1867477297782898,0.8559271097183228,10.442310333251953,-95.002,1.401,0.963,0.124,0.016,9.784
4787936,3.84,6.59,3.79,6.32,8.41,1.2984538078308105,3.544675827026367,-0.7314286231994629,0.40701428055763245,10.052056312561035,-95.002,1.401,0.963,0.124,0.016,9.784
4787978,3.85,6.57,3.79,6.32,8.36,1.3083186149597168,3.524127960205078,-0.1759738177061081,0.6919242739677429,10.520122528076172,-95.002,1.401,0.963,0.124,0.016,9.784
4788017,3.84,6.58,3.78,6.53,8.32,1.3173420429229736,3.5079855918884277,-0.28371289372444153,0.36750996112823486,10.11550235748291,-95.448,1.208,0.982,0.126,0.069,9.805
4788060,3.85,6.56,3.78,6.53,8.24,1.3290492296218872,3.488459825515747,0.13407529890537262,0.8104372620582581,10.667366027832031,-95.448,1.208,0.982,0.126,0.069,9.805
4788102,3.86,6.55,3.78,6.53,8.15,1.3402577638626099,3.4719974994659424,-0.06344634294509888,1.173158884048462,10.554838180541992,-95.982,1.204,0.994,0.185,0.254,9.876
4788124,3.86,6.54,3.78,6.53,8.1,1.3462910652160645,3.4645605087280273,-0.4728548228740692,1.1767501831054688,9.989806175231934,-95.982,1.204,0.994,0.185,0.254,9.876
4788166,3.87,6.53,3.78,6.53,7.99,1.359273076057434,3.4535653591156006,-0.767341673374176,1.523909330368042,10.08437728881836,-95.982,1.204,0.994,0.185,0.254,9.876
4788208,3.89,6.52,3.78,6.53,7.86,1.3737655878067017,3.444734811782837,-0.20350714027881622,0.9959878921508789,10.681731224060059,-96.518,1.245,1.021,0.163,0.295,9.774
4788231,3.89,6.51,3.78,6.53,7.79,1.381993293762207,3.440903902053833,-0.23343466222286224,0.9397241473197937,10.24119758605957,-96.518,1.245,1.021,0.163,0.295,9.774
4788273,3.9,6.5,3.78,6.53,7.64,1.399836778640747,3.4333276748657227,-0.628477931022644,0.8080430626869202,9.439140319824219,-96.518,1.245,1.021,0.163,0.295,9.774
4788315,3.91,6.49,3.78,6.53,7.47,1.4194573163986206,3.424590826034546,-0.4704606235027313,0.3423708379268646,9.544485092163086,-97.061,1.498,1.054,0.109,0.563,9.802
4788340,3.8,6.48,3.67,5.86,7.38,1.4312833547592163,3.4189343452453613,-0.5805938839912415,0.6584054827690125,10.145429611206055,-97.061,1.498,1.054,0.109,0.563,9.802
4788382,3.81,6.47,3.67,5.86,7.19,1.4551142454147339,3.406872510910034,0.04189852997660637,1.2964602708816528,9.854534149169922,-97.061,1.498,1.054,0.109,0.563,9.802
4788417,3.79,6.46,3.67,6.24,7.04,1.4736709594726562,3.3973429203033447,-0.2944868206977844,0.16879121959209442,10.219650268554688,-97.55,1.713,1.036,0.196,0.576,9.791
4788460,3.8,6.44,3.67,6.24,6.83,1.499517560005188,3.383089542388916,0.02274491637945175,0.9780313968658447,10.558429718017578,-97.55,1.713,1.036,0.196,0.576,9.791
4788502,3.81,6.43,3.67,6.24,6.63,1.5236574411392212,3.36889386177063,0.19273324310779572,0.8954314589500427,10.287884712219238,-98.017,1.893,1.032,0.031,0.54,9.921
4788524,3.81,6.43,3.67,6.24,6.52,1.536287546157837,3.3612239360809326,0.38307225704193115,0.8271966576576233,9.883264541625977,-98.017,1.893,1.032,0.031,0.54,9.921
4788566,3.82,6.42,3.67,6.24,6.32,1.5592877864837646,3.3475937843322754,0.0694318488240242,0.44412440061569214,10.362105369567871,-98.017,1.893,1.032,0.031,0.54,9.921
4788608,3.82,6.41,3.67,6.24,6.12,1.5802704095840454,3.3351922035217285,-0.20350714027881622,0.4381389021873474,9.485827445983887,-98.386,1.978,1.064,0.355,0.39,9.724
4788632,3.75,6.36,3.63,5.71,6.01,1.5902756452560425,3.3290741443634033,-0.24779987335205078,0.3387795388698578,9.771934509277344,-98.386,1.978,1.064,0.355,0.39,9.724
4788674,3.76,6.35,3.63,5.71,5.8,1.6082864999771118,3.3144724369049072,-0.18555063009262085,0.6703764796257019,10.255562782287598,-98.386,1.978,1.064,0.355,0.39,9.724
4788718,3.75,6.37,3.7,6.17,5.6,1.6234818696975708,3.296767473220825,-0.0071826050989329815,0.4165911078453064,10.44470500946045,-98.721,1.582,1.036,0.26,0.166,9.847
4788761,3.76,6.36,3.7,6.17,5.39,1.6368974447250366,3.273139476776123,0.06224924325942993,-0.02274491637945175,10.314221382141113,-98.721,1.582,1.036,0.26,0.166,9.847
4788803,3.76,6.35,3.7,6.17,5.19,1.6459146738052368,3.2470104694366455,0.5291185975074768,0.8236053586006165,10.068815231323242,-99.138,1.309,1.06,0.196,0.043,9.786
4788827,3.72,6.32,3.64,5.71,5.09,1.6487873792648315,3.2314913272857666,0.3866635859012604,0.4345476031303406,10.044873237609863,-99.138,1.309,1.06,0.196,0.043,9.786
4788869,3.73,6.31,3.64,5.71,4.88,1.6503535509109497,3.1999166011810303,-0.04429273307323456,0.37229835987091064,10.433931350708008,-99.138,1.309,1.06,0.196,0.043,9.786
4788911,3.73,6.31,3.64,5.71,4.68,1.6484206914901733,3.1706323623657227,-0.38067805767059326,0.10295066982507706,9.793481826782227,-99.551,1.146,1.067,0.218,0.167,9.873
4788935,3.75,6.25,3.29,6.08,4.58,1.6458288431167603,3.1555066108703613,-0.272938996553421,-0.0347159244120121,10.460267066955566,-99.551,1.146,1.067,0.218,0.167,9.873
4788977,3.75,6.24,3.29,6.08,4.38,1.6383088827133179,3.1236157417297363,0.023942016065120697,0.5207388401031494,10.02452278137207,-99.551,1.146,1.067,0.218,0.167,9.873
4789019,3.75,6.23,3.29,6.08,4.19,1.6286118030548096,3.0905330181121826,0.20350714027881622,0.9780313968658447,10.128670692443848,-100.0,1.144,1.088,0.205,0.285,9.871
4789041,3.76,6.23,3.29,6.08,4.09,1.6221373081207275,3.0719010829925537,0.2932897210121155,1.3443442583084106,9.848548889160156,-100.0,1.144,1.088,0.205,0.285,9.871
4789083,3.76,6.22,3.29,6.08,3.9,1.6074248552322388,3.0363991260528564,-0.0694318488240242,0.5363011956214905,10.581174850463867,-100.0,1.144,1.088,0.205,0.285,9.871
4789124,3.77,6.21,3.29,6.08,3.72,1.5915064811706543,3.0037176609039307,-0.26815059781074524,0.45250412821769714,10.269927978515625,-100.417,1.159,1.09,0.244,0.238,9.786
4789166,3.77,6.19,3.29,6.08,3.53,1.5726128816604614,2.969777822494507,0.28131869435310364,0.5973533391952515,10.368090629577637,-100.417,1.159,1.09,0.244,0.238,9.786
4789208,3.78,6.18,3.29,6.08,3.35,1.552270531654358,2.9382498264312744,-0.20111294090747833,0.851138710975647,10.286687850952148,-100.837,1.271,1.11,0.223,0.357,9.824
4789231,3.78,6.18,3.29,6.08,3.25,1.5405429601669312,2.9226837158203125,-0.3124433159828186,0.5327098965644836,10.310629844665527,-100.837,1.271,1.11,0.223,0.357,9.824
4789273,3.78,6.17,3.29,6.08,3.07,1.51675283908844,2.8962504863739014,-0.6619967818260193,1.3180080652236938,10.472238540649414,-100.837,1.271,1.11,0.223,0.357,9.824
4789315,3.79,6.16,3.29,6.08,2.89,1.4947762489318848,2.874854803085327,-0.7817068696022034,0.9062053561210632,10.186131477355957,-101.232,1.442,1.133,0.245,0.335,9.711
4789337,3.79,6.15,3.29,6.08,2.8,1.4839552640914917,2.8657195568084717,0.7146692276000977,0.5279214978218079,9.668983459472656,-101.232,1.442,1.133,0.245,0.335,9.711
4789379,3.8,6.14,3.29,6.08,2.64,1.465138554573059,2.851731300354004,-0.7422025203704834,0.811634361743927,9.696516990661621,-101.232,1.442,1.133,0.245,0.335,9.711
4789407,3.8,6.13,3.29,6.08,2.54,1.4546154737472534,2.8447282314300537,-0.5135562419891357,0.8978256583213806,9.713275909423828,-101.501,1.511,0.93,0.208,0.303,9.883
4789448,3.81,6.12,3.29,6.08,2.4,1.4437302350997925,2.8364524841308594,-0.15083470940589905,0.0694318488240242,10.180145263671875,-101.501,1.511,0.93,0.208,0.303,9.883
4789491,3.82,6.11,3.29,6.08,2.26,1.4385180473327637,2.8302230834960938,-0.8307880163192749,1.1623848676681519,10.72602367401123,-101.331,1.587,0.903,0.113,0.388,9.77
4789523,3.82,6.1,3.29,6.08,2.17,1.4383764266967773,2.826944589614868,0.3172317147254944,0.8355764150619507,10.310629844665527,-101.331,1.587,0.903,0.113,0.388,9.77
4789565,3.83,6.09,3.29,6.08,2.06,1.4430385828018188,2.8247151374816895,0.2585737705230713,0.5877765417098999,10.144232749938965,-101.331,1.587,0.903,0.113,0.388,9.77
4789607,3.84,6.08,3.29,6.08,1.97,1.4515472650527954,2.8246474266052246,0.05985504388809204,0.23104046285152435,10.796652793884277,-101.147,1.574,0.944,0.191,0.321,9.729
4789629,3.84,6.07,3.29,6.08,1.94,1.4577932357788086,2.825688123703003,-0.3734954595565796,1.721431016921997,10.522516250610352,-101.147,1.574,0.944,0.191,0.321,9.729
4789671,3.85,6.06,3.29,6.08,1.88,1.4721952676773071,2.830305337905884,-0.06703764945268631,0.7170634269714355,10.499771118164062,-101.147,1.574,0.944,0.191,0.321,9.729
4789713,3.85,6.05,3.29,6.08,1.83,1.4874684810638428,2.8380117416381836,0.4405331015586853,0.667982280254364,9.715670585632324,-100.898,1.302,0.942,0.133,0.009,9.911
4789736,3.86,6.04,3.29,6.08,1.82,1.4959993362426758,2.8437578678131104,0.10773907601833344,0.36750996112823486,10.157401084899902,-100.898,1.302,0.942,0.133,0.009,9.911
4789778,3.86,6.03,3.29,6.08,1.81,1.5104085206985474,2.8556325435638428,0.93254154920578,0.707486629486084,10.212467193603516,-100.898,1.302,0.942,0.133,0.009,9.911
4789820,3.87,6.02,3.29,6.08,1.82,1.522925615310669,2.868734121322632,0.10654197633266449,1.191115379333496,9.90241813659668,-100.527,1.133,0.811,0.03,0.172,9.793
4789844,3.87,6.01,3.29,6.08,1.84,1.5288654565811157,2.876734495162964,0.5051765441894531,0.7577648162841797,9.583989143371582,-100.527,1.133,0.811,0.03,0.172,9.793
4789887,3.88,6.0,3.29,6.08,1.9,1.5387016534805298,2.8935463428497314,0.2968810200691223,0.8535329103469849,9.906009674072266,-100.527,1.133,0.811,0.03,0.172,9.793
4789921,3.89,5.99,3.29,6.08,1.97,1.5456547737121582,2.90913462638855,-0.09457096457481384,1.2078747749328613,9.545681953430176,-99.776,0.895,0.717,0.103,0.02,9.822
4789963,3.9,5.98,3.29,6.08,2.07,1.554496169090271,2.9336867332458496,-0.15322890877723694,0.629675030708313,10.089165687561035,-99.776,0.895,0.717,0.103,0.02,9.822
4790069,3.92,5.96,3.29,6.08,2.46,1.5800197124481201,3.019972085952759,-0.5135562419891357,0.8954314589500427,9.967061996459961,-98.891,0.816,0.699,0.061,0.11,9.923
4790111,3.92,5.95,3.29,6.08,2.65,1.5931463241577148,3.0611939430236816,-0.4908113479614258,0.8858546018600464,9.660603523254395,-97.935,0.845,0.74,0.154,0.228,9.911
4790135,3.83,5.89,3.15,6.0,2.77,1.6012499332427979,3.084520101547241,-0.1867477297782898,0.39624038338661194,10.102334022521973,-97.935,0.845,0.74,0.154,0.228,9.911
4790177,3.83,5.88,3.15,6.0,3.03,1.6207456588745117,3.1344265937805176,-0.12330138683319092,0.8008604645729065,10.556035041809082,-97.935,0.845,0.74,0.154,0.228,9.911
4790219,3.83,5.87,3.15,6.0,3.3,1.6427102088928223,3.1847450733184814,-0.3878606855869293,-0.09457096457481384,11.079168319702148,-96.972,0.94,0.793,0.198,0.322,9.819
4790242,3.84,5.86,3.15,6.0,3.45,1.6565366983413696,3.21384596824646,0.5195417404174805,1.0079588890075684,9.9000244140625,-96.972,0.94,0.793,0.198,0.322,9.819
4790284,3.84,5.85,3.15,6.0,3.74,1.6839842796325684,3.268749713897705,0.06703764945268631,0.5530605912208557,9.93474006652832,-96.972,0.94,0.793,0.198,0.322,9.819
4790326,3.85,5.84,3.15,6.0,4.05,1.7121003866195679,3.324688196182251,0.3016694188117981,0.7745242714881897,9.871294021606445,-96.097,1.375,0.894,0.212,0.708,9.85
4790351,3.78,5.88,3.79,5.36,4.23,1.727832317352295,3.3559887409210205,-0.4465186297893524,0.9528923034667969,9.919178009033203,-96.097,1.375,0.894,0.212,0.708,9.85
4790393,3.79,5.87,3.79,5.36,4.57,1.758819818496704,3.4155120849609375,-0.24899697303771973,0.1472434103488922,10.585963249206543,-95.348,1.661,0.944,0.206,0.309,9.958
4790425,3.78,5.94,3.78,6.03,4.81,1.7802497148513794,3.4558610916137695,0.1412578970193863,0.7948749661445618,10.261548042297363,-95.348,1.661,0.944,0.206,0.309,9.958
4790467,3.78,5.93,3.78,6.03,5.17,1.8105926513671875,3.5126914978027344,-0.23822307586669922,0.24181437492370605,9.366117477416992,-95.348,1.661,0.944,0.206,0.309,9.958
4790509,3.79,5.93,3.78,6.03,5.51,1.8373414278030396,3.5635690689086914,0.043095629662275314,1.072602391242981,10.857705116271973,-94.723,1.809,1.006,0.07,0.306,9.882
4790533,3.8,5.9,3.2,5.94,5.69,1.8502519130706787,3.5886905193328857,-0.038307227194309235,0.5351040959358215,9.603142738342285,-94.723,1.809,1.006,0.07,0.306,9.882
4790575,3.81,5.89,3.2,5.94,6.04,1.872621774673462,3.6352038383483887,0.4106055796146393,0.38905778527259827,9.396044731140137,-94.723,1.809,1.006,0.07,0.306,9.882
4790617,3.81,5.89,3.2,5.94,6.38,1.88958740234375,3.67648983001709,0.028730420395731926,0.45010992884635925,10.086771965026855,-94.166,1.783,1.059,0.376,0.431,9.732
4790641,3.82,5.91,3.8,5.88,6.55,1.8963298797607422,3.6967968940734863,0.46567222476005554,0.9181763529777527,9.986215591430664,-94.166,1.783,1.059,0.376,0.431,9.732
4790683,3.83,5.91,3.8,5.88,6.89,1.9057860374450684,3.7340285778045654,-0.22744916379451752,0.706289529800415,10.309432983398438,-94.166,1.783,1.059,0.376,0.431,9.732
4790722,3.86,5.91,3.91,5.9,7.17,1.9105808734893799,3.7613019943237305,-0.20709845423698425,-0.14604631066322327,10.62427043914795,-93.711,1.901,1.085,0.145,0.149,9.699
4790765,3.87,5.9,3.91,5.9,7.5,1.9135252237319946,3.786695957183838,0.3315969407558441,0.6224924325942993,9.350554466247559,-93.711,1.901,1.085,0.145,0.149,9.699
4790807,3.88,5.89,3.91,5.9,7.81,1.9139193296432495,3.803656578063965,0.6871358752250671,0.6536170840263367,9.889249801635742,-93.125,1.553,1.014,0.219,0.163,9.925
4790831,3.85,5.89,3.22,5.32,7.96,1.9129976034164429,3.8094682693481445,-0.005985504016280174,0.5027823448181152,9.987412452697754,-93.125,1.553,1.014,0.219,0.163,9.925
4790873,3.85,5.88,3.22,5.32,8.26,1.909778118133545,3.8153645992279053,0.35075053572654724,0.1472434103488922,10.463858604431152,-93.125,1.553,1.014,0.219,0.163,9.925
4790917,3.87,5.87,3.87,5.79,8.55,1.9049566984176636,3.814868688583374,0.4836287498474121,0.2717418968677521,10.468647003173828,-92.525,1.401,1.046,0.221,0.103,9.732
4790960,3.88,5.86,3.87,5.79,8.84,1.8973838090896606,3.8068103790283203,0.23104046285152435,0.31842881441116333,10.133459091186523,-92.525,1.401,1.046,0.221,0.103,9.732
4791002,3.89,5.85,3.87,5.79,9.1,1.888675332069397,3.7922418117523193,0.05985504388809204,0.38546648621559143,10.15141487121582,-92.05,1.317,1.077,0.207,0.064,9.869
4791024,3.9,5.85,3.87,5.79,9.24,1.8834363222122192,3.7811243534088135,0.09696517139673233,0.4297592043876648,10.190919876098633,-92.05,1.317,1.077,0.207,0.064,9.869
4791066,3.91,5.84,3.87,5.79,9.49,1.8740568161010742,3.755488872528076,0.009576806798577309,0.5542576909065247,9.819818496704102,-92.05,1.317,1.077,0.207,0.064,9.869
4791108,3.92,5.83,3.87,5.79,9.73,1.8664054870605469,3.7281746864318848,-0.26815059781074524,0.8331822156906128,10.279504776000977,-91.661,1.419,1.064,0.155,0.218,9.781
4791130,3.93,5.83,3.87,5.79,9.85,1.86335027217865,3.713219404220581,-0.13766659796237946,0.730231523513794,10.712855339050293,-91.661,1.419,1.064,0.155,0.218,9.781
4791172,3.94,5.82,3.87,5.79,10.07,1.8610469102859497,3.685208797454834,-0.5494692921638489,0.628477931022644,10.45667552947998,-91.661,1.419,1.064,0.155,0.218,9.781
4791214,3.95,5.81,3.87,5.79,10.28,1.8627028465270996,3.657426357269287,-0.7577648162841797,0.2322375625371933,10.374075889587402,-91.271,1.562,1.088,0.24,0.342,9.732
4791238,3.95,5.84,3.9,5.89,10.39,1.8655203580856323,3.6425509452819824,-1.2234370708465576,0.24181437492370605,10.200496673583984,-91.271,1.562,1.088,0.24,0.342,9.732
4791280,3.96,5.83,3.9,5.89,10.6,1.8763878345489502,3.610745906829834,-0.22864626348018646,1.0761936902999878,9.491812705993652,-91.271,1.562,1.088,0.24,0.342,9.732
4791323,3.97,5.83,3.9,5.89,10.8,1.8919275999069214,3.578172445297241,0.08379705995321274,0.9301473498344421,9.657012939453125,-90.919,1.863,1.088,0.191,0.681,9.892
4791347,3.96,5.82,3.94,5.2,10.89,1.9021681547164917,3.5608036518096924,-0.39863458275794983,0.40462008118629456,10.986991882324219,-90.919,1.863,1.088,0.191,0.681,9.892
4791389,3.97,5.81,3.94,5.2,11.08,1.927697777748108,3.5262491703033447,-0.7134721279144287,0.8271966576576233,9.947908401489258,-90.608,2.377,1.108,0.153,0.774,9.854
4791418,3.97,5.83,3.93,5.88,11.19,1.9463225603103638,3.5049214363098145,0.10654197633266449,-0.0071826050989329815,9.637859344482422,-90.608,2.377,1.108,0.153,0.774,9.854
4791461,3.99,5.82,3.93,5.88,11.36,1.9808746576309204,3.4681265354156494,-0.12090718746185303,0.21547815203666687,10.72482681274414,-90.608,2.377,1.108,0.153,0.774,9.854
4791503,4.0,5.81,3.93,5.88,11.51,2.015599250793457,3.4324662685394287,-0.48722004890441895,0.9648633003234863,10.153809547424316,-90.347,2.657,1.121,0.184,0.628,9.76
4791527,3.96,5.77,3.79,5.2,11.59,2.035097360610962,3.413214921951294,-0.09217676520347595,0.5829881429672241,10.018536567687988,-90.347,2.657,1.121,0.184,0.628,9.76
4791569,3.98,5.76,3.79,5.2,11.73,2.0761971473693848,3.3762288093566895,0.26096799969673157,0.9540894031524658,11.241973876953125,-90.347,2.657,1.121,0.184,0.628,9.76
4791612,3.99,5.75,3.79,5.2,11.85,2.116809129714966,3.3428215980529785,-0.03950432687997818,0.24779987335205078,10.669759750366211,-90.223,2.459,1.256,0.365,0.295,9.807
4791636,3.97,5.72,3.33,5.09,11.91,2.1397368907928467,3.325390100479126,0.13766659796237946,1.091755986213684,10.018536567687988,-90.223,2.459,1.256,0.365,0.295,9.807
4791678,3.99,5.71,3.33,5.09,12.01,2.1829121112823486,3.295623302459717,0.5566518902778625,0.3926490843296051,9.68694019317627,-90.223,2.459,1.256,0.365,0.295,9.807
4791721,4.0,5.7,3.33,5.09,12.09,2.221745252609253,3.271268129348755,-0.0011971008498221636,0.568622887134552,9.703699111938477,-90.36,2.381,1.297,0.144,0.233,9.807
4791743,4.01,5.69,3.33,5.09,12.13,2.2408547401428223,3.260324239730835,0.1867477297782898,0.4010287821292877,9.99459457397461,-90.36,2.381,1.297,0.144,0.233,9.807
4791785,4.02,5.68,3.33,5.09,12.19,2.2743630409240723,3.2422783374786377,0.5015852451324463,1.169567584991455,10.229227066040039,-90.36,2.381,1.297,0.144,0.233,9.807
4791818,4.0,5.66,3.96,5.07,12.22,2.2954678535461426,3.23134183883667,-0.18315643072128296,0.8966285586357117,9.841365814208984,-90.541,2.226,1.288,0.289,0.103,9.866
4791861,4.02,5.65,3.96,5.07,12.24,2.3213393688201904,3.218045473098755,0.20470423996448517,0.8930372595787048,10.091560363769531,-90.541,2.226,1.288,0.289,0.103,9.866
4791903,4.03,5.63,3.96,5.07,12.25,2.3407771587371826,3.207871675491333,-0.2190694510936737,0.36152446269989014,10.055646896362305,-90.861,1.975,1.248,0.15,0.218,9.769
4791927,4.0,5.62,3.94,5.08,12.25,2.3485841751098633,3.2035129070281982,-0.08858546614646912,0.45250412821769714,9.980229377746582,-90.861,1.975,1.248,0.15,0.218,9.769
4791969,4.01,5.61,3.94,5.08,12.22,2.3594577312469482,3.1952009201049805,-0.30885201692581177,0.49799394607543945,10.226832389831543,-90.861,1.975,1.248,0.15,0.218,9.769
4792011,4.03,5.59,3.94,5.08,12.18,2.3652024269104004,3.1867127418518066,-0.2537853717803955,0.829590916633606,10.049661636352539,-91.21,1.751,1.228,0.198,0.101,9.852
4792036,3.95,5.65,3.79,5.19,12.15,2.365950107574463,3.181786060333252,0.11851298063993454,0.7649474143981934,10.38963794708252,-91.21,1.751,1.228,0.198,0.101,9.852
4792079,3.96,5.64,3.79,5.19,12.08,2.363818407058716,3.1730566024780273,0.24181437492370605,0.7529764175415039,10.532093048095703,-91.21,1.751,1.228,0.198,0.101,9.852
4792121,3.97,5.63,3.79,5.19,12.0,2.3584702014923096,3.1661343574523926,-0.043095629662275314,0.5111620426177979,10.357316970825195,-91.611,1.605,1.2,0.157,0.274,9.946
4792144,3.98,5.62,3.79,5.19,11.95,2.3540775775909424,3.163424253463745,-0.4465186297893524,1.0438719987869263,10.650606155395508,-91.611,1.605,1.2,0.157,0.274,9.946
4792186,3.99,5.61,3.79,5.19,11.85,2.342921733856201,3.1596908569335938,-0.0347159244120121,0.7146692276000977,10.254365921020508,-91.611,1.605,1.2,0.157,0.274,9.946
4792228,4.01,5.6,3.79,5.19,11.73,2.329085111618042,3.1574342250823975,0.015562310814857483,0.5877765417098999,10.223240852355957,-92.05,1.595,1.199,0.214,0.325,9.807
4792250,4.01,5.6,3.79,5.19,11.67,2.3200650215148926,3.156959295272827,0.1280897855758667,0.20111294090747833,10.427945137023926,-92.05,1.595,1.199,0.214,0.325,9.807
4792292,4.03,5.59,3.79,5.19,11.53,2.2983994483947754,3.156675100326538,-0.22744916379451752,0.5231330990791321,10.51174259185791,-92.491,1.58,1.177,0.221,0.372,9.812
4792318,3.97,5.59,3.3,5.02,11.45,2.283374071121216,3.1568028926849365,-0.30885201692581177,1.072602391242981,10.257957458496094,-92.491,1.58,1.177,0.221,0.372,9.812
4792361,3.98,5.58,3.3,5.02,11.28,2.2529079914093018,3.1580638885498047,-0.25498247146606445,0.7601590156555176,10.340557098388672,-92.491,1.58,1.177,0.221,0.372,9.812
4792403,4.0,5.57,3.3,5.02,11.12,2.2235608100891113,3.161308765411377,0.15921440720558167,1.3658920526504517,10.08198356628418,-92.918,1.659,1.194,0.3,0.508,9.694
4792427,3.96,5.56,3.86,5.06,11.03,2.2076284885406494,3.164321184158325,0.2992752194404602,1.5622166395187378,10.255562782287598,-92.918,1.659,1.194,0.3,0.508,9.694
4792469,3.98,5.55,3.86,5.06,10.85,2.1749958992004395,3.1748368740081787,0.7529764175415039,0.3878606855869293,9.493009567260742,-92.918,1.659,1.194,0.3,0.508,9.694
4792511,3.99,5.54,3.86,5.06,10.67,2.1422553062438965,3.1894078254699707,0.22625206410884857,1.3072341680526733,10.502165794372559,-93.348,1.794,1.153,0.094,0.43,9.748
4792535,3.97,5.54,3.84,5.46,10.58,2.124113082885742,3.1992359161376953,-0.33039984107017517,0.729034423828125,10.224438667297363,-93.348,1.794,1.153,0.094,0.43,9.748
4792577,3.99,5.54,3.84,5.46,10.39,2.087246894836426,3.2212769985198975,-0.031124621629714966,0.11851298063993454,10.156203269958496,-93.348,1.794,1.153,0.094,0.43,9.748
4792619,4.0,5.53,3.84,5.46,10.2,2.051619529724121,3.2440102100372314,0.2968810200691223,0.8655039072036743,9.870096206665039,-93.711,1.488,1.105,0.343,0.487,9.548
4792643,3.94,5.51,3.81,4.97,10.1,2.032522439956665,3.256906509399414,0.31364041566848755,0.3411737382411957,9.398438453674316,-93.711,1.488,1.105,0.343,0.487,9.548
4792686,3.95,5.5,3.81,4.97,9.9,1.9942744970321655,3.283010244369507,-0.4165911078453064,0.30885201692581177,10.449493408203125,-93.711,1.488,1.105,0.343,0.487,9.548
4792718,3.93,5.47,3.28,5.49,9.76,1.9670506715774536,3.301398754119873,0.4513070285320282,0.5805938839912415,9.971850395202637,-94.209,1.192,1.176,0.391,0.162,9.789
4792761,3.94,5.46,3.28,5.49,9.55,1.9278186559677124,3.3286497592926025,0.05746084079146385,0.8786720037460327,9.837775230407715,-94.209,1.192,1.176,0.391,0.162,9.789
4792803,3.95,5.46,3.28,5.49,9.36,1.8912073373794556,3.3548591136932373,-0.12689268589019775,0.272938996553421,9.931148529052734,-94.695,0.978,1.121,0.216,0.039,9.777
4792827,3.94,5.46,3.84,5.43,9.25,1.8717222213745117,3.368914842605591,0.20231004059314728,0.5758054852485657,10.885237693786621,-94.695,0.978,1.121,0.216,0.039,9.777
4792869,3.95,5.45,3.84,5.43,9.04,1.8323094844818115,3.3957302570343018,0.1256955862045288,0.628477931022644,10.716446876525879,-94.695,0.978,1.121,0.216,0.039,9.777
4792911,3.96,5.44,3.84,5.43,8.84,1.794354796409607,3.4188778400421143,-0.41778820753097534,0.272938996553421,10.190919876098633,-95.231,0.727,1.113,0.218,0.063,9.876
4792934,3.96,5.44,3.84,5.43,8.73,1.7741330862045288,3.429713010787964,0.3411737382411957,0.5949591398239136,10.281899452209473,-95.231,0.727,1.113,0.218,0.063,9.876
4792976,3.98,5.43,3.84,5.43,8.52,1.7345812320709229,3.4475691318511963,0.06703764945268631,0.9361328482627869,10.079588890075684,-95.231,0.727,1.113,0.218,0.063,9.876
4793019,3.99,5.42,3.84,5.43,8.3,1.6960951089859009,3.4622671604156494,-0.812831461429596,0.8080430626869202,10.126276016235352,-95.811,0.677,1.098,0.187,0.24,9.951
4793060,4.0,5.42,3.84,5.43,8.09,1.6588430404663086,3.473818063735962,-0.08738835901021957,0.4572925269603729,10.277111053466797,-95.811,0.677,1.098,0.187,0.24,9.951
4793102,4.01,5.41,3.84,5.43,7.87,1.623205542564392,3.480891466140747,-0.11252748221158981,0.3866635859012604,10.068815231323242,-96.38,0.772,1.125,0.241,0.222,9.715
4793125,4.02,5.4,3.84,5.43,7.76,1.605046033859253,3.4822661876678467,0.13407529890537262,0.9588778018951416,10.415974617004395,-96.38,0.772,1.125,0.241,0.222,9.715
4793166,4.03,5.4,3.84,5.43,7.53,1.5723122358322144,3.479607343673706,-0.6787561774253845,0.8331822156906128,9.959878921508789,-96.38,0.772,1.125,0.241,0.222,9.715
4793208,4.05,5.39,3.84,5.43,7.31,1.5423022508621216,3.4705848693847656,-0.11252748221158981,1.072602391242981,10.321403503417969,-96.956,0.936,1.171,0.248,0.404,9.835
4793230,4.05,5.39,3.84,5.43,7.19,1.5277996063232422,3.4625418186187744,-0.395043283700943,1.3922282457351685,10.36449909210205,-96.956,0.936,1.171,0.248,0.404,9.835
4793272,4.07,5.38,3.84,5.43,6.96,1.503953218460083,3.4413907527923584,-0.5674257874488831,0.7206547260284424,9.616311073303223,-96.956,0.936,1.171,0.248,0.404,9.835
4793314,4.08,5.37,3.84,5.43,6.73,1.484562635421753,3.415607213973999,0.08619125932455063,0.669179379940033,9.971850395202637,-97.5,1.141,1.164,0.161,0.266,9.821
4793337,4.09,5.37,3.84,5.43,6.61,1.4764227867126465,3.3998794555664062,-0.1843535304069519,0.6560112833976746,10.132261276245117,-97.5,1.141,1.164,0.161,0.266,9.821
4793379,4.1,5.36,3.84,5.43,6.37,1.463949203491211,3.3663089275360107,0.4596867263317108,0.31842881441116333,10.703278541564941,-97.5,1.141,1.164,0.161,0.266,9.821
4793421,4.12,5.35,3.84,5.43,6.14,1.4540951251983643,3.332386016845703,0.3818751573562622,0.8954314589500427,10.38604736328125,-98.021,1.302,1.23,0.295,0.378,9.795
4793445,3.99,5.35,3.78,4.82,6.02,1.4499578475952148,3.314392566680908,0.48602294921875,0.7876923680305481,9.738415718078613,-98.021,1.302,1.23,0.295,0.378,9.795
4793487,4.0,5.34,3.78,4.82,5.78,1.4436854124069214,3.2818098068237305,0.3148375153541565,0.5518634915351868,10.181343078613281,-98.021,1.302,1.23,0.295,0.378,9.795
4793524,4.01,5.33,3.78,4.82,5.59,1.439283847808838,3.2577764987945557,0.038307227194309235,0.12449848651885986,10.759542465209961,-98.509,1.419,1.228,0.179,0.248,9.783
4793565,4.02,5.33,3.78,4.82,5.36,1.433667778968811,3.230609893798828,0.5027823448181152,0.27413609623908997,10.994174003601074,-98.509,1.419,1.228,0.179,0.248,9.783
4793607,4.03,5.32,3.78,4.82,5.14,1.4269657135009766,3.2031068801879883,-0.13766659796237946,0.9289502501487732,10.547656059265137,-98.97,1.146,1.265,0.204,0.031,9.908
4793630,4.03,5.32,3.78,4.82,5.02,1.4228590726852417,3.188514471054077,0.5398924946784973,0.5734112858772278,10.301053047180176,-98.97,1.146,1.265,0.204,0.031,9.908
4793672,4.04,5.31,3.78,4.82,4.79,1.4138600826263428,3.1608269214630127,0.17836803197860718,0.7721300721168518,10.340557098388672,-98.97,1.146,1.265,0.204,0.031,9.908
4793714,4.05,5.3,3.78,4.82,4.57,1.4040257930755615,3.1362578868865967,0.22505496442317963,0.767341673374176,9.81263542175293,-99.474,0.99,1.286,0.283,0.053,9.732
4793737,4.06,5.3,3.78,4.82,4.45,1.3982592821121216,3.1248080730438232,0.05746084079146385,0.7661445140838623,10.362105369567871,-99.474,0.99,1.286,0.283,0.053,9.732
4793779,4.07,5.29,3.78,4.82,4.23,1.3858894109725952,3.1059460639953613,-0.30047231912612915,0.48602294921875,10.405200958251953,-99.474,0.99,1.286,0.283,0.053,9.732
4793822,4.08,5.29,3.78,4.82,4.01,1.3725396394729614,3.0904126167297363,0.5303156971931458,0.8475474119186401,10.211270332336426,-100.015,0.967,1.292,0.224,0.215,9.861
4793863,4.09,5.28,3.78,4.82,3.79,1.357885479927063,3.077077627182007,0.02992752194404602,0.42616790533065796,9.819818496704102,-100.015,0.967,1.292,0.224,0.215,9.861
4793905,4.1,5.28,3.78,4.82,3.57,1.3421273231506348,3.0650949478149414,0.19632454216480255,0.9768342971801758,9.894038200378418,-100.522,0.963,1.25,0.238,0.213,9.777
4793927,4.11,5.27,3.78,4.82,3.45,1.3333638906478882,3.0591676235198975,-0.7972691655158997,0.5303156971931458,10.32858657836914,-100.522,0.963,1.25,0.238,0.213,9.777
4793969,4.12,5.27,3.78,4.82,3.23,1.317185878753662,3.0444765090942383,0.004788403399288654,0.17956513166427612,10.02571964263916,-100.522,0.963,1.25,0.238,0.213,9.777
4794012,4.13,5.26,3.78,4.82,3.01,1.3009957075119019,3.0226590633392334,-0.45010992884635925,0.017956512048840523,10.198101997375488,-101.031,1.023,1.289,0.248,0.24,9.798
4794034,4.14,5.26,3.78,4.82,2.9,1.2922648191452026,3.0073893070220947,-0.25737667083740234,0.43095630407333374,10.269927978515625,-101.031,1.023,1.289,0.248,0.24,9.798
4794076,4.15,5.25,3.78,4.82,2.67,1.2745683193206787,2.9705567359924316,0.14365209639072418,0.2621650993824005,10.371682167053223,-101.031,1.023,1.289,0.248,0.24,9.798
4794118,3.9,5.15,3.72,4.68,2.46,1.2573583126068115,2.9310925006866455,-0.16639702022075653,0.21787235140800476,10.030508041381836,-101.557,1.082,1.325,0.165,0.367,9.604
4794161,3.91,5.14,3.72,4.68,2.23,1.2385294437408447,2.881476640701294,-0.3663128614425659,-0.1280897855758667,9.982624053955078,-101.557,1.082,1.325,0.165,0.367,9.604
4794203,3.91,5.13,3.72,4.68,2.01,1.2225812673568726,2.8293447494506836,-0.22625206410884857,0.7589619159698486,9.1662015914917,-102.028,1.292,1.339,0.213,0.4,9.744
4794225,3.91,5.13,3.72,4.68,1.9,1.2150821685791016,2.7988297939300537,-0.040701430290937424,0.5530605912208557,10.466252326965332,-102.028,1.292,1.339,0.213,0.4,9.744
4794267,3.92,5.12,3.72,4.68,1.68,1.2027225494384766,2.735908031463623,0.5135562419891357,0.586579442024231,10.218452453613281,-102.028,1.292,1.339,0.213,0.4,9.744
4794309,3.92,5.11,3.72,4.68,1.47,1.1908408403396606,2.6708033084869385,0.7362170219421387,0.5710170865058899,9.93354320526123,-102.457,1.411,1.381,0.328,0.235,9.796
4794332,3.86,5.14,3.74,5.07,1.36,1.1846354007720947,2.6358635425567627,0.3315969407558441,0.3363853394985199,10.536881446838379,-102.457,1.411,1.381,0.328,0.235,9.796
4794375,3.86,5.13,3.74,5.07,1.14,1.17246413230896,2.5688133239746094,-0.10773907601833344,0.11851298063993454,10.529699325561523,-102.457,1.411,1.381,0.328,0.235,9.796
4794418,3.86,5.13,3.74,5.07,0.94,1.1604036092758179,2.508174180984497,0.15322890877723694,0.14245499670505524,10.596736907958984,-102.863,1.136,1.414,0.314,0.045,9.864
4794460,3.86,5.12,3.74,5.07,0.74,1.1474908590316772,2.4495790004730225,-0.31364041566848755,0.49559974670410156,10.590751647949219,-102.863,1.136,1.414,0.314,0.045,9.864
4794502,3.87,5.11,3.74,5.07,0.55,1.1346147060394287,2.396573305130005,-0.02513911761343479,0.49799394607543945,10.38844108581543,-103.117,0.976,1.337,0.294,0.067,9.843
4794524,3.87,5.1,3.74,5.07,0.45,1.127658724784851,2.3707833290100098,0.2717418968677521,0.37229835987091064,9.550470352172852,-103.117,0.976,1.337,0.294,0.067,9.843
4794566,3.87,5.09,3.74,5.07,0.28,1.1142141819000244,2.326589345932007,0.6512228846549988,0.7194576263427734,10.4542818069458,-103.117,0.976,1.337,0.294,0.067,9.843
4794608,3.87,5.09,3.74,5.07,0.12,1.1001615524291992,2.2885937690734863,0.3172317147254944,0.45489832758903503,9.793481826782227,-103.266,0.879,1.33,0.217,0.135,9.946
4794630,3.87,5.08,3.74,5.07,0.04,1.0924209356307983,2.2718186378479004,-0.3447650372982025,0.8822633028030396,9.015366554260254,-103.266,0.879,1.33,0.217,0.135,9.946
4794672,3.88,5.07,3.74,5.07,-0.09,1.0780278444290161,2.247659683227539,0.05985504388809204,1.1216834783554077,10.101137161254883,-103.266,0.879,1.33,0.217,0.135,9.946
4794714,3.88,5.06,3.74,5.07,-0.22,1.0643295049667358,2.231978178024292,-0.1975216418504715,0.7960720658302307,9.405621528625488,-103.384,0.878,1.36,0.198,0.204,9.779
4794738,3.81,5.08,3.69,4.98,-0.28,1.0572865009307861,2.2277865409851074,0.19153612852096558,0.7038952708244324,9.75397777557373,-103.384,0.878,1.36,0.198,0.204,9.779
4794780,3.81,5.07,3.69,4.98,-0.38,1.0420736074447632,2.2249505519866943,-0.22505496442317963,0.36750996112823486,10.656591415405273,-103.384,0.878,1.36,0.198,0.204,9.779
4794822,3.8,5.05,3.7,4.96,-0.46,1.0262771844863892,2.2251200675964355,-0.07062894850969315,0.19393034279346466,10.711658477783203,-103.401,0.89,1.271,0.041,0.212,9.875
4794865,3.8,5.04,3.7,4.96,-0.53,1.0055859088897705,2.2252845764160156,0.07302315533161163,0.669179379940033,9.313444137573242,-103.401,0.89,1.271,0.041,0.212,9.875
4794907,3.8,5.03,3.7,4.96,-0.58,0.9837102890014648,2.2241995334625244,-0.20111294090747833,0.5374982953071594,9.282320022583008,-102.978,0.997,1.177,0.277,0.377,9.819
4794930,3.8,5.03,3.7,4.96,-0.6,0.9710334539413452,2.223072052001953,0.19033902883529663,0.6344634294509888,10.001777648925781,-102.978,0.997,1.177,0.277,0.377,9.819
4794972,3.8,5.02,3.7,4.96,-0.61,0.9448586106300354,2.2205216884613037,0.3411737382411957,0.973242998123169,10.69489860534668,-102.978,0.997,1.177,0.277,0.377,9.819
4795014,3.8,5.01,3.7,4.96,-0.61,0.9176498055458069,2.218712329864502,0.7158663272857666,0.24660277366638184,9.928754806518555,-102.544,1.383,1.232,0.178,0.675,9.724
4795038,3.73,4.94,3.17,4.9,-0.6,0.902400553226471,2.2181549072265625,0.304063618183136,0.24181437492370605,9.677363395690918,-102.544,1.383,1.232,0.178,0.675,9.724
4795080,3.73,4.93,3.17,4.9,-0.56,0.8701369166374207,2.2168099880218506,0.46806642413139343,0.5530605912208557,10.125079154968262,-102.544,1.383,1.232,0.178,0.675,9.724
4795122,3.73,4.92,3.17,4.9,-0.51,0.8375903367996216,2.2149717807769775,0.6440402865409851,0.42616790533065796,10.664971351623535,-102.166,1.498,1.307,0.278,0.204,9.779
4795145,3.73,4.91,3.17,4.9,-0.47,0.819562554359436,2.2138495445251465,0.4225766062736511,0.45489832758903503,10.195708274841309,-102.166,1.498,1.307,0.278,0.204,9.779
4795187,3.73,4.9,3.17,4.9,-0.39,0.783983588218689,2.213247537612915,0.28969839215278625,0.1975216418504715,10.216058731079102,-102.166,1.498,1.307,0.278,0.204,9.779
4795225,3.73,4.89,3.17,4.9,-0.3,0.7530368566513062,2.215108633041382,0.46567222476005554,0.5327098965644836,9.938331604003906,-101.722,1.126,1.288,0.162,0.11,9.861
4795267,3.73,4.88,3.17,4.9,-0.19,0.7159721255302429,2.2190418243408203,0.6548141837120056,0.26815059781074524,9.931148529052734,-101.722,1.126,1.288,0.162,0.11,9.861
4795309,3.73,4.87,3.17,4.9,-0.07,0.6782264113426208,2.223095178604126,0.11971008777618408,0.8846575021743774,9.604340553283691,-101.233,0.844,1.286,0.197,0.006,9.873
4795332,3.73,4.86,3.17,4.9,0.0,0.6575421690940857,2.2254750728607178,0.2059013396501541,0.8008604645729065,9.738415718078613,-101.233,0.844,1.286,0.197,0.006,9.873
4795374,3.73,4.85,3.17,4.9,0.14,0.6174765825271606,2.232344627380371,-0.08738835901021957,1.013944387435913,10.47702693939209,-101.233,0.844,1.286,0.197,0.006,9.873
4795414,3.73,4.84,3.17,4.9,0.29,0.5828450918197632,2.2422397136688232,-0.20350714027881622,1.0295066833496094,9.907206535339355,-100.685,0.751,1.269,0.201,0.178,9.892
4795456,3.73,4.83,3.17,4.9,0.47,0.5486313104629517,2.259633779525757,-0.39145198464393616,0.973242998123169,10.099940299987793,-100.685,0.751,1.269,0.201,0.178,9.892
4795498,3.73,4.82,3.17,4.9,0.65,0.5197151303291321,2.282731533050537,-0.090979665517807,0.13527239859104156,10.141838073730469,-100.122,0.741,1.302,0.22,0.168,9.784
4795524,3.75,4.83,3.73,4.78,0.76,0.5053109526634216,2.2990381717681885,0.4884171485900879,0.4668693244457245,10.585963249206543,-100.122,0.741,1.302,0.22,0.168,9.784
4795567,3.75,4.82,3.73,4.78,0.98,0.4815676212310791,2.3340542316436768,-0.2454056739807129,0.812831461429596,10.292673110961914,-100.122,0.741,1.302,0.22,0.168,9.784
4795609,3.76,4.81,3.73,4.78,1.19,0.4617064297199249,2.3712198734283447,0.11971008777618408,0.5949591398239136,10.593145370483398,-99.543,0.807,1.339,0.236,0.23,9.902
4795633,3.73,4.75,3.26,4.7,1.31,0.4522853493690491,2.3932015895843506,-0.07302315533161163,1.0785878896713257,9.72285270690918,-99.543,0.807,1.339,0.236,0.23,9.902
4795675,3.74,4.74,3.26,4.7,1.55,0.43735718727111816,2.442195177078247,-0.5363011956214905,0.035913024097681046,9.443928718566895,-99.543,0.807,1.339,0.236,0.23,9.902
4795718,3.74,4.73,3.26,4.7,1.77,0.42801594734191895,2.49259877204895,-0.2717418968677521,0.3100491166114807,10.526107788085938,-98.988,0.901,1.394,0.36,0.249,9.847
4795741,3.74,4.7,3.27,4.74,1.9,0.42544692754745483,2.5205981731414795,-0.28371289372444153,0.038307227194309235,10.339360237121582,-98.988,0.901,1.394,0.36,0.249,9.847
4795783,3.74,4.69,3.27,4.74,2.14,0.4239588677883148,2.575136661529541,-0.0071826050989329815,0.3363853394985199,10.135852813720703,-98.988,0.901,1.394,0.36,0.249,9.847
4795826,3.74,4.68,3.27,4.74,2.38,0.42503640055656433,2.625425100326538,0.7122750282287598,0.8032546639442444,9.242815971374512,-98.525,1.238,1.505,0.32,0.659,9.838
4795849,3.74,4.7,3.77,4.81,2.5,0.4267464578151703,2.650003433227539,0.6943184733390808,0.5961562395095825,10.008959770202637,-98.525,1.238,1.505,0.32,0.659,9.838
4795892,3.74,4.69,3.77,4.81,2.73,0.43239378929138184,2.6972692012786865,0.03711012750864029,0.3076549172401428,10.176554679870605,-98.239,1.44,1.584,0.32,0.258,9.741
4795915,3.74,4.68,3.77,4.81,2.85,0.43618062138557434,2.7204127311706543,0.4082113802433014,0.6967126727104187,10.139444351196289,-98.239,1.44,1.584,0.32,0.258,9.741
4795957,3.74,4.67,3.77,4.81,3.07,0.4446573555469513,2.7639219760894775,0.39384618401527405,0.6488286852836609,10.891223907470703,-98.239,1.44,1.584,0.32,0.258,9.741
4796000,3.75,4.66,3.77,4.81,3.28,0.4522278308868408,2.8031108379364014,1.0223240852355957,0.4800374507904053,10.3549222946167,-98.03,1.047,1.681,0.351,0.032,9.838
4796025,3.72,4.63,3.23,4.66,3.39,0.4559646248817444,2.823647975921631,0.6943184733390808,0.21428105235099792,9.834183692932129,-98.03,1.047,1.681,0.351,0.032,9.838
4796067,3.72,4.62,3.23,4.66,3.58,0.46164894104003906,2.8573689460754395,0.2777273952960968,0.5566518902778625,10.486603736877441,-98.03,1.047,1.681,0.351,0.032,9.838
4796109,3.73,4.61,3.23,4.66,3.75,0.46707117557525635,2.8869011402130127,-0.17238251864910126,0.6775590777397156,9.564835548400879,-98.029,0.8,1.733,0.316,0.056,9.868
4796131,3.73,4.61,3.23,4.66,3.83,0.4701808989048004,2.9015209674835205,0.2106897532939911,0.5710170865058899,9.578003883361816,-98.029,0.8,1.733,0.316,0.056,9.868
4796173,3.73,4.59,3.23,4.66,3.98,0.47786813974380493,2.930021047592163,0.4058171808719635,0.8212111592292786,9.47146224975586,-98.029,0.8,1.733,0.316,0.056,9.868
4796215,3.73,4.58,3.23,4.66,4.11,0.48742908239364624,2.960585117340088,-0.34356793761253357,0.5937620401382446,10.153809547424316,-98.1,0.7,1.694,0.277,0.115,9.954
4796239,3.71,4.56,3.28,4.14,4.17,0.49328330159187317,2.9777705669403076,0.6320692300796509,0.7601590156555176,9.519346237182617,-98.1,0.7,1.694,0.277,0.115,9.954
4796282,3.71,4.54,3.28,4.14,4.27,0.5051115155220032,3.0127034187316895,0.22266076505184174,0.17477671802043915,10.625467300415039,-98.1,0.7,1.694,0.277,0.115,9.954
4796324,3.72,4.53,3.28,4.14,4.37,0.5167978405952454,3.046050786972046,-0.6715735793113708,0.44532153010368347,9.627084732055664,-98.196,0.735,1.676,0.266,0.126,9.873
4796347,3.74,4.53,3.82,4.59,4.41,0.523164689540863,3.062737226486206,-0.8259995579719543,-0.06823474913835526,9.115922927856445,-98.196,0.735,1.676,0.266,0.126,9.873
4796390,3.74,4.52,3.82,4.59,4.47,0.5380560159683228,3.092388391494751,-0.4345476031303406,0.09217676520347595,10.685321807861328,-98.291,0.805,1.656,0.224,0.159,9.92
4796425,3.71,4.5,3.28,4.11,4.51,0.5509511232376099,3.1108617782592773,-0.04668693244457245,0.9983820915222168,9.720458984375,-98.291,0.805,1.656,0.224,0.159,9.92
4796468,3.71,4.49,3.28,4.11,4.55,0.5729643702507019,3.1294596195220947,-1.1887211799621582,0.4991910457611084,9.384073257446289,-98.291,0.805,1.656,0.224,0.159,9.92
4796510,3.71,4.48,3.28,4.11,4.59,0.59891277551651,3.140981912612915,-0.16759411990642548,1.0414776802062988,9.41519832611084,-98.415,0.923,1.644,0.133,0.227,9.871
4796533,3.58,4.32,3.28,4.54,4.6,0.6152334213256836,3.1442770957946777,-0.45848962664604187,0.033518824726343155,10.220847129821777,-98.415,0.923,1.644,0.133,0.227,9.871
4796576,3.58,4.3,3.28,4.54,4.61,0.649711549282074,3.144613027572632,0.49559974670410156,-0.4321534037590027,10.516530990600586,-98.415,0.923,1.644,0.133,0.227,9.871
4796619,3.57,4.28,3.28,4.54,4.61,0.6820197701454163,3.138625383377075,-0.1388636976480484,1.1013327836990356,9.497797966003418,-98.537,1.236,1.649,0.294,0.471,9.97
4796643,3.51,4.2,3.2,4.64,4.61,0.6988540887832642,3.132657051086426,-0.31124621629714966,0.5015852451324463,9.311050415039062,-98.537,1.236,1.649,0.294,0.471,9.97
4796685,3.51,4.18,3.2,4.64,4.6,0.7337051033973694,3.118006706237793,0.3232172429561615,0.8224082589149475,9.305065155029297,-98.537,1.236,1.649,0.294,0.471,9.97
4796723,3.48,4.13,3.24,4.56,4.58,0.7612785696983337,3.1055514812469482,-0.028730420395731926,0.6560112833976746,9.883264541625977,-98.681,1.638,1.615,0.236,0.29,9.878
4796766,3.48,4.1,3.24,4.56,4.56,0.7970714569091797,3.0904974937438965,0.014365210197865963,0.9469067454338074,10.141838073730469,-98.681,1.638,1.615,0.236,0.29,9.878
4796808,3.47,4.08,3.24,4.56,4.53,0.8273913860321045,3.0795555114746094,0.5805938839912415,0.7362170219421387,10.431536674499512,-98.762,1.343,1.577,0.162,0.193,9.991
4796830,3.47,4.06,3.24,4.56,4.52,0.8419673442840576,3.0752205848693848,0.15322890877723694,0.38307225704193115,10.72722053527832,-98.762,1.343,1.577,0.162,0.193,9.991
4796872,3.46,4.04,3.24,4.56,4.48,0.8656890392303467,3.069648504257202,0.6392518281936646,0.7326257228851318,10.505757331848145,-98.762,1.343,1.577,0.162,0.193,9.991
4796914,3.46,4.02,3.24,4.56,4.44,0.884019136428833,3.0662457942962646,1.3874398469924927,0.017956512048840523,9.68694019317627,-98.865,1.013,1.552,0.217,0.122,9.937
4796937,3.42,3.98,3.19,4.5,4.42,0.8910273909568787,3.0655267238616943,-0.4704606235027313,0.7769184708595276,10.826580047607422,-98.865,1.013,1.552,0.217,0.122,9.937
4796980,3.42,3.96,3.19,4.5,4.38,0.9017858505249023,3.067718982696533,-0.010773907415568829,0.7314286231994629,10.20528507232666,-98.865,1.013,1.552,0.217,0.122,9.937
4797122,3.32,3.87,3.29,3.97,4.21,0.9185346961021423,3.090182304382324,1.4472949504852295,-0.020350715145468712,10.949881553649902,-99.081,0.819,1.488,0.276,0.157,9.77
4797163,3.31,3.85,3.29,3.97,4.16,0.9172266721725464,3.093759536743164,-1.1851298809051514,0.49559974670410156,9.518148422241211,-99.081,0.819,1.488,0.276,0.157,9.77
4797205,3.3,3.82,3.29,3.97,4.1,0.91611647605896,3.0939559936523438,-0.5135562419891357,0.7386112213134766,10.15021800994873,-99.208,0.851,1.483,0.208,0.194,9.836
4797229,3.29,3.84,3.72,3.97,4.08,0.9160237312316895,3.0925769805908203,-1.5885528326034546,0.8044517636299133,10.539276123046875,-99.208,0.851,1.483,0.208,0.194,9.836
4797271,3.28,3.82,3.72,3.97,4.02,0.9170984029769897,3.0876219272613525,0.8164227604866028,0.2968810200691223,10.272322654724121,-99.208,0.851,1.483,0.208,0.194,9.836
4797314,3.27,3.79,3.72,3.97,3.96,0.9172557592391968,3.081407070159912,-0.02992752194404602,0.8343793153762817,10.473435401916504,-99.349,0.961,1.513,0.134,0.337,9.878
4797338,3.26,3.82,3.74,3.91,3.93,0.9167340993881226,3.0775909423828125,-0.7410054206848145,0.10295066982507706,10.899602890014648,-99.349,0.961,1.513,0.134,0.337,9.878
4797380,3.25,3.8,3.74,3.91,3.86,0.9147205352783203,3.069629192352295,0.1843535304069519,0.585382342338562,10.183736801147461,-99.349,0.961,1.513,0.134,0.337,9.878
4797416,3.24,3.78,3.74,3.91,3.81,0.9120253324508667,3.063055992126465,-0.09816227108240128,0.16879121959209442,9.294290542602539,-99.472,1.182,1.496,0.349,0.482,9.888
4797458,3.23,3.75,3.74,3.91,3.75,0.9074562788009644,3.0546276569366455,0.16879121959209442,0.6332663297653198,9.882067680358887,-99.472,1.182,1.496,0.349,0.482,9.888
4797500,3.23,3.73,3.74,3.91,3.69,0.9018247723579407,3.04683780670166,0.6093243360519409,0.2346317619085312,10.113107681274414,-99.63,1.519,1.468,0.298,0.431,9.741
4797522,3.22,3.72,3.74,3.91,3.66,0.8980479836463928,3.0428876876831055,1.6184803247451782,0.5386953949928284,10.319009780883789,-99.63,1.519,1.468,0.298,0.431,9.741
4797564,3.22,3.69,3.74,3.91,3.61,0.8877245783805847,3.0334348678588867,0.9145850539207458,-0.730231523513794,10.042478561401367,-99.63,1.519,1.468,0.298,0.431,9.741
4797606,3.21,3.67,3.74,3.91,3.55,0.8739000558853149,3.0197670459747314,0.1843535304069519,0.32202014327049255,10.811017990112305,-99.832,0.867,1.376,0.263,0.119,9.852
4797628,3.2,3.65,3.74,3.91,3.52,0.8650770783424377,3.0105535984039307,-0.3471592366695404,0.272938996553421,9.765948295593262,-99.832,0.867,1.376,0.263,0.119,9.852
4797670,3.2,3.63,3.74,3.91,3.46,0.8475797772407532,2.992889165878296,0.7565677165985107,1.3036428689956665,10.742782592773438,-99.832,0.867,1.376,0.263,0.119,9.852
4797712,3.19,3.6,3.74,3.91,3.4,0.8289620280265808,2.9776620864868164,0.07661445438861847,0.6560112833976746,9.944316864013672,-99.945,0.7,1.327,0.214,0.032,9.869
4797737,3.19,3.67,3.7,3.77,3.38,0.8184887766838074,2.970831871032715,0.1388636976480484,0.11133038252592087,9.952696800231934,-99.945,0.7,1.327,0.214,0.032,9.869
4797779,3.18,3.65,3.7,3.77,3.32,0.7977550625801086,2.9590508937835693,0.5734112858772278,0.6021417379379272,10.163386344909668,-99.945,0.7,1.327,0.214,0.032,9.869
4797817,3.18,3.63,3.28,3.78,3.27,0.782545804977417,2.9514026641845703,-0.5602431893348694,0.7541735172271729,9.702502250671387,-100.065,0.683,1.292,0.228,0.192,9.864
4797860,3.17,3.61,3.28,3.78,3.21,0.7654848694801331,2.943748712539673,1.4197616577148438,0.690727174282074,10.120290756225586,-100.065,0.683,1.292,0.228,0.192,9.864
4797902,3.17,3.59,3.28,3.78,3.15,0.7501621842384338,2.937150716781616,-1.5298948287963867,0.6943184733390808,10.269927978515625,-100.206,0.722,1.299,0.233,0.179,9.63
4797924,3.17,3.57,3.28,3.78,3.12,0.7423512935638428,2.9339089393615723,0.23702596127986908,0.727837324142456,10.704475402832031,-100.206,0.722,1.299,0.233,0.179,9.63
4797966,3.16,3.55,3.28,3.78,3.07,0.7279956936836243,2.928661823272705,0.43095630407333374,0.48602294921875,9.829395294189453,-100.206,0.722,1.299,0.233,0.179,9.63
4798008,3.16,3.53,3.28,3.78,3.01,0.7129916548728943,2.924868106842041,-0.05027823522686958,0.6440402865409851,10.826580047607422,-100.377,0.816,1.299,0.263,0.197,10.01
4798032,3.14,3.56,3.21,3.76,2.98,0.7046200037002563,2.9238784313201904,-0.0011971008498221636,1.5406688451766968,9.99220085144043,-100.377,0.816,1.299,0.263,0.197,10.01
4798074,3.14,3.53,3.21,3.76,2.92,0.6896558403968811,2.926351547241211,-1.478419542312622,0.4381389021873474,10.460267066955566,-100.377,0.816,1.299,0.263,0.197,10.01
4798117,3.13,3.51,3.21,3.76,2.86,0.6793613433837891,2.9337191581726074,0.9181763529777527,0.8415619134902954,10.38724422454834,-100.6,1.136,1.274,0.137,0.476,9.663
4798140,3.13,3.53,3.27,3.71,2.82,0.6757659912109375,2.940115451812744,-0.14006079733371735,0.6871358752250671,10.57040023803711,-100.6,1.136,1.274,0.137,0.476,9.663
4798182,3.13,3.51,3.27,3.71,2.76,0.6725136637687683,2.9572155475616455,-0.4273650050163269,0.5482721924781799,9.768342971801758,-100.6,1.136,1.274,0.137,0.476,9.663
4798220,3.15,3.49,3.18,4.19,2.7,0.6735897660255432,2.974137783050537,-0.39384618401527405,0.4596867263317108,10.041281700134277,-100.723,1.014,1.238,0.234,0.142,9.786
4798263,3.15,3.47,3.18,4.19,2.64,0.6800782084465027,2.9977848529815674,-0.2861070930957794,0.11851298063993454,9.961075782775879,-100.723,1.014,1.238,0.234,0.142,9.786
4798305,3.15,3.45,3.18,4.19,2.57,0.6894590258598328,3.0209782123565674,1.2294225692749023,0.6584054827690125,10.356119155883789,-100.884,0.81,1.228,0.29,0.07,9.718
4798328,3.14,3.45,3.17,3.6,2.54,0.6957996487617493,3.0336287021636963,-0.5374982953071594,0.48602294921875,10.073603630065918,-100.884,0.81,1.228,0.29,0.07,9.718
4798371,3.14,3.43,3.17,3.6,2.47,0.7121143937110901,3.0587801933288574,0.6021417379379272,0.1711854189634323,10.832565307617188,-100.884,0.81,1.228,0.29,0.07,9.718
4798479,3.16,3.38,3.2,4.03,2.3,0.7647991180419922,3.113070249557495,1.3215993642807007,0.39384618401527405,9.749189376831055,-101.036,0.795,1.149,0.264,0.143,9.769
4798521,3.15,3.39,3.22,3.6,2.24,0.7874919772148132,3.128422737121582,-1.3958195447921753,-0.18315643072128296,11.386823654174805,-101.198,0.868,1.143,0.205,0.256,9.994
4798564,3.15,3.37,3.22,3.6,2.16,0.8119679093360901,3.14074969291687,-1.1528080701828003,0.7936778664588928,10.092757225036621,-101.198,0.868,1.143,0.205,0.256,9.994
4798606,3.15,3.35,3.22,3.6,2.09,0.8338947892189026,3.1487481594085693,0.13287819921970367,0.7086837291717529,10.292673110961914,-101.405,0.909,1.139,0.082,0.217,9.758
4798630,3.14,3.37,3.2,3.57,2.06,0.8453072905540466,3.1513924598693848,-1.235408067703247,0.9852139949798584,9.919178009033203,-101.405,0.909,1.139,0.082,0.217,9.758
4798672,3.14,3.35,3.2,3.57,1.99,0.870557427406311,3.153883218765259,0.5973533391952515,0.849941611289978,10.17416000366211,-101.405,0.909,1.139,0.082,0.217,9.758
4798714,3.14,3.33,3.2,3.57,1.92,0.8982677459716797,3.1552608013153076,-1.7082629203796387,0.9014169573783875,10.520122528076172,-101.487,1.302,1.044,0.096,0.722,9.812
4798736,3.14,3.32,3.2,3.57,1.88,0.9149235486984253,3.1560556888580322,-0.7170634269714355,1.4484920501708984,10.523713111877441,-101.487,1.302,1.044,0.096,0.722,9.812
4798778,3.13,3.3,3.2,3.57,1.82,0.950861394405365,3.1612038612365723,0.08259996026754379,1.169567584991455,9.962273597717285,-101.487,1.302,1.044,0.096,0.722,9.812
4798820,3.13,3.28,3.2,3.57,1.77,0.9889331459999084,3.169935703277588,1.9153614044189453,0.35075053572654724,9.57201862335205,-101.435,1.404,0.99,0.185,0.1,9.746
4798843,3.13,3.27,3.2,3.57,1.74,1.00991952419281,3.1759910583496094,-0.6883329749107361,0.5781996846199036,10.556035041809082,-101.435,1.404,0.99,0.185,0.1,9.746
4798886,3.13,3.25,3.2,3.57,1.7,1.0528918504714966,3.189732789993286,1.3096283674240112,1.0067617893218994,9.469067573547363,-101.435,1.404,0.99,0.185,0.1,9.746
4798918,3.12,3.28,3.2,3.44,1.67,1.084628701210022,3.2015230655670166,0.47644615173339844,0.4345476031303406,10.917559623718262,-101.335,0.974,0.918,0.17,0.033,9.854
4798960,3.12,3.26,3.2,3.44,1.64,1.1266980171203613,3.2216365337371826,-0.9840168952941895,0.6009446382522583,9.989806175231934,-101.335,0.974,0.918,0.17,0.033,9.854
4799002,3.11,3.24,3.2,3.44,1.61,1.1630808115005493,3.2436985969543457,0.6500257849693298,0.6607996821403503,10.832565307617188,-101.188,0.773,0.824,0.077,0.047,9.895
4799026,3.11,3.26,3.2,3.46,1.61,1.180453896522522,3.2566912174224854,-0.9133879542350769,0.5231330990791321,10.57040023803711,-101.188,0.773,0.824,0.077,0.047,9.895
4799068,3.11,3.24,3.2,3.46,1.6,1.2132312059402466,3.285580635070801,-0.7589619159698486,1.3299790620803833,10.491392135620117,-101.188,0.773,0.824,0.077,0.047,9.895
4799110,3.1,3.22,3.2,3.46,1.6,1.2444288730621338,3.3158600330352783,0.8331822156906128,0.08619125932455063,10.493785858154297,-101.061,0.749,0.812,0.115,0.132,9.607
4799132,3.1,3.21,3.2,3.46,1.6,1.2608331441879272,3.3329405784606934,-1.159990668296814,0.5710170865058899,10.120290756225586,-101.061,0.749,0.812,0.115,0.132,9.607
4799174,3.1,3.2,3.2,3.46,1.61,1.2926961183547974,3.366206169128418,-0.910993754863739,0.8858546018600464,9.645041465759277,-101.061,0.749,0.812,0.115,0.132,9.607
4799216,3.09,3.18,3.2,3.46,1.62,1.3260316848754883,3.400204658508301,0.6344634294509888,1.4065934419631958,10.619482040405273,-100.954,0.81,0.812,0.314,0.359,9.829
4799240,3.07,3.27,3.53,3.47,1.64,1.3442846536636353,3.418494701385498,-0.12449848651885986,0.6859387755393982,9.897629737854004,-100.954,0.81,0.812,0.314,0.359,9.829
4799283,3.06,3.26,3.53,3.47,1.67,1.382585883140564,3.454949140548706,-0.15801730751991272,1.171961784362793,9.23443603515625,-100.954,0.81,0.812,0.314,0.359,9.829
4799317,3.06,3.25,3.53,3.47,1.7,1.4138879776000977,3.4834916591644287,-1.2844891548156738,0.8379706144332886,9.581595420837402,-100.685,1.22,0.591,0.148,0.733,9.795
4799359,3.05,3.23,3.53,3.47,1.74,1.4548557996749878,3.518916368484497,0.43095630407333374,0.5231330990791321,10.359710693359375,-100.685,1.22,0.591,0.148,0.733,9.795
4799401,3.04,3.22,3.53,3.47,1.79,1.4942251443862915,3.5494368076324463,0.6153098344802856,0.4141969084739685,10.324995040893555,-100.204,1.594,0.559,0.145,0.223,9.67
4799423,3.04,3.21,3.53,3.47,1.82,1.5143210887908936,3.5631608963012695,0.829590916633606,0.2298433631658554,11.012130737304688,-100.204,1.594,0.559,0.145,0.223,9.67
4799465,3.04,3.2,3.53,3.47,1.89,1.5502607822418213,3.583515167236328,0.010773907415568829,0.3866635859012604,10.752359390258789,-100.204,1.594,0.559,0.145,0.223,9.67
4799507,3.03,3.19,3.53,3.47,1.97,1.5838030576705933,3.5980350971221924,0.5351040959358215,0.2645592987537384,9.951498985290527,-99.598,1.151,0.504,0.073,0.185,9.758
4799529,3.03,3.18,3.53,3.47,2.02,1.6001694202423096,3.6029298305511475,0.7876923680305481,0.812831461429596,10.134655952453613,-99.598,1.151,0.504,0.073,0.185,9.758
4799571,3.02,3.17,3.53,3.47,2.13,1.6288089752197266,3.609309196472168,-0.7350199222564697,1.0977414846420288,9.801861763000488,-99.598,1.151,0.504,0.073,0.185,9.758
4799613,3.01,3.15,3.53,3.47,2.25,1.656792163848877,3.6153903007507324,0.5710170865058899,0.44173020124435425,10.340557098388672,-98.928,0.889,0.455,0.105,0.04,9.909
4799635,3.01,3.14,3.53,3.47,2.32,1.6713913679122925,3.6185877323150635,0.11611878126859665,1.173158884048462,10.156203269958496,-98.928,0.889,0.455,0.105,0.04,9.909
4799677,3.0,3.13,3.53,3.47,2.46,1.6993005275726318,3.6248772144317627,0.5482721924781799,0.6560112833976746,10.251971244812012,-98.928,0.889,0.455,0.105,0.04,9.909
4799719,3.0,3.12,3.53,3.47,2.62,1.7265681028366089,3.6307578086853027,0.13168109953403473,0.4489128291606903,9.798270225524902,-98.217,0.832,0.438,0.093,0.053,9.93
4799743,3.07,3.13,3.18,3.7,2.71,1.7404463291168213,3.633502960205078,0.3818751573562622,0.3734954595565796,10.163386344909668,-98.217,0.832,0.438,0.093,0.053,9.93
4799785,3.07,3.11,3.18,3.7,2.9,1.766666054725647,3.6378109455108643,0.3711012601852417,0.7386112213134766,10.165780067443848,-98.217,0.832,0.438,0.093,0.053,9.93
4799827,3.07,3.1,3.18,3.7,3.1,1.7895616292953491,3.6411590576171875,-0.07302315533161163,0.5889736413955688,11.085153579711914,-97.523,0.887,0.554,0.285,0.088,9.732
4799852,3.12,3.07,3.23,3.63,3.21,1.8009264469146729,3.6425533294677734,0.22505496442317963,0.08858546614646912,9.999382972717285,-97.523,0.887,0.554,0.285,0.088,9.732
4799895,3.12,3.06,3.23,3.63,3.43,1.8199262619018555,3.6424336433410645,0.7326257228851318,0.6727706789970398,9.848548889160156,-97.059,1.128,0.667,0.179,0.419,9.678
4799917,3.12,3.05,3.23,3.63,3.55,1.8284467458724976,3.6409060955047607,-1.2246341705322266,1.0414776802062988,10.047266960144043,-97.059,1.128,0.667,0.179,0.419,9.678
4799959,3.12,3.04,3.23,3.63,3.76,1.8429867029190063,3.635249137878418,-0.8152256608009338,-0.5267243981361389,9.84495735168457,-97.059,1.128,0.667,0.179,0.419,9.678
4800001,3.12,3.02,3.23,3.63,3.98,1.856474757194519,3.6249935626983643,0.9768342971801758,0.4297592043876648,11.024101257324219,-96.721,1.684,0.738,0.238,0.609,9.736
4800023,3.12,3.02,3.23,3.63,4.1,1.862898349761963,3.617034673690796,-0.023942016065120697,-0.1843535304069519,10.018536567687988,-96.721,1.684,0.738,0.238,0.609,9.736
4800065,3.12,3.0,3.23,3.63,4.31,1.875206708908081,3.597797393798828,0.1711854189634323,0.7876923680305481,10.016142845153809,-96.721,1.684,0.738,0.238,0.609,9.736
4800107,3.12,2.99,3.23,3.63,4.52,1.888190507888794,3.576385974884033,0.5662286877632141,0.47405192255973816,11.334151268005371,-96.629,1.45,0.84,0.153,0.205,9.852
4800129,3.12,2.98,3.23,3.63,4.63,1.895189881324768,3.563971996307373,0.39145198464393616,0.29209262132644653,10.065223693847656,-96.629,1.45,0.84,0.153,0.205,9.852
4800171,3.13,2.97,3.23,3.63,4.82,1.9088062047958374,3.5383071899414062,-0.11013327538967133,1.0881646871566772,11.076774597167969,-96.629,1.45,0.84,0.153,0.205,9.852
4800214,3.13,2.95,3.23,3.63,5.0,1.9236949682235718,3.512964963912964,-0.7134721279144287,0.8044517636299133,9.746794700622559,-96.704,1.228,0.815,0.178,0.048,9.793
4800235,3.13,2.94,3.23,3.63,5.09,1.9322673082351685,3.5000202655792236,0.3172317147254944,0.8092401623725891,10.708066940307617,-96.704,1.228,0.815,0.178,0.048,9.793
4800277,3.14,2.93,3.23,3.63,5.25,1.949985384941101,3.477409839630127,-0.5770025849342346,0.3100491166114807,9.694122314453125,-96.704,1.228,0.815,0.178,0.048,9.793
4800316,3.14,2.92,3.23,3.63,5.38,1.9657807350158691,3.4590086936950684,1.1408370733261108,0.6631938815116882,9.734824180603027,-96.827,1.204,0.757,0.166,0.282,9.902
4800358,3.15,2.9,3.23,3.63,5.51,1.980796217918396,3.4399302005767822,-0.42018240690231323,0.9540894031524658,10.732008934020996,-96.827,1.204,0.757,0.166,0.282,9.902
4800400,3.16,2.88,3.23,3.63,5.62,1.9930784702301025,3.4226133823394775,-0.8667010068893433,0.2861070930957794,9.398438453674316,-96.992,1.174,0.638,0.142,0.277,9.923
4800422,3.16,2.88,3.23,3.63,5.67,1.9985920190811157,3.4141008853912354,0.2861070930957794,0.9672574996948242,11.201272964477539,-96.992,1.174,0.638,0.142,0.277,9.923
4800464,3.17,2.86,3.23,3.63,5.75,2.008211612701416,3.3989484310150146,-1.2497732639312744,0.5363011956214905,9.57441234588623,-96.992,1.174,0.638,0.142,0.277,9.923
4800506,3.17,2.84,3.23,3.63,5.82,2.0165538787841797,3.3847975730895996,1.3682862520217896,0.8032546639442444,9.436745643615723,-97.185,1.241,0.634,0.074,0.449,9.85
4800528,3.18,2.83,3.23,3.63,5.84,2.0201566219329834,3.377817153930664,-1.1827356815338135,1.0438719987869263,10.2747163772583,-97.185,1.241,0.634,0.074,0.449,9.85
4800570,3.19,2.82,3.23,3.63,5.88,2.026724100112915,3.3659441471099854,-0.8367735147476196,1.259350061416626,10.441113471984863,-97.185,1.241,0.634,0.074,0.449,9.85
4800612,3.19,2.8,3.23,3.63,5.9,2.033484935760498,3.355426788330078,0.9361328482627869,-0.07302315533161163,9.069235801696777,-97.371,1.47,0.646,0.232,0.678,9.605
4800635,3.32,2.88,3.26,3.41,5.9,2.036970615386963,3.3503618240356445,-0.5793967843055725,0.5398924946784973,10.447098731994629,-97.371,1.47,0.646,0.232,0.678,9.605
4800678,3.33,2.87,3.26,3.41,5.89,2.0423405170440674,3.3410046100616455,0.5662286877632141,0.9289502501487732,10.76193618774414,-97.371,1.47,0.646,0.232,0.678,9.605
4800720,3.35,2.85,3.26,3.41,5.88,2.0448989868164062,3.334292411804199,-0.6380547285079956,0.8774749040603638,10.427945137023926,-97.514,1.376,0.581,0.08,0.177,9.908
4800744,3.32,2.87,3.21,3.39,5.86,2.044912815093994,3.3318300247192383,1.1300631761550903,0.48243165016174316,10.83974838256836,-97.514,1.376,0.581,0.08,0.177,9.908
4800788,3.33,2.85,3.21,3.39,5.82,2.040653944015503,3.328505516052246,-0.25737667083740234,1.1839327812194824,10.225635528564453,-97.655,0.856,0.525,0.104,0.099,9.887
4800824,3.26,2.82,3.19,2.91,5.78,2.0326457023620605,3.3261046409606934,1.7334020137786865,0.03232172131538391,8.984241485595703,-97.655,0.856,0.525,0.104,0.099,9.887
4800867,3.27,2.8,3.19,2.91,5.72,2.01252818107605,3.319661855697632,0.7362170219421387,0.6368576288223267,9.422380447387695,-97.655,0.856,0.525,0.104,0.099,9.887
4800909,3.28,2.79,3.19,2.91,5.66,1.9847816228866577,3.308885335922241,0.608127236366272,0.9265560507774353,10.418368339538574,-97.799,0.588,0.54,0.014,0.118,9.958
4800934,3.24,2.8,3.24,2.89,5.63,1.965444803237915,3.300654172897339,-0.3471592366695404,0.5494692921638489,10.812214851379395,-97.799,0.588,0.54,0.014,0.118,9.958
4800976,3.25,2.78,3.24,2.89,5.55,1.9164695739746094,3.278135299682617,1.0342950820922852,0.9038111567497253,10.716446876525879,-97.799,0.588,0.54,0.014,0.118,9.958
4801018,3.26,2.77,3.24,2.89,5.48,1.8596826791763306,3.251439332962036,1.260547161102295,1.1851298809051514,10.303446769714355,-97.97,0.603,0.645,0.064,0.158,9.724
4801042,3.3,2.8,3.24,3.27,5.43,1.822298526763916,3.233759641647339,-0.690727174282074,0.768538773059845,10.253169059753418,-97.97,0.603,0.645,0.064,0.158,9.724
4801085,3.31,2.79,3.24,3.27,5.35,1.7402368783950806,3.1960344314575195,0.5614402890205383,0.569819986820221,10.653000831604004,-97.97,0.603,0.645,0.064,0.158,9.724
4801120,3.32,2.8,3.19,3.25,5.29,1.671189546585083,3.1653945446014404,-0.20350714027881622,0.10654197633266449,10.020931243896484,-98.15,0.625,0.88,0.261,0.365,9.508
4801162,3.33,2.79,3.19,3.25,5.2,1.5747904777526855,3.121201753616333,-0.3663128614425659,0.910993754863739,10.066421508789062,-98.15,0.625,0.88,0.261,0.365,9.508
4801204,3.35,2.78,3.19,3.25,5.11,1.4836885929107666,3.0764503479003906,0.6236895322799683,0.40462008118629456,9.982624053955078,-98.38,0.914,1.016,0.085,0.527,9.748
4801227,3.33,2.8,3.17,3.22,5.06,1.436280369758606,3.0518131256103516,-0.16998831927776337,0.9157821536064148,10.219650268554688,-98.38,0.914,1.016,0.085,0.527,9.748
4801270,3.35,2.79,3.17,3.22,4.97,1.344421625137329,3.0032434463500977,0.028730420395731926,1.2868833541870117,10.927136421203613,-98.38,0.914,1.016,0.085,0.527,9.748
4801312,3.36,2.78,3.17,3.22,4.88,1.259771704673767,2.9603984355926514,-0.46327802538871765,0.6703764796257019,10.986991882324219,-98.637,0.931,0.963,0.147,0.067,9.706
4801335,3.32,2.77,3.14,3.31,4.83,1.2167198657989502,2.939833879470825,0.21547815203666687,0.6931213736534119,9.580398559570312,-98.637,0.931,0.963,0.147,0.067,9.706
4801378,3.34,2.76,3.14,3.31,4.73,1.137465000152588,2.903285026550293,-0.4225766062736511,0.6045359373092651,10.541669845581055,-98.637,0.931,0.963,0.147,0.067,9.706
4801420,3.35,2.76,3.14,3.31,4.63,1.0677907466888428,2.872295618057251,0.5003881454467773,0.40940847992897034,10.542867660522461,-98.893,0.821,0.86,0.186,0.008,9.965
4801444,3.38,2.74,3.3,3.12,4.58,1.0319433212280273,2.8572680950164795,-0.5219359993934631,0.7457938194274902,10.412383079528809,-98.893,0.821,0.86,0.186,0.008,9.965
4801488,3.39,2.73,3.3,3.12,4.47,0.9665844440460205,2.832742214202881,0.7266402244567871,0.33279404044151306,10.626664161682129,-99.176,0.709,0.729,0.168,0.02,9.718
4801516,3.4,2.72,3.3,3.12,4.41,0.9264504909515381,2.819709062576294,-0.08259996026754379,0.5315127968788147,9.740809440612793,-99.176,0.709,0.729,0.168,0.02,9.718
4801558,3.42,2.72,3.3,3.12,4.3,0.8691128492355347,2.8033041954040527,-0.9445125460624695,0.15442600846290588,11.587936401367188,-99.176,0.709,0.729,0.168,0.02,9.718
4801600,3.43,2.71,3.3,3.12,4.19,0.8160660266876221,2.791045665740967,0.828393816947937,0.585382342338562,9.406818389892578,-99.541,0.636,0.707,0.291,0.38,9.894
4801623,3.4,2.69,3.22,3.05,4.13,0.7889901995658875,2.786747694015503,-1.213860273361206,0.6368576288223267,10.650606155395508,-99.541,0.636,0.707,0.291,0.38,9.894
4801666,3.42,2.68,3.22,3.05,4.01,0.7342755198478699,2.78401517868042,-0.3531447649002075,0.9684545993804932,10.086771965026855,-99.541,0.636,0.707,0.291,0.38,9.894
4801708,3.43,2.67,3.22,3.05,3.89,0.6788338422775269,2.7861487865448,-0.7170634269714355,0.3124433159828186,11.142614364624023,-99.893,0.984,0.515,0.042,0.913,9.743
4801731,3.39,2.63,3.23,3.02,3.83,0.6475718021392822,2.7894835472106934,0.26575639843940735,1.3611036539077759,9.6618013381958,-99.893,0.984,0.515,0.042,0.913,9.743
4801774,3.4,2.62,3.23,3.02,3.7,0.5784130692481995,2.8001749515533447,0.9648633003234863,1.0247182846069336,10.739192008972168,-99.893,0.984,0.515,0.042,0.913,9.743
4801817,3.42,2.61,3.23,3.02,3.58,0.5028673410415649,2.814520835876465,-0.5793967843055725,0.5554547905921936,10.527304649353027,-100.146,1.396,0.33,0.014,0.471,9.76
4801839,3.39,2.58,3.22,3.05,3.51,0.458085298538208,2.8242640495300293,-0.2645592987537384,0.3124433159828186,9.458293914794922,-100.146,1.396,0.33,0.014,0.471,9.76
4801882,3.4,2.57,3.22,3.05,3.39,0.35819870233535767,2.847140073776245,2.0805611610412598,0.07900865375995636,10.001777648925781,-100.146,1.396,0.33,0.014,0.471,9.76
4802010,3.43,2.54,3.22,3.05,3.03,-0.01376949343830347,2.9190900325775146,-0.9481038451194763,0.8762778043746948,9.35654067993164,-100.425,0.223,0.01,0.023,0.039,9.855
4802032,3.43,2.53,3.22,3.05,2.98,-0.09273342043161392,2.931581735610962,1.0654197931289673,1.2401964664459229,10.012551307678223,-100.425,0.223,0.01,0.023,0.039,9.855
4802074,3.44,2.52,3.22,3.05,2.87,-0.256121426820755,2.9582574367523193,1.534683346748352,0.3663128614425659,10.681731224060059,-100.425,0.223,0.01,0.023,0.039,9.855
4802116,3.45,2.51,3.22,3.05,2.78,-0.432478129863739,2.9863152503967285,-0.29807811975479126,0.9564836025238037,8.778340339660645,-100.569,0.378,0.153,0.013,0.072,9.88
4802141,3.43,2.47,3.32,2.93,2.73,-0.5317164063453674,3.001268148422241,1.9740192890167236,0.812831461429596,8.632294654846191,-100.569,0.378,0.153,0.013,0.072,9.88
4802183,3.44,2.46,3.32,2.93,2.64,-0.7403548359870911,3.0304746627807617,0.5446808934211731,1.3443442583084106,9.931148529052734,-100.569,0.378,0.153,0.013,0.072,9.88
4802222,3.43,2.42,3.32,2.83,2.56,-0.9074473977088928,3.0550835132598877,-0.30047231912612915,0.9876081943511963,10.714052200317383,-100.73,-1.13,0.025,0.437,0.884,9.012
4802265,3.43,2.41,3.32,2.83,2.48,-1.1101794242858887,3.0906121730804443,0.1999158412218094,1.338358759880066,9.831789016723633,-100.73,-1.13,0.025,0.437,0.884,9.012
4802307,3.44,2.39,3.32,2.83,2.4,-1.2799937725067139,3.126832962036133,0.3315969407558441,1.212663173675537,10.572794914245605,-100.884,0.986,0.081,0.179,0.337,9.595
4802417,3.34,2.31,3.23,2.35,2.21,-1.6114373207092285,3.232848882675171,1.4113819599151611,0.8451532125473022,10.78348445892334,-101.078,0.288,0.022,0.142,0.074,9.621
4802460,3.34,2.29,3.23,2.35,2.14,-1.708878993988037,3.277334213256836,0.8140285611152649,0.47165772318840027,9.460687637329102,-101.078,0.288,0.022,0.142,0.074,9.621
4802502,3.34,2.28,3.23,2.35,2.07,-1.774545431137085,3.3154797554016113,0.6787561774253845,-0.0071826050989329815,10.5344877243042,-101.226,0.004,0.066,0.042,0.096,9.946
4802531,3.34,2.27,3.23,2.35,2.02,-1.8038628101348877,3.339738368988037,1.2018892765045166,1.3287819623947144,10.08078670501709,-101.226,0.004,0.066,0.042,0.096,9.946
4802573,3.34,2.26,3.23,2.35,1.95,-1.8259649276733398,3.3759026527404785,-0.6141127347946167,0.812831461429596,11.115081787109375,-101.226,0.004,0.066,0.042,0.096,9.946
4802612,3.34,2.25,3.23,2.35,1.88,-1.8231446743011475,3.4073314666748047,-1.0893617868423462,0.8762778043746948,10.320206642150879,-101.386,0.851,0.118,0.168,0.134,9.72
4802653,3.35,2.23,3.23,2.35,1.81,-1.7895538806915283,3.441824436187744,-0.2645592987537384,1.3215993642807007,10.071209907531738,-101.386,0.851,0.118,0.168,0.134,9.72
4802696,3.35,2.22,3.23,2.35,1.73,-1.7198739051818848,3.477114677429199,-0.5638344883918762,0.9684545993804932,10.200496673583984,-101.664,1.9,0.041,0.043,0.377,10.041
4802722,3.39,2.27,3.67,2.59,1.69,-1.6570435762405396,3.498863935470581,0.3292027413845062,-0.08978256583213806,9.429563522338867,-101.664,1.9,0.041,0.043,0.377,10.041
4802764,3.39,2.26,3.67,2.59,1.6,-1.5114736557006836,3.5382049083709717,0.2513911724090576,0.6105214357376099,10.393229484558105,-101.664,1.9,0.041,0.043,0.377,10.041
4802806,3.39,2.25,3.67,2.59,1.51,-1.3443007469177246,3.5783112049102783,0.5889736413955688,1.2066776752471924,9.318233489990234,-101.974,2.885,0.011,0.103,0.791,9.724
4802828,3.39,2.25,3.67,2.59,1.46,-1.2424578666687012,3.6010656356811523,-1.4664485454559326,0.7362170219421387,9.987412452697754,-101.974,2.885,0.011,0.103,0.791,9.724
4802870,3.4,2.24,3.67,2.59,1.36,-1.0236982107162476,3.6449148654937744,-0.27653029561042786,0.9900023937225342,9.07641887664795,-101.974,2.885,0.011,0.103,0.791,9.724
4802910,3.4,2.23,3.67,2.59,1.26,-0.8020848631858826,3.6807661056518555,-0.5506663918495178,-0.29568392038345337,11.168951034545898,-102.253,3.887,0.032,0.075,0.674,9.788
4802952,3.4,2.22,3.67,2.59,1.15,-0.5490743517875671,3.7114734649658203,-0.6212953329086304,0.5997475385665894,9.99100399017334,-102.253,3.887,0.032,0.075,0.674,9.788
4803064,3.29,2.16,3.2,2.2,0.83,0.10146210342645645,3.752586603164673,-1.1276689767837524,1.0989385843276978,9.848548889160156,-102.662,3.464,0.293,0.018,0.069,9.923
4803106,3.29,2.15,3.2,2.2,0.71,0.3255373537540436,3.7539262771606445,0.5805938839912415,0.2106897532939911,11.281478881835938,-103.065,2.411,0.46,0.233,0.006,9.911
4803128,3.29,2.14,3.2,2.2,0.64,0.43574851751327515,3.7509145736694336,-0.8020575642585754,0.606930136680603,10.347740173339844,-103.065,2.411,0.46,0.233,0.006,9.911
4803170,3.29,2.13,3.2,2.2,0.51,0.6259780526161194,3.737314224243164,0.3555389642715454,0.7015010714530945,10.047266960144043,-103.065,2.411,0.46,0.233,0.006,9.911
4803212,3.28,2.12,3.2,2.2,0.37,0.7926473021507263,3.715564727783203,0.50876784324646,0.9445125460624695,10.90678596496582,-103.503,1.557,0.717,0.195,0.062,9.72
4803237,3.24,2.07,3.25,2.12,0.3,0.8681020736694336,3.7000749111175537,0.5722141861915588,1.0247182846069336,10.742782592773438,-103.503,1.557,0.717,0.195,0.062,9.72
4803279,3.24,2.06,3.25,2.12,0.14,0.9897593259811401,3.6615726947784424,-0.4752490520477295,1.3419500589370728,11.78904914855957,-103.503,1.557,0.717,0.195,0.062,9.72
4803321,3.24,2.05,3.25,2.12,0.0,1.072400689125061,3.620429754257202,-0.5650315880775452,0.6177040338516235,10.494982719421387,-104.017,0.653,0.992,0.25,0.106,9.751
4803344,3.23,2.05,3.19,2.51,-0.08,1.1007932424545288,3.59617018699646,-0.3974374830722809,0.6141127347946167,11.099518775939941,-104.017,0.653,0.992,0.25,0.106,9.751
4803388,3.23,2.04,3.19,2.51,-0.24,1.1287870407104492,3.542083740234375,0.017956512048840523,0.4836287498474121,9.739612579345703,-104.565,0.469,1.136,0.127,0.605,10.064
4803420,3.24,2.08,3.48,2.36,-0.36,1.1304792165756226,3.5002248287200928,0.24899697303771973,1.1061211824417114,10.371682167053223,-104.565,0.469,1.136,0.127,0.605,10.064
4803462,3.24,2.07,3.48,2.36,-0.54,1.1132676601409912,3.436770439147949,0.5351040959358215,0.5386953949928284,10.198101997375488,-104.565,0.469,1.136,0.127,0.605,10.064
4803504,3.24,2.06,3.48,2.36,-0.71,1.0817224979400635,3.3724465370178223,0.5207388401031494,0.4225766062736511,9.829395294189453,-105.025,0.775,1.289,0.216,0.042,9.64
4803526,3.23,2.05,3.48,2.36,-0.8,1.0577210187911987,3.336806535720825,0.27054479718208313,0.4465186297893524,10.404003143310547,-105.025,0.775,1.289,0.216,0.042,9.64
4803568,3.23,2.04,3.48,2.36,-0.97,1.0003654956817627,3.2669990062713623,-0.2214636504650116,0.5997475385665894,9.672574996948242,-105.025,0.775,1.289,0.216,0.042,9.64
4803610,3.22,2.03,3.48,2.36,-1.15,0.9356160759925842,3.1971752643585205,0.6093243360519409,0.8140285611152649,9.871294021606445,-105.33,0.82,1.241,0.119,0.174,10.211
4803635,3.16,1.97,3.13,1.94,-1.24,0.8982844352722168,3.160668134689331,0.8164227604866028,0.7613561153411865,8.672995567321777,-105.33,0.82,1.241,0.119,0.174,10.211
4803677,3.15,1.96,3.13,1.94,-1.41,0.8195298910140991,3.0887417793273926,0.5446808934211731,0.6045359373092651,8.811859130859375,-105.33,0.82,1.241,0.119,0.174,10.211
4803719,3.14,1.95,3.13,1.94,-1.57,0.745825469493866,3.025308609008789,0.0071826050989329815,0.8906430602073669,10.96304988861084,-105.4,0.83,1.139,0.245,0.176,9.619
4803742,3.17,1.92,3.24,2.22,-1.65,0.7067701816558838,2.9936752319335938,0.0071826050989329815,0.8307880163192749,10.090363502502441,-105.4,0.83,1.139,0.245,0.176,9.619
4803785,3.17,1.91,3.24,2.22,-1.8,0.6285405158996582,2.9329094886779785,-0.690727174282074,0.6967126727104187,9.96825885772705,-105.4,0.83,1.139,0.245,0.176,9.619
4803820,3.16,1.88,3.14,2.2,-1.9,0.5703824758529663,2.889249086380005,-0.4489128291606903,1.2258312702178955,10.667366027832031,-105.305,0.972,1.128,0.174,0.536,9.352
4803862,3.16,1.87,3.14,2.2,-2.02,0.496703565120697,2.834709405899048,-0.44412440061569214,0.8104372620582581,10.56680965423584,-105.305,0.972,1.128,0.174,0.536,9.352
4803904,3.15,1.85,3.14,2.2,-2.13,0.4291852116584778,2.7861008644104004,1.5610195398330688,0.9900023937225342,9.801861763000488,-105.188,1.505,1.133,0.111,0.581,9.781
4803926,3.15,1.85,3.14,2.2,-2.18,0.39461466670036316,2.7621939182281494,-0.9720458984375,0.9888052940368652,11.514912605285645,-105.188,1.505,1.133,0.111,0.581,9.781
4803968,3.14,1.84,3.14,2.2,-2.25,0.32926666736602783,2.7206673622131348,1.5083470344543457,0.8008604645729065,9.263166427612305,-105.188,1.505,1.133,0.111,0.581,9.781
4804010,3.13,1.82,3.14,2.2,-2.3,0.2641362249851227,2.6845335960388184,-0.1867477297782898,0.7122750282287598,10.038887977600098,-104.541,1.25,0.863,0.287,0.016,10.104
4804033,3.11,1.85,3.56,1.75,-2.32,0.23019050061702728,2.668440341949463,0.019153613597154617,1.1085153818130493,10.293869972229004,-104.541,1.25,0.863,0.287,0.016,10.104
4804077,3.11,1.84,3.56,1.75,-2.31,0.16498103737831116,2.6431832313537598,0.8906430602073669,1.2306196689605713,11.279084205627441,-104.541,1.25,0.863,0.287,0.016,10.104
4804119,3.1,1.83,3.56,1.75,-2.28,0.10154997557401657,2.623934507369995,-0.3519476354122162,0.5219359993934631,10.431536674499512,-103.575,0.92,0.651,0.363,0.111,9.81
4804143,3.05,1.83,3.44,1.79,-2.24,0.06899980455636978,2.6164352893829346,-0.4118026793003082,0.9445125460624695,10.11550235748291,-103.575,0.92,0.651,0.363,0.111,9.81
4804185,3.04,1.82,3.44,1.79,-2.11,0.007687986828386784,2.60636305809021,-0.27653029561042786,1.2976573705673218,10.304644584655762,-103.575,0.92,0.651,0.363,0.111,9.81
4804230,3.03,1.84,3.63,1.7,-1.96,-0.0460013709962368,2.603074789047241,-1.6196774244308472,0.5805938839912415,11.273098945617676,-101.802,0.708,0.376,0.083,0.192,9.63
4804272,3.02,1.83,3.63,1.7,-1.73,-0.0920351967215538,2.6062653064727783,-0.8954314589500427,0.4836287498474121,11.118672370910645,-101.802,0.708,0.376,0.083,0.192,9.63
4804315,3.01,1.82,3.63,1.7,-1.48,-0.12726974487304688,2.613978385925293,-0.545877993106842,0.729034423828125,9.75637149810791,-99.866,1.225,0.483,0.3,1.037,9.704
4804337,2.99,1.88,3.37,1.93,-1.33,-0.14190036058425903,2.620278835296631,0.7206547260284424,0.3100491166114807,9.481039047241211,-99.866,1.225,0.483,0.3,1.037,9.704
4804380,2.98,1.87,3.37,1.93,-0.95,-0.1660100519657135,2.636152982711792,0.4668693244457245,0.7338228225708008,9.813833236694336,-99.866,1.225,0.483,0.3,1.037,9.704
4804422,2.97,1.87,3.37,1.93,-0.56,-0.18535983562469482,2.654726266860962,0.4189853072166443,1.0079588890075684,9.560047149658203,-98.21,1.707,0.592,0.147,0.049,9.649
4804446,3.01,1.86,3.18,2.07,-0.33,-0.1942405253648758,2.6668734550476074,0.26336219906806946,0.7182605266571045,10.667366027832031,-98.21,1.707,0.592,0.147,0.049,9.649
4804489,3.0,1.86,3.18,2.07,0.16,-0.20970875024795532,2.693549871444702,0.3603273630142212,1.2473790645599365,9.795876502990723,-96.56,1.311,0.462,0.058,0.088,9.975
4804530,2.99,1.86,3.18,2.07,0.64,-0.2226378470659256,2.7225284576416016,0.27413609623908997,1.0091559886932373,9.378087997436523,-96.56,1.311,0.462,0.058,0.088,9.975
4804572,2.98,1.86,3.18,2.07,1.19,-0.23299634456634521,2.762263774871826,0.08858546614646912,1.039083480834961,9.6989107131958,-96.56,1.311,0.462,0.058,0.088,9.975
4804614,2.97,1.86,3.18,2.07,1.76,-0.2374013513326645,2.8115949630737305,0.0933738648891449,1.0989385843276978,9.914389610290527,-94.791,0.937,0.328,0.091,0.05,9.779
4804637,3.02,1.84,3.26,1.92,2.08,-0.23700007796287537,2.8427932262420654,1.1456254720687866,1.2270283699035645,9.99459457397461,-94.791,0.937,0.328,0.091,0.05,9.779
4804680,3.01,1.84,3.26,1.92,2.75,-0.2332175225019455,2.9118268489837646,0.4189853072166443,0.7757213711738586,9.339780807495117,-94.791,0.937,0.328,0.091,0.05,9.779
4804825,3.05,1.79,3.27,1.91,5.09,-0.19715158641338348,3.167717695236206,-1.2473790645599365,0.4082113802433014,9.751583099365234,-91.059,1.052,0.396,0.158,0.91,9.845
4804867,3.04,1.79,3.27,1.91,5.86,-0.17116756737232208,3.2488298416137695,0.6200982332229614,0.07900865375995636,10.29746150970459,-91.059,1.052,0.396,0.158,0.91,9.845
4804909,3.03,1.79,3.27,1.91,6.6,-0.1413746327161789,3.3206448554992676,1.01753568649292,0.42856210470199585,10.212467193603516,-89.658,1.827,0.768,0.207,0.544,9.798
4804932,3.08,1.77,3.24,2.08,6.98,-0.12330839782953262,3.3556675910949707,-0.39624038338661194,0.7242460250854492,10.74876880645752,-89.658,1.827,0.768,0.207,0.544,9.798
4804975,3.07,1.77,3.24,2.08,7.75,-0.08141494542360306,3.420703649520874,0.3363853394985199,0.5027823448181152,9.836577415466309,-89.658,1.827,0.768,0.207,0.544,9.798
4805017,3.07,1.77,3.24,2.08,8.48,-0.03555770590901375,3.480211019515991,-0.21308395266532898,0.8990227580070496,10.011354446411133,-88.466,1.477,0.737,0.159,0.171,9.737
4805041,3.12,1.74,3.22,1.95,8.88,-0.007263083476573229,3.511759042739868,1.2401964664459229,0.2717418968677521,10.128670692443848,-88.466,1.477,0.737,0.159,0.171,9.737
4805084,3.11,1.74,3.22,1.95,9.62,0.05039167031645775,3.567082166671753,0.1999158412218094,0.9864110946655273,10.237606048583984,-88.466,1.477,0.737,0.159,0.171,9.737
4805120,3.15,1.71,3.27,1.88,10.17,0.09497075527906418,3.605333089828491,0.48243165016174316,0.46327802538871765,10.449493408203125,-87.478,1.174,0.852,0.237,0.127,9.807
4805163,3.14,1.71,3.27,1.88,10.9,0.1560864895582199,3.6530771255493164,0.4668693244457245,0.7469909191131592,10.528501510620117,-87.478,1.174,0.852,0.237,0.127,9.807
4805205,3.14,1.71,3.27,1.88,11.55,0.209752157330513,3.6910665035247803,0.8427590131759644,0.4381389021873474,9.694122314453125,-86.804,1.051,0.865,0.06,0.02,9.583
4805227,3.14,1.71,3.27,1.88,11.89,0.23710763454437256,3.7084219455718994,-0.6787561774253845,1.1456254720687866,9.831789016723633,-86.804,1.051,0.865,0.06,0.02,9.583
4805269,3.13,1.71,3.27,1.88,12.49,0.2887769937515259,3.7381582260131836,-0.6512228846549988,1.2222399711608887,9.973047256469727,-86.804,1.051,0.865,0.06,0.02,9.583
4805311,3.13,1.71,3.27,1.88,13.07,0.3413282334804535,3.7674429416656494,-0.8619126081466675,0.6344634294509888,10.141838073730469,-86.192,1.044,0.795,0.071,0.206,9.994
4805334,3.13,1.62,3.25,1.54,13.37,0.36955010890960693,3.7829599380493164,0.6643909811973572,1.136048674583435,9.276334762573242,-86.192,1.044,0.795,0.071,0.206,9.994
4805378,3.12,1.61,3.25,1.54,13.91,0.4249420166015625,3.8142759799957275,-0.031124621629714966,0.5997475385665894,10.24239444732666,-86.192,1.044,0.795,0.071,0.206,9.994
4805418,3.13,1.57,3.28,1.65,14.36,0.47110792994499207,3.8414947986602783,-1.3670891523361206,1.292868971824646,10.584765434265137,-85.63,1.148,0.69,0.052,0.468,9.579
4805461,3.12,1.57,3.28,1.65,14.86,0.5252776145935059,3.874089479446411,-0.043095629662275314,0.8164227604866028,10.000580787658691,-85.63,1.148,0.69,0.052,0.468,9.579
4805503,3.12,1.56,3.28,1.65,15.31,0.5718437433242798,3.9035871028900146,0.4704606235027313,0.2585737705230713,10.460267066955566,-85.15,1.521,0.696,0.15,0.429,9.694
4805525,3.12,1.56,3.28,1.65,15.53,0.594737708568573,3.9188573360443115,-0.040701430290937424,0.8798691034317017,10.14782428741455,-85.15,1.521,0.696,0.15,0.429,9.694
4805567,3.11,1.56,3.28,1.65,15.93,0.6350326538085938,3.9460198879241943,-0.0933738648891449,0.5793967843055725,10.36449909210205,-85.15,1.521,0.696,0.15,0.429,9.694
4805609,3.11,1.55,3.28,1.65,16.3,0.6721922159194946,3.9709014892578125,-0.9876081943511963,0.3172317147254944,10.910377502441406,-84.683,1.366,0.671,0.011,0.088,9.993
4805634,3.13,1.52,3.33,1.65,16.49,0.6901754140853882,3.982731819152832,0.2561795711517334,0.38905778527259827,10.56680965423584,-84.683,1.366,0.671,0.011,0.088,9.993
4805676,3.12,1.51,3.33,1.65,16.83,0.7217671871185303,4.002344608306885,-0.24181437492370605,0.8056488633155823,9.892841339111328,-84.683,1.366,0.671,0.011,0.088,9.993
4805718,3.12,1.51,3.33,1.65,17.14,0.7454814314842224,4.016485214233398,0.38067805767059326,0.8355764150619507,9.497797966003418,-84.17,1.2,0.645,0.101,0.252,9.772
4805742,3.15,1.51,3.35,1.74,17.31,0.7555360198020935,4.022152423858643,-0.3208230137825012,0.4225766062736511,10.230423927307129,-84.17,1.2,0.645,0.101,0.252,9.772
4805785,3.15,1.5,3.35,1.74,17.59,0.768708348274231,4.029944896697998,0.06464344263076782,0.9181763529777527,10.588356971740723,-84.17,1.2,0.645,0.101,0.252,9.772
4805820,3.17,1.49,3.29,1.68,17.8,0.7739942073822021,4.034432888031006,0.8487445116043091,0.5051765441894531,9.410409927368164,-83.686,1.128,0.571,0.0,0.382,9.798
4805862,3.17,1.49,3.29,1.68,18.05,0.7750537991523743,4.040273189544678,-0.8918401598930359,0.8080430626869202,10.077195167541504,-83.686,1.128,0.571,0.0,0.382,9.798
4805904,3.17,1.48,3.29,1.68,18.29,0.7724891304969788,4.047533988952637,-0.48961424827575684,1.2330138683319092,9.491812705993652,-83.24,1.256,0.512,0.022,0.576,9.831
4805928,3.19,1.5,3.38,1.69,18.41,0.7698096036911011,4.052446365356445,-1.036689281463623,1.0977414846420288,10.013748168945312,-83.24,1.256,0.512,0.022,0.576,9.831
4805970,3.19,1.49,3.38,1.69,18.63,0.7646349668502808,4.066566467285156,-0.10175357013940811,1.723825216293335,10.384849548339844,-83.24,1.256,0.512,0.022,0.576,9.831
4806012,3.18,1.48,3.38,1.69,18.84,0.7609617710113525,4.086464881896973,-0.7601590156555176,0.8523358106613159,9.651026725769043,-82.902,1.839,0.497,0.098,1.144,9.767
4806037,3.19,1.42,3.33,1.38,18.94,0.7599305510520935,4.100341320037842,-1.1863269805908203,0.6524199843406677,9.032125473022461,-82.902,1.839,0.497,0.098,1.144,9.767
4806079,3.19,1.41,3.33,1.38,19.13,0.762607991695404,4.134316921234131,0.28371289372444153,0.46327802538871765,9.947908401489258,-82.902,1.839,0.497,0.098,1.144,9.767
4806118,3.21,1.33,3.33,1.24,19.28,0.7689748406410217,4.164653301239014,-1.3766659498214722,0.9493009448051453,10.137049674987793,-82.68,2.609,0.501,0.156,1.345,9.597
4806161,3.21,1.32,3.33,1.24,19.45,0.7821425199508667,4.204256534576416,0.19393034279346466,0.424970805644989,10.292673110961914,-82.68,2.609,0.501,0.156,1.345,9.597
4806203,3.21,1.31,3.33,1.24,19.61,0.7989109754562378,4.2407612800598145,-0.9768342971801758,2.1092917919158936,9.20211410522461,-82.597,3.51,0.549,0.131,1.105,9.859
4806226,3.25,1.32,3.4,1.66,19.68,0.8104586601257324,4.260473251342773,-0.152031809091568,0.729034423828125,10.212467193603516,-82.597,3.51,0.549,0.131,1.105,9.859
4806269,3.25,1.3,3.4,1.66,19.81,0.840467631816864,4.3011932373046875,-0.02513911761343479,0.5566518902778625,10.013748168945312,-82.597,3.51,0.549,0.131,1.105,9.859
4806312,3.25,1.29,3.4,1.66,19.93,0.8750618696212769,4.340219974517822,0.08379705995321274,0.7218518257141113,10.199298858642578,-82.586,2.871,0.532,0.093,0.393,9.963
4806334,3.24,1.28,3.4,1.41,19.98,0.8961026072502136,4.3607611656188965,0.3016694188117981,0.6655880808830261,9.99220085144043,-82.586,2.871,0.532,0.093,0.393,9.963
4806378,3.24,1.27,3.4,1.41,20.08,0.9410815238952637,4.400071620941162,0.1628057211637497,0.7386112213134766,10.202890396118164,-82.586,2.871,0.532,0.093,0.393,9.963
4806415,3.24,1.25,3.33,1.45,20.15,0.9792360663414001,4.430482864379883,0.15921440720558167,0.7314286231994629,10.178948402404785,-82.573,2.398,0.51,0.097,0.054,9.809
4806457,3.24,1.24,3.33,1.45,20.23,1.0255221128463745,4.464686393737793,0.07302315533161163,0.47884035110473633,10.69130802154541,-82.573,2.398,0.51,0.097,0.054,9.809
4806500,3.24,1.22,3.33,1.45,20.29,1.0681363344192505,4.494138240814209,0.3363853394985199,0.5961562395095825,10.17296314239502,-82.58,2.019,0.515,0.149,0.103,9.812
4806522,3.25,1.18,3.35,1.12,20.32,1.0898115634918213,4.508097171783447,0.061052143573760986,0.8236053586006165,10.23880386352539,-82.58,2.019,0.515,0.149,0.103,9.812
4806565,3.24,1.17,3.35,1.12,20.37,1.1306400299072266,4.5325927734375,0.25019407272338867,0.690727174282074,10.102334022521973,-82.58,2.019,0.515,0.149,0.103,9.812
4806607,3.24,1.15,3.35,1.12,20.41,1.1667602062225342,4.552750587463379,0.20350714027881622,0.7386112213134766,10.105925559997559,-82.574,1.786,0.491,0.054,0.18,9.861
4806632,3.26,1.12,3.39,1.01,20.43,1.1840636730194092,4.561680316925049,2.5043349266052246,0.3447650372982025,11.682507514953613,-82.574,1.786,0.491,0.054,0.18,9.861
4806674,3.25,1.1,3.39,1.01,20.45,1.2071664333343506,4.574995517730713,4.045003890991211,0.3926490843296051,9.800664901733398,-82.574,1.786,0.491,0.054,0.18,9.861
4806716,3.25,1.08,3.39,1.01,20.48,1.212197184562683,4.583662033081055,0.7481880187988281,0.8092401623725891,9.847352027893066,-82.579,1.187,0.485,0.028,-2.296,10.322
4806738,3.25,1.08,3.39,1.01,20.49,1.2068158388137817,4.586584091186523,0.48482584953308105,0.4345476031303406,9.421183586120605,-82.579,1.187,0.485,0.028,-2.296,10.322
4806780,3.24,1.06,3.39,1.01,20.5,1.1836144924163818,4.589823246002197,0.45489832758903503,0.7314286231994629,10.45667552947998,-82.579,1.187,0.485,0.028,-2.296,10.322
4806822,3.24,1.04,3.39,1.01,20.52,1.1491379737854004,4.591169357299805,-0.004788403399288654,0.5147533416748047,10.390835762023926,-82.405,0.755,0.299,0.128,0.487,9.762
4806845,3.27,1.07,3.4,1.57,20.53,1.1255844831466675,4.590932369232178,0.090979665517807,1.137245774269104,9.730035781860352,-82.405,0.755,0.299,0.128,0.487,9.762
4806889,3.27,1.06,3.4,1.57,20.55,1.0710800886154175,4.588582992553711,0.5422866940498352,1.036689281463623,10.41956615447998,-82.137,0.829,0.171,0.067,0.122,9.897
4806922,3.27,1.05,3.37,1.13,20.56,1.028235673904419,4.58583927154541,0.16639702022075653,0.8810662031173706,10.645817756652832,-82.137,0.829,0.171,0.067,0.122,9.897
4806965,3.28,1.04,3.37,1.13,20.6,0.9623397588729858,4.582126617431641,0.23942017555236816,1.1061211824417114,9.987412452697754,-82.137,0.829,0.171,0.067,0.122,9.897
4807007,3.28,1.02,3.37,1.13,20.63,0.9020928144454956,4.580631732940674,-0.23822307586669922,0.6967126727104187,10.295066833496094,-81.781,0.833,0.07,0.047,0.104,9.774
4807032,3.31,0.98,3.4,0.89,20.65,0.8703821897506714,4.581017017364502,0.2753331959247589,1.479616641998291,9.865307807922363,-81.781,0.833,0.07,0.047,0.104,9.774
4807074,3.31,0.96,3.4,0.89,20.7,0.808237612247467,4.585588455200195,-0.009576806798577309,0.8607155084609985,10.803834915161133,-81.781,0.833,0.07,0.047,0.104,9.774
4807116,3.32,0.94,3.4,0.89,20.75,0.7528412342071533,4.592495918273926,0.8858546018600464,0.8379706144332886,9.838972091674805,-81.377,0.668,0.06,0.057,0.03,9.864
4807142,3.34,0.93,3.46,1.01,20.79,0.7234659790992737,4.597476482391357,-0.06464344263076782,1.2198457717895508,9.703699111938477,-81.377,0.668,0.06,0.057,0.03,9.864
4807184,3.34,0.91,3.46,1.01,20.87,0.6695061922073364,4.608196258544922,0.061052143573760986,0.5374982953071594,10.285490036010742,-81.377,0.668,0.06,0.057,0.03,9.864
4807304,3.35,0.92,3.41,1.25,21.11,0.5492573380470276,4.636111736297607,-0.46327802538871765,0.5135562419891357,10.394426345825195,-80.56,0.143,0.222,0.05,0.155,9.941
4807371,3.38,0.9,3.46,1.05,21.28,0.5040070414543152,4.641046524047852,-0.08499415963888168,0.7350199222564697,9.989806175231934,-80.56,0.143,0.222,0.05,0.155,9.941
4807413,3.39,0.88,3.46,1.05,21.39,0.4820955991744995,4.636145114898682,-0.3734954595565796,0.42616790533065796,10.320206642150879,-80.21,0.423,0.296,0.087,0.433,9.967
4807479,3.42,0.87,3.49,1.51,21.58,0.4560263454914093,4.613061428070068,0.1843535304069519,0.8918401598930359,9.964667320251465,-80.21,0.423,0.296,0.087,0.433,9.967
4807564,3.44,0.88,3.41,1.53,21.83,0.4344404339790344,4.566431999206543,0.6368576288223267,0.7038952708244324,11.295844078063965,-79.938,0.935,0.374,0.166,0.42,9.831
4807674,3.47,0.82,3.5,0.84,22.16,0.42706480622291565,4.49926233291626,0.19393034279346466,0.3387795388698578,11.070788383483887,-79.693,1.075,0.47,0.048,0.079,9.909
4807716,3.48,0.81,3.5,0.84,22.29,0.429091215133667,4.47733211517334,0.7469909191131592,1.3263877630233765,10.139444351196289,-79.393,0.755,0.602,0.122,0.074,9.84
4807742,3.48,0.81,3.49,0.98,22.36,0.431160569190979,4.467188358306885,0.811634361743927,1.1061211824417114,9.744400978088379,-79.393,0.755,0.602,0.122,0.074,9.84
4807784,3.49,0.8,3.49,0.98,22.5,0.43616223335266113,4.454659461975098,0.4776432514190674,0.7374141216278076,10.041281700134277,-79.393,0.755,0.602,0.122,0.074,9.84
4807819,3.5,0.86,3.44,1.53,22.61,0.4398058354854584,4.450847625732422,-0.2932897210121155,1.292868971824646,10.607510566711426,-79.088,0.594,0.743,0.209,0.019,9.864
4807861,3.51,0.85,3.44,1.53,22.75,0.44387292861938477,4.452197074890137,0.3818751573562622,1.0606313943862915,10.431536674499512,-79.088,0.594,0.743,0.209,0.019,9.864
4807903,3.53,0.84,3.44,1.53,22.88,0.44614583253860474,4.457732200622559,0.585382342338562,0.4572925269603729,10.314221382141113,-78.737,0.551,0.9,0.169,0.046,9.739
4807928,3.5,0.9,3.51,1.21,22.96,0.44647344946861267,4.462552547454834,0.0011971008498221636,0.8607155084609985,10.052056312561035,-78.737,0.551,0.9,0.169,0.046,9.739
4807971,3.51,0.89,3.51,1.21,23.11,0.4466601610183716,4.475994110107422,0.15442600846290588,0.706289529800415,9.86889934539795,-78.737,0.551,0.9,0.169,0.046,9.739
4808013,3.53,0.88,3.51,1.21,23.25,0.44657161831855774,4.490382671356201,-0.11133038252592087,1.0462661981582642,10.237606048583984,-78.361,0.727,-1.021,0.225,0.64,9.854
4808035,3.53,0.87,3.51,1.21,23.32,0.44634729623794556,4.498813629150391,-0.13168109953403473,1.1803414821624756,10.432733535766602,-78.361,0.727,-1.021,0.225,0.64,9.854
4808077,3.55,0.86,3.51,1.21,23.46,0.44628387689590454,4.515501499176025,-0.1711854189634323,0.889445960521698,10.309432983398438,-78.361,0.727,-1.021,0.225,0.64,9.854
4808116,3.56,0.85,3.51,1.21,23.59,0.4472707211971283,4.531456470489502,-0.5949591398239136,1.3910311460494995,9.84376049041748,-78.023,1.082,-1.077,0.151,0.461,9.93
4808158,3.58,0.85,3.51,1.21,23.73,0.4509311616420746,4.551180362701416,0.20470423996448517,0.9923965930938721,10.158597946166992,-78.023,1.082,-1.077,0.151,0.461,9.93
4808200,3.59,0.84,3.51,1.21,23.87,0.45695069432258606,4.5721282958984375,0.21667525172233582,1.0654197931289673,9.531316757202148,-77.762,1.431,-1.141,0.188,0.456,9.862
4808222,3.6,0.83,3.51,1.21,23.94,0.4612469971179962,4.584070682525635,-0.9361328482627869,0.9840168952941895,9.946710586547852,-77.762,1.431,-1.141,0.188,0.456,9.862
4808264,3.62,0.82,3.51,1.21,24.08,0.4724382758140564,4.609150409698486,-0.5171475410461426,1.3994108438491821,10.891223907470703,-77.762,1.431,-1.141,0.188,0.456,9.862
4808306,3.63,0.82,3.51,1.21,24.21,0.4882029592990875,4.637589454650879,-0.7050924301147461,1.1623848676681519,10.132261276245117,-77.549,1.676,-1.176,0.228,0.468,9.652
4808331,3.58,0.77,3.49,0.65,24.28,0.49914756417274475,4.65444278717041,-0.5889736413955688,1.256955862045288,11.062409400939941,-77.549,1.676,-1.176,0.228,0.468,9.652
4808373,3.6,0.76,3.49,0.65,24.42,0.5307361483573914,4.693963050842285,0.08619125932455063,2.206256866455078,9.651026725769043,-77.549,1.676,-1.176,0.228,0.468,9.652
4808415,3.61,0.75,3.49,0.65,24.55,0.5683311223983765,4.737161636352539,0.7314286231994629,1.3287819623947144,9.854534149169922,-77.389,1.737,-1.182,0.23,0.157,9.979
4808438,3.59,0.8,3.5,1.47,24.61,0.5917791724205017,4.763139724731445,-1.3263877630233765,0.9983820915222168,10.581174850463867,-77.389,1.737,-1.182,0.23,0.157,9.979
4808482,3.6,0.79,3.5,1.47,24.74,0.6432102918624878,4.819238185882568,0.36152446269989014,1.0582371950149536,10.611102104187012,-77.389,1.737,-1.182,0.23,0.157,9.979
4808517,3.58,0.81,3.47,1.39,24.83,0.6841141581535339,4.864740371704102,1.701080322265625,0.933738648891449,10.645817756652832,-77.235,1.75,-1.208,0.118,0.881,9.691
4808559,3.59,0.81,3.47,1.39,24.95,0.7330621480941772,4.923789024353027,-0.8020575642585754,1.0307037830352783,10.718840599060059,-77.235,1.75,-1.208,0.118,0.881,9.691
4808601,3.6,0.8,3.47,1.39,25.06,0.7765092849731445,4.980129241943359,-0.40462008118629456,1.1336544752120972,9.95748519897461,-77.123,1.875,-1.22,0.282,0.044,9.944
4808623,3.6,0.8,3.47,1.39,25.11,0.7979860305786133,5.009860515594482,1.3634978532791138,1.238999366760254,10.139444351196289,-77.123,1.875,-1.22,0.282,0.044,9.944
4808665,3.61,0.79,3.47,1.39,25.21,0.831900954246521,5.065376281738281,0.950498104095459,0.9816226959228516,10.463858604431152,-77.123,1.875,-1.22,0.282,0.044,9.944
4808707,3.62,0.78,3.47,1.39,25.31,0.8522897958755493,5.11918830871582,1.768117904663086,1.1683704853057861,10.236409187316895,-77.002,1.505,-1.261,0.284,0.099,9.772
4808732,3.58,0.74,3.49,0.59,25.36,0.8558056950569153,5.146704196929932,-0.14245499670505524,0.5351040959358215,10.697293281555176,-77.002,1.505,-1.261,0.284,0.099,9.772
4808774,3.59,0.73,3.49,0.59,25.46,0.8490685820579529,5.20058012008667,-0.5171475410461426,1.9189527034759521,10.638635635375977,-77.002,1.505,-1.261,0.284,0.099,9.772
4808819,3.54,0.79,3.47,1.12,25.54,0.833504855632782,5.24980354309082,1.016338586807251,1.2737152576446533,9.732429504394531,-76.833,1.283,-1.284,0.208,0.148,9.765
4808862,3.55,0.79,3.47,1.12,25.64,0.8103204965591431,5.30357551574707,-0.06823474913835526,1.3072341680526733,10.405200958251953,-76.833,1.283,-1.284,0.208,0.148,9.765
4808904,3.55,0.78,3.47,1.12,25.72,0.7854998111724854,5.352872371673584,0.38905778527259827,1.0187327861785889,10.314221382141113,-76.641,1.057,-1.371,0.201,0.154,9.906
4808927,3.6,0.85,4.23,1.38,25.77,0.7708021402359009,5.37894868850708,-0.25737667083740234,1.1671733856201172,9.585186958312988,-76.641,1.057,-1.371,0.201,0.154,9.906
4808970,3.61,0.85,4.23,1.38,25.85,0.7403753399848938,5.429389953613281,0.8571242094039917,0.767341673374176,9.749189376831055,-76.641,1.057,-1.371,0.201,0.154,9.906
4809013,3.62,0.85,4.23,1.38,25.93,0.7104533314704895,5.474761486053467,-0.3064578175544739,0.8104372620582581,10.844536781311035,-76.453,1.111,-1.417,0.2,0.521,9.711
4809037,3.56,0.87,3.48,1.11,25.97,0.6941263675689697,5.497215747833252,-0.6105214357376099,0.8008604645729065,10.696096420288086,-76.453,1.111,-1.417,0.2,0.521,9.711
4809079,3.56,0.87,3.48,1.11,26.05,0.6610071063041687,5.539130687713623,-0.18914192914962769,1.382651448249817,10.6338472366333,-76.453,1.111,-1.417,0.2,0.521,9.711
4809123,3.53,0.84,3.55,0.87,26.13,0.6322762966156006,5.573784351348877,-0.4991910457611084,1.1204863786697388,10.6925048828125,-76.28,1.085,-1.427,0.227,0.132,9.916
4809166,3.53,0.84,3.55,0.87,26.21,0.6044153571128845,5.60757303237915,-0.3387795388698578,1.0115501880645752,9.815030097961426,-76.28,1.085,-1.427,0.227,0.132,9.916
4809208,3.54,0.84,3.55,0.87,26.28,0.5839464664459229,5.63247537612915,0.18076223134994507,0.8463503122329712,10.42195987701416,-76.101,1.225,-1.383,0.082,0.501,9.89
4809233,3.54,0.8,3.55,0.58,26.32,0.5755957961082458,5.642562389373779,-0.18794482946395874,0.9816226959228516,10.093954086303711,-76.101,1.225,-1.383,0.082,0.501,9.89
4809275,3.54,0.79,3.55,0.58,26.4,0.5644834637641907,5.65676212310791,0.038307227194309235,0.8403648138046265,9.861717224121094,-76.101,1.225,-1.383,0.082,0.501,9.89
4809317,3.54,0.79,3.55,0.58,26.47,0.559651255607605,5.664122581481934,0.8224082589149475,0.9864110946655273,10.198101997375488,-75.996,1.585,-1.202,0.222,0.488,9.895
4809343,3.53,0.77,3.53,0.72,26.5,0.5597547888755798,5.66510009765625,-0.7254431247711182,1.1049240827560425,10.307038307189941,-75.996,1.585,-1.202,0.222,0.488,9.895
4809385,3.54,0.77,3.53,0.72,26.57,0.5651628971099854,5.661641597747803,-0.3579331636428833,0.8762778043746948,10.6338472366333,-75.996,1.585,-1.202,0.222,0.488,9.895
4809420,3.55,0.71,3.6,0.49,26.62,0.5724263191223145,5.656111717224121,0.8379706144332886,1.4209587574005127,9.841365814208984,-75.893,1.491,-1.126,0.185,0.004,9.928
4809463,3.55,0.71,3.6,0.49,26.69,0.5883927941322327,5.645195007324219,0.14245499670505524,1.3718775510787964,9.560047149658203,-75.893,1.491,-1.126,0.185,0.004,9.928
4809505,3.55,0.7,3.6,0.49,26.75,0.6079630851745605,5.633138179779053,0.5985504388809204,1.138442873954773,9.403226852416992,-75.771,1.093,-1.069,0.211,0.03,9.736
4809530,3.55,0.7,3.55,0.74,26.78,0.6206510066986084,5.625797271728516,-0.5135562419891357,1.5406688451766968,10.317811965942383,-75.771,1.093,-1.069,0.211,0.03,9.736
4809572,3.55,0.69,3.55,0.74,26.84,0.6505247950553894,5.60887336730957,0.7374141216278076,0.7529764175415039,9.739612579345703,-75.771,1.093,-1.069,0.211,0.03,9.736
4809614,3.56,0.69,3.55,0.74,26.9,0.6805077195167542,5.591206073760986,0.12689268589019775,0.849941611289978,9.555258750915527,-75.606,1.008,0.917,0.205,0.153,9.8
4809640,3.54,0.68,3.54,0.71,26.93,0.6979845762252808,5.580564975738525,-0.44771572947502136,1.2461819648742676,10.667366027832031,-75.606,1.008,0.917,0.205,0.153,9.8
4809682,3.55,0.68,3.54,0.71,26.99,0.7350452542304993,5.558759689331055,-0.43933600187301636,0.706289529800415,10.08198356628418,-75.606,1.008,0.917,0.205,0.153,9.8
4809717,3.54,0.63,3.55,0.46,27.04,0.7638700604438782,5.5428080558776855,-0.9265560507774353,1.3527239561080933,10.334571838378906,-75.44,1.125,0.772,0.138,0.195,9.816
4809760,3.54,0.63,3.55,0.46,27.1,0.810082197189331,5.519407749176025,-1.4879963397979736,0.5542576909065247,11.342530250549316,-75.44,1.125,0.772,0.138,0.195,9.816
4809802,3.54,0.62,3.55,0.46,27.15,0.8575952053070068,5.496727466583252,-1.035492181777954,0.4836287498474121,10.169371604919434,-75.288,1.977,0.627,0.179,1.406,9.727
4809831,3.54,0.62,3.55,0.46,27.19,0.892939567565918,5.480528354644775,-0.4800374507904053,1.215057373046875,9.684545516967773,-75.288,1.977,0.627,0.179,1.406,9.727
4809873,3.55,0.61,3.55,0.46,27.24,0.9515231251716614,5.454524517059326,-0.0011971008498221636,0.7876923680305481,10.127472877502441,-75.288,1.977,0.627,0.179,1.406,9.727
4809915,3.55,0.61,3.55,0.46,27.28,1.0111005306243896,5.428547382354736,0.1759738177061081,0.8152256608009338,10.072406768798828,-75.272,2.915,0.515,0.243,0.907,9.883
4809939,3.54,0.62,3.55,0.88,27.3,1.0434941053390503,5.414605140686035,0.11133038252592087,1.0055646896362305,10.158597946166992,-75.272,2.915,0.515,0.243,0.907,9.883
4809981,3.54,0.62,3.55,0.88,27.34,1.1082377433776855,5.386744022369385,0.09816227108240128,0.8858546018600464,10.139444351196289,-75.272,2.915,0.515,0.243,0.907,9.883
4810020,3.55,0.66,3.55,1.28,27.37,1.1620467901229858,5.363568305969238,-0.0454898327589035,0.9421183466911316,10.125079154968262,-75.25,2.671,0.522,0.102,0.16,9.807
4810062,3.55,0.66,3.55,1.28,27.4,1.2240668535232544,5.336712837219238,0.026336219161748886,0.9002198576927185,10.11789608001709,-75.25,2.671,0.522,0.102,0.16,9.807
4810104,3.55,0.65,3.55,1.28,27.42,1.2807629108428955,5.311925411224365,-0.0011971008498221636,0.9133879542350769,10.160991668701172,-75.255,2.438,0.541,0.1,0.3,9.816
4810129,3.53,0.63,3.53,0.58,27.44,1.3093817234039307,5.299278259277344,0.002394201699644327,0.9265560507774353,10.141838073730469,-75.255,2.438,0.541,0.1,0.3,9.816
4810172,3.53,0.62,3.53,0.58,27.46,1.3655197620391846,5.274013996124268,0.011971008032560349,0.9026140570640564,10.137049674987793,-75.255,2.438,0.541,0.1,0.3,9.816
4810214,3.53,0.62,3.53,0.58,27.47,1.4130860567092896,5.252062797546387,0.035913024097681046,0.9181763529777527,10.137049674987793,-75.255,2.273,0.557,0.099,0.261,9.817
4810237,3.55,0.68,3.59,1.18,27.48,1.436329960823059,5.241024971008301,-0.013168109580874443,0.912190854549408,10.164583206176758,-75.255,2.273,0.557,0.099,0.261,9.817
4810280,3.55,0.67,3.59,1.18,27.49,1.4787622690200806,5.22014045715332,-0.010773907415568829,0.8786720037460327,10.15141487121582,-75.255,2.273,0.557,0.099,0.261,9.817
4810325,3.54,0.65,3.58,0.63,27.5,1.5153112411499023,5.201330184936523,0.005985504016280174,0.8858546018600464,10.152612686157227,-75.257,2.15,0.565,0.101,0.272,9.814
4810368,3.54,0.64,3.58,0.63,27.5,1.550829291343689,5.181978225708008,0.011971008032560349,0.9193734526634216,10.158597946166992,-75.257,2.15,0.565,0.101,0.272,9.814
4810410,3.54,0.64,3.58,0.63,27.51,1.5792357921600342,5.165431022644043,0.004788403399288654,0.9229647517204285,10.14782428741455,-75.257,2.042,0.579,0.103,0.266,9.812
4810435,3.54,0.66,3.56,0.79,27.51,1.5922369956970215,5.157251834869385,0.021547814831137657,0.9373299479484558,10.15141487121582,-75.257,2.042,0.579,0.103,0.266,9.812
4810477,3.53,0.65,3.56,0.79,27.51,1.6149755716323853,5.141714096069336,-0.014365210197865963,0.9050082564353943,10.139444351196289,-75.257,2.042,0.579,0.103,0.266,9.812
4810519,3.53,0.65,3.56,0.79,27.51,1.6327928304672241,5.128242492675781,-0.010773907415568829,0.93254154920578,10.134655952453613,-75.258,1.959,0.586,0.103,0.273,9.817
4810543,3.55,0.71,4.13,1.27,27.51,1.6408706903457642,5.121338844299316,0.03232172131538391,0.9277531504631042,10.153809547424316,-75.258,1.959,0.586,0.103,0.273,9.817
4810586,3.55,0.71,4.13,1.27,27.51,1.6534219980239868,5.1092047691345215,-0.013168109580874443,0.8978256583213806,10.158597946166992,-75.258,1.889,0.593,0.104,0.269,9.814
4810624,3.55,0.71,4.13,1.27,27.51,1.6617207527160645,5.099801063537598,0.026336219161748886,0.9157821536064148,10.123882293701172,-75.258,1.889,0.593,0.104,0.269,9.814
4810666,3.56,0.71,4.13,1.27,27.51,1.6689943075180054,5.089674472808838,-0.005985504016280174,0.8966285586357117,10.146626472473145,-75.258,1.889,0.593,0.104,0.269,9.814
4810708,3.56,0.7,4.13,1.27,27.5,1.6739652156829834,5.0804443359375,0.002394201699644327,0.9074024558067322,10.14782428741455,-75.259,1.832,0.601,0.105,0.274,9.817
4810731,3.56,0.74,3.56,1.27,27.5,1.6755117177963257,5.07589054107666,0.002394201699644327,0.9265560507774353,10.190919876098633,-75.259,1.832,0.601,0.105,0.274,9.817
4810774,3.56,0.74,3.56,1.27,27.5,1.6768467426300049,5.067445755004883,-0.011971008032560349,0.9181763529777527,10.17296314239502,-75.259,1.832,0.601,0.105,0.274,9.817
4810816,3.56,0.74,3.56,1.27,27.5,1.6764955520629883,5.0599589347839355,-0.005985504016280174,0.9253589510917664,10.17416000366211,-75.26,1.786,0.607,0.109,0.281,9.814
4810839,3.59,0.81,3.58,1.27,27.49,1.6754733324050903,5.0562825202941895,0.014365210197865963,0.9205705523490906,10.1753568649292,-75.26,1.786,0.607,0.109,0.281,9.814
4810883,3.59,0.81,3.58,1.27,27.49,1.6721690893173218,5.049441814422607,0.02753331884741783,0.9026140570640564,10.14902114868164,-75.26,1.786,0.607,0.109,0.281,9.814
4810923,3.6,0.86,3.59,1.29,27.49,1.6682543754577637,5.043883323669434,0.026336219161748886,0.9265560507774353,10.152612686157227,-75.26,1.75,0.612,0.103,0.274,9.817
4810966,3.61,0.86,3.59,1.29,27.48,1.6626187562942505,5.037458896636963,-0.002394201699644327,0.8990227580070496,10.143035888671875,-75.26,1.75,0.612,0.103,0.274,9.817
4811008,3.61,0.86,3.59,1.29,27.48,1.656799554824829,5.0317864418029785,0.02274491637945175,0.9373299479484558,10.170568466186523,-75.261,1.722,0.617,0.111,0.267,9.805
4811033,3.63,0.9,3.59,1.24,27.48,1.6533650159835815,5.02888822555542,-0.03950432687997818,0.9217676520347595,10.144232749938965,-75.261,1.722,0.617,0.111,0.267,9.805
4811075,3.63,0.91,3.59,1.24,27.47,1.6460570096969604,5.023203372955322,-0.02513911761343479,0.9253589510917664,10.144232749938965,-75.261,1.722,0.617,0.111,0.267,9.805
4811117,3.64,0.91,3.59,1.24,27.47,1.6389288902282715,5.018113613128662,-0.02753331884741783,0.9145850539207458,10.141838073730469,-75.261,1.697,0.619,0.1,0.272,9.814
4811143,3.62,0.95,3.54,1.37,27.47,1.634798288345337,5.015415191650391,0.023942016065120697,0.9373299479484558,10.156203269958496,-75.261,1.697,0.619,0.1,0.272,9.814
4811185,3.62,0.96,3.54,1.37,27.46,1.6267099380493164,5.010308265686035,-0.013168109580874443,0.9193734526634216,10.153809547424316,-75.261,1.697,0.619,0.1,0.272,9.814
4811219,3.59,0.95,3.58,1.27,27.46,1.6207914352416992,5.006751537322998,0.011971008032560349,0.9241618514060974,10.157401084899902,-75.262,1.678,0.622,0.107,0.277,9.817
4811261,3.6,0.95,3.58,1.27,27.46,1.6126848459243774,5.001905918121338,0.031124621629714966,0.8822633028030396,10.15141487121582,-75.262,1.678,0.622,0.107,0.277,9.817
4811303,3.6,0.96,3.58,1.27,27.46,1.6049716472625732,4.997298717498779,-0.016759412363171577,0.9409212470054626,10.129867553710938,-75.263,1.661,0.622,0.105,0.281,9.814
4811325,3.61,0.96,3.58,1.27,27.46,1.6008679866790771,4.994880199432373,-0.0035913025494664907,0.9157821536064148,10.158597946166992,-75.263,1.661,0.622,0.105,0.281,9.814
4811367,3.61,0.97,3.58,1.27,27.46,1.593295931816101,4.990301132202148,-0.017956512048840523,0.8990227580070496,10.145429611206055,-75.263,1.661,0.622,0.105,0.281,9.814
4811409,3.62,0.97,3.58,1.27,27.45,1.58590829372406,4.985773086547852,0.026336219161748886,0.8954314589500427,10.14902114868164,-75.263,1.646,0.621,0.102,0.269,9.812
4811431,3.62,0.97,3.58,1.27,27.45,1.5820426940917969,4.983416557312012,0.009576806798577309,0.9373299479484558,10.129867553710938,-75.263,1.646,0.621,0.102,0.269,9.812
4811473,3.62,0.98,3.58,1.27,27.45,1.5750373601913452,4.979001998901367,-0.015562310814857483,0.9169792532920837,10.15141487121582,-75.263,1.646,0.621,0.102,0.269,9.812
4811515,3.63,0.98,3.58,1.27,27.45,1.5683332681655884,4.974698066711426,-0.005985504016280174,0.9301473498344421,10.159794807434082,-75.263,1.636,0.625,0.119,0.279,9.821
4811538,3.66,0.97,4.23,1.34,27.45,1.5648819208145142,4.972492218017578,0.0071826050989329815,0.9097966551780701,10.146626472473145,-75.263,1.636,0.625,0.119,0.279,9.821
4811582,3.67,0.97,4.23,1.34,27.45,1.5584022998809814,4.968260288238525,0.014365210197865963,0.9301473498344421,10.158597946166992,-75.263,1.636,0.625,0.119,0.279,9.821
4811623,3.68,0.98,4.23,1.34,27.45,1.5524799823760986,4.9644060134887695,-0.021547814831137657,0.9552865028381348,10.143035888671875,-75.263,1.628,0.629,0.116,0.282,9.821
4811645,3.68,0.98,4.23,1.34,27.45,1.5494356155395508,4.962463855743408,-0.010773907415568829,0.910993754863739,10.170568466186523,-75.263,1.628,0.629,0.116,0.282,9.821
4811688,3.69,0.98,4.23,1.34,27.45,1.5440703630447388,4.9588942527771,-0.0011971008498221636,0.9133879542350769,10.145429611206055,-75.263,1.623,0.627,0.105,0.271,9.816
4811716,3.69,0.99,4.23,1.34,27.45,1.5406242609024048,4.956597805023193,0.0071826050989329815,0.9002198576927185,10.165780067443848,-75.263,1.623,0.627,0.105,0.271,9.816
4811758,3.7,0.99,4.23,1.34,27.45,1.5356472730636597,4.9531755447387695,0.0071826050989329815,0.9493009448051453,10.157401084899902,-75.263,1.623,0.627,0.105,0.271,9.816
4811800,3.71,0.99,4.23,1.34,27.45,1.5309442281723022,4.949939250946045,0.004788403399288654,0.9445125460624695,10.159794807434082,-75.264,1.617,0.626,0.105,0.275,9.826
4811823,3.66,0.88,3.55,0.43,27.45,1.5284790992736816,4.948287010192871,0.011971008032560349,0.9241618514060974,10.156203269958496,-75.264,1.617,0.626,0.105,0.275,9.826
4811866,3.67,0.88,3.55,0.43,27.45,1.523863434791565,4.945068359375,0.011971008032560349,0.933738648891449,10.14902114868164,-75.264,1.617,0.626,0.105,0.275,9.826
4811908,3.68,0.88,3.55,0.43,27.45,1.519655704498291,4.942090034484863,0.002394201699644327,0.9050082564353943,10.1753568649292,-75.264,1.61,0.627,0.103,0.273,9.817
4811933,3.64,0.78,3.57,0.48,27.45,1.5174760818481445,4.94056510925293,-0.010773907415568829,0.9253589510917664,10.160991668701172,-75.264,1.61,0.627,0.103,0.273,9.817
4811976,3.64,0.78,3.57,0.48,27.45,1.5132246017456055,4.93738317489624,0.013168109580874443,0.910993754863739,10.128670692443848,-75.264,1.61,0.627,0.103,0.273,9.817
4812018,3.65,0.77,3.57,0.48,27.44,1.5094472169876099,4.934488296508789,0.004788403399288654,0.9229647517204285,10.160991668701172,-75.265,1.608,0.629,0.112,0.277,9.812
4812040,3.65,0.77,3.57,0.48,27.44,1.5074570178985596,4.932972431182861,0.02513911761343479,0.9229647517204285,10.137049674987793,-75.265,1.608,0.629,0.112,0.277,9.812
4812082,3.66,0.77,3.57,0.48,27.44,1.5038397312164307,4.930102825164795,0.020350715145468712,0.9457096457481384,10.158597946166992,-75.265,1.608,0.629,0.112,0.277,9.812
4812115,3.66,0.77,3.57,0.48,27.44,1.5010565519332886,4.927957534790039,0.004788403399288654,0.910993754863739,10.144232749938965,-75.265,1.608,0.627,0.103,0.28,9.822
4812156,3.67,0.77,3.57,0.48,27.44,1.4974431991577148,4.925188064575195,0.019153613597154617,0.9253589510917664,10.153809547424316,-75.265,1.608,0.627,0.103,0.28,9.822
4812199,3.67,0.76,3.57,0.48,27.44,1.4937999248504639,4.922488212585449,-0.008379706181585789,0.9217676520347595,10.146626472473145,-75.266,1.603,0.63,0.105,0.281,9.819
4812228,3.68,0.76,3.57,0.48,27.44,1.4912209510803223,4.920670509338379,-0.020350715145468712,0.9229647517204285,10.14902114868164,-75.266,1.603,0.63,0.105,0.281,9.819
4812270,3.69,0.76,3.57,0.48,27.44,1.487528681755066,4.918025493621826,0.011971008032560349,0.9050082564353943,10.145429611206055,-75.266,1.603,0.63,0.105,0.281,9.819
4812312,3.69,0.76,3.57,0.48,27.44,1.4839270114898682,4.915531158447266,0.026336219161748886,0.9253589510917664,10.14902114868164,-75.266,1.6,0.631,0.105,0.271,9.819
4812337,3.61,0.8,3.56,1.01,27.44,1.4819687604904175,4.914273738861084,-0.010773907415568829,0.9349357485771179,10.139444351196289,-75.266,1.6,0.631,0.105,0.271,9.819
4812380,3.61,0.8,3.56,1.01,27.44,1.4780632257461548,4.9117279052734375,0.008379706181585789,0.889445960521698,10.146626472473145,-75.266,1.6,0.631,0.105,0.271,9.819
4812402,3.61,0.8,3.56,1.01,27.44,1.4761347770690918,4.910558223724365,-0.008379706181585789,0.9181763529777527,10.137049674987793,-75.267,1.603,0.63,0.107,0.268,9.821
4812444,3.62,0.8,3.56,1.01,27.44,1.472651481628418,4.908413410186768,0.010773907415568829,0.9097966551780701,10.144232749938965,-75.267,1.603,0.63,0.107,0.268,9.821
4812487,3.62,0.8,3.56,1.01,27.44,1.4693111181259155,4.906406402587891,-0.008379706181585789,0.9349357485771179,10.14782428741455,-75.267,1.602,0.631,0.105,0.282,9.817
4812520,3.57,0.73,3.55,0.57,27.44,1.4668999910354614,4.905033111572266,-0.005985504016280174,0.9373299479484558,10.146626472473145,-75.267,1.602,0.631,0.105,0.282,9.817
4812563,3.58,0.72,3.55,0.57,27.44,1.463603138923645,4.9031291007995605,0.013168109580874443,0.9301473498344421,10.15141487121582,-75.267,1.602,0.631,0.105,0.282,9.817
4812605,3.58,0.72,3.55,0.57,27.44,1.4607563018798828,4.901505470275879,0.033518824726343155,0.9445125460624695,10.137049674987793,-75.267,1.602,0.63,0.11,0.278,9.824
4812630,3.54,0.78,3.56,0.96,27.44,1.4592866897583008,4.9007110595703125,-0.017956512048840523,0.9026140570640564,10.135852813720703,-75.267,1.602,0.63,0.11,0.278,9.824
4812673,3.54,0.78,3.56,0.96,27.44,1.456524133682251,4.899089813232422,0.005985504016280174,0.9229647517204285,10.153809547424316,-75.267,1.602,0.63,0.11,0.278,9.824
4812718,3.52,0.73,3.54,0.7,27.44,1.4541165828704834,4.897659778594971,0.002394201699644327,0.933738648891449,10.098742485046387,-75.268,1.6,0.633,0.108,0.275,9.817
4812761,3.52,0.73,3.54,0.7,27.44,1.4516382217407227,4.896193504333496,0.011971008032560349,0.9409212470054626,10.127472877502441,-75.268,1.6,0.633,0.108,0.275,9.817
4812803,3.52,0.73,3.54,0.7,27.44,1.449492335319519,4.894942283630371,0.016759412363171577,0.889445960521698,10.156203269958496,-75.268,1.6,0.634,0.108,0.272,9.829
4812826,3.51,0.7,3.52,0.69,27.44,1.4483755826950073,4.894317626953125,-0.0035913025494664907,0.9133879542350769,10.158597946166992,-75.268,1.6,0.634,0.108,0.272,9.829
4812869,3.51,0.7,3.52,0.69,27.44,1.4464099407196045,4.893007278442383,0.015562310814857483,0.9361328482627869,10.153809547424316,-75.268,1.6,0.634,0.108,0.272,9.829
4812912,3.51,0.7,3.52,0.69,27.44,1.444679856300354,4.891757965087891,0.0011971008498221636,0.93254154920578,10.139444351196289,-75.269,1.6,0.634,0.113,0.277,9.817
4812936,3.5,0.76,3.57,1.17,27.44,1.4437943696975708,4.891110897064209,0.0071826050989329815,0.9373299479484558,10.128670692443848,-75.269,1.6,0.634,0.113,0.277,9.817
4812978,3.5,0.76,3.57,1.17,27.44,1.4422789812088013,4.8897576332092285,0.028730420395731926,0.9277531504631042,10.146626472473145,-75.269,1.6,0.634,0.113,0.277,9.817
4813020,3.5,0.76,3.57,1.17,27.43,1.4409860372543335,4.888471603393555,-0.02274491637945175,0.9097966551780701,10.127472877502441,-75.269,1.6,0.637,0.112,0.277,9.826
4813043,3.52,0.81,3.6,1.29,27.43,1.4403166770935059,4.887784957885742,-0.015562310814857483,0.9301473498344421,10.127472877502441,-75.269,1.6,0.637,0.112,0.277,9.826
4813086,3.52,0.81,3.6,1.29,27.43,1.439189076423645,4.886348724365234,0.008379706181585789,0.933738648891449,10.123882293701172,-75.269,1.6,0.637,0.112,0.277,9.826
4813118,3.54,0.82,3.61,1.29,27.43,1.4384384155273438,4.885412216186523,-0.0011971008498221636,0.9469067454338074,10.146626472473145,-75.269,1.597,0.638,0.101,0.281,9.824
4813161,3.54,0.83,3.61,1.29,27.43,1.4373825788497925,4.884065628051758,-0.008379706181585789,0.9301473498344421,10.127472877502441,-75.269,1.597,0.638,0.101,0.281,9.824
4813203,3.54,0.83,3.61,1.29,27.43,1.4363981485366821,4.883033275604248,-0.008379706181585789,0.9205705523490906,10.129867553710938,-75.271,1.6,0.639,0.11,0.277,9.817
4813227,3.53,0.8,3.54,0.71,27.43,1.4358224868774414,4.882589817047119,-0.0011971008498221636,0.9074024558067322,10.144232749938965,-75.271,1.6,0.639,0.11,0.277,9.817
4813269,3.53,0.8,3.54,0.71,27.43,1.4347823858261108,4.881808280944824,-0.008379706181585789,0.910993754863739,10.132261276245117,-75.271,1.6,0.639,0.11,0.277,9.817
4813312,3.53,0.8,3.54,0.71,27.43,1.4338057041168213,4.881190299987793,0.0035913025494664907,0.9133879542350769,10.146626472473145,-75.271,1.6,0.636,0.11,0.27,9.812
4813336,3.53,0.75,3.56,0.58,27.43,1.4332542419433594,4.880934238433838,-0.0011971008498221636,0.912190854549408,10.133459091186523,-75.271,1.6,0.636,0.11,0.27,9.812
4813378,3.53,0.74,3.56,0.58,27.43,1.4322659969329834,4.880398750305176,0.02274491637945175,0.9050082564353943,10.128670692443848,-75.271,1.6,0.636,0.11,0.27,9.812
4813420,3.54,0.74,3.56,0.58,27.43,1.4313353300094604,4.879824638366699,-0.008379706181585789,0.9157821536064148,10.133459091186523,-75.272,1.599,0.64,0.112,0.276,9.819
4813443,3.55,0.79,3.59,1.36,27.43,1.4308007955551147,4.879482746124268,-0.002394201699644327,0.9289502501487732,10.129867553710938,-75.272,1.599,0.64,0.112,0.276,9.819
4813486,3.56,0.79,3.59,1.36,27.43,1.4298831224441528,4.87859582901001,-0.0,0.9205705523490906,10.144232749938965,-75.272,1.602,0.639,0.108,0.279,9.812
4813518,3.57,0.84,3.57,1.34,27.43,1.4292432069778442,4.877895832061768,0.004788403399288654,0.9145850539207458,10.131064414978027,-75.272,1.602,0.639,0.108,0.279,9.812
4813561,3.58,0.84,3.57,1.34,27.43,1.4283572435379028,4.87655782699585,0.02274491637945175,0.9205705523490906,10.15141487121582,-75.272,1.602,0.639,0.108,0.279,9.812
4813603,3.58,0.84,3.57,1.34,27.42,1.4275529384613037,4.8751702308654785,0.02992752194404602,0.9097966551780701,10.123882293701172,-75.273,1.603,0.639,0.108,0.279,9.817
4813626,3.59,0.76,3.58,0.38,27.42,1.4270837306976318,4.874364852905273,-0.015562310814857483,0.8930372595787048,10.157401084899902,-75.273,1.603,0.639,0.108,0.279,9.817
4813669,3.59,0.76,3.58,0.38,27.42,1.4261938333511353,4.87254524230957,0.020350715145468712,0.9145850539207458,10.155006408691406,-75.273,1.603,0.639,0.108,0.279,9.817
4813712,3.6,0.76,3.58,0.38,27.42,1.4252010583877563,4.870628356933594,0.002394201699644327,0.9241618514060974,10.129867553710938,-75.273,1.605,0.639,0.11,0.277,9.817
4813736,3.57,0.82,3.54,1.09,27.42,1.424555778503418,4.869544506072998,0.004788403399288654,0.9421183466911316,10.1382474899292,-75.273,1.605,0.639,0.11,0.277,9.817
4813778,3.57,0.83,3.54,1.09,27.42,1.4231939315795898,4.867239952087402,0.010773907415568829,0.912190854549408,10.152612686157227,-75.273,1.605,0.639,0.11,0.277,9.817
4813822,3.56,0.76,3.57,0.01,27.42,1.4217522144317627,4.865095615386963,-0.0035913025494664907,0.9026140570640564,10.125079154968262,-75.273,1.605,0.639,0.111,0.278,9.821
4813865,3.56,0.76,3.57,0.01,27.42,1.4199838638305664,4.862638473510742,-0.002394201699644327,0.8954314589500427,10.141838073730469,-75.273,1.605,0.639,0.111,0.278,9.821
4813907,3.57,0.76,3.57,0.01,27.42,1.418224573135376,4.86037015914917,0.011971008032560349,0.9301473498344421,10.133459091186523,-75.274,1.607,0.64,0.111,0.282,9.81
4813929,3.57,0.76,3.57,0.01,27.42,1.417182207107544,4.859169960021973,-0.015562310814857483,0.9277531504631042,10.139444351196289,-75.274,1.607,0.64,0.111,0.282,9.81
4813971,3.57,0.76,3.57,0.01,27.42,1.415217399597168,4.856869697570801,0.004788403399288654,0.9409212470054626,10.11669921875,-75.274,1.607,0.64,0.111,0.282,9.81
4814013,3.58,0.71,3.57,0.52,27.42,1.4133214950561523,4.854739665985107,0.016759412363171577,0.9469067454338074,10.141838073730469,-75.274,1.605,0.641,0.115,0.278,9.826
4814055,3.59,0.71,3.57,0.52,27.42,1.4112825393676758,4.8525495529174805,-0.013168109580874443,0.9385270476341248,10.156203269958496,-75.274,1.605,0.641,0.115,0.278,9.826
4814097,3.59,0.71,3.57,0.52,27.42,1.4094020128250122,4.850660800933838,-0.0011971008498221636,0.9145850539207458,10.155006408691406,-75.275,1.605,0.642,0.11,0.27,9.817
4814123,3.56,0.72,3.52,0.86,27.42,1.4083675146102905,4.849727630615234,-0.010773907415568829,0.9050082564353943,10.1382474899292,-75.275,1.605,0.642,0.11,0.27,9.817
4814166,3.56,0.72,3.52,0.86,27.42,1.406646728515625,4.847952365875244,-0.016759412363171577,0.9301473498344421,10.125079154968262,-75.275,1.605,0.642,0.11,0.27,9.817
4814208,3.57,0.72,3.52,0.86,27.42,1.4052917957305908,4.846414089202881,-0.0,0.8978256583213806,10.126276016235352,-75.275,1.604,0.641,0.118,0.277,9.819
4814233,3.54,0.7,3.54,0.82,27.42,1.4046422243118286,4.84564733505249,-0.021547814831137657,0.9205705523490906,10.129867553710938,-75.275,1.604,0.641,0.118,0.277,9.819
4814275,3.55,0.7,3.54,0.82,27.42,1.4036786556243896,4.844109058380127,-0.047884032130241394,0.9253589510917664,10.159794807434082,-75.275,1.604,0.641,0.118,0.277,9.819
4814317,3.55,0.67,3.62,0.52,27.42,1.4030144214630127,4.842820644378662,-0.02274491637945175,0.9097966551780701,10.144232749938965,-75.275,1.603,0.641,0.114,0.277,9.819
4814359,3.55,0.67,3.62,0.52,27.42,1.4025280475616455,4.841503620147705,0.011971008032560349,0.9349357485771179,10.144232749938965,-75.275,1.603,0.641,0.114,0.277,9.819
4814401,3.55,0.67,3.62,0.52,27.42,1.4022128582000732,4.840355396270752,0.033518824726343155,0.9193734526634216,10.119093894958496,-75.276,1.603,0.641,0.113,0.28,9.819
4814423,3.55,0.66,3.62,0.52,27.42,1.4020681381225586,4.839811325073242,-0.033518824726343155,0.9050082564353943,10.141838073730469,-75.276,1.603,0.641,0.113,0.28,9.819
4814465,3.56,0.66,3.62,0.52,27.42,1.401995062828064,4.838815689086914,0.002394201699644327,0.9157821536064148,10.153809547424316,-75.276,1.603,0.641,0.113,0.28,9.819
4814507,3.56,0.66,3.62,0.52,27.42,1.402018666267395,4.837854862213135,-0.016759412363171577,0.8918401598930359,10.14782428741455,-75.276,1.604,0.639,0.11,0.283,9.824
4814530,3.55,0.61,3.54,0.46,27.42,1.4020298719406128,4.837368488311768,0.031124621629714966,0.9157821536064148,10.134655952453613,-75.276,1.604,0.639,0.11,0.283,9.824
4814573,3.55,0.61,3.54,0.46,27.42,1.402234435081482,4.836357116699219,0.009576806798577309,0.9313444495201111,10.165780067443848,-75.276,1.604,0.639,0.11,0.283,9.824
4814615,3.56,0.6,3.54,0.46,27.42,1.402459740638733,4.835375785827637,0.0071826050989329815,0.9097966551780701,10.123882293701172,-75.276,1.604,0.639,0.101,0.278,9.824
4814640,3.55,0.63,3.58,0.92,27.42,1.402552843093872,4.834831237792969,-0.0,0.9205705523490906,10.166977882385254,-75.276,1.604,0.639,0.101,0.278,9.824
4814682,3.56,0.62,3.58,0.92,27.42,1.40285325050354,4.833728790283203,-0.008379706181585789,0.9361328482627869,10.157401084899902,-75.276,1.604,0.639,0.101,0.278,9.824
4814713,3.56,0.62,3.58,0.92,27.42,1.403009057044983,4.832977771759033,0.040701430290937424,0.9253589510917664,10.14902114868164,-75.277,1.605,0.64,0.118,0.277,9.821
4814755,3.56,0.62,3.58,0.92,27.42,1.4032316207885742,4.83188533782959,-0.023942016065120697,0.9050082564353943,10.158597946166992,-75.277,1.605,0.64,0.118,0.277,9.821
4814797,3.57,0.62,3.58,0.92,27.42,1.4034227132797241,4.8307623863220215,-0.04429273307323456,0.9026140570640564,10.152612686157227,-75.277,1.607,0.64,0.109,0.276,9.824
4814819,3.57,0.62,3.58,0.92,27.42,1.4034708738327026,4.830146789550781,0.040701430290937424,0.9289502501487732,10.14782428741455,-75.277,1.607,0.64,0.109,0.276,9.824
4814861,3.57,0.61,3.58,0.92,27.42,1.4036082029342651,4.828859806060791,-0.005985504016280174,0.9026140570640564,10.156203269958496,-75.277,1.607,0.64,0.109,0.276,9.824
4814903,3.58,0.61,3.58,0.92,27.42,1.4036459922790527,4.827451229095459,0.002394201699644327,0.9085995554924011,10.146626472473145,-75.277,1.608,0.643,0.111,0.276,9.817
4814925,3.58,0.61,3.58,0.92,27.42,1.4035648107528687,4.826659202575684,0.0011971008498221636,0.912190854549408,10.153809547424316,-75.277,1.608,0.643,0.111,0.276,9.817
4814967,3.58,0.61,3.58,0.92,27.42,1.4033972024917603,4.825051307678223,0.004788403399288654,0.9277531504631042,10.137049674987793,-75.277,1.608,0.643,0.111,0.276,9.817
4815009,3.59,0.61,3.58,0.92,27.42,1.4030925035476685,4.8234052658081055,-0.004788403399288654,0.912190854549408,10.15021800994873,-75.277,1.605,0.636,0.103,0.269,9.822
4815031,3.59,0.61,3.58,0.92,27.42,1.4028146266937256,4.822531700134277,-0.009576806798577309,0.9457096457481384,10.160991668701172,-75.277,1.605,0.636,0.103,0.269,9.822
4815073,3.59,0.61,3.58,0.92,27.42,1.4023305177688599,4.820840835571289,-0.002394201699644327,0.9421183466911316,10.141838073730469,-75.277,1.605,0.636,0.103,0.269,9.822
4815115,3.55,0.66,3.56,0.92,27.42,1.4018876552581787,4.819250106811523,-0.004788403399288654,0.93254154920578,10.1382474899292,-75.277,1.605,0.636,0.105,0.279,9.817
4815157,3.55,0.66,3.56,0.92,27.42,1.401544451713562,4.81753396987915,-0.005985504016280174,0.9205705523490906,10.132261276245117,-75.277,1.605,0.636,0.105,0.279,9.817
4815199,3.55,0.66,3.56,0.92,27.42,1.4013371467590332,4.815929412841797,0.015562310814857483,0.9229647517204285,10.168174743652344,-75.278,1.605,0.64,0.115,0.279,9.822
4815231,3.54,0.79,4.16,0.76,27.43,1.4012209177017212,4.814798831939697,-0.013168109580874443,0.9181763529777527,10.14902114868164,-75.278,1.605,0.64,0.115,0.279,9.822
4815273,3.54,0.8,4.16,0.76,27.43,1.4012235403060913,4.81308126449585,-0.0035913025494664907,0.9074024558067322,10.141838073730469,-75.278,1.605,0.64,0.115,0.279,9.822
4815311,3.55,0.8,4.16,0.76,27.43,1.4012706279754639,4.81158971786499,-0.011971008032560349,0.9217676520347595,10.14902114868164,-75.278,1.605,0.64,0.114,0.279,9.817
4815352,3.55,0.8,4.16,0.76,27.43,1.4013522863388062,4.809852600097656,-0.015562310814857483,0.9145850539207458,10.144232749938965,-75.278,1.605,0.64,0.114,0.279,9.817
4815395,3.55,0.81,4.16,0.76,27.43,1.401362657546997,4.808095932006836,-0.015562310814857483,0.9253589510917664,10.144232749938965,-75.279,1.608,0.643,0.107,0.283,9.819
4815422,3.52,0.76,3.57,0.71,27.43,1.401283860206604,4.807047367095947,-0.004788403399288654,0.8978256583213806,10.132261276245117,-75.279,1.608,0.643,0.107,0.283,9.819
4815465,3.53,0.76,3.57,0.71,27.43,1.401269555091858,4.805116176605225,-0.008379706181585789,0.9349357485771179,10.166977882385254,-75.279,1.608,0.643,0.107,0.283,9.819
4815507,3.53,0.77,3.57,0.71,27.43,1.4012774229049683,4.80341100692749,-0.011971008032560349,0.9397241473197937,10.144232749938965,-75.279,1.608,0.642,0.109,0.282,9.814
4815529,3.53,0.77,3.57,0.71,27.43,1.4012439250946045,4.802549839019775,0.011971008032560349,0.9038111567497253,10.166977882385254,-75.279,1.608,0.642,0.109,0.282,9.814
4815571,3.53,0.77,3.57,0.71,27.43,1.401172161102295,4.800930500030518,-0.020350715145468712,0.9193734526634216,10.168174743652344,-75.279,1.608,0.642,0.109,0.282,9.814
4815614,3.53,0.78,3.57,0.71,27.43,1.400904655456543,4.799389362335205,-0.0071826050989329815,0.9253589510917664,10.163386344909668,-75.28,1.612,0.643,0.119,0.286,9.822
4815655,3.54,0.78,3.57,0.71,27.43,1.4004144668579102,4.797924041748047,-0.0011971008498221636,0.9133879542350769,10.165780067443848,-75.28,1.612,0.643,0.119,0.286,9.822
4815698,3.54,0.78,3.57,0.71,27.43,1.3996753692626953,4.7964887619018555,-0.0071826050989329815,0.9157821536064148,10.163386344909668,-75.28,1.613,0.641,0.109,0.282,9.831
