========================================================================================================================================================================================================================================================================
LOG VIEW: 20260529_15g19p_ukf_log_data.csv
========================================================================================================================================================================================================================================================================
FRAME | TX   | STATUS  | AX        | AY        | GZ        | PX       | PY        | DT       | MASK | D1        | D2        | D3        | D4        | ERR  | AMP1       | AMP2          | AMP3       | AMP4       | SNR1       | SNR2      | SNR3       | SNR4      
------------------------------------------------------------------------------------------------------------------------------------------------------------------------------------------------------------------------------------------------------------------------
    1 |    1 | Init    | -0.365116 | -0.004788 |  0.010525 | 1.798886 |  0.422626 | 0.010000 |   11 |  1.894194 |  7.978000 |  0.000000 | 11.925139 |   50 | 107.703125 |     47.148438 |        nan |  19.480469 | 244.000000 | 63.000000 |   0.000000 | 138.000000
    2 |    2 | Update  | -0.390255 |  0.008380 |  0.011991 | 1.769839 |  0.204410 | 0.050000 |   11 |  1.892211 |  8.018155 |  0.000000 | 14.427169 |   50 | 126.906250 |     49.730469 |        nan |  25.000000 | 244.000000 | 63.000000 |   0.000000 | 138.000000
    3 |    3 | Update  | -0.377087 | -0.005986 |  0.011325 | 1.861315 |  0.411506 | 0.053000 |    7 |  1.941074 |  7.917860 | 11.940144 | 14.437195 |   50 | 124.582031 |     58.855469 |  21.187500 |  35.167969 | 244.000000 | 63.000000 | 138.000000 | 138.000000
    4 |    4 | Predict | -0.381875 | -0.007183 |  0.011058 | 1.861315 |  0.411506 | 0.050000 |    7 |  1.941074 |  7.917860 | 11.940144 | 14.437195 |   50 | 124.582031 |     58.855469 |  21.187500 |  35.167969 | 244.000000 | 63.000000 | 138.000000 | 138.000000
    5 |    5 | Update  | -0.362722 | -0.019154 |  0.011458 | 1.840680 |  0.408045 | 0.050000 |    7 |  1.919199 |  7.937938 | 11.940144 |  0.000000 |   50 | 120.046875 |     48.421875 |  19.500000 |   0.000000 | 244.000000 | 63.000000 | 138.000000 |   0.000000
    6 |    6 | Predict | -0.369904 | -0.019154 |  0.012257 | 1.840680 |  0.408045 | 0.050000 |    7 |  1.919199 |  7.937938 | 11.940144 |  0.000000 |   51 | 120.046875 |     48.421875 |  19.500000 |   0.000000 | 244.000000 | 63.000000 | 138.000000 |   0.000000
    7 |    7 | Predict | -0.384269 | -0.015562 |  0.011325 | 1.840680 |  0.408045 | 0.050000 |    7 |  1.919199 |  7.937938 | 11.940144 |  0.000000 |   51 | 120.046875 |     48.421875 |  19.500000 |   0.000000 | 244.000000 | 63.000000 | 138.000000 |   0.000000
    8 |    8 | Update  | -0.375890 | -0.014365 |  0.009992 | 1.807649 |  0.224058 | 0.050000 |   11 |  1.831995 |  7.957921 |  0.000000 | 14.377117 |   51 | 144.875000 |     59.625000 |        nan |  40.835938 | 244.000000 | 63.000000 |   0.000000 | 138.000000
    9 |    9 | Predict | -0.368707 |  0.007183 |  0.011591 | 1.807649 |  0.224058 | 0.052000 |   11 |  1.831995 |  7.957921 |  0.000000 | 14.377117 |   52 | 144.875000 |     59.625000 |        nan |  40.835938 | 244.000000 | 63.000000 |   0.000000 | 138.000000
   10 |   10 | Predict | -0.379481 |  0.000000 |  0.011724 | 1.807649 |  0.224058 | 0.050000 |   11 |  1.831995 |  7.957921 |  0.000000 | 14.377117 |   52 | 144.875000 |     59.625000 |        nan |  40.835938 | 244.000000 | 63.000000 |   0.000000 | 138.000000
   11 |   11 | Update  | -0.380678 |  0.001197 |  0.010525 | 1.759835 |  0.532627 | 0.050000 |    7 |  1.966619 |  8.048182 | 11.819962 |  0.000000 |   52 | 112.636719 |     51.816406 |  20.117188 |   0.000000 | 244.000000 | 63.000000 | 138.000000 |   0.000000
   12 |   12 | Update  | -0.389058 |  0.015562 |  0.009726 | 1.814620 |  0.178086 | 0.051000 |   11 |  1.952505 |  7.978002 |  0.000000 | 14.427169 |   52 | 135.363281 |     43.515625 |   0.000000 |  36.460938 | 244.000000 | 63.000000 |   0.000000 | 138.000000
   13 |   13 | Predict | -0.387861 |  0.003591 |  0.011991 | 1.814620 |  0.178086 | 0.050000 |   11 |  1.952505 |  7.978002 |  0.000000 | 14.427169 |   52 | 135.363281 |     43.515625 |   0.000000 |  36.460938 | 244.000000 | 63.000000 |   0.000000 | 138.000000
   14 |   14 | Update  | -0.379481 | -0.011971 |  0.011458 | 1.774137 |  0.400674 | 0.050000 |    7 |  1.871758 |  8.008116 | 11.940144 | 14.437195 |   52 | 151.992188 |     61.335938 |  30.285156 |  38.324219 | 244.000000 | 63.000000 | 138.000000 | 138.000000
   15 |   15 | Update  | -0.374693 | -0.013168 |  0.011858 | 1.811448 |  0.404230 | 0.050000 |    7 |  1.894796 |  7.967960 | 11.940144 | 14.437195 |   52 | 158.214844 |     79.621094 |  30.503906 |  39.812500 | 244.000000 | 63.000000 | 138.000000 | 138.000000
   16 |   16 | Predict | -0.368707 | -0.015562 |  0.011191 | 1.811448 |  0.404230 | 0.050000 |    7 |  1.894796 |  7.967960 | 11.940144 | 14.437195 |   52 | 158.214844 |     79.621094 |  30.503906 |  39.812500 | 244.000000 | 63.000000 | 138.000000 | 138.000000
   17 |   17 | Update  | -0.369904 |  0.000000 |  0.011058 | 1.812063 |  0.047356 | 0.050000 |   11 |  1.939695 |  7.978005 |  0.000000 | 14.537299 |   52 |  89.035156 |     44.746094 |   0.000000 |  20.832031 | 244.000000 | 63.000000 |   0.000000 | 138.000000
   18 |   18 | Predict | -0.367510 | -0.007183 |  0.011325 | 1.812063 |  0.047356 | 0.050000 |   11 |  1.939695 |  7.978005 |  0.000000 | 14.537299 |   53 |  89.035156 |     44.746094 |   0.000000 |  20.832031 | 244.000000 | 63.000000 |   0.000000 | 138.000000
   19 |   19 | Predict | -0.386664 |  0.004788 |  0.011325 | 1.812063 |  0.047356 | 0.050000 |   11 |  1.939695 |  7.978005 |  0.000000 | 14.537299 |   53 |  89.035156 |     44.746094 |   0.000000 |  20.832031 | 244.000000 | 63.000000 |   0.000000 | 138.000000
   20 |   20 | Update  | -0.374693 |  0.007183 |  0.010925 | 1.767957 |  0.519291 | 0.050000 |    7 |  1.882073 |  8.018059 | 11.819962 | 14.417145 |   53 | 151.769531 |     61.859375 |  23.933594 |  32.308594 | 244.000000 | 63.000000 | 138.000000 | 138.000000
   21 |   21 | Predict | -0.367510 | -0.007183 |  0.010792 | 1.767957 |  0.519291 | 0.050000 |    7 |  1.882073 |  8.018059 | 11.819962 | 14.417145 |   53 | 151.769531 |     61.859375 |  23.933594 |  32.308594 | 244.000000 | 63.000000 | 138.000000 | 138.000000
   22 |   22 | Predict | -0.373495 | -0.011971 |  0.010658 | 1.767957 |  0.519291 | 0.050000 |    7 |  1.882073 |  8.018059 | 11.819962 | 14.417145 |   54 | 151.769531 |     61.859375 |  23.933594 |  32.308594 | 244.000000 | 63.000000 | 138.000000 | 138.000000
   23 |   23 | Predict | -0.377087 | -0.040701 |  0.010658 | 1.767957 |  0.519291 | 0.050000 |    7 |  1.882073 |  8.018059 | 11.819962 | 14.417145 |   55 | 151.769531 |     61.859375 |  23.933594 |  32.308594 | 244.000000 | 63.000000 | 138.000000 | 138.000000
   24 |   24 | Predict | -0.383072 |  0.001197 |  0.009992 | 1.767957 |  0.519291 | 0.050000 |    7 |  1.882073 |  8.018059 | 11.819962 | 14.417145 |   56 | 151.769531 |     61.859375 |  23.933594 |  32.308594 | 244.000000 | 63.000000 | 138.000000 | 138.000000
   25 |   25 | Predict | -0.362722 | -0.005986 |  0.011191 | 1.767957 |  0.519291 | 0.050000 |    7 |  1.882073 |  8.018059 | 11.819962 | 14.417145 |   56 | 151.769531 |     61.859375 |  23.933594 |  32.308594 | 244.000000 | 63.000000 | 138.000000 | 138.000000
   26 |   26 | Update  | -0.371101 | -0.002394 |  0.010658 | 1.806269 |  0.517117 | 0.050000 |    7 |  1.867929 |  7.967960 | 11.819962 | 14.437195 |   56 | 120.164062 |     71.843750 |  31.265625 |  32.734375 | 244.000000 | 63.000000 | 138.000000 | 138.000000
   27 |   27 | Update  | -0.374693 |  0.003591 |  0.010259 | 1.843971 |  0.140095 | 0.051000 |   11 |  1.935873 |  7.937941 |  0.000000 | 14.437195 |   56 | 103.003906 |     54.074219 |        nan |  18.750000 | 244.000000 | 63.000000 |   0.000000 | 138.000000
   28 |   28 | Predict | -0.377087 | -0.009577 |  0.012124 | 1.843971 |  0.140095 | 0.050000 |   11 |  1.935873 |  7.937941 |  0.000000 | 14.437195 |   56 | 103.003906 |     54.074219 |        nan |  18.750000 | 244.000000 | 63.000000 |   0.000000 | 138.000000
   29 |   29 | Predict | -0.375890 |  0.002394 |  0.011325 | 1.843971 |  0.140095 | 0.050000 |   11 |  1.935873 |  7.937941 |  0.000000 | 14.437195 |   57 | 103.003906 |     54.074219 |        nan |  18.750000 | 244.000000 | 63.000000 |   0.000000 | 138.000000
   30 |   30 | Update  | -0.396240 |  0.001197 |  0.011191 | 1.814644 |  0.523879 | 0.050000 |    7 |  1.911584 |  7.968055 | 11.819962 | 14.407122 |   57 | 158.164062 |     80.726562 |  29.148438 |  32.921875 | 244.000000 | 63.000000 | 138.000000 | 138.000000
   31 |   31 | Predict | -0.379481 |  0.015562 |  0.012524 | 1.814644 |  0.523879 | 0.050000 |    7 |  1.911584 |  7.968055 | 11.819962 | 14.407122 |   57 | 158.164062 |     80.726562 |  29.148438 |  32.921875 | 244.000000 | 63.000000 | 138.000000 | 138.000000
   32 |   32 | Update  | -0.368707 | -0.011971 |  0.010525 | 1.791735 |  0.512052 | 0.050000 |    7 |  1.834551 |  7.978002 | 11.819962 | 14.457174 |   57 | 128.511719 |     66.976562 |  28.851562 |  36.042969 | 244.000000 | 63.000000 | 138.000000 | 138.000000
   33 |   33 | Predict | -0.384269 | -0.004788 |  0.009992 | 1.791735 |  0.512052 | 0.050000 |    7 |  1.834551 |  7.978002 | 11.819962 | 14.457174 |   58 | 128.511719 |     66.976562 |  28.851562 |  36.042969 | 244.000000 | 63.000000 | 138.000000 | 138.000000
   34 |   34 | Predict | -0.381875 |  0.005986 |  0.010792 | 1.791735 |  0.512052 | 0.050000 |    7 |  1.834551 |  7.978002 | 11.819962 | 14.457174 |   58 | 128.511719 |     66.976562 |  28.851562 |  36.042969 | 244.000000 | 63.000000 | 138.000000 | 138.000000
   35 |   35 | Update  | -0.377087 |  0.008380 |  0.010792 | 1.748973 |  0.040413 | 0.050000 |   11 |  1.953779 |  8.058219 |  0.000000 | 14.587283 |   58 | 102.714844 |     52.566406 |   0.000000 |  37.957031 | 244.000000 | 63.000000 |   0.000000 | 138.000000
   36 |   36 | Update  | -0.380678 |  0.010774 |  0.011191 | 1.762062 |  0.180623 | 0.051000 |   11 |  1.851261 |  8.018062 |  0.000000 | 14.447218 |   58 | 139.425781 |     62.292969 |        nan |  32.726562 | 244.000000 | 63.000000 |   0.000000 | 138.000000
   37 |   37 | Predict | -0.396240 |  0.009577 |  0.011858 | 1.762062 |  0.180623 | 0.050000 |   11 |  1.851261 |  8.018062 |  0.000000 | 14.447218 |   58 | 139.425781 |     62.292969 |        nan |  32.726562 | 244.000000 | 63.000000 |   0.000000 | 138.000000
   38 |   38 | Predict | -0.368707 | -0.007183 |  0.009593 | 1.762062 |  0.180623 | 0.050000 |   11 |  1.851261 |  8.018062 |  0.000000 | 14.447218 |   59 | 139.425781 |     62.292969 |        nan |  32.726562 | 244.000000 | 63.000000 |   0.000000 | 138.000000
   39 |   39 | Predict | -0.375890 | -0.004788 |  0.010925 | 1.762062 |  0.180623 | 0.050000 |   11 |  1.851261 |  8.018062 |  0.000000 | 14.447218 |   60 | 139.425781 |     62.292969 |        nan |  32.726562 | 244.000000 | 63.000000 |   0.000000 | 138.000000
   40 |   40 | Predict | -0.393846 |  0.003591 |  0.011191 | 1.762062 |  0.180623 | 0.050000 |   11 |  1.851261 |  8.018062 |  0.000000 | 14.447218 |   60 | 139.425781 |     62.292969 |        nan |  32.726562 | 244.000000 | 63.000000 |   0.000000 | 138.000000
   41 |   41 | Update  | -0.367510 | -0.009577 |  0.010392 | 1.767218 |  0.204431 | 0.050000 |   11 |  1.878245 |  8.018062 |  0.000000 | 14.427099 |   60 | 134.375000 |     43.531250 |        nan |  33.433594 | 244.000000 | 63.000000 |   0.000000 | 138.000000
   42 |   42 | Update  | -0.377087 |  0.002394 |  0.011058 | 1.831700 |  0.530972 | 0.051000 |    7 |  1.956326 |  7.958016 | 11.819962 | 14.437124 |   60 | 136.101562 |     52.335938 |  18.933594 |  30.679688 | 244.000000 | 63.000000 | 138.000000 | 138.000000
   43 |   43 | Predict | -0.379481 |  0.004788 |  0.011724 | 1.831700 |  0.530972 | 0.050000 |    7 |  1.956326 |  7.958016 | 11.819962 | 14.437124 |   60 | 136.101562 |     52.335938 |  18.933594 |  30.679688 | 244.000000 | 63.000000 | 138.000000 | 138.000000
   44 |   44 | Predict | -0.377087 | -0.001197 |  0.010392 | 1.831700 |  0.530972 | 0.050000 |    7 |  1.956326 |  7.958016 | 11.819962 | 14.437124 |   61 | 136.101562 |     52.335938 |  18.933594 |  30.679688 | 244.000000 | 63.000000 | 138.000000 | 138.000000
   45 |   45 | Update  | -0.379481 | -0.013168 |  0.012124 | 1.774688 |  0.013956 | 0.050000 |   11 |  1.916684 |  8.018064 |  0.000000 | 14.587283 |   61 | 114.644531 |     51.316406 |   0.000000 |  27.644531 | 244.000000 | 63.000000 |   0.000000 | 138.000000
   46 |   46 | Predict | -0.386664 | -0.001197 |  0.010525 | 1.774688 |  0.013956 | 0.050000 |   11 |  1.916684 |  8.018064 |  0.000000 | 14.587283 |   61 | 114.644531 |     51.316406 |   0.000000 |  27.644531 | 244.000000 | 63.000000 |   0.000000 | 138.000000
   47 |   47 | Predict | -0.386664 | -0.023942 |  0.010925 | 1.774688 |  0.013956 | 0.050000 |   11 |  1.916684 |  8.018064 |  0.000000 | 14.587283 |   62 | 114.644531 |     51.316406 |   0.000000 |  27.644531 | 244.000000 | 63.000000 |   0.000000 | 138.000000
   48 |   48 | Update  | -0.383072 |  0.003591 |  0.009992 | 1.708066 |  0.250673 | 0.051000 |   11 |  1.871758 |  8.088241 |  0.000000 | 14.427169 |   62 | 136.195312 |     73.800781 |        nan |  42.742188 | 244.000000 | 63.000000 |   0.000000 | 138.000000
   49 |   49 | Predict | -0.384269 |  0.004788 |  0.010925 | 1.708066 |  0.250673 | 0.050000 |   11 |  1.871758 |  8.088241 |  0.000000 | 14.427169 |   62 | 136.195312 |     73.800781 |        nan |  42.742188 | 244.000000 | 63.000000 |   0.000000 | 138.000000
   50 |   50 | Predict | -0.372298 | -0.004788 |  0.010792 | 1.708066 |  0.250673 | 0.050000 |   11 |  1.871758 |  8.088241 |  0.000000 | 14.427169 |   63 | 136.195312 |     73.800781 |        nan |  42.742188 | 244.000000 | 63.000000 |   0.000000 | 138.000000
   51 |   51 | Update  | -0.375890 |  0.004788 |  0.010925 | 1.805683 |  0.443722 | 0.050000 |    7 |  1.865271 |  7.968055 | 11.895059 | 14.427099 |   63 | 128.257812 |     64.058594 |  21.105469 |  38.566406 | 244.000000 | 63.000000 | 138.000000 | 138.000000
   52 |   52 | Predict | -0.374693 | -0.011971 |  0.011191 | 1.805683 |  0.443722 | 0.050000 |    7 |  1.865271 |  7.968055 | 11.895059 | 14.427099 |   63 | 128.257812 |     64.058594 |  21.105469 |  38.566406 | 244.000000 | 63.000000 | 138.000000 | 138.000000
   53 |   53 | Update  | -0.381875 | -0.016759 |  0.010259 | 1.812569 |  0.106895 | 0.050000 |   11 |  1.942243 |  7.978005 |  0.000000 | 14.487247 |   63 | 114.335938 |     62.707031 |   0.000000 |  40.066406 | 244.000000 | 63.000000 |   0.000000 | 138.000000
   54 |   54 | Update  | -0.389058 |  0.010774 |  0.010259 | 1.733047 |  0.237442 | 0.050000 |   11 |  1.915270 |  8.068257 |  0.000000 | 14.427169 |   63 | 126.312500 |     51.214844 |        nan |  36.433594 | 244.000000 | 63.000000 |   0.000000 | 138.000000
   55 |   55 | Predict | -0.391452 |  0.001197 |  0.011058 | 1.733047 |  0.237442 | 0.050000 |   11 |  1.915270 |  8.068257 |  0.000000 | 14.427169 |   63 | 126.312500 |     51.214844 |        nan |  36.433594 | 244.000000 | 63.000000 |   0.000000 | 138.000000
   56 |   56 | Predict | -0.385466 | -0.002394 |  0.010792 | 1.733047 |  0.237442 | 0.050000 |   11 |  1.915270 |  8.068257 |  0.000000 | 14.427169 |   64 | 126.312500 |     51.214844 |        nan |  36.433594 | 244.000000 | 63.000000 |   0.000000 | 138.000000
   57 |   57 | Update  | -0.387861 | -0.016759 |  0.011325 | 1.748214 |  0.443722 | 0.050000 |    7 |  1.865271 |  8.038140 | 11.895059 | 14.377117 |   64 | 120.281250 |     52.750000 |  21.890625 |  25.812500 | 244.000000 | 63.000000 | 138.000000 | 138.000000
   58 |   58 | Predict | -0.372298 |  0.029928 |  0.011458 | 1.748214 |  0.443722 | 0.050000 |    7 |  1.865271 |  8.038140 | 11.895059 | 14.377117 |   64 | 120.281250 |     52.750000 |  21.890625 |  25.812500 | 244.000000 | 63.000000 | 138.000000 | 138.000000
   59 |   59 | Predict | -0.379481 | -0.003591 |  0.010259 | 1.748214 |  0.443722 | 0.050000 |    7 |  1.865271 |  8.038140 | 11.895059 | 14.377117 |   65 | 120.281250 |     52.750000 |  21.890625 |  25.812500 | 244.000000 | 63.000000 | 138.000000 | 138.000000
   60 |   60 | Predict | -0.373495 | -0.007183 |  0.011058 | 1.748214 |  0.443722 | 0.050000 |    7 |  1.865271 |  8.038140 | 11.895059 | 14.377117 |   66 | 120.281250 |     52.750000 |  21.890625 |  25.812500 | 244.000000 | 63.000000 | 138.000000 | 138.000000
   61 |   61 | Predict | -0.372298 |  0.010774 |  0.010259 | 1.748214 |  0.443722 | 0.050000 |    7 |  1.865271 |  8.038140 | 11.895059 | 14.377117 |   66 | 120.281250 |     52.750000 |  21.890625 |  25.812500 | 244.000000 | 63.000000 | 138.000000 | 138.000000
   62 |   62 | Update  | -0.367510 |  0.000000 |  0.010525 | 1.792697 |  0.178086 | 0.050000 |   11 |  1.839661 |  7.978002 |  0.000000 | 14.427169 |   66 | 124.742188 |     57.042969 |        nan |  40.519531 | 244.000000 | 63.000000 |   0.000000 | 138.000000
   63 |   63 | Predict | -0.379481 | -0.005986 |  0.010525 | 1.792697 |  0.178086 | 0.051000 |   11 |  1.839661 |  7.978002 |  0.000000 | 14.427169 |   67 | 124.742188 |     57.042969 |        nan |  40.519531 | 244.000000 | 63.000000 |   0.000000 | 138.000000
   64 |   64 | Predict | -0.387861 | -0.014365 |  0.010259 | 1.792697 |  0.178086 | 0.050000 |   11 |  1.839661 |  7.978002 |  0.000000 | 14.427169 |   67 | 124.742188 |     57.042969 |        nan |  40.519531 | 244.000000 | 63.000000 |   0.000000 | 138.000000
   65 |   65 | Predict | -0.387861 | -0.002394 |  0.010525 | 1.792697 |  0.178086 | 0.050000 |   11 |  1.839661 |  7.978002 |  0.000000 | 14.427169 |   68 | 124.742188 |     57.042969 |        nan |  40.519531 | 244.000000 | 63.000000 |   0.000000 | 138.000000
   66 |   66 | Update  | -0.379481 | -0.011971 |  0.009992 | 1.717372 |  0.126605 | 0.050000 |   11 |  1.961559 |  8.098285 |  0.000000 | 14.537298 |   68 | 122.417969 |     50.960938 |   0.000000 |  27.929688 | 244.000000 | 63.000000 |   0.000000 | 138.000000
   67 |   67 | Predict | -0.367510 | -0.003591 |  0.010792 | 1.717372 |  0.126605 | 0.050000 |   11 |  1.961559 |  8.098285 |  0.000000 | 14.537298 |   68 | 122.417969 |     50.960938 |   0.000000 |  27.929688 | 244.000000 | 63.000000 |   0.000000 | 138.000000
   68 |   68 | Update  | -0.385466 | -0.002394 |  0.011724 | 1.692107 |  0.151825 | 0.050000 |   11 |  1.917959 |  8.118265 |  0.000000 | 14.527274 |   68 |  78.621094 |     55.734375 |   0.000000 |  23.566406 | 244.000000 | 63.000000 |   0.000000 | 138.000000
   69 |   69 | Predict | -0.375890 | -0.011971 |  0.012257 | 1.692107 |  0.151825 | 0.050000 |   11 |  1.917959 |  8.118265 |  0.000000 | 14.527274 |   69 |  78.621094 |     55.734375 |   0.000000 |  23.566406 | 244.000000 | 63.000000 |   0.000000 | 138.000000
   70 |   70 | Predict | -0.383072 |  0.000000 |  0.011325 | 1.692107 |  0.151825 | 0.050000 |   11 |  1.917959 |  8.118265 |  0.000000 | 14.527274 |   69 |  78.621094 |     55.734375 |   0.000000 |  23.566406 | 244.000000 | 63.000000 |   0.000000 | 138.000000
   71 |   71 | Update  | -0.385466 | -0.004788 |  0.010925 | 1.769598 |  0.180773 | 0.050000 |   11 |  1.891003 |  8.018164 |  0.000000 | 14.447147 |   69 |  64.804688 |     28.480469 |   0.000000 |  13.660156 | 244.000000 | 63.000000 |   0.000000 | 138.000000
   72 |   72 | Predict | -0.375890 | -0.009577 |  0.011058 | 1.769598 |  0.180773 | 0.050000 |   11 |  1.891003 |  8.018164 |  0.000000 | 14.447147 |   70 |  64.804688 |     28.480469 |   0.000000 |  13.660156 | 244.000000 | 63.000000 |   0.000000 | 138.000000
   73 |   73 | Predict | -0.381875 | -0.009577 |  0.010792 | 1.769598 |  0.180773 | 0.050000 |   11 |  1.891003 |  8.018164 |  0.000000 | 14.447147 |   70 |  64.804688 |     28.480469 |   0.000000 |  13.660156 | 244.000000 | 63.000000 |   0.000000 | 138.000000
   74 |   74 | Update  | -0.357933 |  0.003591 |  0.011325 | 1.766139 |  0.192634 | 0.050000 |   11 |  1.873035 |  8.018157 |  0.000000 | 14.437124 |   70 | 127.000000 |     46.789062 |        nan |  26.273438 | 244.000000 | 63.000000 |   0.000000 | 138.000000
   75 |   75 | Update  | -0.379481 |  0.001197 |  0.011325 | 1.752212 |  0.058888 | 0.050000 |   11 |  2.010203 |  8.068168 |  0.000000 | 14.577327 |   70 |  86.152344 |     50.054688 |   0.000000 |  21.750000 | 244.000000 | 63.000000 |   0.000000 | 138.000000
   76 |   76 | Predict | -0.373495 | -0.004788 |  0.010525 | 1.752212 |  0.058888 | 0.050000 |   11 |  2.010203 |  8.068168 |  0.000000 | 14.577327 |   70 |  86.152344 |     50.054688 |   0.000000 |  21.750000 | 244.000000 | 63.000000 |   0.000000 | 138.000000
   77 |   77 | Predict | -0.374693 |  0.001197 |  0.011991 | 1.752212 |  0.058888 | 0.050000 |   11 |  2.010203 |  8.068168 |  0.000000 | 14.577327 |   71 |  86.152344 |     50.054688 |   0.000000 |  21.750000 | 244.000000 | 63.000000 |   0.000000 | 138.000000
   78 |   78 | Predict | -0.367510 | -0.011971 |  0.011591 | 1.752212 |  0.058888 | 0.050000 |   11 |  2.010203 |  8.068168 |  0.000000 | 14.577327 |   72 |  86.152344 |     50.054688 |   0.000000 |  21.750000 | 244.000000 | 63.000000 |   0.000000 | 138.000000
   79 |   79 | Predict | -0.356736 |  0.003591 |  0.010925 | 1.752212 |  0.058888 | 0.050000 |   11 |  2.010203 |  8.068168 |  0.000000 | 14.577327 |   72 |  86.152344 |     50.054688 |   0.000000 |  21.750000 | 244.000000 | 63.000000 |   0.000000 | 138.000000
   80 |   80 | Predict | -0.362722 | -0.010774 |  0.011191 | 1.752212 |  0.058888 | 0.050000 |   11 |  2.010203 |  8.068168 |  0.000000 | 14.577327 |   73 |  86.152344 |     50.054688 |   0.000000 |  21.750000 | 244.000000 | 63.000000 |   0.000000 | 138.000000
   81 |   81 | Predict | -0.381875 | -0.002394 |  0.010525 | 1.752212 |  0.058888 | 0.050000 |   11 |  2.010203 |  8.068168 |  0.000000 | 14.577327 |   74 |  86.152344 |     50.054688 |   0.000000 |  21.750000 | 244.000000 | 63.000000 |   0.000000 | 138.000000
   82 |   82 | Predict | -0.379481 | -0.017957 |  0.009992 | 1.752212 |  0.058888 | 0.050000 |   11 |  2.010203 |  8.068168 |  0.000000 | 14.577327 |   74 |  86.152344 |     50.054688 |   0.000000 |  21.750000 | 244.000000 | 63.000000 |   0.000000 | 138.000000
   83 |   83 | Predict | -0.378284 | -0.001197 |  0.011325 | 1.752212 |  0.058888 | 0.050000 |   11 |  2.010203 |  8.068168 |  0.000000 | 14.577327 |   75 |  86.152344 |     50.054688 |   0.000000 |  21.750000 | 244.000000 | 63.000000 |   0.000000 | 138.000000
   84 |   84 | Update  | -0.389058 | -0.011971 |  0.011325 | 1.714657 |  0.272968 | 0.050000 |   11 |  1.819145 |  8.068257 |  0.000000 | 14.397096 |   75 |  85.078125 |     48.218750 |        nan |  19.796875 | 244.000000 | 63.000000 |   0.000000 | 138.000000
   85 |   85 | Predict | -0.389058 | -0.005986 |  0.011058 | 1.714657 |  0.272968 | 0.050000 |   11 |  1.819145 |  8.068257 |  0.000000 | 14.397096 |   75 |  85.078125 |     48.218750 |        nan |  19.796875 | 244.000000 | 63.000000 |   0.000000 | 138.000000
   86 |   86 | Update  | -0.379481 |  0.015562 |  0.011058 | 1.834929 |  0.447485 | 0.050000 |    7 |  1.889727 |  7.937938 | 11.895059 | 14.477221 |   75 | 140.835938 |     56.773438 |  18.218750 |  36.683594 | 244.000000 | 63.000000 | 138.000000 | 138.000000
   87 |   87 | Predict | -0.389058 |  0.002394 |  0.010259 | 1.834929 |  0.447485 | 0.050000 |    7 |  1.889727 |  7.937938 | 11.895059 | 14.477221 |   76 | 140.835938 |     56.773438 |  18.218750 |  36.683594 | 244.000000 | 63.000000 | 138.000000 | 138.000000
   88 |   88 | Predict | -0.401029 | -0.013168 |  0.010259 | 1.834929 |  0.447485 | 0.050000 |    7 |  1.889727 |  7.937938 | 11.895059 | 14.477221 |   76 | 140.835938 |     56.773438 |  18.218750 |  36.683594 | 244.000000 | 63.000000 | 138.000000 | 138.000000
   89 |   89 | Update  | -0.386664 |  0.004788 |  0.012257 | 1.809372 |  0.446675 | 0.050000 |    7 |  1.884485 |  7.968058 | 11.895059 | 14.427099 |   76 | 111.890625 |     47.453125 |  16.875000 |  35.828125 | 244.000000 | 63.000000 | 138.000000 | 138.000000
   90 |   90 | Update  | -0.397437 |  0.016759 |  0.010658 | 1.783607 |  0.525281 | 0.050000 |    7 |  1.920508 |  8.008118 | 11.819962 | 14.307013 |   76 | 132.902344 |     57.699219 |  22.214844 |  38.085938 | 244.000000 | 63.000000 | 138.000000 | 138.000000
   91 |   91 | Predict | -0.386664 | -0.001197 |  0.009726 | 1.783607 |  0.525281 | 0.050000 |    7 |  1.920508 |  8.008118 | 11.819962 | 14.307013 |   76 | 132.902344 |     57.699219 |  22.214844 |  38.085938 | 244.000000 | 63.000000 | 138.000000 | 138.000000
   92 |   92 | Predict | -0.384269 | -0.016759 |  0.011991 | 1.783607 |  0.525281 | 0.050000 |    7 |  1.920508 |  8.008118 | 11.819962 | 14.307013 |   77 | 132.902344 |     57.699219 |  22.214844 |  38.085938 | 244.000000 | 63.000000 | 138.000000 | 138.000000
   93 |   93 | Update  | -0.372298 | -0.007183 |  0.010392 | 1.818474 |  0.183461 | 0.050000 |   11 |  1.930670 |  7.967966 |  0.000000 | 14.417074 |   77 | 136.070312 |     69.128906 |        nan |  39.031250 | 244.000000 | 63.000000 |   0.000000 | 138.000000
   94 |   94 | Predict | -0.396240 | -0.013168 |  0.011191 | 1.818474 |  0.183461 | 0.050000 |   11 |  1.930670 |  7.967966 |  0.000000 | 14.417074 |   77 | 136.070312 |     69.128906 |        nan |  39.031250 | 244.000000 | 63.000000 |   0.000000 | 138.000000
   95 |   95 | Predict | -0.399832 | -0.002394 |  0.011325 | 1.818474 |  0.183461 | 0.050000 |   11 |  1.930670 |  7.967966 |  0.000000 | 14.417074 |   78 | 136.070312 |     69.128906 |        nan |  39.031250 | 244.000000 | 63.000000 |   0.000000 | 138.000000
   96 |   96 | Update  | -0.371101 |  0.015562 |  0.011724 | 1.760592 |  0.145057 | 0.050000 |   11 |  1.843493 |  8.018062 |  0.000000 | 14.477221 |   78 | 134.347656 |     81.363281 |        nan |  43.652344 | 244.000000 | 63.000000 |   0.000000 | 138.000000
   97 |   97 | Predict | -0.387861 | -0.005986 |  0.012124 | 1.760592 |  0.145057 | 0.050000 |   11 |  1.843493 |  8.018062 |  0.000000 | 14.477221 |   78 | 134.347656 |     81.363281 |        nan |  43.652344 | 244.000000 | 63.000000 |   0.000000 | 138.000000
   98 |   98 | Predict | -0.378284 |  0.009577 |  0.009992 | 1.760592 |  0.145057 | 0.050000 |   11 |  1.843493 |  8.018062 |  0.000000 | 14.477221 |   79 | 134.347656 |     81.363281 |        nan |  43.652344 | 244.000000 | 63.000000 |   0.000000 | 138.000000
   99 |   99 | Predict | -0.360327 |  0.003591 |  0.010259 | 1.760592 |  0.145057 | 0.050000 |   11 |  1.843493 |  8.018062 |  0.000000 | 14.477221 |   80 | 134.347656 |     81.363281 |        nan |  43.652344 | 244.000000 | 63.000000 |   0.000000 | 138.000000
  100 |  100 | Predict | -0.396240 | -0.010774 |  0.010658 | 1.760592 |  0.145057 | 0.050000 |   11 |  1.843493 |  8.018062 |  0.000000 | 14.477221 |   80 | 134.347656 |     81.363281 |        nan |  43.652344 | 244.000000 | 63.000000 |   0.000000 | 138.000000
  101 |  101 | Update  | -0.367510 |  0.011971 |  0.011591 | 1.792587 | -0.071137 | 0.050000 |   11 |  1.924332 |  7.998085 |  0.000000 | 14.647358 |   80 |  95.906250 |     36.117188 |   0.000000 |  24.667969 | 244.000000 | 63.000000 |   0.000000 | 138.000000
  102 |  102 | Predict | -0.380678 |  0.000000 |  0.010392 | 1.792587 | -0.071137 | 0.050000 |   11 |  1.924332 |  7.998085 |  0.000000 | 14.647358 |   81 |  95.906250 |     36.117188 |   0.000000 |  24.667969 | 244.000000 | 63.000000 |   0.000000 | 138.000000
  103 |  103 | Predict | -0.377087 | -0.011971 |  0.009992 | 1.792587 | -0.071137 | 0.050000 |   11 |  1.924332 |  7.998085 |  0.000000 | 14.647358 |   81 |  95.906250 |     36.117188 |   0.000000 |  24.667969 | 244.000000 | 63.000000 |   0.000000 | 138.000000
  104 |  104 | Update  | -0.387861 | -0.007183 |  0.010925 | 1.705366 |  0.500998 | 0.050000 |    7 |  1.857645 |  8.088245 | 11.834970 |  0.000000 |   81 | 117.921875 |     70.207031 |  10.812500 |   0.000000 | 244.000000 | 63.000000 | 138.000000 |   0.000000
  105 |  105 | Predict | -0.367510 | -0.007183 |  0.011325 | 1.705366 |  0.500998 | 0.050000 |    7 |  1.857645 |  8.088245 | 11.834970 |  0.000000 |   82 | 117.921875 |     70.207031 |  10.812500 |   0.000000 | 244.000000 | 63.000000 | 138.000000 |   0.000000
  106 |  106 | Predict | -0.371101 | -0.010774 |  0.011058 | 1.705366 |  0.500998 | 0.050000 |    7 |  1.857645 |  8.088245 | 11.834970 |  0.000000 |   82 | 117.921875 |     70.207031 |  10.812500 |   0.000000 | 244.000000 | 63.000000 | 138.000000 |   0.000000
  107 |  107 | Predict | -0.377087 | -0.022745 |  0.011325 | 1.705366 |  0.500998 | 0.050000 |    7 |  1.857645 |  8.088245 | 11.834970 |  0.000000 |   83 | 117.921875 |     70.207031 |  10.812500 |   0.000000 | 244.000000 | 63.000000 | 138.000000 |   0.000000
  108 |  108 | Predict | -0.383072 | -0.003591 |  0.010792 | 1.705366 |  0.500998 | 0.050000 |    7 |  1.857645 |  8.088245 | 11.834970 |  0.000000 |   84 | 117.921875 |     70.207031 |  10.812500 |   0.000000 | 244.000000 | 63.000000 | 138.000000 |   0.000000
  109 |  109 | Predict | -0.383072 |  0.000000 |  0.009726 | 1.705366 |  0.500998 | 0.050000 |    7 |  1.857645 |  8.088245 | 11.834970 |  0.000000 |   84 | 117.921875 |     70.207031 |  10.812500 |   0.000000 | 244.000000 | 63.000000 | 138.000000 |   0.000000
  110 |  110 | Predict | -0.386664 | -0.014365 |  0.010126 | 1.705366 |  0.500998 | 0.050000 |    7 |  1.857645 |  8.088245 | 11.834970 |  0.000000 |   85 | 117.921875 |     70.207031 |  10.812500 |   0.000000 | 244.000000 | 63.000000 | 138.000000 |   0.000000
  111 |  111 | Predict | -0.377087 | -0.002394 |  0.010658 | 1.705366 |  0.500998 | 0.050000 |    7 |  1.857645 |  8.088245 | 11.834970 |  0.000000 |   86 | 117.921875 |     70.207031 |  10.812500 |   0.000000 | 244.000000 | 63.000000 | 138.000000 |   0.000000
  112 |  112 | Predict | -0.386664 | -0.001197 |  0.008660 | 1.705366 |  0.500998 | 0.050000 |    7 |  1.857645 |  8.088245 | 11.834970 |  0.000000 |   86 | 117.921875 |     70.207031 |  10.812500 |   0.000000 | 244.000000 | 63.000000 | 138.000000 |   0.000000
  113 |  113 | Predict | -0.363919 |  0.002394 |  0.009859 | 1.705366 |  0.500998 | 0.050000 |    7 |  1.857645 |  8.088245 | 11.834970 |  0.000000 |   87 | 117.921875 |     70.207031 |  10.812500 |   0.000000 | 244.000000 | 63.000000 | 138.000000 |   0.000000
  114 |  114 | Update  | -0.377087 |  0.008380 |  0.011058 | 1.812061 |  0.586386 | 0.050000 |    7 |  1.939695 |  7.978007 | 11.759871 | 14.467127 |   87 | 109.074219 |     44.464844 |  13.031250 |  26.183594 | 244.000000 | 63.000000 | 138.000000 | 138.000000
  115 |  115 | Predict | -0.384269 | -0.026336 |  0.010525 | 1.812061 |  0.586386 | 0.050000 |    7 |  1.939695 |  7.978007 | 11.759871 | 14.467127 |   87 | 109.074219 |     44.464844 |  13.031250 |  26.183594 | 244.000000 | 63.000000 | 138.000000 | 138.000000
  116 |  116 | Predict | -0.363919 |  0.003591 |  0.010925 | 1.812061 |  0.586386 | 0.050000 |    7 |  1.939695 |  7.978007 | 11.759871 | 14.467127 |   88 | 109.074219 |     44.464844 |  13.031250 |  26.183594 | 244.000000 | 63.000000 | 138.000000 | 138.000000
  117 |  117 | Predict | -0.380678 | -0.014365 |  0.009593 | 1.812061 |  0.586386 | 0.050000 |    7 |  1.939695 |  7.978007 | 11.759871 | 14.467127 |   89 | 109.074219 |     44.464844 |  13.031250 |  26.183594 | 244.000000 | 63.000000 | 138.000000 | 138.000000
  118 |  118 | Predict | -0.374693 |  0.001197 |  0.010658 | 1.812061 |  0.586386 | 0.050000 |    7 |  1.939695 |  7.978007 | 11.759871 | 14.467127 |   89 | 109.074219 |     44.464844 |  13.031250 |  26.183594 | 244.000000 | 63.000000 | 138.000000 | 138.000000
  119 |  119 | Update  | -0.384269 |  0.000000 |  0.011458 | 1.896201 |  0.522450 | 0.050000 |    7 |  1.993559 |  7.887840 | 11.834970 | 14.427168 |   89 | 118.074219 |     55.988281 |  14.164062 |  30.898438 | 244.000000 | 63.000000 | 138.000000 | 138.000000
  120 |  120 | Predict | -0.389058 | -0.021548 |  0.009593 | 1.896201 |  0.522450 | 0.051000 |    7 |  1.993559 |  7.887840 | 11.834970 | 14.427168 |   90 | 118.074219 |     55.988281 |  14.164062 |  30.898438 | 244.000000 | 63.000000 | 138.000000 | 138.000000
  121 |  121 | Predict | -0.383072 |  0.003591 |  0.011591 | 1.896201 |  0.522450 | 0.050000 |    7 |  1.993559 |  7.887840 | 11.834970 | 14.427168 |   90 | 118.074219 |     55.988281 |  14.164062 |  30.898438 | 244.000000 | 63.000000 | 138.000000 | 138.000000
  122 |  122 | Update  | -0.379481 | -0.002394 |  0.011058 | 1.791056 |  0.138549 | 0.050000 |   11 |  1.957633 |  8.008028 |  0.000000 | 14.477151 |   90 | 133.195312 |     56.871094 |        nan |  25.906250 | 244.000000 | 63.000000 |   0.000000 | 138.000000
  123 |  123 | Update  | -0.369904 | -0.011971 |  0.010792 | 1.745061 |  0.130588 | 0.050000 |   11 |  1.975564 |  8.068263 |  0.000000 | 14.517249 |   90 | 106.230469 |     48.707031 |   0.000000 |  26.273438 | 244.000000 | 63.000000 |   0.000000 | 138.000000
  124 |  124 | Predict | -0.381875 | -0.021548 |  0.012257 | 1.745061 |  0.130588 | 0.050000 |   11 |  1.975564 |  8.068263 |  0.000000 | 14.517249 |   90 | 106.230469 |     48.707031 |   0.000000 |  26.273438 | 244.000000 | 63.000000 |   0.000000 | 138.000000
  125 |  125 | Update  | -0.393846 |  0.014365 |  0.010925 | 1.781438 |  0.515598 | 0.050000 |    7 |  1.951160 |  8.018165 | 11.834967 |  0.000000 |   90 | 147.453125 |     71.699219 |  25.167969 |   0.000000 | 244.000000 | 63.000000 | 138.000000 |   0.000000
  126 |  126 | Predict | -0.381875 | -0.004788 |  0.011858 | 1.781438 |  0.515598 | 0.050000 |    7 |  1.951160 |  8.018165 | 11.834967 |  0.000000 |   91 | 147.453125 |     71.699219 |  25.167969 |   0.000000 | 244.000000 | 63.000000 | 138.000000 |   0.000000
  127 |  127 | Predict | -0.380678 |  0.005986 |  0.011591 | 1.781438 |  0.515598 | 0.050000 |    7 |  1.951160 |  8.018165 | 11.834967 |  0.000000 |   91 | 147.453125 |     71.699219 |  25.167969 |   0.000000 | 244.000000 | 63.000000 | 138.000000 |   0.000000
  128 |  128 | Predict | -0.391452 |  0.000000 |  0.010392 | 1.781438 |  0.515598 | 0.050000 |    7 |  1.951160 |  8.018165 | 11.834967 |  0.000000 |   92 | 147.453125 |     71.699219 |  25.167969 |   0.000000 | 244.000000 | 63.000000 | 138.000000 |   0.000000
  129 |  129 | Predict | -0.381875 | -0.015562 |  0.010925 | 1.781438 |  0.515598 | 0.050000 |    7 |  1.951160 |  8.018165 | 11.834967 |  0.000000 |   93 | 147.453125 |     71.699219 |  25.167969 |   0.000000 | 244.000000 | 63.000000 | 138.000000 |   0.000000
  130 |  130 | Predict | -0.372298 | -0.002394 |  0.010925 | 1.781438 |  0.515598 | 0.050000 |    7 |  1.951160 |  8.018165 | 11.834967 |  0.000000 |   93 | 147.453125 |     71.699219 |  25.167969 |   0.000000 | 244.000000 | 63.000000 | 138.000000 |   0.000000
  131 |  131 | Predict | -0.386664 | -0.002394 |  0.011591 | 1.781438 |  0.515598 | 0.050000 |    7 |  1.951160 |  8.018165 | 11.834967 |  0.000000 |   94 | 147.453125 |     71.699219 |  25.167969 |   0.000000 | 244.000000 | 63.000000 | 138.000000 |   0.000000
  132 |  132 | Update  | -0.386664 | -0.001197 |  0.010259 | 1.814695 |  0.450874 | 0.050000 |    7 |  1.911479 |  7.967968 | 11.895059 | 14.497200 |   94 | 119.843750 |     56.609375 |  11.265625 |  37.972656 | 244.000000 | 63.000000 | 138.000000 | 138.000000
  133 |  133 | Predict | -0.367510 |  0.001197 |  0.009992 | 1.814695 |  0.450874 | 0.050000 |    7 |  1.911479 |  7.967968 | 11.895059 | 14.497200 |   94 | 119.843750 |     56.609375 |  11.265625 |  37.972656 | 244.000000 | 63.000000 | 138.000000 | 138.000000
  134 |  134 | Predict | -0.377087 |  0.000000 |  0.010525 | 1.814695 |  0.450874 | 0.050000 |    7 |  1.911479 |  7.967968 | 11.895059 | 14.497200 |   95 | 119.843750 |     56.609375 |  11.265625 |  37.972656 | 244.000000 | 63.000000 | 138.000000 | 138.000000
  135 |  135 | Update  | -0.380678 | -0.009577 |  0.012257 | 1.786161 |  0.085647 | 0.050000 |   11 |  1.974257 |  8.018069 |  0.000000 | 14.527204 |   95 | 105.140625 |     42.242188 |        nan |  18.601562 | 244.000000 | 63.000000 |   0.000000 | 138.000000
  136 |  136 | Predict | -0.393846 | -0.016759 |  0.011058 | 1.786161 |  0.085647 | 0.050000 |   11 |  1.974257 |  8.018069 |  0.000000 | 14.527204 |   95 | 105.140625 |     42.242188 |        nan |  18.601562 | 244.000000 | 63.000000 |   0.000000 | 138.000000
  137 |  137 | Predict | -0.390255 | -0.001197 |  0.011458 | 1.786161 |  0.085647 | 0.050000 |   11 |  1.974257 |  8.018069 |  0.000000 | 14.527204 |   96 | 105.140625 |     42.242188 |        nan |  18.601562 | 244.000000 | 63.000000 |   0.000000 | 138.000000
  138 |  138 | Update  | -0.373495 | -0.002394 |  0.011058 | 1.818819 |  0.578742 | 0.050000 |    7 |  1.891003 |  7.958025 | 11.759871 | 14.517179 |   96 | 114.601562 |     50.382812 |  15.195312 |  27.921875 | 244.000000 | 63.000000 | 138.000000 | 138.000000
  139 |  139 | Predict | -0.381875 | -0.007183 |  0.009593 | 1.818819 |  0.578742 | 0.050000 |    7 |  1.891003 |  7.958025 | 11.759871 | 14.517179 |   96 | 114.601562 |     50.382812 |  15.195312 |  27.921875 | 244.000000 | 63.000000 | 138.000000 | 138.000000
  140 |  140 | Predict | -0.375890 |  0.001197 |  0.011325 | 1.818819 |  0.578742 | 0.050000 |    7 |  1.891003 |  7.958025 | 11.759871 | 14.517179 |   97 | 114.601562 |     50.382812 |  15.195312 |  27.921875 | 244.000000 | 63.000000 | 138.000000 | 138.000000
  141 |  141 | Update  | -0.374693 |  0.000000 |  0.011724 | 1.805251 |  0.189942 | 0.050000 |   11 |  1.905138 |  7.978010 |  0.000000 | 14.417144 |   97 | 122.566406 |     52.199219 |        nan |  27.410156 | 244.000000 | 63.000000 |   0.000000 | 138.000000
  142 |  142 | Predict | -0.381875 | -0.025139 |  0.010259 | 1.805251 |  0.189942 | 0.050000 |   11 |  1.905138 |  7.978010 |  0.000000 | 14.417144 |   98 | 122.566406 |     52.199219 |        nan |  27.410156 | 244.000000 | 63.000000 |   0.000000 | 138.000000
  143 |  143 | Predict | -0.360327 |  0.015562 |  0.009459 | 1.805251 |  0.189942 | 0.050000 |   11 |  1.905138 |  7.978010 |  0.000000 | 14.417144 |   98 | 122.566406 |     52.199219 |        nan |  27.410156 | 244.000000 | 63.000000 |   0.000000 | 138.000000
  144 |  144 | Update  | -0.375890 | -0.019154 |  0.011991 | 1.726644 |  0.154365 | 0.050000 |   11 |  1.881967 |  8.068167 |  0.000000 | 14.497200 |   98 | 116.000000 |     48.035156 |   0.000000 |  22.285156 | 244.000000 | 63.000000 |   0.000000 | 138.000000
  145 |  145 | Predict | -0.363919 | -0.005986 |  0.011325 | 1.726644 |  0.154365 | 0.050000 |   11 |  1.881967 |  8.068167 |  0.000000 | 14.497200 |   99 | 116.000000 |     48.035156 |   0.000000 |  22.285156 | 244.000000 | 63.000000 |   0.000000 | 138.000000
  146 |  146 | Predict | -0.374693 |  0.000000 |  0.010792 | 1.726644 |  0.154365 | 0.050000 |   11 |  1.881967 |  8.068167 |  0.000000 | 14.497200 |   99 | 116.000000 |     48.035156 |   0.000000 |  22.285156 | 244.000000 | 63.000000 |   0.000000 | 138.000000
  147 |  147 | Predict | -0.383072 |  0.011971 |  0.011058 | 1.726644 |  0.154365 | 0.050000 |   11 |  1.881967 |  8.068167 |  0.000000 | 14.497200 |  100 | 116.000000 |     48.035156 |   0.000000 |  22.285156 | 244.000000 | 63.000000 |   0.000000 | 138.000000
  148 |  148 | Predict | -0.369904 |  0.003591 |  0.011458 | 1.726644 |  0.154365 | 0.050000 |   11 |  1.881967 |  8.068167 |  0.000000 | 14.497200 |  100 | 116.000000 |     48.035156 |   0.000000 |  22.285156 | 244.000000 | 63.000000 |   0.000000 | 138.000000
  149 |  149 | Update  | -0.379481 |  0.007183 |  0.011991 | 1.778942 |  0.048643 | 0.050000 |   11 |  1.853849 |  7.998088 |  0.000000 | 14.547252 |  100 | 124.644531 |     62.796875 |        nan |  31.316406 | 244.000000 | 63.000000 |   0.000000 | 138.000000
  150 |  150 | Update  | -0.396240 |  0.009577 |  0.010792 | 1.744373 |  0.195297 | 0.050000 |   11 |  1.930704 |  8.058230 |  0.000000 | 14.457171 |  100 | 102.652344 |     48.531250 |   0.000000 |  20.148438 | 244.000000 | 63.000000 |   0.000000 | 138.000000
  151 |  151 | Predict | -0.383072 | -0.002394 |  0.011325 | 1.744373 |  0.195297 | 0.050000 |   11 |  1.930704 |  8.058230 |  0.000000 | 14.457171 |  100 | 102.652344 |     48.531250 |   0.000000 |  20.148438 | 244.000000 | 63.000000 |   0.000000 | 138.000000
  152 |  152 | Update  | -0.397437 | -0.001197 |  0.011991 | 1.781262 |  0.192578 | 0.050000 |   11 |  1.949886 |  8.018068 |  0.000000 | 14.437123 |  100 |  84.796875 |     36.203125 |        nan |  25.164062 | 244.000000 | 63.000000 |   0.000000 | 138.000000
  153 |  153 | Predict | -0.371101 | -0.009577 |  0.011458 | 1.781262 |  0.192578 | 0.050000 |   11 |  1.949886 |  8.018068 |  0.000000 | 14.437123 |  101 |  84.796875 |     36.203125 |        nan |  25.164062 | 244.000000 | 63.000000 |   0.000000 | 138.000000
  154 |  154 | Predict | -0.381875 |  0.010774 |  0.010525 | 1.781262 |  0.192578 | 0.050000 |   11 |  1.949886 |  8.018068 |  0.000000 | 14.437123 |  101 |  84.796875 |     36.203125 |        nan |  25.164062 | 244.000000 | 63.000000 |   0.000000 | 138.000000
  155 |  155 | Predict | -0.387861 |  0.001197 |  0.010525 | 1.781262 |  0.192578 | 0.050000 |   11 |  1.949886 |  8.018068 |  0.000000 | 14.437123 |  102 |  84.796875 |     36.203125 |        nan |  25.164062 | 244.000000 | 63.000000 |   0.000000 | 138.000000
  156 |  156 | Predict | -0.381875 | -0.014365 |  0.010792 | 1.781262 |  0.192578 | 0.050000 |   11 |  1.949886 |  8.018068 |  0.000000 | 14.437123 |  103 |  84.796875 |     36.203125 |        nan |  25.164062 | 244.000000 | 63.000000 |   0.000000 | 138.000000
  157 |  157 | Predict | -0.377087 | -0.007183 |  0.009193 | 1.781262 |  0.192578 | 0.050000 |   11 |  1.949886 |  8.018068 |  0.000000 | 14.437123 |  103 |  84.796875 |     36.203125 |        nan |  25.164062 | 244.000000 | 63.000000 |   0.000000 | 138.000000
  158 |  158 | Update  | -0.372298 | -0.007183 |  0.011724 | 1.803549 |  0.289582 | 0.050000 |   11 |  1.853709 |  7.967971 |  0.000000 | 14.326994 |  103 | 162.335938 |     74.906250 |        nan |  31.441406 | 244.000000 | 63.000000 |   0.000000 | 138.000000
  159 |  159 | Predict | -0.369904 | -0.009577 |  0.010525 | 1.803549 |  0.289582 | 0.051000 |   11 |  1.853709 |  7.967971 |  0.000000 | 14.326994 |  104 | 162.335938 |     74.906250 |        nan |  31.441406 | 244.000000 | 63.000000 |   0.000000 | 138.000000
  160 |  160 | Predict | -0.380678 | -0.003591 |  0.010792 | 1.803549 |  0.289582 | 0.050000 |   11 |  1.853709 |  7.967971 |  0.000000 | 14.326994 |  104 | 162.335938 |     74.906250 |        nan |  31.441406 | 244.000000 | 63.000000 |   0.000000 | 138.000000
  161 |  161 | Update  | -0.371101 | -0.004788 |  0.012391 | 1.818826 |  0.447688 | 0.050000 |    7 |  1.891037 |  7.958024 | 11.895059 | 14.507154 |  104 | 100.355469 |     48.531250 |  16.730469 |  25.035156 | 244.000000 | 63.000000 | 138.000000 | 138.000000
  162 |  162 | Update  | -0.392649 | -0.004788 |  0.010525 | 1.841829 |  0.180958 | 0.050000 |   11 |  1.883243 |  7.927907 |  0.000000 | 14.397094 |  104 | 136.785156 |     86.781250 |        nan |  46.406250 | 244.000000 | 63.000000 |   0.000000 | 138.000000
  163 |  163 | Predict | -0.365116 | -0.016759 |  0.010792 | 1.841829 |  0.180958 | 0.050000 |   11 |  1.883243 |  7.927907 |  0.000000 | 14.397094 |  104 | 136.785156 |     86.781250 |        nan |  46.406250 | 244.000000 | 63.000000 |   0.000000 | 138.000000
  164 |  164 | Update  | -0.373495 | -0.004788 |  0.010792 | 1.788568 |  0.226849 | 0.050000 |   11 |  1.903862 |  7.998090 |  0.000000 | 14.397025 |  104 | 114.710938 |     72.929688 |        nan |  40.906250 | 244.000000 | 63.000000 |   0.000000 | 138.000000
  165 |  165 | Update  | -0.381875 |  0.001197 |  0.010925 | 1.797071 |  0.443337 | 0.050000 |    7 |  1.862752 |  7.978009 | 11.895059 | 14.527204 |  104 |  74.164062 |     44.750000 |   9.628906 |  18.957031 | 244.000000 | 63.000000 | 138.000000 | 138.000000
  166 |  166 | Predict | -0.369904 | -0.014365 |  0.010525 | 1.797071 |  0.443337 | 0.050000 |    7 |  1.862752 |  7.978009 | 11.895059 | 14.527204 |  104 |  74.164062 |     44.750000 |   9.628906 |  18.957031 | 244.000000 | 63.000000 | 138.000000 | 138.000000
  167 |  167 | Predict | -0.378284 |  0.000000 |  0.011058 | 1.797071 |  0.443337 | 0.050000 |    7 |  1.862752 |  7.978009 | 11.895059 | 14.527204 |  105 |  74.164062 |     44.750000 |   9.628906 |  18.957031 | 244.000000 | 63.000000 | 138.000000 | 138.000000
  168 |  168 | Predict | -0.381875 | -0.005986 |  0.010925 | 1.797071 |  0.443337 | 0.050000 |    7 |  1.862752 |  7.978009 | 11.895059 | 14.527204 |  106 |  74.164062 |     44.750000 |   9.628906 |  18.957031 | 244.000000 | 63.000000 | 138.000000 | 138.000000
  169 |  169 | Predict | -0.357933 |  0.003591 |  0.010925 | 1.797071 |  0.443337 | 0.050000 |    7 |  1.862752 |  7.978009 | 11.895059 | 14.527204 |  106 |  74.164062 |     44.750000 |   9.628906 |  18.957031 | 244.000000 | 63.000000 | 138.000000 | 138.000000
  170 |  170 | Predict | -0.373495 | -0.016759 |  0.010126 | 1.797071 |  0.443337 | 0.050000 |    7 |  1.862752 |  7.978009 | 11.895059 | 14.527204 |  107 |  74.164062 |     44.750000 |   9.628906 |  18.957031 | 244.000000 | 63.000000 | 138.000000 | 138.000000
  171 |  171 | Predict | -0.377087 | -0.001197 |  0.011058 | 1.797071 |  0.443337 | 0.050000 |    7 |  1.862752 |  7.978009 | 11.895059 | 14.527204 |  108 |  74.164062 |     44.750000 |   9.628906 |  18.957031 | 244.000000 | 63.000000 | 138.000000 | 138.000000
  172 |  172 | Predict | -0.386664 |  0.007183 |  0.010925 | 1.797071 |  0.443337 | 0.050000 |    7 |  1.862752 |  7.978009 | 11.895059 | 14.527204 |  108 |  74.164062 |     44.750000 |   9.628906 |  18.957031 | 244.000000 | 63.000000 | 138.000000 | 138.000000
  173 |  173 | Update  | -0.373495 | -0.008380 |  0.010525 | 1.762303 |  0.133247 | 0.050000 |   11 |  1.852572 |  8.018071 |  0.000000 | 14.487175 |  108 |  91.964844 |     38.164062 |        nan |  28.566406 | 244.000000 | 63.000000 |   0.000000 | 138.000000
  174 |  174 | Predict | -0.367510 | -0.002394 |  0.011724 | 1.762303 |  0.133247 | 0.050000 |   11 |  1.852572 |  8.018071 |  0.000000 | 14.487175 |  109 |  91.964844 |     38.164062 |        nan |  28.566406 | 244.000000 | 63.000000 |   0.000000 | 138.000000
  175 |  175 | Predict | -0.380678 | -0.004788 |  0.010792 | 1.762303 |  0.133247 | 0.050000 |   11 |  1.852572 |  8.018071 |  0.000000 | 14.487175 |  109 |  91.964844 |     38.164062 |        nan |  28.566406 | 244.000000 | 63.000000 |   0.000000 | 138.000000
  176 |  176 | Update  | -0.390255 |  0.010774 |  0.010126 | 1.760068 |  0.081593 | 0.050000 |   11 |  1.967820 |  8.048192 |  0.000000 | 14.547252 |  109 | 149.707031 |     77.523438 |   0.000000 |  42.238281 | 244.000000 | 63.000000 |   0.000000 | 138.000000
  177 |  177 | Predict | -0.373495 | -0.021548 |  0.010792 | 1.760068 |  0.081593 | 0.050000 |   11 |  1.967820 |  8.048192 |  0.000000 | 14.547252 |  110 | 149.707031 |     77.523438 |   0.000000 |  42.238281 | 244.000000 | 63.000000 |   0.000000 | 138.000000
  178 |  178 | Predict | -0.380678 | -0.007183 |  0.011058 | 1.760068 |  0.081593 | 0.050000 |   11 |  1.967820 |  8.048192 |  0.000000 | 14.547252 |  110 | 149.707031 |     77.523438 |   0.000000 |  42.238281 | 244.000000 | 63.000000 |   0.000000 | 138.000000
  179 |  179 | Update  | -0.381875 | -0.023942 |  0.009992 | 1.796561 |  0.095077 | 0.050000 |   11 |  1.860093 |  7.978012 |  0.000000 | 14.497200 |  110 | 122.816406 |     41.843750 |        nan |  37.136719 | 244.000000 | 63.000000 |   0.000000 | 138.000000
  180 |  180 | Predict | -0.365116 | -0.007183 |  0.009992 | 1.796561 |  0.095077 | 0.050000 |   11 |  1.860093 |  7.978012 |  0.000000 | 14.497200 |  111 | 122.816406 |     41.843750 |        nan |  37.136719 | 244.000000 | 63.000000 |   0.000000 | 138.000000
  181 |  181 | Predict | -0.369904 | -0.019154 |  0.011058 | 1.796561 |  0.095077 | 0.050000 |   11 |  1.860093 |  7.978012 |  0.000000 | 14.497200 |  112 | 122.816406 |     41.843750 |        nan |  37.136719 | 244.000000 | 63.000000 |   0.000000 | 138.000000
  182 |  182 | Predict | -0.381875 | -0.019154 |  0.011991 | 1.796561 |  0.095077 | 0.050000 |   11 |  1.860093 |  7.978012 |  0.000000 | 14.497200 |  112 | 122.816406 |     41.843750 |        nan |  37.136719 | 244.000000 | 63.000000 |   0.000000 | 138.000000
  183 |  183 | Predict | -0.375890 |  0.001197 |  0.011724 | 1.796561 |  0.095077 | 0.050000 |   11 |  1.860093 |  7.978012 |  0.000000 | 14.497200 |  113 | 122.816406 |     41.843750 |        nan |  37.136719 | 244.000000 | 63.000000 |   0.000000 | 138.000000
  184 |  184 | Predict | -0.374693 |  0.003591 |  0.010792 | 1.796561 |  0.095077 | 0.050000 |   11 |  1.860093 |  7.978012 |  0.000000 | 14.497200 |  113 | 122.816406 |     41.843750 |        nan |  37.136719 | 244.000000 | 63.000000 |   0.000000 | 138.000000
  185 |  185 | Predict | -0.383072 |  0.003591 |  0.011325 | 1.796561 |  0.095077 | 0.050000 |   11 |  1.860093 |  7.978012 |  0.000000 | 14.497200 |  114 | 122.816406 |     41.843750 |        nan |  37.136719 | 244.000000 | 63.000000 |   0.000000 | 138.000000
  186 |  186 | Update  | -0.396240 |  0.003591 |  0.011058 | 1.805254 |  0.059388 | 0.050000 |   11 |  1.905172 |  7.978015 |  0.000000 | 14.527204 |  114 | 115.734375 |     40.417969 |   0.000000 |  34.007812 | 244.000000 | 63.000000 |   0.000000 | 138.000000
  187 |  187 | Predict | -0.365116 | -0.008380 |  0.011191 | 1.805254 |  0.059388 | 0.050000 |   11 |  1.905172 |  7.978015 |  0.000000 | 14.527204 |  114 | 115.734375 |     40.417969 |   0.000000 |  34.007812 | 244.000000 | 63.000000 |   0.000000 | 138.000000
  188 |  188 | Update  | -0.396240 | -0.009577 |  0.011325 | 1.736661 |  0.082832 | 0.050000 |   11 |  1.933253 |  8.068174 |  0.000000 | 14.557278 |  114 | 109.953125 |     48.312500 |   0.000000 |  32.957031 | 244.000000 | 63.000000 |   0.000000 | 138.000000
  189 |  189 | Update  | -0.372298 | -0.013168 |  0.010392 | 1.775444 |  0.145144 | 0.050000 |   11 |  1.920542 |  8.018068 |  0.000000 | 14.477151 |  114 | 132.476562 |     62.660156 |        nan |  33.625000 | 244.000000 | 63.000000 |   0.000000 | 138.000000
  190 |  190 | Predict | -0.384269 |  0.003591 |  0.010925 | 1.775444 |  0.145144 | 0.050000 |   11 |  1.920542 |  8.018068 |  0.000000 | 14.477151 |  114 | 132.476562 |     62.660156 |        nan |  33.625000 | 244.000000 | 63.000000 |   0.000000 | 138.000000
  191 |  191 | Update  | -0.390255 |  0.001197 |  0.011325 | 1.750188 |  0.445309 | 0.050000 |    7 |  1.875621 |  8.038153 | 11.895059 | 14.527204 |  114 |  70.550781 |     33.898438 |  12.839844 |  21.375000 | 244.000000 | 63.000000 | 138.000000 | 138.000000
  192 |  192 | Predict | -0.371101 |  0.021548 |  0.009726 | 1.750188 |  0.445309 | 0.050000 |    7 |  1.875621 |  8.038153 | 11.895059 | 14.527204 |  115 |  70.550781 |     33.898438 |  12.839844 |  21.375000 | 244.000000 | 63.000000 | 138.000000 | 138.000000
  193 |  193 | Predict | -0.377087 | -0.010774 |  0.012524 | 1.750188 |  0.445309 | 0.050000 |    7 |  1.875621 |  8.038153 | 11.895059 | 14.527204 |  115 |  70.550781 |     33.898438 |  12.839844 |  21.375000 | 244.000000 | 63.000000 | 138.000000 | 138.000000
  194 |  194 | Predict | -0.374693 | -0.023942 |  0.011058 | 1.750188 |  0.445309 | 0.050000 |    7 |  1.875621 |  8.038153 | 11.895059 | 14.527204 |  116 |  70.550781 |     33.898438 |  12.839844 |  21.375000 | 244.000000 | 63.000000 | 138.000000 | 138.000000
  195 |  195 | Update  | -0.375890 | -0.015562 |  0.010525 | 1.775692 |  0.145146 | 0.050000 |   11 |  1.921816 |  8.018071 |  0.000000 | 14.477151 |  116 |  86.437500 |     42.640625 |        nan |  25.960938 | 244.000000 | 63.000000 |   0.000000 | 138.000000
  196 |  196 | Predict | -0.373495 |  0.009577 |  0.011058 | 1.775692 |  0.145146 | 0.050000 |   11 |  1.921816 |  8.018071 |  0.000000 | 14.477151 |  116 |  86.437500 |     42.640625 |        nan |  25.960938 | 244.000000 | 63.000000 |   0.000000 | 138.000000
  197 |  197 | Update  | -0.385466 |  0.000000 |  0.012257 | 1.786815 | -0.047077 | 0.050000 |   11 |  1.894864 |  7.998093 |  0.000000 | 14.627309 |  116 | 146.046875 |     84.968750 |   0.000000 |  39.441406 | 244.000000 | 63.000000 |   0.000000 | 138.000000
  198 |  198 | Predict | -0.361524 | -0.002394 |  0.010925 | 1.786815 | -0.047077 | 0.050000 |   11 |  1.894864 |  7.998093 |  0.000000 | 14.627309 |  117 | 146.046875 |     84.968750 |   0.000000 |  39.441406 | 244.000000 | 63.000000 |   0.000000 | 138.000000
  199 |  199 | Predict | -0.381875 |  0.014365 |  0.011991 | 1.786815 | -0.047077 | 0.050000 |   11 |  1.894864 |  7.998093 |  0.000000 | 14.627309 |  117 | 146.046875 |     84.968750 |   0.000000 |  39.441406 | 244.000000 | 63.000000 |   0.000000 | 138.000000
  200 |  200 | Update  | -0.375890 | -0.014365 |  0.011058 | 1.693612 |  0.104186 | 0.050000 |   11 |  1.925640 |  8.118275 |  0.000000 | 14.567232 |  117 | 101.714844 |     54.476562 |   0.000000 |  26.007812 | 244.000000 | 63.000000 |   0.000000 | 138.000000
  201 |  201 | Update  | -0.372298 | -0.004788 |  0.010126 | 1.783576 |  0.145147 | 0.050000 |   11 |  1.961454 |  8.018073 |  0.000000 | 14.477151 |  117 |  73.937500 |     35.242188 |   0.000000 |  25.324219 | 244.000000 | 63.000000 |   0.000000 | 138.000000
  202 |  202 | Predict | -0.367510 |  0.001197 |  0.011325 | 1.783576 |  0.145147 | 0.050000 |   11 |  1.961454 |  8.018073 |  0.000000 | 14.477151 |  117 |  73.937500 |     35.242188 |   0.000000 |  25.324219 | 244.000000 | 63.000000 |   0.000000 | 138.000000
  203 |  203 | Update  | -0.384269 | -0.002394 |  0.010525 | 1.778419 |  0.448084 | 0.050000 |    7 |  1.893588 |  8.008029 | 11.895059 | 14.447146 |  117 |  76.656250 |     39.226562 |  16.039062 |  23.808594 | 244.000000 | 63.000000 | 138.000000 | 138.000000
  204 |  204 | Update  | -0.359130 | -0.028730 |  0.010925 | 1.760511 |  0.440417 | 0.050000 |    7 |  1.843527 |  8.018168 | 11.895059 | 14.326922 |  117 |  99.789062 |     45.511719 |  17.140625 |  37.015625 | 244.000000 | 63.000000 | 138.000000 | 138.000000
  205 |  205 | Predict | -0.369904 | -0.013168 |  0.011458 | 1.760511 |  0.440417 | 0.050000 |    7 |  1.843527 |  8.018168 | 11.895059 | 14.326922 |  117 |  99.789062 |     45.511719 |  17.140625 |  37.015625 | 244.000000 | 63.000000 | 138.000000 | 138.000000
  206 |  206 | Update  | -0.372298 | -0.015562 |  0.010525 | 1.801811 |  0.584759 | 0.050000 |    7 |  1.929430 |  7.988051 | 11.759871 | 14.447146 |  117 | 117.867188 |     46.835938 |  20.250000 |  37.664062 | 244.000000 | 63.000000 | 138.000000 | 138.000000
  207 |  207 | Update  | -0.373495 | -0.007183 |  0.011325 | 1.844317 |  0.506914 | 0.050000 |    7 |  1.896105 |  7.927909 | 11.834970 | 14.447146 |  117 |  68.328125 |     36.980469 |  15.792969 |  27.847656 | 244.000000 | 63.000000 | 138.000000 | 138.000000
  208 |  208 | Predict | -0.403423 |  0.010774 |  0.011991 | 1.844317 |  0.506914 | 0.050000 |    7 |  1.896105 |  7.927909 | 11.834970 | 14.447146 |  117 |  68.328125 |     36.980469 |  15.792969 |  27.847656 | 244.000000 | 63.000000 | 138.000000 | 138.000000
  209 |  209 | Update  | -0.374693 | -0.004788 |  0.010392 | 1.826041 |  0.466515 | 0.050000 |    7 |  2.008826 |  7.978012 | 11.895059 | 14.397094 |  117 | 135.335938 |     62.792969 |  26.187500 |  52.226562 | 244.000000 | 63.000000 | 138.000000 | 138.000000
  210 |  210 | Update  | -0.393846 | -0.013168 |  0.011058 | 1.856472 |  0.510119 | 0.051000 |    7 |  1.916612 |  7.917870 | 11.834970 | 14.447146 |  117 | 108.992188 |     52.984375 |  16.343750 |  34.308594 | 244.000000 | 63.000000 | 138.000000 | 138.000000
  211 |  211 | Predict | -0.399832 | -0.010774 |  0.012790 | 1.856472 |  0.510119 | 0.050000 |    7 |  1.916612 |  7.917870 | 11.834970 | 14.447146 |  117 | 108.992188 |     52.984375 |  16.343750 |  34.308594 | 244.000000 | 63.000000 | 138.000000 | 138.000000
  212 |  212 | Update  | -0.381875 | -0.009577 |  0.011458 | 1.875016 |  0.115271 | 0.050000 |   11 |  2.008826 |  7.917870 |  0.000000 | 14.447146 |  117 | 131.015625 |     58.335938 |        nan |  40.519531 | 244.000000 | 63.000000 |   0.000000 | 138.000000
  213 |  213 | Predict | -0.374693 | -0.016759 |  0.010392 | 1.875016 |  0.115271 | 0.050000 |   11 |  2.008826 |  7.917870 |  0.000000 | 14.447146 |  118 | 131.015625 |     58.335938 |        nan |  40.519531 | 244.000000 | 63.000000 |   0.000000 | 138.000000
  214 |  214 | Predict | -0.367510 | -0.002394 |  0.011458 | 1.875016 |  0.115271 | 0.050000 |   11 |  2.008826 |  7.917870 |  0.000000 | 14.447146 |  118 | 131.015625 |     58.335938 |        nan |  40.519531 | 244.000000 | 63.000000 |   0.000000 | 138.000000
  215 |  215 | Update  | -0.390255 |  0.008380 |  0.010259 | 1.784931 |  0.174203 | 0.050000 |   11 |  1.926881 |  8.008035 |  0.000000 | 14.447078 |  118 |  94.742188 |     40.039062 |        nan |  24.843750 | 244.000000 | 63.000000 |   0.000000 | 138.000000
  216 |  216 | Update  | -0.393846 | -0.007183 |  0.009726 | 1.825912 |  0.147975 | 0.050000 |   11 |  1.967959 |  7.967978 |  0.000000 | 14.447078 |  118 |  95.890625 |     44.464844 |   0.000000 |  30.687500 | 244.000000 | 63.000000 |   0.000000 | 138.000000
  217 |  217 | Predict | -0.387861 | -0.007183 |  0.010925 | 1.825912 |  0.147975 | 0.050000 |   11 |  1.967959 |  7.967978 |  0.000000 | 14.447078 |  118 |  95.890625 |     44.464844 |   0.000000 |  30.687500 | 244.000000 | 63.000000 |   0.000000 | 138.000000
  218 |  218 | Update  | -0.380678 | -0.004788 |  0.011325 | 1.811939 |  0.448673 | 0.050000 |    7 |  1.897380 |  7.967973 | 11.895059 | 14.336946 |  118 | 104.847656 |     51.257812 |  18.031250 |  26.457031 | 244.000000 | 63.000000 | 138.000000 | 138.000000
  219 |  219 | Predict | -0.379481 | -0.016759 |  0.010259 | 1.811939 |  0.448673 | 0.050000 |    7 |  1.897380 |  7.967973 | 11.895059 | 14.336946 |  119 | 104.847656 |     51.257812 |  18.031250 |  26.457031 | 244.000000 | 63.000000 | 138.000000 | 138.000000
  220 |  220 | Predict | -0.373495 | -0.015562 |  0.011458 | 1.811939 |  0.448673 | 0.050000 |    7 |  1.897380 |  7.967973 | 11.895059 | 14.336946 |  119 | 104.847656 |     51.257812 |  18.031250 |  26.457031 | 244.000000 | 63.000000 | 138.000000 | 138.000000
  221 |  221 | Update  | -0.379481 | -0.021548 |  0.012657 | 1.741506 |  0.212436 | 0.050000 |   11 |  1.873102 |  8.048100 |  0.000000 | 14.437052 |  119 | 108.855469 |     38.535156 |   0.000000 |  23.558594 | 244.000000 | 63.000000 |   0.000000 | 138.000000
  222 |  222 | Update  | -0.378284 |  0.001197 |  0.011191 | 1.734856 |  0.171692 | 0.050000 |   11 |  1.882001 |  8.058235 |  0.000000 | 14.477080 |  119 | 128.117188 |     64.902344 |   0.000000 |  41.937500 | 244.000000 | 63.000000 |   0.000000 | 138.000000
  223 |  223 | Predict | -0.377087 | -0.019154 |  0.011191 | 1.734856 |  0.171692 | 0.050000 |   11 |  1.882001 |  8.058235 |  0.000000 | 14.477080 |  119 | 128.117188 |     64.902344 |   0.000000 |  41.937500 | 244.000000 | 63.000000 |   0.000000 | 138.000000
  224 |  224 | Update  | -0.369904 | -0.002394 |  0.010792 | 1.783576 |  0.510715 | 0.050000 |    7 |  1.920403 |  8.008129 | 11.834970 | 14.447146 |  119 | 129.152344 |     61.539062 |  24.609375 |  45.546875 | 244.000000 | 63.000000 | 138.000000 | 138.000000
  225 |  225 | Update  | -0.374693 |  0.013168 |  0.010525 | 1.793020 |  0.245179 | 0.050000 |   11 |  1.967820 |  8.008131 |  0.000000 | 14.387070 |  119 | 137.593750 |     68.007812 |        nan |  48.316406 | 244.000000 | 63.000000 |   0.000000 | 138.000000
  226 |  226 | Predict | -0.381875 | -0.016759 |  0.012257 | 1.793020 |  0.245179 | 0.050000 |   11 |  1.967820 |  8.008131 |  0.000000 | 14.387070 |  119 | 137.593750 |     68.007812 |        nan |  48.316406 | 244.000000 | 63.000000 |   0.000000 | 138.000000
  227 |  227 | Update  | -0.379481 | -0.004788 |  0.011191 | 1.768100 |  0.097645 | 0.050000 |   11 |  1.883277 |  8.018168 |  0.000000 | 14.517179 |  119 | 114.675781 |     45.250000 |        nan |  26.132812 | 244.000000 | 63.000000 |   0.000000 | 138.000000
  228 |  228 | Predict | -0.381875 | -0.010774 |  0.010792 | 1.768100 |  0.097645 | 0.050000 |   11 |  1.883277 |  8.018168 |  0.000000 | 14.517179 |  120 | 114.675781 |     45.250000 |        nan |  26.132812 | 244.000000 | 63.000000 |   0.000000 | 138.000000
  229 |  229 | Predict | -0.373495 |  0.001197 |  0.010925 | 1.768100 |  0.097645 | 0.050000 |   11 |  1.883277 |  8.018168 |  0.000000 | 14.517179 |  120 | 114.675781 |     45.250000 |        nan |  26.132812 | 244.000000 | 63.000000 |   0.000000 | 138.000000
  230 |  230 | Update  | -0.372298 | -0.005986 |  0.012524 | 1.811552 |  0.388049 | 0.050000 |    7 |  1.978110 |  7.988056 | 11.970151 |  0.000000 |  120 | 129.613281 |     57.859375 |  19.664062 |   0.000000 | 244.000000 | 63.000000 | 138.000000 |   0.000000
  231 |  231 | Update  | -0.377087 |  0.008380 |  0.010658 | 1.817075 |  0.446291 | 0.050000 |    7 |  1.882001 |  7.958030 | 11.895059 | 14.437123 |  120 | 128.625000 |     52.074219 |  23.144531 |  32.230469 | 244.000000 | 63.000000 | 138.000000 | 138.000000
  232 |  232 | Predict | -0.398635 | -0.002394 |  0.012257 | 1.817075 |  0.446291 | 0.050000 |    7 |  1.882001 |  7.958030 | 11.895059 | 14.437123 |  120 | 128.625000 |     52.074219 |  23.144531 |  32.230469 | 244.000000 | 63.000000 | 138.000000 | 138.000000
  233 |  233 | Predict | -0.378284 | -0.002394 |  0.010525 | 1.817075 |  0.446291 | 0.050000 |    7 |  1.882001 |  7.958030 | 11.895059 | 14.437123 |  121 | 128.625000 |     52.074219 |  23.144531 |  32.230469 | 244.000000 | 63.000000 | 138.000000 | 138.000000
  234 |  234 | Predict | -0.379481 |  0.007183 |  0.011058 | 1.817075 |  0.446291 | 0.050000 |    7 |  1.882001 |  7.958030 | 11.895059 | 14.437123 |  122 | 128.625000 |     52.074219 |  23.144531 |  32.230469 | 244.000000 | 63.000000 | 138.000000 | 138.000000
  235 |  235 | Predict | -0.384269 |  0.010774 |  0.011325 | 1.817075 |  0.446291 | 0.050000 |    7 |  1.882001 |  7.958030 | 11.895059 | 14.437123 |  122 | 128.625000 |     52.074219 |  23.144531 |  32.230469 | 244.000000 | 63.000000 | 138.000000 | 138.000000
  236 |  236 | Predict | -0.385466 | -0.010774 |  0.011058 | 1.817075 |  0.446291 | 0.050000 |    7 |  1.882001 |  7.958030 | 11.895059 | 14.437123 |  123 | 128.625000 |     52.074219 |  23.144531 |  32.230469 | 244.000000 | 63.000000 | 138.000000 | 138.000000
  237 |  237 | Update  | -0.392649 |  0.002394 |  0.010658 | 1.812609 |  0.171759 | 0.050000 |   11 |  1.901206 |  7.968065 |  0.000000 | 14.427028 |  123 | 115.699219 |     45.593750 |        nan |  35.468750 | 244.000000 | 63.000000 |   0.000000 | 138.000000
  238 |  238 | Predict | -0.398635 | -0.007183 |  0.011724 | 1.812609 |  0.171759 | 0.050000 |   11 |  1.901206 |  7.968065 |  0.000000 | 14.427028 |  124 | 115.699219 |     45.593750 |        nan |  35.468750 | 244.000000 | 63.000000 |   0.000000 | 138.000000
  239 |  239 | Predict | -0.387861 | -0.001197 |  0.010792 | 1.812609 |  0.171759 | 0.051000 |   11 |  1.901206 |  7.968065 |  0.000000 | 14.427028 |  124 | 115.699219 |     45.593750 |        nan |  35.468750 | 244.000000 | 63.000000 |   0.000000 | 138.000000
  240 |  240 | Predict | -0.379481 |  0.002394 |  0.011991 | 1.812609 |  0.171759 | 0.050000 |   11 |  1.901206 |  7.968065 |  0.000000 | 14.427028 |  125 | 115.699219 |     45.593750 |        nan |  35.468750 | 244.000000 | 63.000000 |   0.000000 | 138.000000
  241 |  241 | Predict | -0.374693 |  0.001197 |  0.010259 | 1.812609 |  0.171759 | 0.050000 |   11 |  1.901206 |  7.968065 |  0.000000 | 14.427028 |  125 | 115.699219 |     45.593750 |        nan |  35.468750 | 244.000000 | 63.000000 |   0.000000 | 138.000000
  242 |  242 | Predict | -0.379481 | -0.002394 |  0.011191 | 1.812609 |  0.171759 | 0.050000 |   11 |  1.901206 |  7.968065 |  0.000000 | 14.427028 |  126 | 115.699219 |     45.593750 |        nan |  35.468750 | 244.000000 | 63.000000 |   0.000000 | 138.000000
  243 |  243 | Predict | -0.373495 | -0.002394 |  0.010792 | 1.812609 |  0.171759 | 0.050000 |   11 |  1.901206 |  7.968065 |  0.000000 | 14.427028 |  127 | 115.699219 |     45.593750 |        nan |  35.468750 | 244.000000 | 63.000000 |   0.000000 | 138.000000
  244 |  244 | Predict | -0.385466 |  0.001197 |  0.010525 | 1.812609 |  0.171759 | 0.050000 |   11 |  1.901206 |  7.968065 |  0.000000 | 14.427028 |  127 | 115.699219 |     45.593750 |        nan |  35.468750 | 244.000000 | 63.000000 |   0.000000 | 138.000000
  245 |  245 | Update  | -0.396240 | -0.007183 |  0.011325 | 1.844958 |  0.199400 | 0.050000 |   11 |  1.940898 |  7.937954 |  0.000000 | 14.386999 |  127 |  68.335938 |     37.628906 |        nan |  23.765625 | 244.000000 | 63.000000 |   0.000000 | 138.000000
  246 |  246 | Update  | -0.377087 | -0.004788 |  0.011058 | 1.795606 |  0.089756 | 0.050000 |   11 |  1.897414 |  7.987963 |  0.000000 | 14.507154 |  127 | 144.011719 |     71.261719 |   0.000000 |  31.863281 | 244.000000 | 63.000000 |   0.000000 | 138.000000
  247 |  247 | Update  | -0.377087 |  0.000000 |  0.010525 | 1.730373 |  0.375828 | 0.052000 |    7 |  1.901241 |  8.068174 | 11.970151 |  0.000000 |  127 | 146.488281 |     69.707031 |  18.410156 |   0.000000 | 244.000000 | 63.000000 | 138.000000 |   0.000000
  248 |  248 | Predict | -0.362722 | -0.007183 |  0.011325 | 1.730373 |  0.375828 | 0.050000 |    7 |  1.901241 |  8.068174 | 11.970151 |  0.000000 |  127 | 146.488281 |     69.707031 |  18.410156 |   0.000000 | 244.000000 | 63.000000 | 138.000000 |   0.000000
  249 |  249 | Update  | -0.379481 | -0.014365 |  0.011191 | 1.766359 |  0.503536 | 0.050000 |    7 |  1.874239 |  8.018170 | 11.834970 | 14.527203 |  127 | 137.554688 |     62.316406 |  19.019531 |  35.058594 | 244.000000 | 63.000000 | 138.000000 | 138.000000
  250 |  250 | Predict | -0.367510 |  0.021548 |  0.011058 | 1.766359 |  0.503536 | 0.050000 |    7 |  1.874239 |  8.018170 | 11.834970 | 14.527203 |  127 | 137.554688 |     62.316406 |  19.019531 |  35.058594 | 244.000000 | 63.000000 | 138.000000 | 138.000000
  251 |  251 | Update  | -0.374693 | -0.005986 |  0.010259 | 1.776944 |  0.133335 | 0.050000 |   11 |  1.928189 |  8.018077 |  0.000000 | 14.487104 |  127 |  95.191406 |     42.023438 |   0.000000 |  20.011719 | 244.000000 | 63.000000 |   0.000000 | 138.000000
  252 |  252 | Predict | -0.391452 | -0.009577 |  0.011058 | 1.776944 |  0.133335 | 0.051000 |   11 |  1.928189 |  8.018077 |  0.000000 | 14.487104 |  128 |  95.191406 |     42.023438 |   0.000000 |  20.011719 | 244.000000 | 63.000000 |   0.000000 | 138.000000
  253 |  253 | Predict | -0.390255 |  0.014365 |  0.010525 | 1.776944 |  0.133335 | 0.050000 |   11 |  1.928189 |  8.018077 |  0.000000 | 14.487104 |  128 |  95.191406 |     42.023438 |   0.000000 |  20.011719 | 244.000000 | 63.000000 |   0.000000 | 138.000000
  254 |  254 | Update  | -0.391452 | -0.004788 |  0.010126 | 1.764363 |  0.469894 | 0.050000 |    7 |  2.029246 |  8.058230 | 11.895059 | 14.507154 |  128 |  97.457031 |     60.531250 |  14.363281 |  23.964844 | 244.000000 | 63.000000 | 138.000000 | 138.000000
  255 |  255 | Predict | -0.379481 |  0.003591 |  0.010792 | 1.764363 |  0.469894 | 0.050000 |    7 |  2.029246 |  8.058230 | 11.895059 | 14.507154 |  129 |  97.457031 |     60.531250 |  14.363281 |  23.964844 | 244.000000 | 63.000000 | 138.000000 | 138.000000
  256 |  256 | Predict | -0.392649 |  0.003591 |  0.010925 | 1.764363 |  0.469894 | 0.050000 |    7 |  2.029246 |  8.058230 | 11.895059 | 14.507154 |  130 |  97.457031 |     60.531250 |  14.363281 |  23.964844 | 244.000000 | 63.000000 | 138.000000 | 138.000000
  257 |  257 | Predict | -0.379481 | -0.002394 |  0.011058 | 1.764363 |  0.469894 | 0.050000 |    7 |  2.029246 |  8.058230 | 11.895059 | 14.507154 |  130 |  97.457031 |     60.531250 |  14.363281 |  23.964844 | 244.000000 | 63.000000 | 138.000000 | 138.000000
  258 |  258 | Update  | -0.386664 |  0.001197 |  0.009992 | 1.749676 |  0.503343 | 0.050000 |    7 |  1.872963 |  8.038155 | 11.834967 | 14.437053 |  130 | 146.976562 |     71.164062 |  24.917969 |  41.003906 | 244.000000 | 63.000000 | 138.000000 | 138.000000
  259 |  259 | Predict | -0.389058 |  0.032322 |  0.011058 | 1.749676 |  0.503343 | 0.050000 |    7 |  1.872963 |  8.038155 | 11.834967 | 14.437053 |  130 | 146.976562 |     71.164062 |  24.917969 |  41.003906 | 244.000000 | 63.000000 | 138.000000 | 138.000000
  260 |  260 | Predict | -0.373495 | -0.004788 |  0.011325 | 1.749676 |  0.503343 | 0.050000 |    7 |  1.872963 |  8.038155 | 11.834967 | 14.437053 |  131 | 146.976562 |     71.164062 |  24.917969 |  41.003906 | 244.000000 | 63.000000 | 138.000000 | 138.000000
  261 |  261 | Predict | -0.381875 |  0.007183 |  0.011058 | 1.749676 |  0.503343 | 0.050000 |    7 |  1.872963 |  8.038155 | 11.834967 | 14.437053 |  132 | 146.976562 |     71.164062 |  24.917969 |  41.003906 | 244.000000 | 63.000000 | 138.000000 | 138.000000
  262 |  262 | Predict | -0.374693 |  0.000000 |  0.011858 | 1.749676 |  0.503343 | 0.050000 |    7 |  1.872963 |  8.038155 | 11.834967 | 14.437053 |  132 | 146.976562 |     71.164062 |  24.917969 |  41.003906 | 244.000000 | 63.000000 | 138.000000 | 138.000000
  263 |  263 | Predict | -0.385466 | -0.014365 |  0.010525 | 1.749676 |  0.503343 | 0.050000 |    7 |  1.872963 |  8.038155 | 11.834967 | 14.437053 |  133 | 146.976562 |     71.164062 |  24.917969 |  41.003906 | 244.000000 | 63.000000 | 138.000000 | 138.000000
  264 |  264 | Update  | -0.369904 | -0.013168 |  0.011191 | 1.812687 |  0.507714 | 0.050000 |    7 |  1.901241 |  7.967978 | 11.834970 | 14.427098 |  133 | 121.625000 |     51.277344 |  20.339844 |  44.195312 | 244.000000 | 63.000000 | 138.000000 | 138.000000
  265 |  265 | Predict | -0.384269 | -0.014365 |  0.011325 | 1.812687 |  0.507714 | 0.050000 |    7 |  1.901241 |  7.967978 | 11.834970 | 14.427098 |  133 | 121.625000 |     51.277344 |  20.339844 |  44.195312 | 244.000000 | 63.000000 | 138.000000 | 138.000000
  266 |  266 | Predict | -0.347159 | -0.001197 |  0.010792 | 1.812687 |  0.507714 | 0.050000 |    7 |  1.901241 |  7.967978 | 11.834970 | 14.427098 |  134 | 121.625000 |     51.277344 |  20.339844 |  44.195312 | 244.000000 | 63.000000 | 138.000000 | 138.000000
  267 |  267 | Predict | -0.393846 | -0.020351 |  0.011325 | 1.812687 |  0.507714 | 0.050000 |    7 |  1.901241 |  7.967978 | 11.834970 | 14.427098 |  135 | 121.625000 |     51.277344 |  20.339844 |  44.195312 | 244.000000 | 63.000000 | 138.000000 | 138.000000
  268 |  268 | Predict | -0.379481 | -0.003591 |  0.011991 | 1.812687 |  0.507714 | 0.050000 |    7 |  1.901241 |  7.967978 | 11.834970 | 14.427098 |  136 | 121.625000 |     51.277344 |  20.339844 |  44.195312 | 244.000000 | 63.000000 | 138.000000 | 138.000000
  269 |  269 | Predict | -0.373495 | -0.015562 |  0.010259 | 1.812687 |  0.507714 | 0.050000 |    7 |  1.901241 |  7.967978 | 11.834970 | 14.427098 |  136 | 121.625000 |     51.277344 |  20.339844 |  44.195312 | 244.000000 | 63.000000 | 138.000000 | 138.000000
  270 |  270 | Predict | -0.391452 | -0.007183 |  0.011991 | 1.812687 |  0.507714 | 0.050000 |    7 |  1.901241 |  7.967978 | 11.834970 | 14.427098 |  137 | 121.625000 |     51.277344 |  20.339844 |  44.195312 | 244.000000 | 63.000000 | 138.000000 | 138.000000
  271 |  271 | Predict | -0.380678 |  0.005986 |  0.011325 | 1.812687 |  0.507714 | 0.050000 |    7 |  1.901241 |  7.967978 | 11.834970 | 14.427098 |  137 | 121.625000 |     51.277344 |  20.339844 |  44.195312 | 244.000000 | 63.000000 | 138.000000 | 138.000000
  272 |  272 | Update  | -0.380678 | -0.004788 |  0.011191 | 1.773169 |  0.037927 | 0.050000 |   11 |  1.908997 |  8.018080 |  0.000000 | 14.567230 |  137 | 138.273438 |     80.515625 |   0.000000 |  40.816406 | 244.000000 | 63.000000 |   0.000000 | 138.000000
  273 |  273 | Update  | -0.367510 | -0.001197 |  0.009859 | 1.745141 |  0.105483 | 0.050000 |   11 |  1.892347 |  8.048194 |  0.000000 | 14.527203 |  137 |  65.406250 |     39.753906 |   0.000000 |  15.277344 | 244.000000 | 63.000000 |   0.000000 | 138.000000
  274 |  274 | Predict | -0.391452 |  0.003591 |  0.009992 | 1.745141 |  0.105483 | 0.050000 |   11 |  1.892347 |  8.048194 |  0.000000 | 14.527203 |  137 |  65.406250 |     39.753906 |   0.000000 |  15.277344 | 244.000000 | 63.000000 |   0.000000 | 138.000000
  275 |  275 | Predict | -0.391452 |  0.020351 |  0.010792 | 1.745141 |  0.105483 | 0.050000 |   11 |  1.892347 |  8.048194 |  0.000000 | 14.527203 |  138 |  65.406250 |     39.753906 |   0.000000 |  15.277344 | 244.000000 | 63.000000 |   0.000000 | 138.000000
  276 |  276 | Predict | -0.378284 |  0.005986 |  0.010392 | 1.745141 |  0.105483 | 0.050000 |   11 |  1.892347 |  8.048194 |  0.000000 | 14.527203 |  139 |  65.406250 |     39.753906 |   0.000000 |  15.277344 | 244.000000 | 63.000000 |   0.000000 | 138.000000
  277 |  277 | Predict | -0.385466 |  0.009577 |  0.009992 | 1.745141 |  0.105483 | 0.050000 |   11 |  1.892347 |  8.048194 |  0.000000 | 14.527203 |  139 |  65.406250 |     39.753906 |   0.000000 |  15.277344 | 244.000000 | 63.000000 |   0.000000 | 138.000000
  278 |  278 | Update  | -0.365116 | -0.011971 |  0.011191 | 1.786951 |  0.031333 | 0.050000 |   11 |  1.937109 |  8.008040 |  0.000000 | 14.567230 |  139 | 107.171875 |     49.636719 |   0.000000 |  29.246094 | 244.000000 | 63.000000 |   0.000000 | 138.000000
  279 |  279 | Predict | -0.384269 |  0.005986 |  0.011058 | 1.786951 |  0.031333 | 0.050000 |   11 |  1.937109 |  8.008040 |  0.000000 | 14.567230 |  140 | 107.171875 |     49.636719 |   0.000000 |  29.246094 | 244.000000 | 63.000000 |   0.000000 | 138.000000
  280 |  280 | Predict | -0.383072 | -0.003591 |  0.011458 | 1.786951 |  0.031333 | 0.050000 |   11 |  1.937109 |  8.008040 |  0.000000 | 14.567230 |  140 | 107.171875 |     49.636719 |   0.000000 |  29.246094 | 244.000000 | 63.000000 |   0.000000 | 138.000000
  281 |  281 | Predict | -0.369904 | -0.011971 |  0.010525 | 1.786951 |  0.031333 | 0.050000 |   11 |  1.937109 |  8.008040 |  0.000000 | 14.567230 |  141 | 107.171875 |     49.636719 |   0.000000 |  29.246094 | 244.000000 | 63.000000 |   0.000000 | 138.000000
  282 |  282 | Predict | -0.392649 | -0.017957 |  0.011325 | 1.786951 |  0.031333 | 0.050000 |   11 |  1.937109 |  8.008040 |  0.000000 | 14.567230 |  142 | 107.171875 |     49.636719 |   0.000000 |  29.246094 | 244.000000 | 63.000000 |   0.000000 | 138.000000
  283 |  283 | Predict | -0.374693 |  0.003591 |  0.009859 | 1.786951 |  0.031333 | 0.050000 |   11 |  1.937109 |  8.008040 |  0.000000 | 14.567230 |  142 | 107.171875 |     49.636719 |   0.000000 |  29.246094 | 244.000000 | 63.000000 |   0.000000 | 138.000000
  284 |  284 | Predict | -0.359130 | -0.001197 |  0.010259 | 1.786951 |  0.031333 | 0.050000 |   11 |  1.937109 |  8.008040 |  0.000000 | 14.567230 |  143 | 107.171875 |     49.636719 |   0.000000 |  29.246094 | 244.000000 | 63.000000 |   0.000000 | 138.000000
  285 |  285 | Predict | -0.362722 | -0.004788 |  0.009992 | 1.786951 |  0.031333 | 0.050000 |   11 |  1.937109 |  8.008040 |  0.000000 | 14.567230 |  144 | 107.171875 |     49.636719 |   0.000000 |  29.246094 | 244.000000 | 63.000000 |   0.000000 | 138.000000
  286 |  286 | Predict | -0.379481 | -0.005986 |  0.010792 | 1.786951 |  0.031333 | 0.050000 |   11 |  1.937109 |  8.008040 |  0.000000 | 14.567230 |  145 | 107.171875 |     49.636719 |   0.000000 |  29.246094 | 244.000000 | 63.000000 |   0.000000 | 138.000000
  287 |  287 | Predict | -0.380678 | -0.007183 |  0.011724 | 1.786951 |  0.031333 | 0.050000 |   11 |  1.937109 |  8.008040 |  0.000000 | 14.567230 |  145 | 107.171875 |     49.636719 |   0.000000 |  29.246094 | 244.000000 | 63.000000 |   0.000000 | 138.000000
  288 |  288 | Update  | -0.384269 | -0.009577 |  0.011058 | 1.772646 |  0.435427 | 0.050000 |    7 |  1.906308 |  8.018077 | 11.910062 | 14.477079 |  145 | 150.378906 |     70.800781 |  25.671875 |  41.789062 | 244.000000 | 63.000000 | 138.000000 | 138.000000
  289 |  289 | Predict | -0.375890 | -0.009577 |  0.011325 | 1.772646 |  0.435427 | 0.050000 |    7 |  1.906308 |  8.018077 | 11.910062 | 14.477079 |  145 | 150.378906 |     70.800781 |  25.671875 |  41.789062 | 244.000000 | 63.000000 | 138.000000 | 138.000000
  290 |  290 | Update  | -0.381875 | -0.009577 |  0.009859 | 1.836790 |  0.217753 | 0.050000 |   11 |  1.940898 |  7.947990 |  0.000000 | 14.376974 |  145 | 125.070312 |     48.777344 |        nan |  30.632812 | 244.000000 | 63.000000 |   0.000000 | 138.000000
  291 |  291 | Update  | -0.369904 | -0.004788 |  0.010925 | 1.780839 |  0.508529 | 0.050000 |    7 |  1.906447 |  8.008131 | 11.834967 | 14.427027 |  145 | 122.132812 |     42.652344 |  21.042969 |  42.035156 | 244.000000 | 63.000000 | 138.000000 | 138.000000
  292 |  292 | Predict | -0.384269 | -0.003591 |  0.011724 | 1.780839 |  0.508529 | 0.050000 |    7 |  1.906447 |  8.008131 | 11.834967 | 14.427027 |  145 | 122.132812 |     42.652344 |  21.042969 |  42.035156 | 244.000000 | 63.000000 | 138.000000 | 138.000000
  293 |  293 | Predict | -0.403423 |  0.005986 |  0.011325 | 1.780839 |  0.508529 | 0.050000 |    7 |  1.906447 |  8.008131 | 11.834967 | 14.427027 |  146 | 122.132812 |     42.652344 |  21.042969 |  42.035156 | 244.000000 | 63.000000 | 138.000000 | 138.000000
  294 |  294 | Update  | -0.372298 |  0.005986 |  0.011991 | 1.814930 |  0.212418 | 0.050000 |   11 |  1.870445 |  7.957935 |  0.000000 | 14.386998 |  146 | 130.042969 |     75.597656 |        nan |  48.085938 | 244.000000 | 63.000000 |   0.000000 | 138.000000
  295 |  295 | Predict | -0.375890 |  0.001197 |  0.011058 | 1.814930 |  0.212418 | 0.050000 |   11 |  1.870445 |  7.957935 |  0.000000 | 14.386998 |  147 | 130.042969 |     75.597656 |        nan |  48.085938 | 244.000000 | 63.000000 |   0.000000 | 138.000000
  296 |  296 | Predict | -0.387861 | -0.002394 |  0.009726 | 1.814930 |  0.212418 | 0.050000 |   11 |  1.870445 |  7.957935 |  0.000000 | 14.386998 |  147 | 130.042969 |     75.597656 |        nan |  48.085938 | 244.000000 | 63.000000 |   0.000000 | 138.000000
  297 |  297 | Predict | -0.385466 |  0.004788 |  0.011724 | 1.814930 |  0.212418 | 0.050000 |   11 |  1.870445 |  7.957935 |  0.000000 | 14.386998 |  148 | 130.042969 |     75.597656 |        nan |  48.085938 | 244.000000 | 63.000000 |   0.000000 | 138.000000
  298 |  298 | Predict | -0.401029 |  0.002394 |  0.010259 | 1.814930 |  0.212418 | 0.050000 |   11 |  1.870445 |  7.957935 |  0.000000 | 14.386998 |  148 | 130.042969 |     75.597656 |        nan |  48.085938 | 244.000000 | 63.000000 |   0.000000 | 138.000000
  299 |  299 | Update  | -0.381875 | -0.009577 |  0.009992 | 1.779324 |  0.197996 | 0.050000 |   11 |  1.898690 |  8.008134 |  0.000000 | 14.427027 |  149 |  78.984375 |     40.542969 |        nan |  18.812500 | 244.000000 | 63.000000 |   0.000000 | 138.000000
  300 |  300 | Predict | -0.385466 | -0.002394 |  0.010792 | 1.779324 |  0.197996 | 0.051000 |   11 |  1.898690 |  8.008134 |  0.000000 | 14.427027 |  149 |  78.984375 |     40.542969 |        nan |  18.812500 | 244.000000 | 63.000000 |   0.000000 | 138.000000
  301 |  301 | Predict | -0.367510 | -0.014365 |  0.011591 | 1.779324 |  0.197996 | 0.050000 |   11 |  1.898690 |  8.008134 |  0.000000 | 14.427027 |  149 |  78.984375 |     40.542969 |        nan |  18.812500 | 244.000000 | 63.000000 |   0.000000 | 138.000000
  302 |  302 | Update  | -0.397437 | -0.002394 |  0.011191 | 1.759680 |  0.051138 | 0.050000 |   11 |  1.924400 |  8.038157 |  0.000000 | 14.567230 |  149 | 124.386719 |     64.687500 |   0.000000 |  34.855469 | 244.000000 | 63.000000 |   0.000000 | 138.000000
  303 |  303 | Predict | -0.380678 | -0.011971 |  0.010658 | 1.759680 |  0.051138 | 0.051000 |   11 |  1.924400 |  8.038157 |  0.000000 | 14.567230 |  150 | 124.386719 |     64.687500 |   0.000000 |  34.855469 | 244.000000 | 63.000000 |   0.000000 | 138.000000
  304 |  304 | Predict | -0.361524 | -0.025139 |  0.010792 | 1.759680 |  0.051138 | 0.050000 |   11 |  1.924400 |  8.038157 |  0.000000 | 14.567230 |  150 | 124.386719 |     64.687500 |   0.000000 |  34.855469 | 244.000000 | 63.000000 |   0.000000 | 138.000000
  305 |  305 | Predict | -0.391452 | -0.011971 |  0.011591 | 1.759680 |  0.051138 | 0.050000 |   11 |  1.924400 |  8.038157 |  0.000000 | 14.567230 |  151 | 124.386719 |     64.687500 |   0.000000 |  34.855469 | 244.000000 | 63.000000 |   0.000000 | 138.000000
  306 |  306 | Predict | -0.380678 |  0.010774 |  0.010525 | 1.759680 |  0.051138 | 0.050000 |   11 |  1.924400 |  8.038157 |  0.000000 | 14.567230 |  152 | 124.386719 |     64.687500 |   0.000000 |  34.855469 | 244.000000 | 63.000000 |   0.000000 | 138.000000
  307 |  307 | Predict | -0.384269 |  0.000000 |  0.011058 | 1.759680 |  0.051138 | 0.050000 |   11 |  1.924400 |  8.038157 |  0.000000 | 14.567230 |  152 | 124.386719 |     64.687500 |   0.000000 |  34.855469 | 244.000000 | 63.000000 |   0.000000 | 138.000000
  308 |  308 | Predict | -0.389058 | -0.002394 |  0.009859 | 1.759680 |  0.051138 | 0.050000 |   11 |  1.924400 |  8.038157 |  0.000000 | 14.567230 |  153 | 124.386719 |     64.687500 |   0.000000 |  34.855469 | 244.000000 | 63.000000 |   0.000000 | 138.000000
  309 |  309 | Predict | -0.377087 |  0.020351 |  0.011058 | 1.759680 |  0.051138 | 0.050000 |   11 |  1.924400 |  8.038157 |  0.000000 | 14.567230 |  154 | 124.386719 |     64.687500 |   0.000000 |  34.855469 | 244.000000 | 63.000000 |   0.000000 | 138.000000
  310 |  310 | Predict | -0.377087 | -0.016759 |  0.011325 | 1.759680 |  0.051138 | 0.050000 |   11 |  1.924400 |  8.038157 |  0.000000 | 14.567230 |  155 | 124.386719 |     64.687500 |   0.000000 |  34.855469 | 244.000000 | 63.000000 |   0.000000 | 138.000000
  311 |  311 | Predict | -0.377087 | -0.005986 |  0.010525 | 1.759680 |  0.051138 | 0.050000 |   11 |  1.924400 |  8.038157 |  0.000000 | 14.567230 |  155 | 124.386719 |     64.687500 |   0.000000 |  34.855469 | 244.000000 | 63.000000 |   0.000000 | 138.000000
  312 |  312 | Predict | -0.393846 | -0.008380 |  0.009859 | 1.759680 |  0.051138 | 0.050000 |   11 |  1.924400 |  8.038157 |  0.000000 | 14.567230 |  156 | 124.386719 |     64.687500 |   0.000000 |  34.855469 | 244.000000 | 63.000000 |   0.000000 | 138.000000
  313 |  313 | Update  | -0.386664 | -0.009577 |  0.010259 | 1.787376 |  0.440684 | 0.051000 |    7 |  1.939658 |  8.008139 | 11.910062 |  0.000000 |  156 | 118.527344 |     59.253906 |  22.917969 |   0.000000 | 244.000000 | 63.000000 | 138.000000 |   0.000000
  314 |  314 | Predict | -0.379481 | -0.003591 |  0.010525 | 1.787376 |  0.440684 | 0.050000 |    7 |  1.939658 |  8.008139 | 11.910062 |  0.000000 |  156 | 118.527344 |     59.253906 |  22.917969 |   0.000000 | 244.000000 | 63.000000 | 138.000000 |   0.000000
  315 |  315 | Predict | -0.386664 | -0.019154 |  0.010658 | 1.787376 |  0.440684 | 0.050000 |    7 |  1.939658 |  8.008139 | 11.910062 |  0.000000 |  157 | 118.527344 |     59.253906 |  22.917969 |   0.000000 | 244.000000 | 63.000000 | 138.000000 |   0.000000
  316 |  316 | Update  | -0.391452 | -0.013168 |  0.011325 | 1.810439 |  0.505917 | 0.052000 |    7 |  1.889656 |  7.967975 | 11.834967 | 14.527203 |  157 |  95.796875 |     56.296875 |  13.925781 |  34.664062 | 244.000000 | 63.000000 | 138.000000 | 138.000000
  317 |  317 | Predict | -0.386664 | -0.004788 |  0.010925 | 1.810439 |  0.505917 | 0.050000 |    7 |  1.889656 |  7.967975 | 11.834967 | 14.527203 |  157 |  95.796875 |     56.296875 |  13.925781 |  34.664062 | 244.000000 | 63.000000 | 138.000000 | 138.000000
  318 |  318 | Update  | -0.398635 |  0.001197 |  0.011991 | 1.779819 | -0.016466 | 0.050000 |   11 |  1.901240 |  8.008136 |  0.000000 | 14.607259 |  157 |  91.003906 |     42.218750 |   0.000000 |  18.386719 | 244.000000 | 63.000000 |   0.000000 | 138.000000
  319 |  319 | Update  | -0.377087 |  0.000000 |  0.009992 | 1.789516 |  0.133341 | 0.050000 |   11 |  1.990837 |  8.018085 |  0.000000 | 14.487103 |  157 | 113.410156 |     52.394531 |   0.000000 |  29.789062 | 244.000000 | 63.000000 |   0.000000 | 138.000000
  320 |  320 | Predict | -0.379481 | -0.011971 |  0.011458 | 1.789516 |  0.133341 | 0.050000 |   11 |  1.990837 |  8.018085 |  0.000000 | 14.487103 |  157 | 113.410156 |     52.394531 |   0.000000 |  29.789062 | 244.000000 | 63.000000 |   0.000000 | 138.000000
  321 |  321 | Predict | -0.393846 |  0.004788 |  0.010126 | 1.789516 |  0.133341 | 0.050000 |   11 |  1.990837 |  8.018085 |  0.000000 | 14.487103 |  158 | 113.410156 |     52.394531 |   0.000000 |  29.789062 | 244.000000 | 63.000000 |   0.000000 | 138.000000
  322 |  322 | Update  | -0.409408 |  0.001197 |  0.009726 | 1.792059 |  0.489779 | 0.050000 |    7 |  1.879483 |  7.988058 | 11.849973 | 14.427027 |  158 |  64.777344 |     34.179688 |   8.222656 |  13.210938 | 244.000000 | 63.000000 | 138.000000 | 138.000000
  323 |  323 | Predict | -0.392649 |  0.003591 |  0.010259 | 1.792059 |  0.489779 | 0.054000 |    7 |  1.879483 |  7.988058 | 11.849973 | 14.427027 |  158 |  64.777344 |     34.179688 |   8.222656 |  13.210938 | 244.000000 | 63.000000 | 138.000000 | 138.000000
  324 |  324 | Update  | -0.389058 |  0.003591 |  0.011058 | 1.755267 |  0.116197 | 0.050000 |   11 |  1.858990 |  8.028115 |  0.000000 | 14.507082 |  158 |  93.980469 |     37.804688 |        nan |  15.289062 | 244.000000 | 63.000000 |   0.000000 | 138.000000
  325 |  325 | Predict | -0.391452 |  0.011971 |  0.010259 | 1.755267 |  0.116197 | 0.050000 |   11 |  1.858990 |  8.028115 |  0.000000 | 14.507082 |  159 |  93.980469 |     37.804688 |        nan |  15.289062 | 244.000000 | 63.000000 |   0.000000 | 138.000000
  326 |  326 | Predict | -0.369904 | -0.004788 |  0.010525 | 1.755267 |  0.116197 | 0.050000 |   11 |  1.858990 |  8.028115 |  0.000000 | 14.507082 |  159 |  93.980469 |     37.804688 |        nan |  15.289062 | 244.000000 | 63.000000 |   0.000000 | 138.000000
  327 |  327 | Update  | -0.386664 |  0.000000 |  0.011058 | 1.735522 |  0.005719 | 0.050000 |   11 |  1.969127 |  8.078222 |  0.000000 | 14.627308 |  159 |  92.070312 |     43.101562 |   0.000000 |  24.867188 | 244.000000 | 63.000000 |   0.000000 | 138.000000
  328 |  328 | Predict | -0.378284 | -0.014365 |  0.010126 | 1.735522 |  0.005719 | 0.050000 |   11 |  1.969127 |  8.078222 |  0.000000 | 14.627308 |  159 |  92.070312 |     43.101562 |   0.000000 |  24.867188 | 244.000000 | 63.000000 |   0.000000 | 138.000000
  329 |  329 | Update  | -0.390255 | -0.014365 |  0.012124 | 1.771763 |  0.428125 | 0.050000 |    7 |  1.858990 |  8.008035 | 11.910062 |  0.000000 |  159 | 142.742188 |     73.589844 |  25.558594 |   0.000000 | 244.000000 | 63.000000 | 138.000000 |   0.000000
  330 |  330 | Predict | -0.384269 |  0.001197 |  0.010792 | 1.771763 |  0.428125 | 0.050000 |    7 |  1.858990 |  8.008035 | 11.910062 |  0.000000 |  160 | 142.742188 |     73.589844 |  25.558594 |   0.000000 | 244.000000 | 63.000000 | 138.000000 |   0.000000
  331 |  331 | Predict | -0.380678 | -0.004788 |  0.011724 | 1.771763 |  0.428125 | 0.050000 |    7 |  1.858990 |  8.008035 | 11.910062 |  0.000000 |  160 | 142.742188 |     73.589844 |  25.558594 |   0.000000 | 244.000000 | 63.000000 | 138.000000 |   0.000000
  332 |  332 | Update  | -0.407014 | -0.021548 |  0.011058 | 1.767933 |  0.121427 | 0.050000 |   11 |  1.882035 |  8.018080 |  0.000000 | 14.497130 |  160 |  82.886719 |     36.679688 |        nan |  19.261719 | 244.000000 | 63.000000 |   0.000000 | 138.000000
  333 |  333 | Update  | -0.379481 | -0.003591 |  0.010126 | 1.788136 |  0.089902 | 0.050000 |   11 |  1.858990 |  7.988056 |  0.000000 | 14.507082 |  160 |  89.046875 |     50.546875 |        nan |  23.039062 | 244.000000 | 63.000000 |   0.000000 | 138.000000
  334 |  334 | Predict | -0.377087 | -0.014365 |  0.011325 | 1.788136 |  0.089902 | 0.052000 |   11 |  1.858990 |  7.988056 |  0.000000 | 14.507082 |  161 |  89.046875 |     50.546875 |        nan |  23.039062 | 244.000000 | 63.000000 |   0.000000 | 138.000000
  335 |  335 | Predict | -0.391452 |  0.016759 |  0.009859 | 1.788136 |  0.089902 | 0.050000 |   11 |  1.858990 |  7.988056 |  0.000000 | 14.507082 |  161 |  89.046875 |     50.546875 |        nan |  23.039062 | 244.000000 | 63.000000 |   0.000000 | 138.000000
  336 |  336 | Update  | -0.381875 | -0.007183 |  0.010925 | 1.769902 |  0.564457 | 0.050000 |    7 |  1.892207 |  8.018077 | 11.774876 | 14.467055 |  161 | 124.078125 |     47.597656 |  17.507812 |  30.570312 | 244.000000 | 63.000000 | 138.000000 | 138.000000
  337 |  337 | Predict | -0.381875 | -0.011971 |  0.011058 | 1.769902 |  0.564457 | 0.051000 |    7 |  1.892207 |  8.018077 | 11.774876 | 14.467055 |  162 | 124.078125 |     47.597656 |  17.507812 |  30.570312 | 244.000000 | 63.000000 | 138.000000 | 138.000000
  338 |  338 | Predict | -0.396240 |  0.000000 |  0.011058 | 1.769902 |  0.564457 | 0.050000 |    7 |  1.892207 |  8.018077 | 11.774876 | 14.467055 |  162 | 124.078125 |     47.597656 |  17.507812 |  30.570312 | 244.000000 | 63.000000 | 138.000000 | 138.000000
  339 |  339 | Update  | -0.399832 | -0.005986 |  0.010792 | 1.753628 | -0.080854 | 0.050000 |   11 |  1.893483 |  8.038163 |  0.000000 | 14.677361 |  162 |  93.226562 |     40.562500 |   0.000000 |  26.121094 | 244.000000 | 63.000000 |   0.000000 | 138.000000
  340 |  340 | Update  | -0.386664 |  0.001197 |  0.009593 | 1.821375 |  0.435034 | 0.050000 |    7 |  1.903791 |  7.957938 | 11.910062 | 14.376974 |  162 | 148.410156 |     92.640625 |  30.835938 |  44.320312 | 244.000000 | 63.000000 | 138.000000 | 138.000000
  341 |  341 | Predict | -0.362722 |  0.002394 |  0.010259 | 1.821375 |  0.435034 | 0.050000 |    7 |  1.903791 |  7.957938 | 11.910062 | 14.376974 |  162 | 148.410156 |     92.640625 |  30.835938 |  44.320312 | 244.000000 | 63.000000 | 138.000000 | 138.000000
  342 |  342 | Update  | -0.387861 | -0.004788 |  0.010658 | 1.752043 |  0.147886 | 0.050000 |   11 |  1.969127 |  8.058238 |  0.000000 | 14.497130 |  162 | 136.660156 |     84.914062 |   0.000000 |  43.746094 | 244.000000 | 63.000000 |   0.000000 | 138.000000
  343 |  343 | Update  | -0.383072 | -0.008380 |  0.010126 | 1.721814 |  0.024469 | 0.050000 |   11 |  1.942206 |  8.088261 |  0.000000 | 14.617212 |  162 |  53.378906 |     20.628906 |   0.000000 |  16.257812 | 244.000000 | 63.000000 |   0.000000 | 138.000000
  344 |  344 | Predict | -0.389058 |  0.000000 |  0.010658 | 1.721814 |  0.024469 | 0.050000 |   11 |  1.942206 |  8.088261 |  0.000000 | 14.617212 |  162 |  53.378906 |     20.628906 |   0.000000 |  16.257812 | 244.000000 | 63.000000 |   0.000000 | 138.000000
  345 |  345 | Update  | -0.372298 | -0.010774 |  0.011325 | 1.728859 |  0.094879 | 0.050000 |   11 |  1.893483 |  8.068181 |  0.000000 | 14.547182 |  162 |  85.265625 |     27.937500 |        nan |  22.164062 | 244.000000 | 63.000000 |   0.000000 | 138.000000
  346 |  346 | Update  | -0.385466 | -0.003591 |  0.010792 | 1.840163 |  0.437047 | 0.050000 |    7 |  1.916646 |  7.937956 | 11.910062 | 14.497130 |  162 | 114.191406 |     29.042969 |  15.781250 |  33.343750 | 244.000000 | 63.000000 | 138.000000 | 138.000000
  347 |  347 | Predict | -0.381875 | -0.007183 |  0.011724 | 1.840163 |  0.437047 | 0.050000 |    7 |  1.916646 |  7.937956 | 11.910062 | 14.497130 |  162 | 114.191406 |     29.042969 |  15.781250 |  33.343750 | 244.000000 | 63.000000 | 138.000000 | 138.000000
  348 |  348 | Update  | -0.365116 | -0.020351 |  0.010925 | 1.789327 |  0.560303 | 0.050000 |    7 |  1.865233 |  7.988056 | 11.774876 | 14.447005 |  162 |  85.863281 |     44.750000 |  13.433594 |  33.578125 | 244.000000 | 63.000000 | 138.000000 | 138.000000
  349 |  349 | Update  | -0.357933 | -0.020351 |  0.012124 | 1.710769 |  0.203450 | 0.050000 |   11 |  1.885863 |  8.088255 |  0.000000 | 14.467055 |  162 | 109.093750 |     22.039062 |        nan |  39.238281 | 244.000000 | 63.000000 |   0.000000 | 138.000000
  350 |  350 | Predict | -0.375890 | -0.020351 |  0.012257 | 1.710769 |  0.203450 | 0.050000 |   11 |  1.885863 |  8.088255 |  0.000000 | 14.467055 |  162 | 109.093750 |     22.039062 |        nan |  39.238281 | 244.000000 | 63.000000 |   0.000000 | 138.000000
  351 |  351 | Update  | -0.377087 | -0.007183 |  0.011458 | 1.769652 |  0.145236 | 0.050000 |   11 |  1.890931 |  8.018080 |  0.000000 | 14.477079 |  162 | 133.085938 |     36.597656 |        nan |  40.335938 | 244.000000 | 63.000000 |   0.000000 | 138.000000
  352 |  352 | Update  | -0.385466 | -0.015562 |  0.012257 | 1.764394 |  0.092345 | 0.050000 |   11 |  1.906341 |  8.028123 |  0.000000 | 14.527131 |  162 |  64.503906 |     15.992188 |   0.000000 |  21.160156 | 244.000000 | 63.000000 |   0.000000 | 138.000000
  353 |  353 | Predict | -0.381875 | -0.002394 |  0.010658 | 1.764394 |  0.092345 | 0.050000 |   11 |  1.906341 |  8.028123 |  0.000000 | 14.527131 |  162 |  64.503906 |     15.992188 |   0.000000 |  21.160156 | 244.000000 | 63.000000 |   0.000000 | 138.000000
  354 |  354 | Update  | -0.374693 |  0.013168 |  0.011858 | 1.737419 |  0.106831 | 0.050000 |   11 |  1.937109 |  8.068183 |  0.000000 | 14.537156 |  162 |  99.277344 |     42.816406 |   0.000000 |  38.187500 | 244.000000 | 63.000000 |   0.000000 | 138.000000
  355 |  355 | Update  | -0.385466 | -0.004788 |  0.011191 | 1.766911 |  0.509124 | 0.050000 |    7 |  2.001122 |  8.048104 | 11.849973 |  0.000000 |  162 | 152.078125 |     63.597656 |  33.164062 |   0.000000 | 244.000000 | 63.000000 | 138.000000 |   0.000000
  356 |  356 | Predict | -0.398635 | -0.007183 |  0.011058 | 1.766911 |  0.509124 | 0.050000 |    7 |  2.001122 |  8.048104 | 11.849973 |  0.000000 |  162 | 152.078125 |     63.597656 |  33.164062 |   0.000000 | 244.000000 | 63.000000 | 138.000000 |   0.000000
  357 |  357 | Predict | -0.389058 |  0.004788 |  0.011058 | 1.766911 |  0.509124 | 0.050000 |    7 |  2.001122 |  8.048104 | 11.849973 |  0.000000 |  163 | 152.078125 |     63.597656 |  33.164062 |   0.000000 | 244.000000 | 63.000000 | 138.000000 |   0.000000
  358 |  358 | Predict | -0.377087 | -0.004788 |  0.010392 | 1.766911 |  0.509124 | 0.050000 |    7 |  2.001122 |  8.048104 | 11.849973 |  0.000000 |  164 | 152.078125 |     63.597656 |  33.164062 |   0.000000 | 244.000000 | 63.000000 | 138.000000 |   0.000000
  359 |  359 | Predict | -0.383072 |  0.010774 |  0.011058 | 1.766911 |  0.509124 | 0.050000 |    7 |  2.001122 |  8.048104 | 11.849973 |  0.000000 |  164 | 152.078125 |     63.597656 |  33.164062 |   0.000000 | 244.000000 | 63.000000 | 138.000000 |   0.000000
  360 |  360 | Predict | -0.374693 |  0.003591 |  0.010525 | 1.766911 |  0.509124 | 0.050000 |    7 |  2.001122 |  8.048104 | 11.849973 |  0.000000 |  165 | 152.078125 |     63.597656 |  33.164062 |   0.000000 | 244.000000 | 63.000000 | 138.000000 |   0.000000
  361 |  361 | Predict | -0.383072 | -0.010774 |  0.011325 | 1.766911 |  0.509124 | 0.050000 |    7 |  2.001122 |  8.048104 | 11.849973 |  0.000000 |  166 | 152.078125 |     63.597656 |  33.164062 |   0.000000 | 244.000000 | 63.000000 | 138.000000 |   0.000000
  362 |  362 | Predict | -0.391452 | -0.001197 |  0.009459 | 1.766911 |  0.509124 | 0.050000 |    7 |  2.001122 |  8.048104 | 11.849973 |  0.000000 |  166 | 152.078125 |     63.597656 |  33.164062 |   0.000000 | 244.000000 | 63.000000 | 138.000000 |   0.000000
  363 |  363 | Predict | -0.381875 |  0.007183 |  0.012391 | 1.766911 |  0.509124 | 0.050000 |    7 |  2.001122 |  8.048104 | 11.849973 |  0.000000 |  167 | 152.078125 |     63.597656 |  33.164062 |   0.000000 | 244.000000 | 63.000000 | 138.000000 |   0.000000
  364 |  364 | Predict | -0.399832 |  0.009577 |  0.011325 | 1.766911 |  0.509124 | 0.050000 |    7 |  2.001122 |  8.048104 | 11.849973 |  0.000000 |  167 | 152.078125 |     63.597656 |  33.164062 |   0.000000 | 244.000000 | 63.000000 | 138.000000 |   0.000000
  365 |  365 | Predict | -0.379481 | -0.021548 |  0.010658 | 1.766911 |  0.509124 | 0.050000 |    7 |  2.001122 |  8.048104 | 11.849973 |  0.000000 |  168 | 152.078125 |     63.597656 |  33.164062 |   0.000000 | 244.000000 | 63.000000 | 138.000000 |   0.000000
  366 |  366 | Predict | -0.379481 | -0.002394 |  0.010925 | 1.766911 |  0.509124 | 0.050000 |    7 |  2.001122 |  8.048104 | 11.849973 |  0.000000 |  169 | 152.078125 |     63.597656 |  33.164062 |   0.000000 | 244.000000 | 63.000000 | 138.000000 |   0.000000
  367 |  367 | Predict | -0.366313 |  0.001197 |  0.011458 | 1.766911 |  0.509124 | 0.050000 |    7 |  2.001122 |  8.048104 | 11.849973 |  0.000000 |  170 | 152.078125 |     63.597656 |  33.164062 |   0.000000 | 244.000000 | 63.000000 | 138.000000 |   0.000000
  368 |  368 | Predict | -0.411803 | -0.004788 |  0.011058 | 1.766911 |  0.509124 | 0.050000 |    7 |  2.001122 |  8.048104 | 11.849973 |  0.000000 |  170 | 152.078125 |     63.597656 |  33.164062 |   0.000000 | 244.000000 | 63.000000 | 138.000000 |   0.000000
  369 |  369 | Update  | -0.391452 |  0.007183 |  0.011724 | 1.775853 |  0.431462 | 0.050000 |    7 |  1.880759 |  8.008134 | 11.910062 | 14.437052 |  170 |  89.976562 |     36.070312 |  25.738281 |  40.449219 | 244.000000 | 63.000000 | 138.000000 | 138.000000
  370 |  370 | Update  | -0.396240 |  0.013168 |  0.011191 | 1.400371 | -0.029627 | 0.050000 |   14 |  0.000000 |  7.988061 | 12.060251 | 14.607259 |  170 |  89.976562 |     33.285156 |  23.093750 |  40.500000 | 244.000000 | 63.000000 | 138.000000 | 138.000000
  371 |  371 | Predict | -0.363919 |  0.000000 |  0.011591 | 1.400371 | -0.029627 | 0.050000 |   14 |  0.000000 |  7.988061 | 12.060251 | 14.607259 |  170 |  89.976562 |     33.285156 |  23.093750 |  40.500000 | 244.000000 | 63.000000 | 138.000000 | 138.000000
  372 |  372 | Predict | -0.377087 | -0.005986 |  0.012124 | 1.400371 | -0.029627 | 0.050000 |   14 |  0.000000 |  7.988061 | 12.060251 | 14.607259 |  171 |  89.976562 |     33.285156 |  23.093750 |  40.500000 | 244.000000 | 63.000000 | 138.000000 | 138.000000
  373 |  373 | Update  | -0.383072 | -0.009577 |  0.011058 | 1.791393 |  0.495761 | 0.050000 |    7 |  1.917921 |  7.998002 | 11.849973 | 14.457101 |  171 |  89.441406 |     38.593750 |  27.046875 |  36.425781 | 244.000000 | 63.000000 | 138.000000 | 138.000000
  374 |  374 | Predict | -0.384269 | -0.022745 |  0.010525 | 1.791393 |  0.495761 | 0.050000 |    7 |  1.917921 |  7.998002 | 11.849973 | 14.457101 |  171 |  89.441406 |     38.593750 |  27.046875 |  36.425781 | 244.000000 | 63.000000 | 138.000000 | 138.000000
  375 |  375 | Predict | -0.379481 | -0.007183 |  0.011458 | 1.791393 |  0.495761 | 0.050000 |    7 |  1.917921 |  7.998002 | 11.849973 | 14.457101 |  172 |  89.441406 |     38.593750 |  27.046875 |  36.425781 | 244.000000 | 63.000000 | 138.000000 | 138.000000
  376 |  376 | Update  | -0.389058 |  0.005986 |  0.012124 | 1.769198 |  0.056495 | 0.050000 |   11 |  1.930772 |  8.028121 |  0.000000 | 14.557206 |  172 |  84.238281 |     44.156250 |   0.000000 |  19.136719 | 244.000000 | 63.000000 |   0.000000 | 138.000000
  377 |  377 | Predict | -0.372298 |  0.003591 |  0.011325 | 1.769198 |  0.056495 | 0.050000 |   11 |  1.930772 |  8.028121 |  0.000000 | 14.557206 |  172 |  84.238281 |     44.156250 |   0.000000 |  19.136719 | 244.000000 | 63.000000 |   0.000000 | 138.000000
  378 |  378 | Predict | -0.384269 | -0.007183 |  0.010658 | 1.769198 |  0.056495 | 0.050000 |   11 |  1.930772 |  8.028121 |  0.000000 | 14.557206 |  173 |  84.238281 |     44.156250 |   0.000000 |  19.136719 | 244.000000 | 63.000000 |   0.000000 | 138.000000
  379 |  379 | Update  | -0.374693 |  0.002394 |  0.010525 | 1.816699 |  0.100516 | 0.050000 |   11 |  1.921745 |  7.967983 |  0.000000 | 14.487103 |  173 |  55.644531 |     26.105469 |   0.000000 |  13.949219 | 244.000000 | 63.000000 |   0.000000 | 138.000000
  380 |  380 | Predict | -0.369904 | -0.021548 |  0.011191 | 1.816699 |  0.100516 | 0.050000 |   11 |  1.921745 |  7.967983 |  0.000000 | 14.487103 |  173 |  55.644531 |     26.105469 |   0.000000 |  13.949219 | 244.000000 | 63.000000 |   0.000000 | 138.000000
  381 |  381 | Predict | -0.379481 | -0.010774 |  0.011724 | 1.816699 |  0.100516 | 0.050000 |   11 |  1.921745 |  7.967983 |  0.000000 | 14.487103 |  174 |  55.644531 |     26.105469 |   0.000000 |  13.949219 | 244.000000 | 63.000000 |   0.000000 | 138.000000
  382 |  382 | Predict | -0.396240 | -0.015562 |  0.011058 | 1.816699 |  0.100516 | 0.051000 |   11 |  1.921745 |  7.967983 |  0.000000 | 14.487103 |  175 |  55.644531 |     26.105469 |   0.000000 |  13.949219 | 244.000000 | 63.000000 |   0.000000 | 138.000000
  383 |  383 | Predict | -0.390255 | -0.009577 |  0.010525 | 1.816699 |  0.100516 | 0.050000 |   11 |  1.921745 |  7.967983 |  0.000000 | 14.487103 |  175 |  55.644531 |     26.105469 |   0.000000 |  13.949219 | 244.000000 | 63.000000 |   0.000000 | 138.000000
  384 |  384 | Update  | -0.385466 |  0.011971 |  0.011458 | 1.834603 |  0.003969 | 0.050000 |   11 |  1.929497 |  7.947900 |  0.000000 | 14.557206 |  175 |  87.199219 |     51.156250 |        nan |  20.269531 | 244.000000 | 63.000000 |   0.000000 | 138.000000
  385 |  385 | Update  | -0.372298 | -0.011971 |  0.010259 | 1.738683 |  0.118774 | 0.050000 |   11 |  1.943479 |  8.068186 |  0.000000 | 14.527131 |  175 | 114.632812 |     56.847656 |   0.000000 |  32.925781 | 244.000000 | 63.000000 |   0.000000 | 138.000000
  386 |  386 | Predict | -0.380678 | -0.009577 |  0.010792 | 1.738683 |  0.118774 | 0.050000 |   11 |  1.943479 |  8.068186 |  0.000000 | 14.527131 |  175 | 114.632812 |     56.847656 |   0.000000 |  32.925781 | 244.000000 | 63.000000 |   0.000000 | 138.000000
  387 |  387 | Update  | -0.369904 |  0.003591 |  0.010658 | 1.733200 |  0.356727 | 0.050000 |    7 |  1.872997 |  8.058142 | 11.985156 | 14.477079 |  175 | 143.460938 |     72.386719 |  25.710938 |  42.621094 | 244.000000 | 63.000000 | 138.000000 | 138.000000
  388 |  388 | Predict | -0.391452 |  0.007183 |  0.011458 | 1.733200 |  0.356727 | 0.050000 |    7 |  1.872997 |  8.058142 | 11.985156 | 14.477079 |  175 | 143.460938 |     72.386719 |  25.710938 |  42.621094 | 244.000000 | 63.000000 | 138.000000 | 138.000000
  389 |  389 | Predict | -0.383072 | -0.002394 |  0.010792 | 1.733200 |  0.356727 | 0.050000 |    7 |  1.872997 |  8.058142 | 11.985156 | 14.477079 |  176 | 143.460938 |     72.386719 |  25.710938 |  42.621094 | 244.000000 | 63.000000 | 138.000000 | 138.000000
  390 |  390 | Update  | -0.372298 | -0.004788 |  0.011058 | 1.783552 |  0.002069 | 0.050000 |   11 |  1.961382 |  8.018085 |  0.000000 | 14.597232 |  176 | 157.628906 |     76.910156 |   0.000000 |  47.503906 | 244.000000 | 63.000000 |   0.000000 | 138.000000
  391 |  391 | Predict | -0.379481 | -0.013168 |  0.010792 | 1.783552 |  0.002069 | 0.050000 |   11 |  1.961382 |  8.018085 |  0.000000 | 14.597232 |  177 | 157.628906 |     76.910156 |   0.000000 |  47.503906 | 244.000000 | 63.000000 |   0.000000 | 138.000000
  392 |  392 | Predict | -0.383072 |  0.005986 |  0.010925 | 1.783552 |  0.002069 | 0.050000 |   11 |  1.961382 |  8.018085 |  0.000000 | 14.597232 |  177 | 157.628906 |     76.910156 |   0.000000 |  47.503906 | 244.000000 | 63.000000 |   0.000000 | 138.000000
  393 |  393 | Predict | -0.371101 | -0.016759 |  0.010392 | 1.783552 |  0.002069 | 0.050000 |   11 |  1.961382 |  8.018085 |  0.000000 | 14.597232 |  178 | 157.628906 |     76.910156 |   0.000000 |  47.503906 | 244.000000 | 63.000000 |   0.000000 | 138.000000
  394 |  394 | Predict | -0.381875 | -0.008380 |  0.011058 | 1.783552 |  0.002069 | 0.050000 |   11 |  1.961382 |  8.018085 |  0.000000 | 14.597232 |  179 | 157.628906 |     76.910156 |   0.000000 |  47.503906 | 244.000000 | 63.000000 |   0.000000 | 138.000000
  395 |  395 | Predict | -0.381875 | -0.002394 |  0.012124 | 1.783552 |  0.002069 | 0.050000 |   11 |  1.961382 |  8.018085 |  0.000000 | 14.597232 |  179 | 157.628906 |     76.910156 |   0.000000 |  47.503906 | 244.000000 | 63.000000 |   0.000000 | 138.000000
  396 |  396 | Update  | -0.372298 | -0.014365 |  0.011458 | 1.757700 | -0.003244 | 0.050000 |   11 |  1.871755 |  8.028123 |  0.000000 | 14.607187 |  179 | 139.296875 |     77.253906 |   0.000000 |  38.781250 | 244.000000 | 63.000000 |   0.000000 | 138.000000
  397 |  397 | Update  | -0.381875 |  0.005986 |  0.011991 | 1.768403 |  0.085825 | 0.050000 |   11 |  1.884481 |  8.018082 |  0.000000 | 14.527061 |  179 |  75.417969 |     45.449219 |   0.000000 |  23.656250 | 244.000000 | 63.000000 |   0.000000 | 138.000000
  398 |  398 | Predict | -0.385466 |  0.015562 |  0.009060 | 1.768403 |  0.085825 | 0.050000 |   11 |  1.884481 |  8.018082 |  0.000000 | 14.527061 |  179 |  75.417969 |     45.449219 |   0.000000 |  23.656250 | 244.000000 | 63.000000 |   0.000000 | 138.000000
  399 |  399 | Update  | -0.377087 | -0.002394 |  0.011325 | 1.797536 |  0.107075 | 0.050000 |   11 |  1.865233 |  7.978020 |  0.000000 | 14.487103 |  179 |  72.453125 |     31.429688 |        nan |  21.628906 | 244.000000 | 63.000000 |   0.000000 | 138.000000
  400 |  400 | Predict | -0.372298 | -0.020351 |  0.010658 | 1.797536 |  0.107075 | 0.052000 |   11 |  1.865233 |  7.978020 |  0.000000 | 14.487103 |  180 |  72.453125 |     31.429688 |        nan |  21.628906 | 244.000000 | 63.000000 |   0.000000 | 138.000000
  401 |  401 | Predict | -0.381875 | -0.014365 |  0.011591 | 1.797536 |  0.107075 | 0.050000 |   11 |  1.865233 |  7.978020 |  0.000000 | 14.487103 |  180 |  72.453125 |     31.429688 |        nan |  21.628906 | 244.000000 | 63.000000 |   0.000000 | 138.000000
  402 |  402 | Update  | -0.399832 |  0.000000 |  0.010658 | 1.739905 |  0.159733 | 0.050000 |   11 |  1.907616 |  8.058142 |  0.000000 | 14.487103 |  180 | 156.644531 |     72.671875 |        nan |  42.351562 | 244.000000 | 63.000000 |   0.000000 | 138.000000
  403 |  403 | Update  | -0.375890 |  0.001197 |  0.011458 | 1.827309 |  0.418580 | 0.050000 |    7 |  1.892241 |  7.947900 | 11.925066 | 14.517108 |  180 | 106.718750 |     59.285156 |  15.156250 |  34.324219 | 244.000000 | 63.000000 | 138.000000 | 138.000000
  404 |  404 | Predict | -0.371101 | -0.003591 |  0.010392 | 1.827309 |  0.418580 | 0.050000 |    7 |  1.892241 |  7.947900 | 11.925066 | 14.517108 |  180 | 106.718750 |     59.285156 |  15.156250 |  34.324219 | 244.000000 | 63.000000 | 138.000000 | 138.000000
  405 |  405 | Update  | -0.374693 | -0.005986 |  0.011058 | 1.739913 |  0.040533 | 0.050000 |   11 |  1.907650 |  8.058141 |  0.000000 | 14.587139 |  180 |  84.742188 |     42.753906 |   0.000000 |  22.046875 | 244.000000 | 63.000000 |   0.000000 | 138.000000
  406 |  406 | Update  | -0.374693 |  0.003591 |  0.011191 | 1.762981 |  0.093569 | 0.050000 |   11 |  1.981857 |  8.048103 |  0.000000 | 14.537155 |  180 |  86.140625 |     38.945312 |   0.000000 |  20.941406 | 244.000000 | 63.000000 |   0.000000 | 138.000000
  407 |  407 | Predict | -0.383072 |  0.005986 |  0.009992 | 1.762981 |  0.093569 | 0.050000 |   11 |  1.981857 |  8.048103 |  0.000000 | 14.537155 |  180 |  86.140625 |     38.945312 |   0.000000 |  20.941406 | 244.000000 | 63.000000 |   0.000000 | 138.000000
  408 |  408 | Predict | -0.372298 |  0.000000 |  0.009459 | 1.762981 |  0.093569 | 0.050000 |   11 |  1.981857 |  8.048103 |  0.000000 | 14.537155 |  181 |  86.140625 |     38.945312 |   0.000000 |  20.941406 | 244.000000 | 63.000000 |   0.000000 | 138.000000
  409 |  409 | Predict | -0.380678 |  0.001197 |  0.009726 | 1.762981 |  0.093569 | 0.050000 |   11 |  1.981857 |  8.048103 |  0.000000 | 14.537155 |  182 |  86.140625 |     38.945312 |   0.000000 |  20.941406 | 244.000000 | 63.000000 |   0.000000 | 138.000000
  410 |  410 | Predict | -0.386664 |  0.003591 |  0.010792 | 1.762981 |  0.093569 | 0.050000 |   11 |  1.981857 |  8.048103 |  0.000000 | 14.537155 |  182 |  86.140625 |     38.945312 |   0.000000 |  20.941406 | 244.000000 | 63.000000 |   0.000000 | 138.000000
  411 |  411 | Predict | -0.387861 | -0.007183 |  0.010658 | 1.762981 |  0.093569 | 0.050000 |   11 |  1.981857 |  8.048103 |  0.000000 | 14.537155 |  183 |  86.140625 |     38.945312 |   0.000000 |  20.941406 | 244.000000 | 63.000000 |   0.000000 | 138.000000
  412 |  412 | Predict | -0.384269 |  0.003591 |  0.010525 | 1.762981 |  0.093569 | 0.050000 |   11 |  1.981857 |  8.048103 |  0.000000 | 14.537155 |  184 |  86.140625 |     38.945312 |   0.000000 |  20.941406 | 244.000000 | 63.000000 |   0.000000 | 138.000000
  413 |  413 | Predict | -0.387861 | -0.002394 |  0.011458 | 1.762981 |  0.093569 | 0.050000 |   11 |  1.981857 |  8.048103 |  0.000000 | 14.537155 |  184 |  86.140625 |     38.945312 |   0.000000 |  20.941406 | 244.000000 | 63.000000 |   0.000000 | 138.000000
  414 |  414 | Predict | -0.385466 |  0.013168 |  0.013190 | 1.762981 |  0.093569 | 0.050000 |   11 |  1.981857 |  8.048103 |  0.000000 | 14.537155 |  185 |  86.140625 |     38.945312 |   0.000000 |  20.941406 | 244.000000 | 63.000000 |   0.000000 | 138.000000
  415 |  415 | Predict | -0.386664 | -0.016759 |  0.011191 | 1.762981 |  0.093569 | 0.050000 |   11 |  1.981857 |  8.048103 |  0.000000 | 14.537155 |  186 |  86.140625 |     38.945312 |   0.000000 |  20.941406 | 244.000000 | 63.000000 |   0.000000 | 138.000000
  416 |  416 | Predict | -0.386664 |  0.015562 |  0.011591 | 1.762981 |  0.093569 | 0.050000 |   11 |  1.981857 |  8.048103 |  0.000000 | 14.537155 |  186 |  86.140625 |     38.945312 |   0.000000 |  20.941406 | 244.000000 | 63.000000 |   0.000000 | 138.000000
  417 |  417 | Predict | -0.396240 | -0.007183 |  0.010792 | 1.762981 |  0.093569 | 0.050000 |   11 |  1.981857 |  8.048103 |  0.000000 | 14.537155 |  187 |  86.140625 |     38.945312 |   0.000000 |  20.941406 | 244.000000 | 63.000000 |   0.000000 | 138.000000
  418 |  418 | Predict | -0.380678 | -0.007183 |  0.012257 | 1.762981 |  0.093569 | 0.050000 |   11 |  1.981857 |  8.048103 |  0.000000 | 14.537155 |  188 |  86.140625 |     38.945312 |   0.000000 |  20.941406 | 244.000000 | 63.000000 |   0.000000 | 138.000000
  419 |  419 | Predict | -0.399832 |  0.004788 |  0.011191 | 1.762981 |  0.093569 | 0.050000 |   11 |  1.981857 |  8.048103 |  0.000000 | 14.537155 |  188 |  86.140625 |     38.945312 |   0.000000 |  20.941406 | 244.000000 | 63.000000 |   0.000000 | 138.000000
  420 |  420 | Update  | -0.389058 | -0.013168 |  0.010259 | 1.759153 |  0.349558 | 0.050000 |    7 |  1.921745 |  8.038162 | 12.000161 |  0.000000 |  188 | 158.003906 |     73.171875 |  32.593750 |   0.000000 | 244.000000 | 63.000000 | 138.000000 |   0.000000
  421 |  421 | Update  | -0.380678 | -0.002394 |  0.010792 | 1.733863 |  0.165067 | 0.050000 |   11 |  1.833269 |  8.048197 |  0.000000 | 14.477079 |  188 | 122.011719 |     50.992188 |        nan |  35.210938 | 244.000000 | 63.000000 |   0.000000 | 138.000000
  422 |  422 | Predict | -0.381875 | -0.016759 |  0.010925 | 1.733863 |  0.165067 | 0.050000 |   11 |  1.833269 |  8.048197 |  0.000000 | 14.477079 |  188 | 122.011719 |     50.992188 |        nan |  35.210938 | 244.000000 | 63.000000 |   0.000000 | 138.000000
  423 |  423 | Update  | -0.381875 |  0.017957 |  0.011458 | 1.773648 |  0.421574 | 0.050000 |    7 |  1.911442 |  8.018080 | 11.925066 | 14.426954 |  188 | 126.468750 |     63.824219 |  19.484375 |  36.238281 | 244.000000 | 63.000000 | 138.000000 | 138.000000
  424 |  424 | Predict | -0.385466 | -0.011971 |  0.010792 | 1.773648 |  0.421574 | 0.050000 |    7 |  1.911442 |  8.018080 | 11.925066 | 14.426954 |  189 | 126.468750 |     63.824219 |  19.484375 |  36.238281 | 244.000000 | 63.000000 | 138.000000 | 138.000000
  425 |  425 | Predict | -0.381875 |  0.010774 |  0.010658 | 1.773648 |  0.421574 | 0.050000 |    7 |  1.911442 |  8.018080 | 11.925066 | 14.426954 |  189 | 126.468750 |     63.824219 |  19.484375 |  36.238281 | 244.000000 | 63.000000 | 138.000000 | 138.000000
  426 |  426 | Update  | -0.390255 | -0.004788 |  0.012124 | 1.803498 |  0.419191 | 0.050000 |    7 |  1.896173 |  7.978020 | 11.925066 | 14.507082 |  189 | 148.984375 |     71.718750 |  26.578125 |  30.273438 | 244.000000 | 63.000000 | 138.000000 | 138.000000
  427 |  427 | Update  | -0.369904 | -0.007183 |  0.010126 | 1.754403 |  0.027274 | 0.050000 |   11 |  1.897482 |  8.038165 |  0.000000 | 14.587207 |  189 | 121.179688 |     64.914062 |   0.000000 |  35.601562 | 244.000000 | 63.000000 |   0.000000 | 138.000000
  428 |  428 | Predict | -0.385466 | -0.007183 |  0.011325 | 1.754403 |  0.027274 | 0.050000 |   11 |  1.897482 |  8.038165 |  0.000000 | 14.587207 |  189 | 121.179688 |     64.914062 |   0.000000 |  35.601562 | 244.000000 | 63.000000 |   0.000000 | 138.000000
  429 |  429 | Update  | -0.383072 |  0.000000 |  0.010925 | 1.837654 |  0.420383 | 0.050000 |    7 |  1.903825 |  7.937956 | 11.925066 | 14.557134 |  189 | 132.554688 |     59.367188 |  17.761719 |  31.406250 | 244.000000 | 63.000000 | 138.000000 | 138.000000
  430 |  430 | Update  | -0.386664 | -0.021548 |  0.010392 | 1.693618 |  0.085693 | 0.050000 |   11 |  1.883345 |  8.108340 |  0.000000 | 14.577183 |  189 |  83.730469 |     34.953125 |   0.000000 |  24.066406 | 244.000000 | 63.000000 |   0.000000 | 138.000000
  431 |  431 | Predict | -0.386664 | -0.007183 |  0.011325 | 1.693618 |  0.085693 | 0.050000 |   11 |  1.883345 |  8.108340 |  0.000000 | 14.577183 |  189 |  83.730469 |     34.953125 |   0.000000 |  24.066406 | 244.000000 | 63.000000 |   0.000000 | 138.000000
  432 |  432 | Update  | -0.381875 | -0.023942 |  0.010126 | 1.736339 |  0.476772 | 0.050000 |    7 |  1.889690 |  8.058238 | 11.864977 | 14.487034 |  189 | 152.367188 |     66.355469 |  28.769531 |  41.031250 | 244.000000 | 63.000000 | 138.000000 | 138.000000
  433 |  433 | Update  | -0.372298 |  0.005986 |  0.010259 | 1.843276 |  0.483406 | 0.050000 |    7 |  1.932046 |  7.937863 | 11.864977 | 14.517106 |  189 |  74.531250 |     36.570312 |  31.632812 |  28.925781 | 244.000000 | 63.000000 | 138.000000 | 138.000000
  434 |  434 | Predict | -0.378284 |  0.011971 |  0.011991 | 1.843276 |  0.483406 | 0.050000 |    7 |  1.932046 |  7.937863 | 11.864977 | 14.517106 |  189 |  74.531250 |     36.570312 |  31.632812 |  28.925781 | 244.000000 | 63.000000 | 138.000000 | 138.000000
  435 |  435 | Predict | -0.371101 | -0.009577 |  0.010658 | 1.843276 |  0.483406 | 0.050000 |    7 |  1.932046 |  7.937863 | 11.864977 | 14.517106 |  190 |  74.531250 |     36.570312 |  31.632812 |  28.925781 | 244.000000 | 63.000000 | 138.000000 | 138.000000
  436 |  436 | Update  | -0.386664 | -0.016759 |  0.010126 | 1.791302 |  0.474590 | 0.050000 |    7 |  1.875549 |  7.988058 | 11.864977 | 14.477078 |  190 | 153.441406 |     72.679688 |  25.277344 |  44.785156 | 244.000000 | 63.000000 | 138.000000 | 138.000000
  437 |  437 | Predict | -0.379481 |  0.002394 |  0.011591 | 1.791302 |  0.474590 | 0.050000 |    7 |  1.875549 |  7.988058 | 11.864977 | 14.477078 |  190 | 153.441406 |     72.679688 |  25.277344 |  44.785156 | 244.000000 | 63.000000 | 138.000000 | 138.000000
  438 |  438 | Predict | -0.384269 | -0.004788 |  0.011058 | 1.791302 |  0.474590 | 0.050000 |    7 |  1.875549 |  7.988058 | 11.864977 | 14.477078 |  191 | 153.441406 |     72.679688 |  25.277344 |  44.785156 | 244.000000 | 63.000000 | 138.000000 | 138.000000
  439 |  439 | Predict | -0.409408 | -0.004788 |  0.011325 | 1.791302 |  0.474590 | 0.050000 |    7 |  1.875549 |  7.988058 | 11.864977 | 14.477078 |  192 | 153.441406 |     72.679688 |  25.277344 |  44.785156 | 244.000000 | 63.000000 | 138.000000 | 138.000000
  440 |  440 | Predict | -0.385466 |  0.002394 |  0.010525 | 1.791302 |  0.474590 | 0.050000 |    7 |  1.875549 |  7.988058 | 11.864977 | 14.477078 |  192 | 153.441406 |     72.679688 |  25.277344 |  44.785156 | 244.000000 | 63.000000 | 138.000000 | 138.000000
  441 |  441 | Update  | -0.366313 | -0.001197 |  0.011991 | 1.749632 |  0.480782 | 0.050000 |    7 |  1.915405 |  8.048203 | 11.864977 | 14.467053 |  192 |  97.742188 |     46.574219 |  10.531250 |  25.218750 | 244.000000 | 63.000000 | 138.000000 | 138.000000
  442 |  442 | Predict | -0.384269 |  0.010774 |  0.011458 | 1.749632 |  0.480782 | 0.050000 |    7 |  1.915405 |  8.048203 | 11.864977 | 14.467053 |  193 |  97.742188 |     46.574219 |  10.531250 |  25.218750 | 244.000000 | 63.000000 | 138.000000 | 138.000000
  443 |  443 | Predict | -0.377087 |  0.002394 |  0.011058 | 1.749632 |  0.480782 | 0.050000 |    7 |  1.915405 |  8.048203 | 11.864977 | 14.467053 |  193 |  97.742188 |     46.574219 |  10.531250 |  25.218750 | 244.000000 | 63.000000 | 138.000000 | 138.000000
  444 |  444 | Update  | -0.372298 |  0.010774 |  0.010126 | 1.777898 | -0.004441 | 0.050000 |   11 |  1.890965 |  8.008045 |  0.000000 | 14.597162 |  193 |  90.593750 |     42.992188 |   0.000000 |  18.316406 | 244.000000 | 63.000000 |   0.000000 | 138.000000
  445 |  445 | Predict | -0.389058 | -0.001197 |  0.010792 | 1.777898 | -0.004441 | 0.050000 |   11 |  1.890965 |  8.008045 |  0.000000 | 14.597162 |  194 |  90.593750 |     42.992188 |   0.000000 |  18.316406 | 244.000000 | 63.000000 |   0.000000 | 138.000000
  446 |  446 | Predict | -0.375890 |  0.002394 |  0.010658 | 1.777898 | -0.004441 | 0.050000 |   11 |  1.890965 |  8.008045 |  0.000000 | 14.597162 |  194 |  90.593750 |     42.992188 |   0.000000 |  18.316406 | 244.000000 | 63.000000 |   0.000000 | 138.000000
  447 |  447 | Update  | -0.374693 | -0.001197 |  0.010792 | 1.776321 |  0.475769 | 0.050000 |    7 |  1.883206 |  8.008138 | 11.864977 | 14.547111 |  194 |  78.632812 |     34.667969 |  30.503906 |  18.785156 | 244.000000 | 63.000000 | 138.000000 | 138.000000
  448 |  448 | Update  | -0.374693 | -0.005986 |  0.010792 | 1.743643 |  0.548792 | 0.050000 |    7 |  1.884621 |  8.048199 | 11.789880 | 14.507082 |  194 | 135.890625 |     60.171875 |  21.378906 |  34.105469 | 244.000000 | 63.000000 | 138.000000 | 138.000000
  449 |  449 | Predict | -0.396240 | -0.005986 |  0.010525 | 1.743643 |  0.548792 | 0.050000 |    7 |  1.884621 |  8.048199 | 11.789880 | 14.507082 |  194 | 135.890625 |     60.171875 |  21.378906 |  34.105469 | 244.000000 | 63.000000 | 138.000000 | 138.000000
  450 |  450 | Predict | -0.379481 | -0.004788 |  0.011325 | 1.743643 |  0.548792 | 0.050000 |    7 |  1.884621 |  8.048199 | 11.789880 | 14.507082 |  195 | 135.890625 |     60.171875 |  21.378906 |  34.105469 | 244.000000 | 63.000000 | 138.000000 | 138.000000
  451 |  451 | Update  | -0.378284 | -0.007183 |  0.010658 | 1.824498 |  0.416396 | 0.050000 |    7 |  1.878102 |  7.947998 | 11.925066 | 14.527061 |  195 |  86.613281 |     34.082031 |  20.128906 |  20.121094 | 244.000000 | 63.000000 | 138.000000 | 138.000000
  452 |  452 | Predict | -0.396240 | -0.007183 |  0.010525 | 1.824498 |  0.416396 | 0.050000 |    7 |  1.878102 |  7.947998 | 11.925066 | 14.527061 |  195 |  86.613281 |     34.082031 |  20.128906 |  20.121094 | 244.000000 | 63.000000 | 138.000000 | 138.000000
  453 |  453 | Update  | -0.369904 |  0.000000 |  0.010525 | 1.745721 |  0.112219 | 0.050000 |   11 |  1.937143 |  8.058142 |  0.000000 | 14.527061 |  195 |  84.996094 |     34.414062 |        nan |  17.742188 | 244.000000 | 63.000000 |   0.000000 | 138.000000
  454 |  454 | Update  | -0.381875 | -0.004788 |  0.011724 | 1.785070 |  0.012925 | 0.050000 |   11 |  1.885896 |  7.998103 |  0.000000 | 14.577183 |  195 |  99.824219 |     47.074219 |   0.000000 |  26.308594 | 244.000000 | 63.000000 |   0.000000 | 138.000000
  455 |  455 | Predict | -0.377087 | -0.005986 |  0.010259 | 1.785070 |  0.012925 | 0.050000 |   11 |  1.885896 |  7.998103 |  0.000000 | 14.577183 |  195 |  99.824219 |     47.074219 |   0.000000 |  26.308594 | 244.000000 | 63.000000 |   0.000000 | 138.000000
  456 |  456 | Update  | -0.371101 | -0.007183 |  0.010792 | 1.739331 |  0.052583 | 0.050000 |   11 |  1.905100 |  8.058243 |  0.000000 | 14.577113 |  195 | 106.394531 |     42.449219 |   0.000000 |  26.109375 | 244.000000 | 63.000000 |   0.000000 | 138.000000
  457 |  457 | Predict | -0.385466 | -0.025139 |  0.011325 | 1.739331 |  0.052583 | 0.052000 |   11 |  1.905100 |  8.058243 |  0.000000 | 14.577113 |  196 | 106.394531 |     42.449219 |   0.000000 |  26.109375 | 244.000000 | 63.000000 |   0.000000 | 138.000000
  458 |  458 | Predict | -0.373495 | -0.001197 |  0.010658 | 1.739331 |  0.052583 | 0.050000 |   11 |  1.905100 |  8.058243 |  0.000000 | 14.577113 |  196 | 106.394531 |     42.449219 |   0.000000 |  26.109375 | 244.000000 | 63.000000 |   0.000000 | 138.000000
  459 |  459 | Predict | -0.379481 |  0.008380 |  0.011458 | 1.739331 |  0.052583 | 0.050000 |   11 |  1.905100 |  8.058243 |  0.000000 | 14.577113 |  197 | 106.394531 |     42.449219 |   0.000000 |  26.109375 | 244.000000 | 63.000000 |   0.000000 | 138.000000
  460 |  460 | Predict | -0.356736 |  0.008380 |  0.010925 | 1.739331 |  0.052583 | 0.050000 |   11 |  1.905100 |  8.058243 |  0.000000 | 14.577113 |  198 | 106.394531 |     42.449219 |   0.000000 |  26.109375 | 244.000000 | 63.000000 |   0.000000 | 138.000000
  461 |  461 | Predict | -0.378284 | -0.016759 |  0.010792 | 1.739331 |  0.052583 | 0.050000 |   11 |  1.905100 |  8.058243 |  0.000000 | 14.577113 |  198 | 106.394531 |     42.449219 |   0.000000 |  26.109375 | 244.000000 | 63.000000 |   0.000000 | 138.000000
  462 |  462 | Predict | -0.384269 | -0.004788 |  0.010259 | 1.739331 |  0.052583 | 0.051000 |   11 |  1.905100 |  8.058243 |  0.000000 | 14.577113 |  199 | 106.394531 |     42.449219 |   0.000000 |  26.109375 | 244.000000 | 63.000000 |   0.000000 | 138.000000
  463 |  463 | Predict | -0.386664 | -0.022745 |  0.010126 | 1.739331 |  0.052583 | 0.050000 |   11 |  1.905100 |  8.058243 |  0.000000 | 14.577113 |  200 | 106.394531 |     42.449219 |   0.000000 |  26.109375 | 244.000000 | 63.000000 |   0.000000 | 138.000000
  464 |  464 | Predict | -0.389058 | -0.003591 |  0.011724 | 1.739331 |  0.052583 | 0.050000 |   11 |  1.905100 |  8.058243 |  0.000000 | 14.577113 |  201 | 106.394531 |     42.449219 |   0.000000 |  26.109375 | 244.000000 | 63.000000 |   0.000000 | 138.000000
  465 |  465 | Predict | -0.396240 |  0.000000 |  0.011325 | 1.739331 |  0.052583 | 0.050000 |   11 |  1.905100 |  8.058243 |  0.000000 | 14.577113 |  201 | 106.394531 |     42.449219 |   0.000000 |  26.109375 | 244.000000 | 63.000000 |   0.000000 | 138.000000
  466 |  466 | Update  | -0.384269 | -0.010774 |  0.009459 | 1.750821 |  0.040537 | 0.050000 |   11 |  1.962690 |  8.058146 |  0.000000 | 14.587139 |  201 | 119.687500 |     39.972656 |   0.000000 |  28.851562 | 244.000000 | 63.000000 |   0.000000 | 138.000000
  467 |  467 | Predict | -0.387861 | -0.009577 |  0.009593 | 1.750821 |  0.040537 | 0.050000 |   11 |  1.962690 |  8.058146 |  0.000000 | 14.587139 |  201 | 119.687500 |     39.972656 |   0.000000 |  28.851562 | 244.000000 | 63.000000 |   0.000000 | 138.000000
  468 |  468 | Update  | -0.379481 | -0.016759 |  0.010925 | 1.704084 |  0.008426 | 0.050000 |   11 |  1.978039 |  8.118282 |  0.000000 | 14.647215 |  201 |  64.949219 |     36.382812 |   0.000000 |  16.253906 | 244.000000 | 63.000000 |   0.000000 | 138.000000
  469 |  469 | Update  | -0.396240 |  0.000000 |  0.011591 | 1.736423 |  0.351192 | 0.050000 |    7 |  1.932080 |  8.068182 | 12.000160 |  0.000000 |  201 | 159.003906 |     81.507812 |  23.214844 |   0.000000 | 244.000000 | 63.000000 | 138.000000 |   0.000000
  470 |  470 | Predict | -0.379481 |  0.010774 |  0.009726 | 1.736423 |  0.351192 | 0.050000 |    7 |  1.932080 |  8.068182 | 12.000160 |  0.000000 |  202 | 159.003906 |     81.507812 |  23.214844 |   0.000000 | 244.000000 | 63.000000 | 138.000000 |   0.000000
  471 |  471 | Predict | -0.387861 | -0.004788 |  0.010925 | 1.736423 |  0.351192 | 0.051000 |    7 |  1.932080 |  8.068182 | 12.000160 |  0.000000 |  202 | 159.003906 |     81.507812 |  23.214844 |   0.000000 | 244.000000 | 63.000000 | 138.000000 |   0.000000
  472 |  472 | Predict | -0.384269 | -0.010774 |  0.010658 | 1.736423 |  0.351192 | 0.050000 |    7 |  1.932080 |  8.068182 | 12.000160 |  0.000000 |  203 | 159.003906 |     81.507812 |  23.214844 |   0.000000 | 244.000000 | 63.000000 | 138.000000 |   0.000000
  473 |  473 | Predict | -0.393846 | -0.015562 |  0.010525 | 1.736423 |  0.351192 | 0.050000 |    7 |  1.932080 |  8.068182 | 12.000160 |  0.000000 |  203 | 159.003906 |     81.507812 |  23.214844 |   0.000000 | 244.000000 | 63.000000 | 138.000000 |   0.000000
  474 |  474 | Update  | -0.392649 |  0.003591 |  0.010792 | 1.815452 |  0.348561 | 0.050000 |    7 |  1.915405 |  7.967983 | 12.000161 | 14.507081 |  203 | 158.328125 |     82.128906 |  20.722656 |  47.332031 | 244.000000 | 63.000000 | 138.000000 | 138.000000
  475 |  475 | Predict | -0.374693 | -0.021548 |  0.011058 | 1.815452 |  0.348561 | 0.050000 |    7 |  1.915405 |  7.967983 | 12.000161 | 14.507081 |  204 | 158.328125 |     82.128906 |  20.722656 |  47.332031 | 244.000000 | 63.000000 | 138.000000 | 138.000000
  476 |  476 | Predict | -0.385466 | -0.009577 |  0.010259 | 1.815452 |  0.348561 | 0.050000 |    7 |  1.915405 |  7.967983 | 12.000161 | 14.507081 |  204 | 158.328125 |     82.128906 |  20.722656 |  47.332031 | 244.000000 | 63.000000 | 138.000000 | 138.000000
  477 |  477 | Update  | -0.380678 |  0.000000 |  0.012257 | 1.807504 |  0.178351 | 0.050000 |   11 |  1.916680 |  7.978020 |  0.000000 | 14.426955 |  204 |  76.898438 |     35.226562 |        nan |  22.714844 | 244.000000 | 63.000000 |   0.000000 | 138.000000
  478 |  478 | Update  | -0.386664 | -0.013168 |  0.010525 | 1.759153 |  0.110971 | 0.050000 |   11 |  1.921745 |  8.038162 |  0.000000 | 14.517036 |  204 | 157.128906 |     75.261719 |        nan |  47.167969 | 244.000000 | 63.000000 |   0.000000 | 138.000000
  479 |  479 | Predict | -0.393846 |  0.003591 |  0.011858 | 1.759153 |  0.110971 | 0.050000 |   11 |  1.921745 |  8.038162 |  0.000000 | 14.517036 |  204 | 157.128906 |     75.261719 |        nan |  47.167969 | 244.000000 | 63.000000 |   0.000000 | 138.000000
  480 |  480 | Update  | -0.393846 | -0.017957 |  0.011325 | 1.731120 |  0.479169 | 0.050000 |    7 |  1.905100 |  8.068181 | 11.864977 | 14.497058 |  204 | 140.074219 |     73.613281 |  18.003906 |  42.652344 | 244.000000 | 63.000000 | 138.000000 | 138.000000
  481 |  481 | Update  | -0.374693 | -0.001197 |  0.010126 | 1.762743 |  0.085827 | 0.051000 |   11 |  1.854949 |  8.018085 |  0.000000 | 14.527061 |  204 | 114.957031 |     58.515625 |        nan |  27.242188 | 244.000000 | 63.000000 |   0.000000 | 138.000000
  482 |  482 | Predict | -0.392649 | -0.021548 |  0.010126 | 1.762743 |  0.085827 | 0.050000 |   11 |  1.854949 |  8.018085 |  0.000000 | 14.527061 |  204 | 114.957031 |     58.515625 |        nan |  27.242188 | 244.000000 | 63.000000 |   0.000000 | 138.000000
  483 |  483 | Update  | -0.380678 |  0.010774 |  0.011458 | 1.752319 |  0.092347 | 0.050000 |   11 |  1.843489 |  8.028124 |  0.000000 | 14.527130 |  204 |  77.316406 |     35.898438 |        nan |  23.949219 | 244.000000 | 63.000000 |   0.000000 | 138.000000
  484 |  484 | Update  | -0.384269 |  0.008380 |  0.010259 | 1.792774 |  0.284295 | 0.051000 |    7 |  1.883206 |  7.988060 | 12.060251 | 14.547111 |  204 | 134.234375 |     72.132812 |  11.925781 |  39.757812 | 244.000000 | 63.000000 | 138.000000 | 138.000000
  485 |  485 | Predict | -0.375890 | -0.008380 |  0.010525 | 1.792774 |  0.284295 | 0.050000 |    7 |  1.883206 |  7.988060 | 12.060251 | 14.547111 |  204 | 134.234375 |     72.132812 |  11.925781 |  39.757812 | 244.000000 | 63.000000 | 138.000000 | 138.000000
  486 |  486 | Update  | -0.392649 |  0.007183 |  0.011058 | 1.790405 |  0.006367 | 0.050000 |   11 |  1.870478 |  7.987966 |  0.000000 | 14.577113 |  204 | 138.195312 |     66.917969 |        nan |  35.605469 | 244.000000 | 63.000000 |   0.000000 | 138.000000
  487 |  487 | Update  | -0.402226 |  0.001197 |  0.010792 | 1.784555 |  0.209833 | 0.050000 |    7 |  1.883206 |  7.998097 | 12.135343 | 14.557134 |  204 |  95.000000 |     54.617188 |  16.933594 |  29.406250 | 244.000000 | 63.000000 | 138.000000 | 138.000000
  488 |  488 | Predict | -0.386664 | -0.007183 |  0.011058 | 1.784555 |  0.209833 | 0.050000 |    7 |  1.883206 |  7.998097 | 12.135343 | 14.557134 |  204 |  95.000000 |     54.617188 |  16.933594 |  29.406250 | 244.000000 | 63.000000 | 138.000000 | 138.000000
  489 |  489 | Predict | -0.367510 | -0.014365 |  0.010658 | 1.784555 |  0.209833 | 0.050000 |    7 |  1.883206 |  7.998097 | 12.135343 | 14.557134 |  205 |  95.000000 |     54.617188 |  16.933594 |  29.406250 | 244.000000 | 63.000000 | 138.000000 | 138.000000
  490 |  490 | Update  | -0.384269 | -0.021548 |  0.011191 | 1.785168 |  0.482786 | 0.050000 |    7 |  1.928118 |  8.008043 | 11.864976 |  0.000000 |  205 | 161.402344 |     67.945312 |  14.640625 |   0.000000 | 244.000000 | 63.000000 | 138.000000 |   0.000000
  491 |  491 | Predict | -0.389058 |  0.003591 |  0.011058 | 1.785168 |  0.482786 | 0.050000 |    7 |  1.928118 |  8.008043 | 11.864976 |  0.000000 |  205 | 161.402344 |     67.945312 |  14.640625 |   0.000000 | 244.000000 | 63.000000 | 138.000000 |   0.000000
  492 |  492 | Update  | -0.373495 |  0.003591 |  0.011724 | 1.795362 |  0.600707 | 0.050000 |    7 |  1.938417 |  7.998100 | 11.744795 | 14.466984 |  205 | 124.472656 |     62.964844 |  11.281250 |  36.722656 | 244.000000 | 63.000000 | 138.000000 | 138.000000
  493 |  493 | Update  | -0.381875 | -0.004788 |  0.010925 | 1.797210 |  0.412569 | 0.050000 |    7 |  1.947301 |  7.998003 | 11.940071 | 14.507082 |  205 | 139.386719 |     75.183594 |  19.792969 |  54.171875 | 244.000000 | 63.000000 | 138.000000 | 138.000000
  494 |  494 | Predict | -0.389058 |  0.003591 |  0.009459 | 1.797210 |  0.412569 | 0.050000 |    7 |  1.947301 |  7.998003 | 11.940071 | 14.507082 |  205 | 139.386719 |     75.183594 |  19.792969 |  54.171875 | 244.000000 | 63.000000 | 138.000000 | 138.000000
  495 |  495 | Predict | -0.384269 | -0.017957 |  0.011458 | 1.797210 |  0.412569 | 0.050000 |    7 |  1.947301 |  7.998003 | 11.940071 | 14.507082 |  206 | 139.386719 |     75.183594 |  19.792969 |  54.171875 | 244.000000 | 63.000000 | 138.000000 | 138.000000
  496 |  496 | Update  | -0.381875 | -0.019154 |  0.010525 | 1.778318 |  0.593656 | 0.050000 |    7 |  1.893517 |  8.008136 | 11.744795 | 14.547111 |  206 | 126.714844 |     46.316406 |  17.808594 |  32.277344 | 244.000000 | 63.000000 | 138.000000 | 138.000000
  497 |  497 | Predict | -0.377087 | -0.007183 |  0.011325 | 1.778318 |  0.593656 | 0.050000 |    7 |  1.893517 |  8.008136 | 11.744795 | 14.547111 |  206 | 126.714844 |     46.316406 |  17.808594 |  32.277344 | 244.000000 | 63.000000 | 138.000000 | 138.000000
  498 |  498 | Predict | -0.397437 | -0.013168 |  0.011058 | 1.778318 |  0.593656 | 0.050000 |    7 |  1.893517 |  8.008136 | 11.744795 | 14.547111 |  207 | 126.714844 |     46.316406 |  17.808594 |  32.277344 | 244.000000 | 63.000000 | 138.000000 | 138.000000
  499 |  499 | Update  | -0.369904 |  0.022745 |  0.010925 | 1.748533 |  0.486465 | 0.050000 |    7 |  1.951262 |  8.058142 | 11.864976 | 14.507082 |  207 |  95.195312 |     33.347656 |  15.406250 |  20.964844 | 244.000000 | 63.000000 | 138.000000 | 138.000000
  500 |  500 | Predict | -0.369904 | -0.007183 |  0.011458 | 1.748533 |  0.486465 | 0.050000 |    7 |  1.951262 |  8.058142 | 11.864976 | 14.507082 |  207 |  95.195312 |     33.347656 |  15.406250 |  20.964844 | 244.000000 | 63.000000 | 138.000000 | 138.000000
  501 |  501 | Update  | -0.397437 |  0.000000 |  0.011724 | 1.754644 |  0.040600 | 0.050000 |   11 |  1.981996 |  8.058243 |  0.000000 | 14.587139 |  207 | 136.269531 |     58.550781 |   0.000000 |  43.617188 | 244.000000 | 63.000000 |   0.000000 | 138.000000
  502 |  502 | Update  | -0.375890 | -0.009577 |  0.011325 | 1.821792 |  0.005189 | 0.050000 |   11 |  1.947440 |  7.967982 |  0.000000 | 14.567160 |  207 | 138.480469 |     63.464844 |        nan |  42.460938 | 244.000000 | 63.000000 |   0.000000 | 138.000000
  503 |  503 | Predict | -0.390255 |  0.007183 |  0.011191 | 1.821792 |  0.005189 | 0.050000 |   11 |  1.947440 |  7.967982 |  0.000000 | 14.567160 |  207 | 138.480469 |     63.464844 |        nan |  42.460938 | 244.000000 | 63.000000 |   0.000000 | 138.000000
  504 |  504 | Update  | -0.386664 | -0.007183 |  0.010392 | 1.755946 |  0.045954 | 0.050000 |   11 |  1.947301 |  8.048201 |  0.000000 | 14.577113 |  207 | 105.828125 |     36.410156 |   0.000000 |  46.480469 | 244.000000 | 63.000000 |   0.000000 | 138.000000
  505 |  505 | Update  | -0.379481 |  0.005986 |  0.010525 | 1.741072 |  0.480561 | 0.050000 |    7 |  1.913991 |  8.058241 | 11.864976 | 14.567160 |  207 |  87.324219 |     52.800781 |  27.656250 |  47.460938 | 244.000000 | 63.000000 | 138.000000 | 138.000000
  506 |  506 | Predict | -0.377087 |  0.003591 |  0.011191 | 1.741072 |  0.480561 | 0.050000 |    7 |  1.913991 |  8.058241 | 11.864976 | 14.567160 |  207 |  87.324219 |     52.800781 |  27.656250 |  47.460938 | 244.000000 | 63.000000 | 138.000000 | 138.000000
  507 |  507 | Predict | -0.383072 | -0.009577 |  0.010392 | 1.741072 |  0.480561 | 0.050000 |    7 |  1.913991 |  8.058241 | 11.864976 | 14.567160 |  208 |  87.324219 |     52.800781 |  27.656250 |  47.460938 | 244.000000 | 63.000000 | 138.000000 | 138.000000
  508 |  508 | Update  | -0.386664 |  0.001197 |  0.011458 | 1.779135 |  0.115007 | 0.050000 |   11 |  1.897343 |  8.008045 |  0.000000 | 14.496987 |  208 |  82.964844 |     41.777344 |   0.000000 |  24.976562 | 244.000000 | 63.000000 |   0.000000 | 138.000000
  509 |  509 | Predict | -0.389058 | -0.001197 |  0.011458 | 1.779135 |  0.115007 | 0.050000 |   11 |  1.897343 |  8.008045 |  0.000000 | 14.496987 |  208 |  82.964844 |     41.777344 |   0.000000 |  24.976562 | 244.000000 | 63.000000 |   0.000000 | 138.000000
  510 |  510 | Update  | -0.381875 | -0.031125 |  0.010525 | 1.770397 |  0.133424 | 0.050000 |   11 |  1.894792 |  8.018085 |  0.000000 | 14.487034 |  208 | 146.085938 |     57.164062 |        nan |  31.250000 | 244.000000 | 63.000000 |   0.000000 | 138.000000
  511 |  511 | Update  | -0.383072 | -0.011971 |  0.010259 | 1.751887 |  0.098956 | 0.050000 |   11 |  1.884481 |  8.038162 |  0.000000 | 14.527130 |  208 | 129.550781 |     56.574219 |        nan |  32.328125 | 244.000000 | 63.000000 |   0.000000 | 138.000000
  512 |  512 | Predict | -0.401029 | -0.002394 |  0.010525 | 1.751887 |  0.098956 | 0.050000 |   11 |  1.884481 |  8.038162 |  0.000000 | 14.527130 |  208 | 129.550781 |     56.574219 |        nan |  32.328125 | 244.000000 | 63.000000 |   0.000000 | 138.000000
  513 |  513 | Predict | -0.399832 |  0.007183 |  0.011058 | 1.751887 |  0.098956 | 0.050000 |   11 |  1.884481 |  8.038162 |  0.000000 | 14.527130 |  209 | 129.550781 |     56.574219 |        nan |  32.328125 | 244.000000 | 63.000000 |   0.000000 | 138.000000
  514 |  514 | Update  | -0.391452 |  0.002394 |  0.011458 | 1.810511 |  0.410127 | 0.050000 |    7 |  1.931941 |  7.978021 | 11.940071 | 14.557134 |  209 |  83.632812 |     35.472656 |  21.765625 |  24.457031 | 244.000000 | 63.000000 | 138.000000 | 138.000000
  515 |  515 | Predict | -0.369904 |  0.005986 |  0.011325 | 1.810511 |  0.410127 | 0.050000 |    7 |  1.931941 |  7.978021 | 11.940071 | 14.557134 |  209 |  83.632812 |     35.472656 |  21.765625 |  24.457031 | 244.000000 | 63.000000 | 138.000000 | 138.000000
  516 |  516 | Update  | -0.372298 |  0.004788 |  0.009726 | 1.779086 |  0.091227 | 0.050000 |   11 |  1.897482 |  8.008138 |  0.000000 | 14.517036 |  209 | 123.527344 |     64.632812 |        nan |  37.125000 | 244.000000 | 63.000000 |   0.000000 | 138.000000
  517 |  517 | Update  | -0.399832 | -0.001197 |  0.010792 | 1.770771 |  0.138730 | 0.050000 |   11 |  1.853811 |  8.008043 |  0.000000 | 14.477007 |  209 |  90.070312 |     35.664062 |        nan |  33.289062 | 244.000000 | 63.000000 |   0.000000 | 138.000000
  518 |  518 | Predict | -0.391452 | -0.007183 |  0.011325 | 1.770771 |  0.138730 | 0.050000 |   11 |  1.853811 |  8.008043 |  0.000000 | 14.477007 |  209 |  90.070312 |     35.664062 |        nan |  33.289062 | 244.000000 | 63.000000 |   0.000000 | 138.000000
  519 |  519 | Update  | -0.379481 | -0.011971 |  0.011058 | 1.767171 |  0.481585 | 0.050000 |    7 |  1.920504 |  8.028123 | 11.864976 | 14.547111 |  209 | 140.066406 |     58.066406 |  20.015625 |  39.425781 | 244.000000 | 63.000000 | 138.000000 | 138.000000
  520 |  520 | Update  | -0.368707 | -0.011971 |  0.010658 | 1.768739 |  0.396441 | 0.051000 |    7 |  1.843489 |  8.008138 | 11.940071 | 14.457029 |  209 | 130.464844 |     44.593750 |  11.074219 |  23.179688 | 244.000000 | 63.000000 | 138.000000 | 138.000000
  521 |  521 | Predict | -0.386664 |  0.000000 |  0.011325 | 1.768739 |  0.396441 | 0.050000 |    7 |  1.843489 |  8.008138 | 11.940071 | 14.457029 |  209 | 130.464844 |     44.593750 |  11.074219 |  23.179688 | 244.000000 | 63.000000 | 138.000000 | 138.000000
  522 |  522 | Update  | -0.386664 |  0.005986 |  0.010792 | 1.773404 |  0.251965 | 0.050000 |   11 |  1.910200 |  8.018081 |  0.000000 | 14.386857 |  209 |  91.734375 |     32.710938 |        nan |  18.562500 | 244.000000 | 63.000000 |   0.000000 | 138.000000
  523 |  523 | Update  | -0.384269 | -0.008380 |  0.012124 | 1.785670 |  0.103090 | 0.050000 |   11 |  1.930666 |  8.008045 |  0.000000 | 14.507011 |  209 |  94.914062 |     38.328125 |        nan |  21.878906 | 244.000000 | 63.000000 |   0.000000 | 138.000000
  524 |  524 | Predict | -0.380678 |  0.000000 |  0.009992 | 1.785670 |  0.103090 | 0.050000 |   11 |  1.930666 |  8.008045 |  0.000000 | 14.507011 |  209 |  94.914062 |     38.328125 |        nan |  21.878906 | 244.000000 | 63.000000 |   0.000000 | 138.000000
  525 |  525 | Predict | -0.397437 | -0.028730 |  0.009992 | 1.785670 |  0.103090 | 0.050000 |   11 |  1.930666 |  8.008045 |  0.000000 | 14.507011 |  210 |  94.914062 |     38.328125 |        nan |  21.878906 | 244.000000 | 63.000000 |   0.000000 | 138.000000
  526 |  526 | Predict | -0.379481 | -0.003591 |  0.012257 | 1.785670 |  0.103090 | 0.050000 |   11 |  1.930666 |  8.008045 |  0.000000 | 14.507011 |  211 |  94.914062 |     38.328125 |        nan |  21.878906 | 244.000000 | 63.000000 |   0.000000 | 138.000000
  527 |  527 | Predict | -0.399832 | -0.013168 |  0.011058 | 1.785670 |  0.103090 | 0.050000 |   11 |  1.930666 |  8.008045 |  0.000000 | 14.507011 |  212 |  94.914062 |     38.328125 |        nan |  21.878906 | 244.000000 | 63.000000 |   0.000000 | 138.000000
  528 |  528 | Predict | -0.401029 | -0.005986 |  0.012257 | 1.785670 |  0.103090 | 0.050000 |   11 |  1.930666 |  8.008045 |  0.000000 | 14.507011 |  212 |  94.914062 |     38.328125 |        nan |  21.878906 | 244.000000 | 63.000000 |   0.000000 | 138.000000
  529 |  529 | Predict | -0.377087 |  0.008380 |  0.011191 | 1.785670 |  0.103090 | 0.050000 |   11 |  1.930666 |  8.008045 |  0.000000 | 14.507011 |  213 |  94.914062 |     38.328125 |        nan |  21.878906 | 244.000000 | 63.000000 |   0.000000 | 138.000000
  530 |  530 | Predict | -0.380678 | -0.007183 |  0.011325 | 1.785670 |  0.103090 | 0.050000 |   11 |  1.930666 |  8.008045 |  0.000000 | 14.507011 |  213 |  94.914062 |     38.328125 |        nan |  21.878906 | 244.000000 | 63.000000 |   0.000000 | 138.000000
  531 |  531 | Predict | -0.386664 | -0.004788 |  0.011325 | 1.785670 |  0.103090 | 0.050000 |   11 |  1.930666 |  8.008045 |  0.000000 | 14.507011 |  214 |  94.914062 |     38.328125 |        nan |  21.878906 | 244.000000 | 63.000000 |   0.000000 | 138.000000
  532 |  532 | Update  | -0.368707 | -0.010774 |  0.011191 | 1.729702 |  0.028607 | 0.050000 |   11 |  1.855088 |  8.058237 |  0.000000 | 14.597162 |  214 | 129.351562 |     59.136719 |        nan |  30.882812 | 244.000000 | 63.000000 |   0.000000 | 138.000000
  533 |  533 | Predict | -0.401029 |  0.001197 |  0.010792 | 1.729702 |  0.028607 | 0.050000 |   11 |  1.855088 |  8.058237 |  0.000000 | 14.597162 |  215 | 129.351562 |     59.136719 |        nan |  30.882812 | 244.000000 | 63.000000 |   0.000000 | 138.000000
  534 |  534 | Predict | -0.393846 |  0.003591 |  0.011058 | 1.729702 |  0.028607 | 0.050000 |   11 |  1.855088 |  8.058237 |  0.000000 | 14.597162 |  215 | 129.351562 |     59.136719 |        nan |  30.882812 | 244.000000 | 63.000000 |   0.000000 | 138.000000
  535 |  535 | Predict | -0.401029 | -0.014365 |  0.011058 | 1.729702 |  0.028607 | 0.050000 |   11 |  1.855088 |  8.058237 |  0.000000 | 14.597162 |  216 | 129.351562 |     59.136719 |        nan |  30.882812 | 244.000000 | 63.000000 |   0.000000 | 138.000000
  536 |  536 | Predict | -0.378284 | -0.002394 |  0.011058 | 1.729702 |  0.028607 | 0.050000 |   11 |  1.855088 |  8.058237 |  0.000000 | 14.597162 |  217 | 129.351562 |     59.136719 |        nan |  30.882812 | 244.000000 | 63.000000 |   0.000000 | 138.000000
  537 |  537 | Predict | -0.369904 | -0.001197 |  0.011858 | 1.729702 |  0.028607 | 0.051000 |   11 |  1.855088 |  8.058237 |  0.000000 | 14.597162 |  217 | 129.351562 |     59.136719 |        nan |  30.882812 | 244.000000 | 63.000000 |   0.000000 | 138.000000
  538 |  538 | Predict | -0.402226 |  0.003591 |  0.011325 | 1.729702 |  0.028607 | 0.050000 |   11 |  1.855088 |  8.058237 |  0.000000 | 14.597162 |  218 | 129.351562 |     59.136719 |        nan |  30.882812 | 244.000000 | 63.000000 |   0.000000 | 138.000000
  539 |  539 | Predict | -0.375890 | -0.004788 |  0.011058 | 1.729702 |  0.028607 | 0.050000 |   11 |  1.855088 |  8.058237 |  0.000000 | 14.597162 |  218 | 129.351562 |     59.136719 |        nan |  30.882812 | 244.000000 | 63.000000 |   0.000000 | 138.000000
  540 |  540 | Predict | -0.377087 | -0.009577 |  0.011591 | 1.729702 |  0.028607 | 0.050000 |   11 |  1.855088 |  8.058237 |  0.000000 | 14.597162 |  219 | 129.351562 |     59.136719 |        nan |  30.882812 | 244.000000 | 63.000000 |   0.000000 | 138.000000
  541 |  541 | Update  | -0.396240 |  0.002394 |  0.011058 | 1.790331 |  0.517581 | 0.050000 |    7 |  1.870512 |  7.988063 | 11.819891 |  0.000000 |  219 |  92.773438 |     47.617188 |  16.644531 |   0.000000 | 244.000000 | 63.000000 | 138.000000 |   0.000000
  542 |  542 | Predict | -0.383072 |  0.001197 |  0.009859 | 1.790331 |  0.517581 | 0.050000 |    7 |  1.870512 |  7.988063 | 11.819891 |  0.000000 |  219 |  92.773438 |     47.617188 |  16.644531 |   0.000000 | 244.000000 | 63.000000 | 138.000000 |   0.000000
  543 |  543 | Predict | -0.372298 |  0.011971 |  0.009992 | 1.790331 |  0.517581 | 0.050000 |    7 |  1.870512 |  7.988063 | 11.819891 |  0.000000 |  220 |  92.773438 |     47.617188 |  16.644531 |   0.000000 | 244.000000 | 63.000000 | 138.000000 |   0.000000
  544 |  544 | Update  | -0.385466 | -0.020351 |  0.010792 | 1.822113 |  0.399751 | 0.050000 |    7 |  1.865267 |  7.947904 | 11.940071 | 14.426955 |  220 | 101.199219 |     56.589844 |  23.515625 |  29.062500 | 244.000000 | 63.000000 | 138.000000 | 138.000000
  545 |  545 | Predict | -0.381875 |  0.007183 |  0.010392 | 1.822113 |  0.399751 | 0.050000 |    7 |  1.865267 |  7.947904 | 11.940071 | 14.426955 |  221 | 101.199219 |     56.589844 |  23.515625 |  29.062500 | 244.000000 | 63.000000 | 138.000000 | 138.000000
  546 |  546 | Predict | -0.387861 |  0.001197 |  0.010525 | 1.822113 |  0.399751 | 0.050000 |    7 |  1.865267 |  7.947904 | 11.940071 | 14.426955 |  221 | 101.199219 |     56.589844 |  23.515625 |  29.062500 | 244.000000 | 63.000000 | 138.000000 | 138.000000
  547 |  547 | Update  | -0.384269 |  0.001197 |  0.011058 | 1.753669 |  0.112223 | 0.050000 |   11 |  1.976799 |  8.058146 |  0.000000 | 14.527061 |  221 |  95.308594 |     42.195312 |   0.000000 |  21.757812 | 244.000000 | 63.000000 |   0.000000 | 138.000000
  548 |  548 | Predict | -0.381875 | -0.009577 |  0.011191 | 1.753669 |  0.112223 | 0.050000 |   11 |  1.976799 |  8.058146 |  0.000000 | 14.527061 |  221 |  95.308594 |     42.195312 |   0.000000 |  21.757812 | 244.000000 | 63.000000 |   0.000000 | 138.000000
  549 |  549 | Predict | -0.381875 | -0.021548 |  0.011191 | 1.753669 |  0.112223 | 0.050000 |   11 |  1.976799 |  8.058146 |  0.000000 | 14.527061 |  222 |  95.308594 |     42.195312 |   0.000000 |  21.757812 | 244.000000 | 63.000000 |   0.000000 | 138.000000
  550 |  550 | Predict | -0.389058 | -0.019154 |  0.010525 | 1.753669 |  0.112223 | 0.050000 |   11 |  1.976799 |  8.058146 |  0.000000 | 14.527061 |  223 |  95.308594 |     42.195312 |   0.000000 |  21.757812 | 244.000000 | 63.000000 |   0.000000 | 138.000000
  551 |  551 | Predict | -0.383072 |  0.005986 |  0.011191 | 1.753669 |  0.112223 | 0.050000 |   11 |  1.976799 |  8.058146 |  0.000000 | 14.527061 |  223 |  95.308594 |     42.195312 |   0.000000 |  21.757812 | 244.000000 | 63.000000 |   0.000000 | 138.000000
  552 |  552 | Predict | -0.398635 | -0.010774 |  0.010792 | 1.753669 |  0.112223 | 0.050000 |   11 |  1.976799 |  8.058146 |  0.000000 | 14.527061 |  224 |  95.308594 |     42.195312 |   0.000000 |  21.757812 | 244.000000 | 63.000000 |   0.000000 | 138.000000
  553 |  553 | Predict | -0.393846 | -0.014365 |  0.011058 | 1.753669 |  0.112223 | 0.050000 |   11 |  1.976799 |  8.058146 |  0.000000 | 14.527061 |  225 |  95.308594 |     42.195312 |   0.000000 |  21.757812 | 244.000000 | 63.000000 |   0.000000 | 138.000000
  554 |  554 | Predict | -0.377087 | -0.008380 |  0.011458 | 1.753669 |  0.112223 | 0.050000 |   11 |  1.976799 |  8.058146 |  0.000000 | 14.527061 |  225 |  95.308594 |     42.195312 |   0.000000 |  21.757812 | 244.000000 | 63.000000 |   0.000000 | 138.000000
  555 |  555 | Update  | -0.367510 | -0.009577 |  0.011058 | 1.740486 |  0.106923 | 0.050000 |   11 |  1.952535 |  8.068191 |  0.000000 | 14.537083 |  225 | 110.070312 |     44.687500 |   0.000000 |  27.582031 | 244.000000 | 63.000000 |   0.000000 | 138.000000
  556 |  556 | Predict | -0.402226 |  0.008380 |  0.011325 | 1.740486 |  0.106923 | 0.050000 |   11 |  1.952535 |  8.068191 |  0.000000 | 14.537083 |  226 | 110.070312 |     44.687500 |   0.000000 |  27.582031 | 244.000000 | 63.000000 |   0.000000 | 138.000000
  557 |  557 | Predict | -0.392649 | -0.010774 |  0.012524 | 1.740486 |  0.106923 | 0.050000 |   11 |  1.952535 |  8.068191 |  0.000000 | 14.537083 |  227 | 110.070312 |     44.687500 |   0.000000 |  27.582031 | 244.000000 | 63.000000 |   0.000000 | 138.000000
  558 |  558 | Predict | -0.389058 |  0.000000 |  0.010658 | 1.740486 |  0.106923 | 0.050000 |   11 |  1.952535 |  8.068191 |  0.000000 | 14.537083 |  227 | 110.070312 |     44.687500 |   0.000000 |  27.582031 | 244.000000 | 63.000000 |   0.000000 | 138.000000
  559 |  559 | Predict | -0.389058 |  0.008380 |  0.011724 | 1.740486 |  0.106923 | 0.050000 |   11 |  1.952535 |  8.068191 |  0.000000 | 14.537083 |  228 | 110.070312 |     44.687500 |   0.000000 |  27.582031 | 244.000000 | 63.000000 |   0.000000 | 138.000000
  560 |  560 | Predict | -0.369904 | -0.002394 |  0.012257 | 1.740486 |  0.106923 | 0.050000 |   11 |  1.952535 |  8.068191 |  0.000000 | 14.537083 |  228 | 110.070312 |     44.687500 |   0.000000 |  27.582031 | 244.000000 | 63.000000 |   0.000000 | 138.000000
  561 |  561 | Update  | -0.369904 | -0.016759 |  0.010658 | 1.700215 | -0.016801 | 0.050000 |   11 |  1.874341 |  8.098307 |  0.000000 | 14.657166 |  228 | 100.695312 |     45.750000 |   0.000000 |  27.914062 | 244.000000 | 63.000000 |   0.000000 | 138.000000
  562 |  562 | Update  | -0.372298 | -0.026336 |  0.011991 | 1.814181 |  0.406504 | 0.050000 |    7 |  1.908925 |  7.967985 | 11.940071 | 14.567160 |  228 | 140.890625 |     56.566406 |  15.390625 |  32.917969 | 244.000000 | 63.000000 | 138.000000 | 138.000000
  563 |  563 | Predict | -0.378284 | -0.021548 |  0.010259 | 1.814181 |  0.406504 | 0.050000 |    7 |  1.908925 |  7.967985 | 11.940071 | 14.567160 |  228 | 140.890625 |     56.566406 |  15.390625 |  32.917969 | 244.000000 | 63.000000 | 138.000000 | 138.000000
  564 |  564 | Update  | -0.379481 |  0.013168 |  0.010792 | 1.775423 |  0.145327 | 0.050000 |   11 |  1.920504 |  8.018085 |  0.000000 | 14.477006 |  228 | 110.589844 |     49.605469 |        nan |  26.507812 | 244.000000 | 63.000000 |   0.000000 | 138.000000
  565 |  565 | Predict | -0.387861 |  0.001197 |  0.010259 | 1.775423 |  0.145327 | 0.050000 |   11 |  1.920504 |  8.018085 |  0.000000 | 14.477006 |  229 | 110.589844 |     49.605469 |        nan |  26.507812 | 244.000000 | 63.000000 |   0.000000 | 138.000000
  566 |  566 | Predict | -0.378284 | -0.002394 |  0.011058 | 1.775423 |  0.145327 | 0.050000 |   11 |  1.920504 |  8.018085 |  0.000000 | 14.477006 |  230 | 110.589844 |     49.605469 |        nan |  26.507812 | 244.000000 | 63.000000 |   0.000000 | 138.000000
  567 |  567 | Predict | -0.378284 |  0.007183 |  0.010259 | 1.775423 |  0.145327 | 0.050000 |   11 |  1.920504 |  8.018085 |  0.000000 | 14.477006 |  230 | 110.589844 |     49.605469 |        nan |  26.507812 | 244.000000 | 63.000000 |   0.000000 | 138.000000
  568 |  568 | Predict | -0.372298 | -0.007183 |  0.011058 | 1.775423 |  0.145327 | 0.050000 |   11 |  1.920504 |  8.018085 |  0.000000 | 14.477006 |  231 | 110.589844 |     49.605469 |        nan |  26.507812 | 244.000000 | 63.000000 |   0.000000 | 138.000000
  569 |  569 | Predict | -0.389058 | -0.009577 |  0.010525 | 1.775423 |  0.145327 | 0.050000 |   11 |  1.920504 |  8.018085 |  0.000000 | 14.477006 |  231 | 110.589844 |     49.605469 |        nan |  26.507812 | 244.000000 | 63.000000 |   0.000000 | 138.000000
  570 |  570 | Predict | -0.374693 | -0.027533 |  0.011991 | 1.775423 |  0.145327 | 0.050000 |   11 |  1.920504 |  8.018085 |  0.000000 | 14.477006 |  232 | 110.589844 |     49.605469 |        nan |  26.507812 | 244.000000 | 63.000000 |   0.000000 | 138.000000
  571 |  571 | Predict | -0.381875 | -0.001197 |  0.011458 | 1.775423 |  0.145327 | 0.050000 |   11 |  1.920504 |  8.018085 |  0.000000 | 14.477006 |  233 | 110.589844 |     49.605469 |        nan |  26.507812 | 244.000000 | 63.000000 |   0.000000 | 138.000000
  572 |  572 | Predict | -0.374693 | -0.002394 |  0.011191 | 1.775423 |  0.145327 | 0.050000 |   11 |  1.920504 |  8.018085 |  0.000000 | 14.477006 |  234 | 110.589844 |     49.605469 |        nan |  26.507812 | 244.000000 | 63.000000 |   0.000000 | 138.000000
  573 |  573 | Predict | -0.383072 | -0.008380 |  0.011458 | 1.775423 |  0.145327 | 0.050000 |   11 |  1.920504 |  8.018085 |  0.000000 | 14.477006 |  234 | 110.589844 |     49.605469 |        nan |  26.507812 | 244.000000 | 63.000000 |   0.000000 | 138.000000
  574 |  574 | Update  | -0.386664 |  0.004788 |  0.010525 | 1.773150 |  0.523531 | 0.050000 |    7 |  1.908925 |  8.018086 | 11.819891 | 14.517036 |  234 |  99.019531 |     37.281250 |  13.750000 |  22.804688 | 244.000000 | 63.000000 | 138.000000 | 138.000000
  575 |  575 | Predict | -0.371101 | -0.013168 |  0.011724 | 1.773150 |  0.523531 | 0.050000 |    7 |  1.908925 |  8.018086 | 11.819891 | 14.517036 |  234 |  99.019531 |     37.281250 |  13.750000 |  22.804688 | 244.000000 | 63.000000 | 138.000000 | 138.000000
  576 |  576 | Update  | -0.386664 |  0.007183 |  0.011058 | 1.724911 |  0.371538 | 0.050000 |    7 |  1.873065 |  8.068191 | 11.970081 |  0.000000 |  234 |  86.980469 |     40.429688 |  20.929688 |   0.000000 | 244.000000 | 63.000000 | 138.000000 |   0.000000
  577 |  577 | Predict | -0.393846 | -0.004788 |  0.010792 | 1.724911 |  0.371538 | 0.050000 |    7 |  1.873065 |  8.068191 | 11.970081 |  0.000000 |  235 |  86.980469 |     40.429688 |  20.929688 |   0.000000 | 244.000000 | 63.000000 | 138.000000 |   0.000000
  578 |  578 | Predict | -0.395043 |  0.001197 |  0.011724 | 1.724911 |  0.371538 | 0.050000 |    7 |  1.873065 |  8.068191 | 11.970081 |  0.000000 |  235 |  86.980469 |     40.429688 |  20.929688 |   0.000000 | 244.000000 | 63.000000 | 138.000000 |   0.000000
  579 |  579 | Predict | -0.369904 | -0.019154 |  0.010792 | 1.724911 |  0.371538 | 0.050000 |    7 |  1.873065 |  8.068191 | 11.970081 |  0.000000 |  236 |  86.980469 |     40.429688 |  20.929688 |   0.000000 | 244.000000 | 63.000000 | 138.000000 |   0.000000
  580 |  580 | Predict | -0.371101 | -0.002394 |  0.011991 | 1.724911 |  0.371538 | 0.050000 |    7 |  1.873065 |  8.068191 | 11.970081 |  0.000000 |  237 |  86.980469 |     40.429688 |  20.929688 |   0.000000 | 244.000000 | 63.000000 | 138.000000 |   0.000000
  581 |  581 | Predict | -0.385466 | -0.015562 |  0.011458 | 1.724911 |  0.371538 | 0.050000 |    7 |  1.873065 |  8.068191 | 11.970081 |  0.000000 |  238 |  86.980469 |     40.429688 |  20.929688 |   0.000000 | 244.000000 | 63.000000 | 138.000000 |   0.000000
  582 |  582 | Predict | -0.367510 | -0.027533 |  0.012657 | 1.724911 |  0.371538 | 0.050000 |    7 |  1.873065 |  8.068191 | 11.970081 |  0.000000 |  238 |  86.980469 |     40.429688 |  20.929688 |   0.000000 | 244.000000 | 63.000000 | 138.000000 |   0.000000
  583 |  583 | Predict | -0.383072 | -0.011971 |  0.011325 | 1.724911 |  0.371538 | 0.050000 |    7 |  1.873065 |  8.068191 | 11.970081 |  0.000000 |  239 |  86.980469 |     40.429688 |  20.929688 |   0.000000 | 244.000000 | 63.000000 | 138.000000 |   0.000000
  584 |  584 | Predict | -0.393846 | -0.009577 |  0.010126 | 1.724911 |  0.371538 | 0.050000 |    7 |  1.873065 |  8.068191 | 11.970081 |  0.000000 |  240 |  86.980469 |     40.429688 |  20.929688 |   0.000000 | 244.000000 | 63.000000 | 138.000000 |   0.000000
  585 |  585 | Predict | -0.381875 | -0.011971 |  0.011591 | 1.724911 |  0.371538 | 0.050000 |    7 |  1.873065 |  8.068191 | 11.970081 |  0.000000 |  240 |  86.980469 |     40.429688 |  20.929688 |   0.000000 | 244.000000 | 63.000000 | 138.000000 |   0.000000
  586 |  586 | Predict | -0.379481 |  0.001197 |  0.011058 | 1.724911 |  0.371538 | 0.050000 |    7 |  1.873065 |  8.068191 | 11.970081 |  0.000000 |  241 |  86.980469 |     40.429688 |  20.929688 |   0.000000 | 244.000000 | 63.000000 | 138.000000 |   0.000000
  587 |  587 | Predict | -0.399832 | -0.009577 |  0.010792 | 1.724911 |  0.371538 | 0.050000 |    7 |  1.873065 |  8.068191 | 11.970081 |  0.000000 |  241 |  86.980469 |     40.429688 |  20.929688 |   0.000000 | 244.000000 | 63.000000 | 138.000000 |   0.000000
  588 |  588 | Predict | -0.372298 |  0.005986 |  0.010525 | 1.724911 |  0.371538 | 0.050000 |    7 |  1.873065 |  8.068191 | 11.970081 |  0.000000 |  242 |  86.980469 |     40.429688 |  20.929688 |   0.000000 | 244.000000 | 63.000000 | 138.000000 |   0.000000
  589 |  589 | Predict | -0.391452 | -0.007183 |  0.009992 | 1.724911 |  0.371538 | 0.050000 |    7 |  1.873065 |  8.068191 | 11.970081 |  0.000000 |  243 |  86.980469 |     40.429688 |  20.929688 |   0.000000 | 244.000000 | 63.000000 | 138.000000 |   0.000000
  590 |  590 | Predict | -0.389058 | -0.002394 |  0.011191 | 1.724911 |  0.371538 | 0.050000 |    7 |  1.873065 |  8.068191 | 11.970081 |  0.000000 |  244 |  86.980469 |     40.429688 |  20.929688 |   0.000000 | 244.000000 | 63.000000 | 138.000000 |   0.000000
  591 |  591 | Predict | -0.386664 | -0.004788 |  0.010658 | 1.724911 |  0.371538 | 0.050000 |    7 |  1.873065 |  8.068191 | 11.970081 |  0.000000 |  244 |  86.980469 |     40.429688 |  20.929688 |   0.000000 | 244.000000 | 63.000000 | 138.000000 |   0.000000
  592 |  592 | Predict | -0.392649 | -0.010774 |  0.011991 | 1.724911 |  0.371538 | 0.050000 |    7 |  1.873065 |  8.068191 | 11.970081 |  0.000000 |  245 |  86.980469 |     40.429688 |  20.929688 |   0.000000 | 244.000000 | 63.000000 | 138.000000 |   0.000000
  593 |  593 | Predict | -0.377087 | -0.020351 |  0.009193 | 1.724911 |  0.371538 | 0.050000 |    7 |  1.873065 |  8.068191 | 11.970081 |  0.000000 |  246 |  86.980469 |     40.429688 |  20.929688 |   0.000000 | 244.000000 | 63.000000 | 138.000000 |   0.000000
  594 |  594 | Predict | -0.385466 | -0.002394 |  0.011458 | 1.724911 |  0.371538 | 0.051000 |    7 |  1.873065 |  8.068191 | 11.970081 |  0.000000 |  246 |  86.980469 |     40.429688 |  20.929688 |   0.000000 | 244.000000 | 63.000000 | 138.000000 |   0.000000
  595 |  595 | Predict | -0.369904 | -0.052672 |  0.011991 | 1.724911 |  0.371538 | 0.050000 |    7 |  1.873065 |  8.068191 | 11.970081 |  0.000000 |  247 |  86.980469 |     40.429688 |  20.929688 |   0.000000 | 244.000000 | 63.000000 | 138.000000 |   0.000000
  596 |  596 | Predict | -0.401029 |  0.061052 |  0.004130 | 1.724911 |  0.371538 | 0.050000 |    7 |  1.873065 |  8.068191 | 11.970081 |  0.000000 |  247 |  86.980469 |     40.429688 |  20.929688 |   0.000000 | 244.000000 | 63.000000 | 138.000000 |   0.000000
  597 |  597 | Predict | -0.405817 |  0.041899 |  0.015988 | 1.724911 |  0.371538 | 0.050000 |    7 |  1.873065 |  8.068191 | 11.970081 |  0.000000 |  248 |  86.980469 |     40.429688 |  20.929688 |   0.000000 | 244.000000 | 63.000000 | 138.000000 |   0.000000
  598 |  598 | Predict | -0.357933 | -0.181959 |  0.008793 | 1.724911 |  0.371538 | 0.050000 |    7 |  1.873065 |  8.068191 | 11.970081 |  0.000000 |  249 |  86.980469 |     40.429688 |  20.929688 |   0.000000 | 244.000000 | 63.000000 | 138.000000 |   0.000000
  599 |  599 | Predict | -0.305261 | -0.005986 |  0.005596 | 1.724911 |  0.371538 | 0.050000 |    7 |  1.873065 |  8.068191 | 11.970081 |  0.000000 |  249 |  86.980469 |     40.429688 |  20.929688 |   0.000000 | 244.000000 | 63.000000 | 138.000000 |   0.000000
  600 |  600 | Update  | -0.345962 | -0.014365 |  0.007861 | 1.739450 |  0.083098 | 0.050000 |   11 |  1.947335 |  8.068188 |  0.000000 | 14.557062 |  249 |  96.953125 |     45.394531 |   0.000000 |  27.210938 | 244.000000 | 63.000000 |   0.000000 | 138.000000
  601 |  601 | Predict | -0.375890 |  0.026336 |  0.003597 | 1.739450 |  0.083098 | 0.051000 |   11 |  1.947335 |  8.068188 |  0.000000 | 14.557062 |  250 |  96.953125 |     45.394531 |   0.000000 |  27.210938 | 244.000000 | 63.000000 |   0.000000 | 138.000000
  602 |  602 | Predict | -0.439336 | -0.128090 |  0.013456 | 1.739450 |  0.083098 | 0.050000 |   11 |  1.947335 |  8.068188 |  0.000000 | 14.557062 |  250 |  96.953125 |     45.394531 |   0.000000 |  27.210938 | 244.000000 | 63.000000 |   0.000000 | 138.000000
  603 |  603 | Predict | -0.490811 |  0.153229 |  0.011058 | 1.739450 |  0.083098 | 0.050000 |   11 |  1.947335 |  8.068188 |  0.000000 | 14.557062 |  251 |  96.953125 |     45.394531 |   0.000000 |  27.210938 | 244.000000 | 63.000000 |   0.000000 | 138.000000
  604 |  604 | Predict | -0.500388 |  0.153229 | -0.018652 | 1.739450 |  0.083098 | 0.050000 |   11 |  1.947335 |  8.068188 |  0.000000 | 14.557062 |  252 |  96.953125 |     45.394531 |   0.000000 |  27.210938 | 244.000000 | 63.000000 |   0.000000 | 138.000000
  605 |  605 | Predict | -0.414197 |  0.156820 | -0.031709 | 1.739450 |  0.083098 | 0.050000 |   11 |  1.947335 |  8.068188 |  0.000000 | 14.557062 |  252 |  96.953125 |     45.394531 |   0.000000 |  27.210938 | 244.000000 | 63.000000 |   0.000000 | 138.000000
  606 |  606 | Predict | -0.539892 | -0.083797 |  0.000933 | 1.739450 |  0.083098 | 0.050000 |   11 |  1.947335 |  8.068188 |  0.000000 | 14.557062 |  253 |  96.953125 |     45.394531 |   0.000000 |  27.210938 | 244.000000 | 63.000000 |   0.000000 | 138.000000
  607 |  607 | Update  | -0.568623 |  0.196325 |  0.009726 | 1.750861 | -0.013948 | 0.050000 |   11 |  1.921674 |  8.048206 |  0.000000 | 14.627165 |  253 | 103.019531 |     48.953125 |   0.000000 |  32.609375 | 244.000000 | 63.000000 |   0.000000 | 138.000000
  608 |  608 | Predict | -0.373495 | -0.046687 | -0.042368 | 1.750861 | -0.013948 | 0.050000 |   11 |  1.921674 |  8.048206 |  0.000000 | 14.627165 |  254 | 103.019531 |     48.953125 |   0.000000 |  32.609375 | 244.000000 | 63.000000 |   0.000000 | 138.000000
  609 |  609 | Predict | -0.525527 | -0.038307 | -0.005063 | 1.750861 | -0.013948 | 0.050000 |   11 |  1.921674 |  8.048206 |  0.000000 | 14.627165 |  254 | 103.019531 |     48.953125 |   0.000000 |  32.609375 | 244.000000 | 63.000000 |   0.000000 | 138.000000
  610 |  610 | Predict | -0.424971 |  0.584185 | -0.027046 | 1.750861 | -0.013948 | 0.050000 |   11 |  1.921674 |  8.048206 |  0.000000 | 14.627165 |  255 | 103.019531 |     48.953125 |   0.000000 |  32.609375 | 244.000000 | 63.000000 |   0.000000 | 138.000000
  611 |  611 | Predict | -1.022324 | -0.111330 | -0.093262 | 1.750861 | -0.013948 | 0.050000 |   11 |  1.921674 |  8.048206 |  0.000000 | 14.627165 |  256 | 103.019531 |     48.953125 |   0.000000 |  32.609375 | 244.000000 | 63.000000 |   0.000000 | 138.000000
  612 |  612 | Predict | -0.741005 |  0.107739 | -0.088865 | 1.750861 | -0.013948 | 0.050000 |   11 |  1.921674 |  8.048206 |  0.000000 | 14.627165 |  256 | 103.019531 |     48.953125 |   0.000000 |  32.609375 | 244.000000 | 63.000000 |   0.000000 | 138.000000
  613 |  613 | Predict | -0.408211 |  0.112527 | -0.120441 | 1.750861 | -0.013948 | 0.050000 |   11 |  1.921674 |  8.048206 |  0.000000 | 14.627165 |  257 | 103.019531 |     48.953125 |   0.000000 |  32.609375 | 244.000000 | 63.000000 |   0.000000 | 138.000000
  614 |  614 | Predict | -0.440533 | -0.080206 | -0.067948 | 1.750861 | -0.013948 | 0.050000 |   11 |  1.921674 |  8.048206 |  0.000000 | 14.627165 |  257 | 103.019531 |     48.953125 |   0.000000 |  32.609375 | 244.000000 | 63.000000 |   0.000000 | 138.000000
  615 |  615 | Update  | -0.876278 | -0.292093 |  0.019185 | 1.806627 |  0.149409 | 0.050000 |   11 |  1.953704 |  7.988066 |  0.000000 | 14.456957 |  257 |  87.035156 |     46.265625 |        nan |  17.171875 | 244.000000 | 63.000000 |   0.000000 | 138.000000
  616 |  616 | Predict | -0.901417 |  0.424971 | -0.002265 | 1.806627 |  0.149409 | 0.050000 |   11 |  1.953704 |  7.988066 |  0.000000 | 14.456957 |  258 |  87.035156 |     46.265625 |        nan |  17.171875 | 244.000000 | 63.000000 |   0.000000 | 138.000000
  617 |  617 | Predict | -0.812831 |  0.087388 | -0.029844 | 1.806627 |  0.149409 | 0.050000 |   11 |  1.953704 |  7.988066 |  0.000000 | 14.456957 |  259 |  87.035156 |     46.265625 |        nan |  17.171875 | 244.000000 | 63.000000 |   0.000000 | 138.000000
  618 |  618 | Predict | -0.803255 |  0.773327 | -0.142557 | 1.806627 |  0.149409 | 0.050000 |   11 |  1.953704 |  7.988066 |  0.000000 | 14.456957 |  259 |  87.035156 |     46.265625 |        nan |  17.171875 | 244.000000 | 63.000000 |   0.000000 | 138.000000
  619 |  619 | Predict | -0.805649 | -0.379481 | -0.141225 | 1.806627 |  0.149409 | 0.050000 |   11 |  1.953704 |  7.988066 |  0.000000 | 14.456957 |  260 |  87.035156 |     46.265625 |        nan |  17.171875 | 244.000000 | 63.000000 |   0.000000 | 138.000000
  620 |  620 | Predict | -0.003591 | -0.195127 | -0.061686 | 1.806627 |  0.149409 | 0.050000 |   11 |  1.953704 |  7.988066 |  0.000000 | 14.456957 |  261 |  87.035156 |     46.265625 |        nan |  17.171875 | 244.000000 | 63.000000 |   0.000000 | 138.000000
  621 |  621 | Predict | -0.708684 |  0.198719 |  0.006928 | 1.806627 |  0.149409 | 0.050000 |   11 |  1.953704 |  7.988066 |  0.000000 | 14.456957 |  261 |  87.035156 |     46.265625 |        nan |  17.171875 | 244.000000 | 63.000000 |   0.000000 | 138.000000
  622 |  622 | Predict | -0.008380 |  0.065841 |  0.064484 | 1.806627 |  0.149409 | 0.050000 |   11 |  1.953704 |  7.988066 |  0.000000 | 14.456957 |  262 |  87.035156 |     46.265625 |        nan |  17.171875 | 244.000000 | 63.000000 |   0.000000 | 138.000000
  623 |  623 | Predict | -1.753753 | -0.111330 |  0.046498 | 1.806627 |  0.149409 | 0.050000 |   11 |  1.953704 |  7.988066 |  0.000000 | 14.456957 |  262 |  87.035156 |     46.265625 |        nan |  17.171875 | 244.000000 | 63.000000 |   0.000000 | 138.000000
  624 |  624 | Predict | -0.994791 |  0.915782 |  0.053426 | 1.806627 |  0.149409 | 0.050000 |   11 |  1.953704 |  7.988066 |  0.000000 | 14.456957 |  263 |  87.035156 |     46.265625 |        nan |  17.171875 | 244.000000 | 63.000000 |   0.000000 | 138.000000
  625 |  625 | Update  | -1.059434 | -0.044293 |  0.013190 | 1.815160 |  0.096575 | 0.050000 |   11 |  2.035704 |  7.998110 |  0.000000 | 14.507010 |  263 |  96.277344 |     51.972656 |   0.000000 |  27.382812 | 244.000000 | 63.000000 |   0.000000 | 138.000000
  626 |  626 | Predict | -0.639252 |  0.059855 | -0.015855 | 1.815160 |  0.096575 | 0.050000 |   11 |  2.035704 |  7.998110 |  0.000000 | 14.507010 |  264 |  96.277344 |     51.972656 |   0.000000 |  27.382812 | 244.000000 | 63.000000 |   0.000000 | 138.000000
  627 |  627 | Predict |  0.177171 | -0.973243 | -0.041435 | 1.815160 |  0.096575 | 0.052000 |   11 |  2.035704 |  7.998110 |  0.000000 | 14.507010 |  264 |  96.277344 |     51.972656 |   0.000000 |  27.382812 | 244.000000 | 63.000000 |   0.000000 | 138.000000
  628 |  628 | Predict | -0.187945 |  0.687136 |  0.024248 | 1.815160 |  0.096575 | 0.050000 |   11 |  2.035704 |  7.998110 |  0.000000 | 14.507010 |  265 |  96.277344 |     51.972656 |   0.000000 |  27.382812 | 244.000000 | 63.000000 |   0.000000 | 138.000000
  629 |  629 | Predict | -1.179144 | -0.458490 |  0.053426 | 1.815160 |  0.096575 | 0.050000 |   11 |  2.035704 |  7.998110 |  0.000000 | 14.507010 |  265 |  96.277344 |     51.972656 |   0.000000 |  27.382812 | 244.000000 | 63.000000 |   0.000000 | 138.000000
  630 |  630 | Update  | -0.493206 | -0.768539 |  0.081671 | 1.917301 | -0.118671 | 0.050000 |   11 |  2.094397 |  7.887863 |  0.000000 | 14.627165 |  265 |  91.500000 |     55.675781 |   0.000000 |  33.851562 | 244.000000 | 63.000000 |   0.000000 | 138.000000
  631 |  631 | Update  | -0.355539 | -0.379481 |  0.129101 | 1.950640 |  0.351142 | 0.050000 |    7 |  2.022884 |  7.827718 | 12.015164 |  0.000000 |  265 |  50.628906 |     37.457031 |  23.773438 |   0.000000 | 244.000000 | 63.000000 | 138.000000 |   0.000000
  632 |  632 | Predict | -1.526304 |  0.857124 |  0.087666 | 1.950640 |  0.351142 | 0.050000 |    7 |  2.022884 |  7.827718 | 12.015164 |  0.000000 |  265 |  50.628906 |     37.457031 |  23.773438 |   0.000000 | 244.000000 | 63.000000 | 138.000000 |   0.000000
  633 |  633 | Update  | -1.009156 | -0.156820 |  0.070080 | 1.695227 |  0.200605 | 0.050000 |   13 |  2.012604 |  0.000000 | 12.165353 | 14.496985 |  265 |  60.035156 |     37.457031 |  23.128906 |  26.890625 | 244.000000 | 63.000000 | 138.000000 | 138.000000
  634 |  634 | Predict | -0.958878 |  0.577003 |  0.044233 | 1.695227 |  0.200605 | 0.050000 |   13 |  2.012604 |  0.000000 | 12.165353 | 14.496985 |  266 |  60.035156 |     37.457031 |  23.128906 |  26.890625 | 244.000000 | 63.000000 | 138.000000 | 138.000000
  635 |  635 | Update  | -1.205481 | -1.234211 | -0.024515 | 1.911932 |  0.352427 | 0.051000 |    7 |  2.030618 |  7.877823 | 12.015164 | 14.466911 |  266 |  40.738281 |     55.445312 |  14.289062 |  26.421875 | 244.000000 | 63.000000 | 138.000000 | 138.000000
  636 |  636 | Predict | -0.284910 |  0.096965 |  0.026513 | 1.911932 |  0.352427 | 0.050000 |    7 |  2.030618 |  7.877823 | 12.015164 | 14.466911 |  266 |  40.738281 |     55.445312 |  14.289062 |  26.421875 | 244.000000 | 63.000000 | 138.000000 | 138.000000
  637 |  637 | Predict | -0.472855 | -0.140061 |  0.083403 | 1.911932 |  0.352427 | 0.050000 |    7 |  2.030618 |  7.877823 | 12.015164 | 14.466911 |  267 |  40.738281 |     55.445312 |  14.289062 |  26.421875 | 244.000000 | 63.000000 | 138.000000 | 138.000000
  638 |  638 | Predict |  0.098162 | -0.833182 |  0.151617 | 1.911932 |  0.352427 | 0.050000 |    7 |  2.030618 |  7.877823 | 12.015164 | 14.466911 |  267 |  40.738281 |     55.445312 |  14.289062 |  26.421875 | 244.000000 | 63.000000 | 138.000000 | 138.000000
  639 |  639 | Predict | -0.040701 | -0.319626 |  0.238217 | 1.911932 |  0.352427 | 0.050000 |    7 |  2.030618 |  7.877823 | 12.015164 | 14.466911 |  268 |  40.738281 |     55.445312 |  14.289062 |  26.421875 | 244.000000 | 63.000000 | 138.000000 | 138.000000
  640 |  640 | Predict | -1.529895 | -0.148441 |  0.155614 | 1.911932 |  0.352427 | 0.050000 |    7 |  2.030618 |  7.877823 | 12.015164 | 14.466911 |  269 |  40.738281 |     55.445312 |  14.289062 |  26.421875 | 244.000000 | 63.000000 | 138.000000 | 138.000000
  641 |  641 | Predict | -0.609324 |  0.146046 |  0.113513 | 1.911932 |  0.352427 | 0.050000 |    7 |  2.030618 |  7.877823 | 12.015164 | 14.466911 |  270 |  40.738281 |     55.445312 |  14.289062 |  26.421875 | 244.000000 | 63.000000 | 138.000000 | 138.000000
  642 |  642 | Predict | -0.438139 |  1.149217 |  0.054492 | 1.911932 |  0.352427 | 0.050000 |    7 |  2.030618 |  7.877823 | 12.015164 | 14.466911 |  270 |  40.738281 |     55.445312 |  14.289062 |  26.421875 | 244.000000 | 63.000000 | 138.000000 | 138.000000
  643 |  643 | Update  | -1.596933 |  0.302867 | -0.057023 | 1.952371 |  0.463855 | 0.051000 |    7 |  1.992178 |  7.817678 | 11.894986 | 14.396880 |  270 |  29.812500 |     37.375000 |  10.539062 |  19.488281 | 244.000000 | 63.000000 | 138.000000 | 138.000000
  644 |  644 | Predict | -1.107318 |  0.020351 |  0.029444 | 1.952371 |  0.463855 | 0.050000 |    7 |  1.992178 |  7.817678 | 11.894986 | 14.396880 |  270 |  29.812500 |     37.375000 |  10.539062 |  19.488281 | 244.000000 | 63.000000 | 138.000000 | 138.000000
  645 |  645 | Update  | -0.654814 | -0.670376 |  0.063951 | 2.068350 |  0.368724 | 0.050000 |    7 |  2.126275 |  7.707428 | 12.015164 | 14.366806 |  270 |  41.906250 |     51.949219 |  19.382812 |  26.363281 | 244.000000 | 63.000000 | 138.000000 | 138.000000
  646 |  646 | Predict | -0.263362 | -0.518345 |  0.114712 | 2.068350 |  0.368724 | 0.050000 |    7 |  2.126275 |  7.707428 | 12.015164 | 14.366806 |  271 |  41.906250 |     51.949219 |  19.382812 |  26.363281 | 244.000000 | 63.000000 | 138.000000 | 138.000000
  647 |  647 | Update  | -0.603339 |  0.636858 |  0.057556 | 2.108117 | -0.067468 | 0.050000 |   11 |  2.233440 |  7.687355 |  0.000000 | 14.476934 |  271 |  55.902344 |     66.667969 |   0.000000 |  32.046875 | 244.000000 | 63.000000 |   0.000000 | 138.000000
  648 |  648 | Predict | -0.371101 | -0.797269 | -0.011191 | 2.108117 | -0.067468 | 0.052000 |   11 |  2.233440 |  7.687355 |  0.000000 | 14.476934 |  271 |  55.902344 |     66.667969 |   0.000000 |  32.046875 | 244.000000 | 63.000000 |   0.000000 | 138.000000
  649 |  649 | Predict | -0.788889 | -0.076614 | -0.042501 | 2.108117 | -0.067468 | 0.050000 |   11 |  2.233440 |  7.687355 |  0.000000 | 14.476934 |  272 |  55.902344 |     66.667969 |   0.000000 |  32.046875 | 244.000000 | 63.000000 |   0.000000 | 138.000000
  650 |  650 | Update  | -0.195127 | -0.826000 |  0.011724 | 2.142854 |  0.091748 | 0.050000 |   11 |  2.348080 |  7.677407 |  0.000000 | 14.336803 |  272 |  37.964844 |     46.937500 |   0.000000 |  28.175781 | 244.000000 | 63.000000 |   0.000000 | 138.000000
  651 |  651 | Predict | -0.008380 | -0.715866 |  0.103254 | 2.142854 |  0.091748 | 0.050000 |   11 |  2.348080 |  7.677407 |  0.000000 | 14.336803 |  272 |  37.964844 |     46.937500 |   0.000000 |  28.175781 | 244.000000 | 63.000000 |   0.000000 | 138.000000
  652 |  652 | Update  | -1.308431 | -0.357933 |  0.149086 | 2.227183 |  0.333725 | 0.050000 |    7 |  2.340354 |  7.567050 | 12.090259 | 14.276723 |  272 |  43.664062 |     48.242188 |  13.296875 |  31.707031 | 244.000000 | 63.000000 | 138.000000 | 138.000000
  653 |  653 | Predict | -0.937330 |  0.853533 |  0.193052 | 2.227183 |  0.333725 | 0.050000 |    7 |  2.340354 |  7.567050 | 12.090259 | 14.276723 |  273 |  43.664062 |     48.242188 |  13.296875 |  31.707031 | 244.000000 | 63.000000 | 138.000000 | 138.000000
  654 |  654 | Predict |  0.532710 | -1.070208 |  0.126836 | 2.227183 |  0.333725 | 0.050000 |    7 |  2.340354 |  7.567050 | 12.090259 | 14.276723 |  273 |  43.664062 |     48.242188 |  13.296875 |  31.707031 | 244.000000 | 63.000000 | 138.000000 | 138.000000
  655 |  655 | Predict | -1.021127 |  0.453701 |  0.007727 | 2.227183 |  0.333725 | 0.050000 |    7 |  2.340354 |  7.567050 | 12.090259 | 14.276723 |  274 |  43.664062 |     48.242188 |  13.296875 |  31.707031 | 244.000000 | 63.000000 | 138.000000 | 138.000000
  656 |  656 | Predict | -0.326809 |  0.428562 | -0.085401 | 2.227183 |  0.333725 | 0.050000 |    7 |  2.340354 |  7.567050 | 12.090259 | 14.276723 |  274 |  43.664062 |     48.242188 |  13.296875 |  31.707031 | 244.000000 | 63.000000 | 138.000000 | 138.000000
  657 |  657 | Predict |  0.708684 | -0.166397 | -0.191720 | 2.227183 |  0.333725 | 0.050000 |    7 |  2.340354 |  7.567050 | 12.090259 | 14.276723 |  275 |  43.664062 |     48.242188 |  13.296875 |  31.707031 | 244.000000 | 63.000000 | 138.000000 | 138.000000
  658 |  658 | Update  |  0.217872 | -0.772130 | -0.141758 | 2.331936 |  0.181380 | 0.050000 |   11 |  2.770477 |  7.577187 |  0.000000 | 14.206621 |  275 |  27.242188 |     43.132812 |        nan |  23.070312 | 244.000000 | 63.000000 |   0.000000 | 138.000000
  659 |  659 | Update  | -0.611719 | -0.720655 | -0.066083 | 2.346964 |  0.022888 | 0.050000 |   11 |  2.795617 |  7.567056 |  0.000000 | 14.336732 |  275 |  16.839844 |     48.058594 |   0.000000 |  24.269531 | 244.000000 | 63.000000 |   0.000000 | 138.000000
  660 |  660 | Predict | -0.401029 | -1.346738 |  0.003331 | 2.346964 |  0.022888 | 0.050000 |   11 |  2.795617 |  7.567056 |  0.000000 | 14.336732 |  275 |  16.839844 |     48.058594 |   0.000000 |  24.269531 | 244.000000 | 63.000000 |   0.000000 | 138.000000
  661 |  661 | Predict | -0.016759 | -0.351948 |  0.106851 | 2.346964 |  0.022888 | 0.050000 |   11 |  2.795617 |  7.567056 |  0.000000 | 14.336732 |  276 |  16.839844 |     48.058594 |   0.000000 |  24.269531 | 244.000000 | 63.000000 |   0.000000 | 138.000000
  662 |  662 | Predict | -0.234632 |  0.957681 |  0.165606 | 2.346964 |  0.022888 | 0.050000 |   11 |  2.795617 |  7.567056 |  0.000000 | 14.336732 |  277 |  16.839844 |     48.058594 |   0.000000 |  24.269531 | 244.000000 | 63.000000 |   0.000000 | 138.000000
  663 |  663 | Predict | -1.649605 |  0.361524 |  0.120708 | 2.346964 |  0.022888 | 0.050000 |   11 |  2.795617 |  7.567056 |  0.000000 | 14.336732 |  277 |  16.839844 |     48.058594 |   0.000000 |  24.269531 | 244.000000 | 63.000000 |   0.000000 | 138.000000
  664 |  664 | Predict | -1.187524 | -0.796072 |  0.067015 | 2.346964 |  0.022888 | 0.050000 |   11 |  2.795617 |  7.567056 |  0.000000 | 14.336732 |  278 |  16.839844 |     48.058594 |   0.000000 |  24.269531 | 244.000000 | 63.000000 |   0.000000 | 138.000000
  665 |  665 | Predict | -0.791284 | -0.602142 |  0.052227 | 2.346964 |  0.022888 | 0.050000 |   11 |  2.795617 |  7.567056 |  0.000000 | 14.336732 |  279 |  16.839844 |     48.058594 |   0.000000 |  24.269531 | 244.000000 | 63.000000 |   0.000000 | 138.000000
  666 |  666 | Predict | -0.666785 |  0.786495 | -0.041168 | 2.346964 |  0.022888 | 0.050000 |   11 |  2.795617 |  7.567056 |  0.000000 | 14.336732 |  279 |  16.839844 |     48.058594 |   0.000000 |  24.269531 | 244.000000 | 63.000000 |   0.000000 | 138.000000
  667 |  667 | Predict | -0.556652 | -0.594959 | -0.070479 | 2.346964 |  0.022888 | 0.050000 |   11 |  2.795617 |  7.567056 |  0.000000 | 14.336732 |  280 |  16.839844 |     48.058594 |   0.000000 |  24.269531 | 244.000000 | 63.000000 |   0.000000 | 138.000000
  668 |  668 | Predict | -0.505177 | -0.317232 | -0.056490 | 2.346964 |  0.022888 | 0.050000 |   11 |  2.795617 |  7.567056 |  0.000000 | 14.336732 |  281 |  16.839844 |     48.058594 |   0.000000 |  24.269531 | 244.000000 | 63.000000 |   0.000000 | 138.000000
  669 |  669 | Predict | -0.714669 | -0.821211 | -0.064617 | 2.346964 |  0.022888 | 0.050000 |   11 |  2.795617 |  7.567056 |  0.000000 | 14.336732 |  281 |  16.839844 |     48.058594 |   0.000000 |  24.269531 | 244.000000 | 63.000000 |   0.000000 | 138.000000
  670 |  670 | Predict | -2.596512 |  1.885434 |  0.072611 | 2.346964 |  0.022888 | 0.050000 |   11 |  2.795617 |  7.567056 |  0.000000 | 14.336732 |  282 |  16.839844 |     48.058594 |   0.000000 |  24.269531 | 244.000000 | 63.000000 |   0.000000 | 138.000000
  671 |  671 | Predict | -0.336385 | -0.253785 |  0.004663 | 2.346964 |  0.022888 | 0.050000 |   11 |  2.795617 |  7.567056 |  0.000000 | 14.336732 |  283 |  16.839844 |     48.058594 |   0.000000 |  24.269531 | 244.000000 | 63.000000 |   0.000000 | 138.000000
  672 |  672 | Predict | -0.474052 | -0.049081 |  0.079006 | 2.346964 |  0.022888 | 0.050000 |   11 |  2.795617 |  7.567056 |  0.000000 | 14.336732 |  283 |  16.839844 |     48.058594 |   0.000000 |  24.269531 | 244.000000 | 63.000000 |   0.000000 | 138.000000
  673 |  673 | Predict |  0.711078 | -0.293290 |  0.073943 | 2.346964 |  0.022888 | 0.050000 |   11 |  2.795617 |  7.567056 |  0.000000 | 14.336732 |  284 |  16.839844 |     48.058594 |   0.000000 |  24.269531 | 244.000000 | 63.000000 |   0.000000 | 138.000000
  674 |  674 | Predict | -0.563834 | -0.506374 | -0.007727 | 2.346964 |  0.022888 | 0.050000 |   11 |  2.795617 |  7.567056 |  0.000000 | 14.336732 |  285 |  16.839844 |     48.058594 |   0.000000 |  24.269531 | 244.000000 | 63.000000 |   0.000000 | 138.000000
  675 |  675 | Predict | -1.205481 |  0.887052 |  0.001732 | 2.346964 |  0.022888 | 0.050000 |   11 |  2.795617 |  7.567056 |  0.000000 | 14.336732 |  285 |  16.839844 |     48.058594 |   0.000000 |  24.269531 | 244.000000 | 63.000000 |   0.000000 | 138.000000
  676 |  676 | Predict |  0.008380 |  0.125696 | -0.031975 | 2.346964 |  0.022888 | 0.050000 |   11 |  2.795617 |  7.567056 |  0.000000 | 14.336732 |  286 |  16.839844 |     48.058594 |   0.000000 |  24.269531 | 244.000000 | 63.000000 |   0.000000 | 138.000000
  677 |  677 | Predict |  0.099359 | -0.178368 | -0.025047 | 2.346964 |  0.022888 | 0.050000 |   11 |  2.795617 |  7.567056 |  0.000000 | 14.336732 |  287 |  16.839844 |     48.058594 |   0.000000 |  24.269531 | 244.000000 | 63.000000 |   0.000000 | 138.000000
  678 |  678 | Predict |  0.047884 | -0.928950 | -0.018119 | 2.346964 |  0.022888 | 0.050000 |   11 |  2.795617 |  7.567056 |  0.000000 | 14.336732 |  287 |  16.839844 |     48.058594 |   0.000000 |  24.269531 | 244.000000 | 63.000000 |   0.000000 | 138.000000
  679 |  679 | Predict | -0.414197 | -0.064643 |  0.005196 | 2.346964 |  0.022888 | 0.050000 |   11 |  2.795617 |  7.567056 |  0.000000 | 14.336732 |  288 |  16.839844 |     48.058594 |   0.000000 |  24.269531 | 244.000000 | 63.000000 |   0.000000 | 138.000000
  680 |  680 | Predict | -0.342371 | -0.416591 | -0.045165 | 2.346964 |  0.022888 | 0.050000 |   11 |  2.795617 |  7.567056 |  0.000000 | 14.336732 |  288 |  16.839844 |     48.058594 |   0.000000 |  24.269531 | 244.000000 | 63.000000 |   0.000000 | 138.000000
  681 |  681 | Predict | -0.312443 |  0.106542 | -0.048763 | 2.346964 |  0.022888 | 0.050000 |   11 |  2.795617 |  7.567056 |  0.000000 | 14.336732 |  290 |  16.839844 |     48.058594 |   0.000000 |  24.269531 | 244.000000 | 63.000000 |   0.000000 | 138.000000
  682 |  682 | Predict | -0.743400 | -0.002394 |  0.029577 | 2.346964 |  0.022888 | 0.051000 |   11 |  2.795617 |  7.567056 |  0.000000 | 14.336732 |  290 |  16.839844 |     48.058594 |   0.000000 |  24.269531 | 244.000000 | 63.000000 |   0.000000 | 138.000000
  683 |  683 | Predict | -0.468066 | -1.074997 |  0.075276 | 2.346964 |  0.022888 | 0.050000 |   11 |  2.795617 |  7.567056 |  0.000000 | 14.336732 |  291 |  16.839844 |     48.058594 |   0.000000 |  24.269531 | 244.000000 | 63.000000 |   0.000000 | 138.000000
  684 |  684 | Predict | -0.446519 | -0.094571 |  0.068881 | 2.346964 |  0.022888 | 0.050000 |   11 |  2.795617 |  7.567056 |  0.000000 | 14.336732 |  292 |  16.839844 |     48.058594 |   0.000000 |  24.269531 | 244.000000 | 63.000000 |   0.000000 | 138.000000
  685 |  685 | Predict | -0.659603 | -1.137246 |  0.076874 | 2.346964 |  0.022888 | 0.050000 |   11 |  2.795617 |  7.567056 |  0.000000 | 14.336732 |  292 |  16.839844 |     48.058594 |   0.000000 |  24.269531 | 244.000000 | 63.000000 |   0.000000 | 138.000000
  686 |  686 | Predict | -0.621295 |  0.162806 |  0.079939 | 2.346964 |  0.022888 | 0.050000 |   11 |  2.795617 |  7.567056 |  0.000000 | 14.336732 |  293 |  16.839844 |     48.058594 |   0.000000 |  24.269531 | 244.000000 | 63.000000 |   0.000000 | 138.000000
  687 |  687 | Predict |  0.666785 | -0.480037 |  0.091796 | 2.346964 |  0.022888 | 0.050000 |   11 |  2.795617 |  7.567056 |  0.000000 | 14.336732 |  293 |  16.839844 |     48.058594 |   0.000000 |  24.269531 | 244.000000 | 63.000000 |   0.000000 | 138.000000
  688 |  688 | Update  |  0.383072 |  0.239420 |  0.079406 | 2.674821 |  0.659391 | 0.050000 |    7 |  2.956321 |  7.196175 | 11.894986 | 14.076440 |  293 |  28.062500 |     64.636719 |  22.968750 |  38.597656 | 244.000000 | 63.000000 | 138.000000 | 138.000000
  689 |  689 | Predict | -0.483629 |  0.286107 |  0.065550 | 2.674821 |  0.659391 | 0.050000 |    7 |  2.956321 |  7.196175 | 11.894986 | 14.076440 |  293 |  28.062500 |     64.636719 |  22.968750 |  38.597656 | 244.000000 | 63.000000 | 138.000000 | 138.000000
  690 |  690 | Predict | -0.375890 | -1.416170 |  0.072211 | 2.674821 |  0.659391 | 0.050000 |    7 |  2.956321 |  7.196175 | 11.894986 | 14.076440 |  294 |  28.062500 |     64.636719 |  22.968750 |  38.597656 | 244.000000 | 63.000000 | 138.000000 | 138.000000
  691 |  691 | Update  |  0.061052 | -0.401029 |  0.002665 | 2.644145 |  0.026057 | 0.050000 |   11 |  2.776634 |  7.166142 |  0.000000 | 14.126493 |  294 |  15.531250 |     52.265625 |   0.000000 |  23.699219 | 244.000000 | 63.000000 |   0.000000 | 138.000000
  692 |  692 | Predict |  0.560243 | -0.517148 | -0.004263 | 2.644145 |  0.026057 | 0.050000 |   11 |  2.776634 |  7.166142 |  0.000000 | 14.126493 |  294 |  15.531250 |     52.265625 |   0.000000 |  23.699219 | 244.000000 | 63.000000 |   0.000000 | 138.000000
  693 |  693 | Predict | -1.201889 | -0.606930 |  0.017054 | 2.644145 |  0.026057 | 0.050000 |   11 |  2.776634 |  7.166142 |  0.000000 | 14.126493 |  295 |  15.531250 |     52.265625 |   0.000000 |  23.699219 | 244.000000 | 63.000000 |   0.000000 | 138.000000
  694 |  694 | Predict | -0.683545 |  0.203507 | -0.035573 | 2.644145 |  0.026057 | 0.050000 |   11 |  2.776634 |  7.166142 |  0.000000 | 14.126493 |  296 |  15.531250 |     52.265625 |   0.000000 |  23.699219 | 244.000000 | 63.000000 |   0.000000 | 138.000000
  695 |  695 | Update  | -1.198298 | -0.839168 | -0.037172 | 2.691355 |  0.100698 | 0.050000 |   11 |  2.813442 |  7.116025 |  0.000000 | 14.036408 |  296 |  21.312500 |     49.257812 |   0.000000 |  33.597656 | 244.000000 | 63.000000 |   0.000000 | 138.000000
  696 |  696 | Predict | -0.547075 | -0.166397 | -0.015721 | 2.691355 |  0.100698 | 0.050000 |   11 |  2.813442 |  7.116025 |  0.000000 | 14.036408 |  296 |  21.312500 |     49.257812 |   0.000000 |  33.597656 | 244.000000 | 63.000000 |   0.000000 | 138.000000
  697 |  697 | Predict | -1.297657 |  0.146046 |  0.028112 | 2.691355 |  0.100698 | 0.050000 |   11 |  2.813442 |  7.116025 |  0.000000 | 14.036408 |  297 |  21.312500 |     49.257812 |   0.000000 |  33.597656 | 244.000000 | 63.000000 |   0.000000 | 138.000000
  698 |  698 | Predict | -0.849942 | -0.351948 | -0.013590 | 2.691355 |  0.100698 | 0.050000 |   11 |  2.813442 |  7.116025 |  0.000000 | 14.036408 |  298 |  21.312500 |     49.257812 |   0.000000 |  33.597656 | 244.000000 | 63.000000 |   0.000000 | 138.000000
  699 |  699 | Predict | -1.179144 |  0.557849 | -0.017453 | 2.691355 |  0.100698 | 0.050000 |   11 |  2.813442 |  7.116025 |  0.000000 | 14.036408 |  298 |  21.312500 |     49.257812 |   0.000000 |  33.597656 | 244.000000 | 63.000000 |   0.000000 | 138.000000
  700 |  700 | Predict | -0.426168 |  0.108936 | -0.010658 | 2.691355 |  0.100698 | 0.050000 |   11 |  2.813442 |  7.116025 |  0.000000 | 14.036408 |  299 |  21.312500 |     49.257812 |   0.000000 |  33.597656 | 244.000000 | 63.000000 |   0.000000 | 138.000000
  701 |  701 | Predict |  0.465672 | -0.778116 | -0.032908 | 2.691355 |  0.100698 | 0.050000 |   11 |  2.813442 |  7.116025 |  0.000000 | 14.036408 |  300 |  21.312500 |     49.257812 |   0.000000 |  33.597656 | 244.000000 | 63.000000 |   0.000000 | 138.000000
  702 |  702 | Predict | -1.491588 |  0.336385 |  0.034374 | 2.691355 |  0.100698 | 0.050000 |   11 |  2.813442 |  7.116025 |  0.000000 | 14.036408 |  300 |  21.312500 |     49.257812 |   0.000000 |  33.597656 | 244.000000 | 63.000000 |   0.000000 | 138.000000
  703 |  703 | Update  |  0.126893 | -0.456095 | -0.001066 | 2.894966 | -0.118027 | 0.050000 |   11 |  2.919586 |  6.875453 |  0.000000 | 14.106441 |  300 |  14.058594 |     50.921875 |   0.000000 |  27.550781 | 244.000000 | 63.000000 |   0.000000 | 138.000000
  704 |  704 | Predict | -0.731429 | -0.426168 | -0.050228 | 2.894966 | -0.118027 | 0.050000 |   11 |  2.919586 |  6.875453 |  0.000000 | 14.106441 |  300 |  14.058594 |     50.921875 |   0.000000 |  27.550781 | 244.000000 | 63.000000 |   0.000000 | 138.000000
  705 |  705 | Update  | -1.070208 | -0.205901 | -0.065017 | 3.038070 |  0.219883 | 0.050000 |   11 |  3.505205 |  6.945569 |  0.000000 | 13.846147 |  300 |  13.441406 |     48.804688 |        nan |  29.898438 | 244.000000 | 63.000000 |   0.000000 | 138.000000
  706 |  706 | Predict |  0.490811 |  0.143652 | -0.040103 | 3.038070 |  0.219883 | 0.051000 |   11 |  3.505205 |  6.945569 |  0.000000 | 13.846147 |  301 |  13.441406 |     48.804688 |        nan |  29.898438 | 244.000000 | 63.000000 |   0.000000 | 138.000000
  707 |  707 | Predict |  0.496797 | -0.160412 | -0.032775 | 3.038070 |  0.219883 | 0.050000 |   11 |  3.505205 |  6.945569 |  0.000000 | 13.846147 |  302 |  13.441406 |     48.804688 |        nan |  29.898438 | 244.000000 | 63.000000 |   0.000000 | 138.000000
  708 |  708 | Predict | -0.980426 | -0.656011 | -0.011724 | 3.038070 |  0.219883 | 0.050000 |   11 |  3.505205 |  6.945569 |  0.000000 | 13.846147 |  302 |  13.441406 |     48.804688 |        nan |  29.898438 | 244.000000 | 63.000000 |   0.000000 | 138.000000
  709 |  709 | Update  | -0.943315 |  0.444124 |  0.044766 | 3.096007 |  0.533470 | 0.050000 |    7 |  3.488909 |  6.855365 | 12.165353 |  0.000000 |  302 |  29.578125 |     54.496094 |  31.234375 |   0.000000 | 244.000000 | 63.000000 | 138.000000 |   0.000000
  710 |  710 | Update  |  0.336385 |  0.383072 |  0.039836 | 3.140789 |  0.049316 | 0.051000 |   11 |  3.554489 |  6.825233 |  0.000000 | 13.936301 |  302 |  20.734375 |     28.164062 |   0.000000 |  15.878906 | 244.000000 | 63.000000 |   0.000000 | 138.000000
  711 |  711 | Predict | -1.734599 | -1.229423 |  0.015588 | 3.140789 |  0.049316 | 0.050000 |   11 |  3.554489 |  6.825233 |  0.000000 | 13.936301 |  302 |  20.734375 |     28.164062 |   0.000000 |  15.878906 | 244.000000 | 63.000000 |   0.000000 | 138.000000
  712 |  712 | Predict | -0.220267 |  0.487220 |  0.049695 | 3.140789 |  0.049316 | 0.050000 |   11 |  3.554489 |  6.825233 |  0.000000 | 13.936301 |  303 |  20.734375 |     28.164062 |   0.000000 |  15.878906 | 244.000000 | 63.000000 |   0.000000 | 138.000000
  713 |  713 | Predict |  0.223858 |  0.329203 |  0.115511 | 3.140789 |  0.049316 | 0.050000 |   11 |  3.554489 |  6.825233 |  0.000000 | 13.936301 |  304 |  20.734375 |     28.164062 |   0.000000 |  15.878906 | 244.000000 | 63.000000 |   0.000000 | 138.000000
  714 |  714 | Predict | -0.532710 | -0.818817 |  0.091796 | 3.140789 |  0.049316 | 0.050000 |   11 |  3.554489 |  6.825233 |  0.000000 | 13.936301 |  304 |  20.734375 |     28.164062 |   0.000000 |  15.878906 | 244.000000 | 63.000000 |   0.000000 | 138.000000
  715 |  715 | Predict | -0.766145 | -0.617704 |  0.094194 | 3.140789 |  0.049316 | 0.050000 |   11 |  3.554489 |  6.825233 |  0.000000 | 13.936301 |  305 |  20.734375 |     28.164062 |   0.000000 |  15.878906 | 244.000000 | 63.000000 |   0.000000 | 138.000000
  716 |  716 | Update  | -0.278924 | -0.994791 |  0.116044 | 3.171586 |  0.477430 | 0.050000 |    7 |  3.287112 |  6.644799 | 12.165353 | 13.826097 |  305 |  32.464844 |     69.339844 |  26.230469 |  43.937500 | 244.000000 | 63.000000 | 138.000000 | 138.000000
  717 |  717 | Predict | -0.210690 | -0.379481 |  0.093662 | 3.171586 |  0.477430 | 0.050000 |    7 |  3.287112 |  6.644799 | 12.165353 | 13.826097 |  305 |  32.464844 |     69.339844 |  26.230469 |  43.937500 | 244.000000 | 63.000000 | 138.000000 | 138.000000
  718 |  718 | Predict | -1.155202 | -0.488417 |  0.011458 | 3.171586 |  0.477430 | 0.050000 |    7 |  3.287112 |  6.644799 | 12.165353 | 13.826097 |  306 |  32.464844 |     69.339844 |  26.230469 |  43.937500 | 244.000000 | 63.000000 | 138.000000 | 138.000000
  719 |  719 | Update  | -0.086191 | -0.805649 |  0.018386 | 3.200612 |  0.424207 | 0.050000 |    7 |  3.312407 |  6.614657 | 12.225440 | 13.756063 |  306 |  25.609375 |     64.796875 |  30.582031 |  48.476562 | 244.000000 | 63.000000 | 138.000000 | 138.000000
  720 |  720 | Predict |  0.555455 | -0.658405 |  0.052360 | 3.200612 |  0.424207 | 0.050000 |    7 |  3.312407 |  6.614657 | 12.225440 | 13.756063 |  306 |  25.609375 |     64.796875 |  30.582031 |  48.476562 | 244.000000 | 63.000000 | 138.000000 | 138.000000
  721 |  721 | Update  |  0.450110 | -0.664391 |  0.044632 | 3.213008 |  0.568889 | 0.050000 |    7 |  3.348919 |  6.614752 | 12.090259 | 13.756063 |  306 |  15.160156 |     56.980469 |  21.335938 |  34.500000 | 244.000000 | 63.000000 | 138.000000 | 138.000000
  722 |  722 | Predict | -0.518345 | -0.125696 |  0.027712 | 3.213008 |  0.568889 | 0.050000 |    7 |  3.348919 |  6.614752 | 12.090259 | 13.756063 |  307 |  15.160156 |     56.980469 |  21.335938 |  34.500000 | 244.000000 | 63.000000 | 138.000000 | 138.000000
  723 |  723 | Predict | -0.627281 | -0.232238 | -0.021317 | 3.213008 |  0.568889 | 0.050000 |    7 |  3.348919 |  6.614752 | 12.090259 | 13.756063 |  307 |  15.160156 |     56.980469 |  21.335938 |  34.500000 | 244.000000 | 63.000000 | 138.000000 | 138.000000
  724 |  724 | Predict | -0.820014 | -0.495600 |  0.011991 | 3.213008 |  0.568889 | 0.050000 |    7 |  3.348919 |  6.614752 | 12.090259 | 13.756063 |  308 |  15.160156 |     56.980469 |  21.335938 |  34.500000 | 244.000000 | 63.000000 | 138.000000 | 138.000000
  725 |  725 | Update  | -0.104148 | -0.037110 | -0.006395 | 3.346752 |  0.460498 | 0.050000 |    7 |  3.443476 |  6.464250 | 12.225440 | 13.695981 |  308 |  14.398438 |     48.632812 |  27.058594 |  37.898438 | 244.000000 | 63.000000 | 138.000000 | 138.000000
  726 |  726 | Predict |  0.858321 |  0.361524 | -0.042767 | 3.346752 |  0.460498 | 0.050000 |    7 |  3.443476 |  6.464250 | 12.225440 | 13.695981 |  308 |  14.398438 |     48.632812 |  27.058594 |  37.898438 | 244.000000 | 63.000000 | 138.000000 | 138.000000
  727 |  727 | Predict | -1.957260 |  0.148441 | -0.003997 | 3.346752 |  0.460498 | 0.050000 |    7 |  3.443476 |  6.464250 | 12.225440 | 13.695981 |  309 |  14.398438 |     48.632812 |  27.058594 |  37.898438 | 244.000000 | 63.000000 | 138.000000 | 138.000000
  728 |  728 | Update  | -0.073023 | -0.250194 |  0.034907 | 3.451830 | -0.001439 | 0.050000 |   11 |  3.570743 |  6.374016 |  0.000000 | 13.766016 |  309 |   8.589844 |     40.011719 |   0.000000 |  28.007812 | 244.000000 | 63.000000 |   0.000000 | 138.000000
  729 |  729 | Predict | -0.650026 |  0.695516 |  0.003464 | 3.451830 | -0.001439 | 0.050000 |   11 |  3.570743 |  6.374016 |  0.000000 | 13.766016 |  309 |   8.589844 |     40.011719 |   0.000000 |  28.007812 | 244.000000 | 63.000000 |   0.000000 | 138.000000
  730 |  730 | Update  | -0.421380 |  0.239420 |  0.004263 | 3.525616 |  0.139099 | 0.050000 |   11 |  3.524106 |  6.233531 |  0.000000 | 13.575820 |  309 |   3.910156 |     24.851562 |        nan |  31.210938 | 244.000000 | 63.000000 |   0.000000 | 138.000000
  731 |  731 | Predict | -0.152032 |  0.307655 |  0.014789 | 3.525616 |  0.139099 | 0.052000 |   11 |  3.524106 |  6.233531 |  0.000000 | 13.575820 |  310 |   3.910156 |     24.851562 |        nan |  31.210938 | 244.000000 | 63.000000 |   0.000000 | 138.000000
  732 |  732 | Predict | -1.069011 | -0.621295 |  0.035440 | 3.525616 |  0.139099 | 0.050000 |   11 |  3.524106 |  6.233531 |  0.000000 | 13.575820 |  310 |   3.910156 |     24.851562 |        nan |  31.210938 | 244.000000 | 63.000000 |   0.000000 | 138.000000
  733 |  733 | Predict |  0.506374 |  0.306458 | -0.011858 | 3.525616 |  0.139099 | 0.050000 |   11 |  3.524106 |  6.233531 |  0.000000 | 13.575820 |  311 |   3.910156 |     24.851562 |        nan |  31.210938 | 244.000000 | 63.000000 |   0.000000 | 138.000000
  734 |  734 | Predict |  0.120907 | -1.053449 | -0.006395 | 3.525616 |  0.139099 | 0.050000 |   11 |  3.524106 |  6.233531 |  0.000000 | 13.575820 |  312 |   3.910156 |     24.851562 |        nan |  31.210938 | 244.000000 | 63.000000 |   0.000000 | 138.000000
  735 |  735 | Predict | -0.081403 | -0.575805 | -0.005329 | 3.525616 |  0.139099 | 0.050000 |   11 |  3.524106 |  6.233531 |  0.000000 | 13.575820 |  312 |   3.910156 |     24.851562 |        nan |  31.210938 | 244.000000 | 63.000000 |   0.000000 | 138.000000
  736 |  736 | Predict | -1.954866 |  0.347159 | -0.013856 | 3.525616 |  0.139099 | 0.050000 |   11 |  3.524106 |  6.233531 |  0.000000 | 13.575820 |  313 |   3.910156 |     24.851562 |        nan |  31.210938 | 244.000000 | 63.000000 |   0.000000 | 138.000000
  737 |  737 | Update  | -1.414973 |  0.580594 |  0.005462 | 3.679491 | -0.022350 | 0.050000 |   11 |  3.733316 |  6.113231 |  0.000000 | 13.665904 |  313 |   9.246094 |     44.820312 |   0.000000 |  28.281250 | 244.000000 | 63.000000 |   0.000000 | 138.000000
  738 |  738 | Predict |  0.008380 | -0.215478 |  0.009726 | 3.679491 | -0.022350 | 0.050000 |   11 |  3.733316 |  6.113231 |  0.000000 | 13.665904 |  313 |   9.246094 |     44.820312 |   0.000000 |  28.281250 | 244.000000 | 63.000000 |   0.000000 | 138.000000
  739 |  739 | Update  | -0.984017 | -0.353145 |  0.036372 | 3.802429 |  0.063156 | 0.050000 |   11 |  3.996213 |  6.083083 |  0.000000 | 13.575820 |  313 |   7.800781 |     31.281250 |   0.000000 |  19.406250 | 244.000000 | 63.000000 |   0.000000 | 138.000000
  740 |  740 | Predict | -1.341950 |  0.514753 |  0.023848 | 3.802429 |  0.063156 | 0.050000 |   11 |  3.996213 |  6.083083 |  0.000000 | 13.575820 |  314 |   7.800781 |     31.281250 |   0.000000 |  19.406250 | 244.000000 | 63.000000 |   0.000000 | 138.000000
  741 |  741 | Predict | -1.266533 | -0.384269 | -0.043300 | 3.802429 |  0.063156 | 0.050000 |   11 |  3.996213 |  6.083083 |  0.000000 | 13.575820 |  314 |   7.800781 |     31.281250 |   0.000000 |  19.406250 | 244.000000 | 63.000000 |   0.000000 | 138.000000
  742 |  742 | Predict |  0.410606 | -0.319626 |  0.051161 | 3.802429 |  0.063156 | 0.050000 |   11 |  3.996213 |  6.083083 |  0.000000 | 13.575820 |  315 |   7.800781 |     31.281250 |   0.000000 |  19.406250 | 244.000000 | 63.000000 |   0.000000 | 138.000000
  743 |  743 | Predict | -1.007959 | -0.034716 |  0.042234 | 3.802429 |  0.063156 | 0.050000 |   11 |  3.996213 |  6.083083 |  0.000000 | 13.575820 |  316 |   7.800781 |     31.281250 |   0.000000 |  19.406250 | 244.000000 | 63.000000 |   0.000000 | 138.000000
  744 |  744 | Predict | -0.009577 | -0.712275 |  0.019185 | 3.802429 |  0.063156 | 0.050000 |   11 |  3.996213 |  6.083083 |  0.000000 | 13.575820 |  316 |   7.800781 |     31.281250 |   0.000000 |  19.406250 | 244.000000 | 63.000000 |   0.000000 | 138.000000
  745 |  745 | Predict |  0.678756 |  0.076614 |  0.046231 | 3.802429 |  0.063156 | 0.050000 |   11 |  3.996213 |  6.083083 |  0.000000 | 13.575820 |  317 |   7.800781 |     31.281250 |   0.000000 |  19.406250 | 244.000000 | 63.000000 |   0.000000 | 138.000000
  746 |  746 | Update  | -1.386243 | -0.563834 |  0.001998 | 4.097023 |  0.077152 | 0.050000 |   11 |  4.368456 |  5.862349 |  0.000000 | 13.465683 |  317 |  25.242188 |     31.523438 |   0.000000 |  27.933594 | 244.000000 | 63.000000 |   0.000000 | 138.000000
  747 |  747 | Predict |  0.296881 |  0.402226 |  0.041835 | 4.097023 |  0.077152 | 0.050000 |   11 |  4.368456 |  5.862349 |  0.000000 | 13.465683 |  317 |  25.242188 |     31.523438 |   0.000000 |  27.933594 | 244.000000 | 63.000000 |   0.000000 | 138.000000
  748 |  748 | Update  |  0.351948 | -0.156820 |  0.035440 | 4.162087 |  0.619982 | 0.050000 |    7 |  4.367207 |  5.752057 | 12.360620 | 13.375596 |  317 |  20.746094 |     22.480469 |  26.507812 |  14.628906 | 244.000000 | 63.000000 | 138.000000 | 138.000000
  749 |  749 | Update  | -0.457293 | -1.356315 | -0.012790 | 3.727766 |  0.153799 | 0.050000 |   14 |  4.338251 |  5.792173 | 12.495797 | 13.365499 |  317 |  38.335938 |     33.027344 |  28.382812 |  20.042969 | 244.000000 | 63.000000 | 138.000000 | 138.000000
  750 |  750 | Predict | -0.841562 |  0.306458 |  0.019985 | 3.727766 |  0.153799 | 0.050000 |   14 |  4.338251 |  5.792173 | 12.495797 | 13.365499 |  317 |  38.335938 |     33.027344 |  28.382812 |  20.042969 | 244.000000 | 63.000000 | 138.000000 | 138.000000
  751 |  751 | Update  | -1.416170 |  0.215478 |  0.009193 | 3.714033 |  0.133286 | 0.050000 |   14 |  4.369810 |  5.772072 | 12.495797 | 13.375524 |  317 |  52.121094 |     34.367188 |  50.699219 |  31.121094 | 244.000000 | 63.000000 | 138.000000 | 138.000000
  752 |  752 | Update  | -0.070629 |  0.281319 |  0.018386 | 3.714033 |  0.104941 | 0.051000 |   14 |  4.329535 |  5.711847 | 12.495797 | 13.375524 |  317 |  47.226562 |     29.285156 |  43.882812 |  23.488281 | 244.000000 | 63.000000 | 138.000000 | 138.000000
  753 |  753 | Predict | -0.259771 |  0.186748 | -0.029844 | 3.714033 |  0.104941 | 0.050000 |   14 |  4.329535 |  5.711847 | 12.495797 | 13.375524 |  317 |  47.226562 |     29.285156 |  43.882812 |  23.488281 | 244.000000 | 63.000000 | 138.000000 | 138.000000
  754 |  754 | Predict | -2.419341 | -0.973243 | -0.045565 | 3.714033 |  0.104941 | 0.050000 |   14 |  4.329535 |  5.711847 | 12.495797 | 13.375524 |  318 |  47.226562 |     29.285156 |  43.882812 |  23.488281 | 244.000000 | 63.000000 | 138.000000 | 138.000000
  755 |  755 | Update  | -1.309628 | -0.636858 | -0.007861 | 4.291187 |  0.433726 | 0.050000 |    7 |  4.446360 |  5.591399 | 12.570887 |  0.000000 |  318 |  40.777344 |     25.363281 |  44.488281 |   0.000000 | 244.000000 | 63.000000 | 138.000000 |   0.000000
  756 |  756 | Predict | -0.876278 |  0.758962 | -0.000266 | 4.291187 |  0.433726 | 0.050000 |    7 |  4.446360 |  5.591399 | 12.570887 |  0.000000 |  318 |  40.777344 |     25.363281 |  44.488281 |   0.000000 | 244.000000 | 63.000000 | 138.000000 |   0.000000
  757 |  757 | Predict | -0.648829 | -0.004788 | -0.044366 | 4.291187 |  0.433726 | 0.050000 |    7 |  4.446360 |  5.591399 | 12.570887 |  0.000000 |  319 |  40.777344 |     25.363281 |  44.488281 |   0.000000 | 244.000000 | 63.000000 | 138.000000 |   0.000000
  758 |  758 | Update  | -1.133654 |  0.766145 | -0.037438 | 4.360182 |  0.124021 | 0.050000 |   11 |  4.619754 |  5.611504 |  0.000000 | 13.315513 |  319 |  32.046875 |     18.589844 |   0.000000 |  19.253906 | 244.000000 | 63.000000 |   0.000000 | 138.000000
  759 |  759 | Predict |  1.227028 | -1.428141 | -0.009593 | 4.360182 |  0.124021 | 0.050000 |   11 |  4.619754 |  5.611504 |  0.000000 | 13.315513 |  319 |  32.046875 |     18.589844 |   0.000000 |  19.253906 | 244.000000 | 63.000000 |   0.000000 | 138.000000
  760 |  760 | Update  | -0.827197 |  1.710657 |  0.021184 | 3.782503 |  0.062907 | 0.050000 |   14 |  4.554442 |  5.501184 | 12.495797 | 13.325468 |  319 |  35.230469 |     19.726562 |  34.460938 |  18.843750 | 244.000000 | 63.000000 | 138.000000 | 138.000000
  761 |  761 | Predict |  0.281319 |  0.751779 | -0.034240 | 3.782503 |  0.062907 | 0.050000 |   14 |  4.554442 |  5.501184 | 12.495797 | 13.325468 |  320 |  35.230469 |     19.726562 |  34.460938 |  18.843750 | 244.000000 | 63.000000 | 138.000000 | 138.000000
  762 |  762 | Predict | -1.446098 |  0.195127 |  0.005995 | 3.782503 |  0.062907 | 0.050000 |   14 |  4.554442 |  5.501184 | 12.495797 | 13.325468 |  320 |  35.230469 |     19.726562 |  34.460938 |  18.843750 | 244.000000 | 63.000000 | 138.000000 | 138.000000
  763 |  763 | Predict | -1.477222 |  1.321599 |  0.000666 | 3.782503 |  0.062907 | 0.050000 |   14 |  4.554442 |  5.501184 | 12.495797 | 13.325468 |  321 |  35.230469 |     19.726562 |  34.460938 |  18.843750 | 244.000000 | 63.000000 | 138.000000 | 138.000000
  764 |  764 | Predict |  0.114922 | -1.879448 | -0.003730 | 3.782503 |  0.062907 | 0.050000 |   14 |  4.554442 |  5.501184 | 12.495797 | 13.325468 |  321 |  35.230469 |     19.726562 |  34.460938 |  18.843750 | 244.000000 | 63.000000 | 138.000000 | 138.000000
  765 |  765 | Predict | -1.296460 |  0.852336 |  0.045965 | 3.782503 |  0.062907 | 0.050000 |   14 |  4.554442 |  5.501184 | 12.495797 | 13.325468 |  322 |  35.230469 |     19.726562 |  34.460938 |  18.843750 | 244.000000 | 63.000000 | 138.000000 | 138.000000
  766 |  766 | Predict | -0.822408 | -0.489614 |  0.016521 | 3.782503 |  0.062907 | 0.050000 |   14 |  4.554442 |  5.501184 | 12.495797 | 13.325468 |  323 |  35.230469 |     19.726562 |  34.460938 |  18.843750 | 244.000000 | 63.000000 | 138.000000 | 138.000000
  767 |  767 | Update  | -0.555455 | -0.322020 |  0.031443 | 4.627139 |  0.022028 | 0.050000 |   11 |  4.768011 |  5.260207 |  0.000000 | 13.265454 |  323 |  41.156250 |     14.351562 |   0.000000 |  23.972656 | 244.000000 | 63.000000 |   0.000000 | 138.000000
  768 |  768 | Predict | -0.549469 | -0.952892 |  0.004930 | 4.627139 |  0.022028 | 0.050000 |   11 |  4.768011 |  5.260207 |  0.000000 | 13.265454 |  323 |  41.156250 |     14.351562 |   0.000000 |  23.972656 | 244.000000 | 63.000000 |   0.000000 | 138.000000
  769 |  769 | Predict | -1.098939 | -1.284489 |  0.042234 | 4.627139 |  0.022028 | 0.050000 |   11 |  4.768011 |  5.260207 |  0.000000 | 13.265454 |  324 |  41.156250 |     14.351562 |   0.000000 |  23.972656 | 244.000000 | 63.000000 |   0.000000 | 138.000000
  770 |  770 | Update  | -0.266953 |  1.821988 |  0.083536 | 4.211236 | -0.003497 | 0.050000 |   14 |  4.832048 |  5.019155 | 12.691059 | 13.195349 |  324 |  22.039062 |     10.292969 |  25.324219 |  20.378906 | 244.000000 | 63.000000 | 138.000000 | 138.000000
  771 |  771 | Predict | -1.225831 | -1.392228 |  0.031576 | 4.211236 | -0.003497 | 0.050000 |   14 |  4.832048 |  5.019155 | 12.691059 | 13.195349 |  324 |  22.039062 |     10.292969 |  25.324219 |  20.378906 | 244.000000 | 63.000000 | 138.000000 | 138.000000
  772 |  772 | Update  | -0.123301 |  0.371101 |  0.005329 | 4.807578 |  0.003209 | 0.050000 |   11 |  4.865938 |  5.009096 |  0.000000 | 13.185323 |  324 |  28.097656 |     16.312500 |   0.000000 |  25.187500 | 244.000000 | 63.000000 |   0.000000 | 138.000000
  773 |  773 | Update  |  0.511162 |  0.070629 |  0.006928 | 4.823197 |  0.025933 | 0.050000 |   11 |  4.845889 |  4.958975 |  0.000000 | 13.145290 |  324 |  50.031250 |     20.753906 |   0.000000 |  32.699219 | 244.000000 | 63.000000 |   0.000000 | 138.000000
  774 |  774 | Predict |  0.401029 |  1.216254 |  0.040769 | 4.823197 |  0.025933 | 0.050000 |   11 |  4.845889 |  4.958975 |  0.000000 | 13.145290 |  324 |  50.031250 |     20.753906 |   0.000000 |  32.699219 | 244.000000 | 63.000000 |   0.000000 | 138.000000
  775 |  775 | Update  | -1.054646 | -0.573411 |  0.046764 | 4.848991 |  0.679567 | 0.050000 |    7 |  4.887372 |  4.948908 | 12.495797 | 13.205304 |  324 |  33.746094 |     15.300781 |  24.843750 |  21.421875 | 244.000000 | 63.000000 | 138.000000 | 138.000000
  776 |  776 | Update  | -0.486023 | -0.447716 |  0.056357 | 4.871006 |  0.096229 | 0.050000 |   11 |  4.981535 |  4.999125 |  0.000000 | 13.095161 |  324 |  19.453125 |     14.882812 |        nan |  16.902344 | 244.000000 | 63.000000 |   0.000000 | 138.000000
  777 |  777 | Predict |  0.238223 | -0.884658 |  0.000400 | 4.871006 |  0.096229 | 0.050000 |   11 |  4.981535 |  4.999125 |  0.000000 | 13.095161 |  324 |  19.453125 |     14.882812 |        nan |  16.902344 | 244.000000 | 63.000000 |   0.000000 | 138.000000
  778 |  778 | Update  | -1.589750 |  1.224634 | -0.006395 | 4.893451 |  0.101232 | 0.050000 |   11 |  4.985281 |  4.958878 |  0.000000 | 13.075183 |  324 |  25.929688 |     15.933594 |   0.000000 |  26.238281 | 244.000000 | 63.000000 |   0.000000 | 138.000000
  779 |  779 | Update  | -0.187945 |  0.227449 |  0.001199 | 4.426508 |  0.103695 | 0.050000 |   14 |  4.965065 |  4.858528 | 12.691059 | 13.035150 |  324 |  48.285156 |     26.167969 |  58.351562 |  44.382812 | 244.000000 | 63.000000 | 138.000000 | 138.000000
  780 |  780 | Predict |  0.630872 | -0.368707 |  0.014256 | 4.426508 |  0.103695 | 0.050000 |   14 |  4.965065 |  4.858528 | 12.691059 | 13.035150 |  324 |  48.285156 |     26.167969 |  58.351562 |  44.382812 | 244.000000 | 63.000000 | 138.000000 | 138.000000
  781 |  781 | Update  | -0.511162 |  1.824382 |  0.024781 | 4.506567 |  0.208157 | 0.050000 |   14 |  5.027835 |  4.958973 | 12.691059 | 12.975068 |  324 |  26.976562 |     24.050781 |  29.183594 |  21.816406 | 244.000000 | 63.000000 | 138.000000 | 138.000000
  782 |  782 | Predict |  0.762553 | -0.687136 |  0.040502 | 4.506567 |  0.208157 | 0.050000 |   14 |  5.027835 |  4.958973 | 12.691059 | 12.975068 |  325 |  26.976562 |     24.050781 |  29.183594 |  21.816406 | 244.000000 | 63.000000 | 138.000000 | 138.000000
  783 |  783 | Predict | -0.879869 |  0.596156 |  0.025847 | 4.506567 |  0.208157 | 0.050000 |   14 |  5.027835 |  4.958973 | 12.691059 | 12.975068 |  325 |  26.976562 |     24.050781 |  29.183594 |  21.816406 | 244.000000 | 63.000000 | 138.000000 | 138.000000
  784 |  784 | Update  | -1.489193 | -1.365892 |  0.013723 | 4.664577 |  0.251604 | 0.050000 |   14 |  5.090735 |  4.908754 | 12.751144 | 12.914981 |  325 |  36.925781 |     38.695312 |  41.285156 |  34.015625 | 244.000000 | 63.000000 | 138.000000 | 138.000000
  785 |  785 | Update  |  0.323217 |  0.231040 |  0.046231 | 5.000198 |  0.027211 | 0.050000 |   11 |  5.142191 |  4.908753 |  0.000000 | 13.125239 |  325 |  16.933594 |     32.351562 |   0.000000 |  31.800781 | 244.000000 | 63.000000 |   0.000000 | 138.000000
  786 |  786 | Predict |  0.452504 |  1.771709 |  0.026913 | 5.000198 |  0.027211 | 0.050000 |   11 |  5.142191 |  4.908753 |  0.000000 | 13.125239 |  325 |  16.933594 |     32.351562 |   0.000000 |  31.800781 | 244.000000 | 63.000000 |   0.000000 | 138.000000
  787 |  787 | Update  |  1.063026 | -1.801637 |  0.002531 | 4.584884 |  0.135984 | 0.050000 |   14 |  5.231191 |  4.778112 | 12.751144 | 12.975066 |  325 |  17.773438 |     32.101562 |  23.867188 |  29.078125 | 244.000000 | 63.000000 | 138.000000 | 138.000000
  788 |  788 | Update  | -1.900996 |  0.064643 |  0.048096 | 5.128520 |  0.039837 | 0.050000 |   11 |  5.261317 |  4.778112 |  0.000000 | 13.065157 |  325 |   8.605469 |     29.710938 |   0.000000 |  21.128906 | 244.000000 | 63.000000 |   0.000000 | 138.000000
  789 |  789 | Predict | -1.690306 | -0.098162 | -0.014655 | 5.128520 |  0.039837 | 0.050000 |   11 |  5.261317 |  4.778112 |  0.000000 | 13.065157 |  325 |   8.605469 |     29.710938 |   0.000000 |  21.128906 | 244.000000 | 63.000000 |   0.000000 | 138.000000
  790 |  790 | Update  |  0.432153 |  1.047463 | -0.008260 | 4.683273 |  0.132046 | 0.050000 |   14 |  5.176031 |  4.768045 | 12.826232 | 12.975066 |  325 |  28.625000 |     52.511719 |  54.093750 |  41.703125 | 244.000000 | 63.000000 | 138.000000 | 138.000000
  791 |  791 | Predict | -0.095768 |  0.696713 | -0.038237 | 4.683273 |  0.132046 | 0.050000 |   14 |  5.176031 |  4.768045 | 12.826232 | 12.975066 |  326 |  28.625000 |     52.511719 |  54.093750 |  41.703125 | 244.000000 | 63.000000 | 138.000000 | 138.000000
  792 |  792 | Predict | -0.590171 | -0.472855 | -0.009193 | 4.683273 |  0.132046 | 0.050000 |   14 |  5.176031 |  4.768045 | 12.826232 | 12.975066 |  326 |  28.625000 |     52.511719 |  54.093750 |  41.703125 | 244.000000 | 63.000000 | 138.000000 | 138.000000
  793 |  793 | Predict | -0.678756 |  1.335965 |  0.057023 | 4.683273 |  0.132046 | 0.050000 |   14 |  5.176031 |  4.768045 | 12.826232 | 12.975066 |  327 |  28.625000 |     52.511719 |  54.093750 |  41.703125 | 244.000000 | 63.000000 | 138.000000 | 138.000000
  794 |  794 | Update  | -1.262941 | -1.449689 |  0.015455 | 4.736408 |  0.131888 | 0.050000 |   14 |  5.351824 |  4.657596 | 12.826232 | 12.935036 |  327 |  13.039062 |     48.164062 |  35.171875 |  39.566406 | 244.000000 | 63.000000 | 138.000000 | 138.000000
  795 |  795 | Predict | -0.231040 |  0.475249 | -0.019851 | 4.736408 |  0.131888 | 0.050000 |   14 |  5.351824 |  4.657596 | 12.826232 | 12.935036 |  327 |  13.039062 |     48.164062 |  35.171875 |  39.566406 | 244.000000 | 63.000000 | 138.000000 | 138.000000
  796 |  796 | Update  | -1.164779 |  1.665167 | -0.017054 | 5.302895 |  0.089167 | 0.050000 |   11 |  5.327805 |  4.486713 | 12.826232 | 12.914910 |  327 |  14.406250 |     36.699219 |  34.597656 |  31.437500 | 244.000000 | 63.000000 | 138.000000 | 138.000000
  797 |  797 | Update  | -0.835576 | -1.662773 | -0.061153 | 4.795561 |  0.077127 | 0.050000 |   14 |  5.413178 |  4.597194 | 12.901320 | 12.965041 |  327 |  20.507812 |     54.089844 |  45.921875 |  50.292969 | 244.000000 | 63.000000 | 138.000000 | 138.000000
  798 |  798 | Predict |  0.062249 | -0.639252 |  0.012790 | 4.795561 |  0.077127 | 0.050000 |   14 |  5.413178 |  4.597194 | 12.901320 | 12.965041 |  327 |  20.507812 |     54.089844 |  45.921875 |  50.292969 | 244.000000 | 63.000000 | 138.000000 | 138.000000
  799 |  799 | Update  | -1.776498 |  0.087388 | -0.001732 | 4.954799 |  0.121999 | 0.050000 |   14 |  5.459621 |  4.546944 | 12.961404 | 12.904957 |  327 |  11.617188 |     57.242188 |  39.167969 |  39.011719 | 244.000000 | 63.000000 | 138.000000 | 138.000000
  800 |  800 | Update  |  0.110133 | -1.833959 |  0.028245 | 4.954799 |  0.081285 | 0.051000 |   14 |  5.457125 |  4.436359 | 12.961404 | 12.904957 |  327 |   7.746094 |     44.511719 |  22.390625 |  23.023438 | 244.000000 | 63.000000 | 138.000000 | 138.000000
  801 |  801 | Predict | -1.302446 |  0.605733 |  0.069946 | 4.954799 |  0.081285 | 0.050000 |   14 |  5.457125 |  4.436359 | 12.961404 | 12.904957 |  327 |   7.746094 |     44.511719 |  22.390625 |  23.023438 | 244.000000 | 63.000000 | 138.000000 | 138.000000
  802 |  802 | Predict |  0.780510 | -0.928950 |  0.015322 | 4.954799 |  0.081285 | 0.050000 |   14 |  5.457125 |  4.436359 | 12.961404 | 12.904957 |  328 |   7.746094 |     44.511719 |  22.390625 |  23.023438 | 244.000000 | 63.000000 | 138.000000 | 138.000000
  803 |  803 | Predict | -2.346318 |  3.093309 | -0.007194 | 4.954799 |  0.081285 | 0.050000 |   14 |  5.457125 |  4.436359 | 12.961404 | 12.904957 |  329 |   7.746094 |     44.511719 |  22.390625 |  23.023438 | 244.000000 | 63.000000 | 138.000000 | 138.000000
  804 |  804 | Predict | -0.050278 | -0.028730 | -0.044233 | 4.954799 |  0.081285 | 0.050000 |   14 |  5.457125 |  4.436359 | 12.961404 | 12.904957 |  329 |   7.746094 |     44.511719 |  22.390625 |  23.023438 | 244.000000 | 63.000000 | 138.000000 | 138.000000
  805 |  805 | Update  | -0.615310 | -0.369904 |  0.023848 | 5.466046 |  0.236127 | 0.050000 |    7 |  5.514898 |  4.355971 | 13.171659 |  0.000000 |  329 |   9.015625 |     44.785156 |  28.804688 |   0.000000 | 244.000000 | 63.000000 | 138.000000 |   0.000000
  806 |  806 | Predict |  0.043096 |  0.831985 |  0.018119 | 5.466046 |  0.236127 | 0.050000 |    7 |  5.514898 |  4.355971 | 13.171659 |  0.000000 |  330 |   9.015625 |     44.785156 |  28.804688 |   0.000000 | 244.000000 | 63.000000 | 138.000000 |   0.000000
  807 |  807 | Predict |  0.693121 | -0.694318 |  0.014389 | 5.466046 |  0.236127 | 0.050000 |    7 |  5.514898 |  4.355971 | 13.171659 |  0.000000 |  330 |   9.015625 |     44.785156 |  28.804688 |   0.000000 | 244.000000 | 63.000000 | 138.000000 |   0.000000
  808 |  808 | Update  | -1.495179 | -0.147243 |  0.014655 | 5.915486 |  0.098067 | 0.050000 |   11 |  6.245963 |  4.335823 |  0.000000 | 12.854825 |  330 |  28.324219 |     35.625000 |   0.000000 |  27.445312 | 244.000000 | 63.000000 |   0.000000 | 138.000000
  809 |  809 | Update  | -1.502362 | -0.724246 |  0.047297 | 5.935377 |  0.013910 | 0.050000 |   11 |  6.153279 |  4.154741 |  0.000000 | 12.874878 |  330 |  41.316406 |     55.000000 |   0.000000 |  42.582031 | 244.000000 | 63.000000 |   0.000000 | 138.000000
  810 |  810 | Predict | -0.640449 |  0.359130 |  0.060221 | 5.935377 |  0.013910 | 0.050000 |   11 |  6.153279 |  4.154741 |  0.000000 | 12.874878 |  330 |  41.316406 |     55.000000 |   0.000000 |  42.582031 | 244.000000 | 63.000000 |   0.000000 | 138.000000
  811 |  811 | Update  | -0.609324 | -0.676362 | -0.006395 | 5.278402 |  0.127192 | 0.050000 |   14 |  0.000000 |  4.054230 | 13.036491 | 12.734728 |  330 |  41.316406 |     46.500000 |  44.433594 |  38.886719 | 244.000000 | 63.000000 | 138.000000 | 138.000000
  812 |  812 | Update  |  1.165976 |  0.146046 | -0.021184 | 5.942484 |  0.098171 | 0.050000 |   11 |  6.164604 |  4.154836 |  0.000000 | 12.794815 |  330 |  28.316406 |     48.503906 |   0.000000 |  26.609375 | 244.000000 | 63.000000 |   0.000000 | 138.000000
  813 |  813 | Predict | -0.544681 | -1.159991 |  0.009726 | 5.942484 |  0.098171 | 0.050000 |   11 |  6.164604 |  4.154836 |  0.000000 | 12.794815 |  330 |  28.316406 |     48.503906 |   0.000000 |  26.609375 | 244.000000 | 63.000000 |   0.000000 | 138.000000
  814 |  814 | Update  | -2.035071 | -0.731429 | -0.016121 | 5.410992 |  0.165567 | 0.050000 |   14 |  6.110607 |  4.044149 | 13.096575 | 12.694696 |  330 |  22.855469 |     39.226562 |  19.640625 |  19.882812 | 244.000000 | 63.000000 | 138.000000 | 138.000000
  815 |  815 | Predict | -0.251391 |  1.486799 | -0.027446 | 5.410992 |  0.165567 | 0.050000 |   14 |  6.110607 |  4.044149 | 13.096575 | 12.694696 |  331 |  22.855469 |     39.226562 |  19.640625 |  19.882812 | 244.000000 | 63.000000 | 138.000000 | 138.000000
  816 |  816 | Predict | -0.318429 | -0.442927 |  0.032642 | 5.410992 |  0.165567 | 0.050000 |   14 |  6.110607 |  4.044149 | 13.096575 | 12.694696 |  331 |  22.855469 |     39.226562 |  19.640625 |  19.882812 | 244.000000 | 63.000000 | 138.000000 | 138.000000
  817 |  817 | Predict |  0.175974 | -0.055067 |  0.024914 | 5.410992 |  0.165567 | 0.050000 |   14 |  6.110607 |  4.044149 | 13.096575 | 12.694696 |  332 |  22.855469 |     39.226562 |  19.640625 |  19.882812 | 244.000000 | 63.000000 | 138.000000 | 138.000000
  818 |  818 | Update  | -1.872266 |  0.413000 | -0.009060 | 5.596704 |  0.050650 | 0.050000 |   14 |  6.266084 |  3.883096 | 13.291826 | 12.754708 |  332 |  39.953125 |     47.429688 |  43.679688 |  19.828125 | 244.000000 | 63.000000 | 138.000000 | 138.000000
  819 |  819 | Predict | -2.776077 | -0.341174 |  0.003331 | 5.596704 |  0.050650 | 0.050000 |   14 |  6.266084 |  3.883096 | 13.291826 | 12.754708 |  332 |  39.953125 |     47.429688 |  43.679688 |  19.828125 | 244.000000 | 63.000000 | 138.000000 | 138.000000
  820 |  820 | Update  | -2.551022 |  0.228646 |  0.023049 | 5.675039 |  0.116532 | 0.050000 |   14 |  6.306256 |  3.893182 | 13.291826 | 12.694624 |  332 |  49.890625 |     77.222656 |  58.757812 |  41.843750 | 244.000000 | 63.000000 | 138.000000 | 138.000000
  821 |  821 | Predict | -1.029507 | -1.389834 |  0.021317 | 5.675039 |  0.116532 | 0.051000 |   14 |  6.306256 |  3.893182 | 13.291826 | 12.694624 |  333 |  49.890625 |     77.222656 |  58.757812 |  41.843750 | 244.000000 | 63.000000 | 138.000000 | 138.000000
  822 |  822 | Predict |  0.451307 |  0.748188 |  0.036772 | 5.675039 |  0.116532 | 0.050000 |   14 |  6.306256 |  3.893182 | 13.291826 | 12.694624 |  333 |  49.890625 |     77.222656 |  58.757812 |  41.843750 | 244.000000 | 63.000000 | 138.000000 | 138.000000
  823 |  823 | Predict | -1.015141 | -0.696713 | -0.007594 | 5.675039 |  0.116532 | 0.050000 |   14 |  6.306256 |  3.893182 | 13.291826 | 12.694624 |  334 |  49.890625 |     77.222656 |  58.757812 |  41.843750 | 244.000000 | 63.000000 | 138.000000 | 138.000000
  824 |  824 | Update  | -1.644817 |  1.195904 |  0.007194 | 6.216249 |  0.451507 | 0.050000 |    7 |  6.391482 |  3.842848 | 13.366910 |  0.000000 |  334 |  33.632812 |     57.308594 |  32.191406 |   0.000000 | 244.000000 | 63.000000 | 138.000000 |   0.000000
  825 |  825 | Predict |  0.814029 | -1.284489 |  0.056090 | 6.216249 |  0.451507 | 0.050000 |    7 |  6.391482 |  3.842848 | 13.366910 |  0.000000 |  334 |  33.632812 |     57.308594 |  32.191406 |   0.000000 | 244.000000 | 63.000000 | 138.000000 |   0.000000
  826 |  826 | Update  | -2.707842 | -0.003591 |  0.044899 | 5.868432 |  0.123555 | 0.050000 |   14 |  6.377665 |  3.681693 | 13.366911 | 12.624583 |  334 |  20.714844 |     47.972656 |  25.738281 |  16.347656 | 244.000000 | 63.000000 | 138.000000 | 138.000000
  827 |  827 | Update  |  0.184354 | -2.054225 |  0.030643 | 6.333971 |  0.548032 | 0.050000 |    7 |  6.419082 |  3.580937 | 13.291826 |  0.000000 |  334 |  38.011719 |     59.492188 |  56.984375 |   0.000000 | 244.000000 | 63.000000 | 138.000000 |   0.000000
  828 |  828 | Predict | -1.564611 |  0.317232 |  0.088466 | 6.333971 |  0.548032 | 0.050000 |    7 |  6.419082 |  3.580937 | 13.291826 |  0.000000 |  334 |  38.011719 |     59.492188 |  56.984375 |   0.000000 | 244.000000 | 63.000000 | 138.000000 |   0.000000
  829 |  829 | Predict |  0.100556 |  0.869095 |  0.036505 | 6.333971 |  0.548032 | 0.050000 |    7 |  6.419082 |  3.580937 | 13.291826 |  0.000000 |  335 |  38.011719 |     59.492188 |  56.984375 |   0.000000 | 244.000000 | 63.000000 | 138.000000 |   0.000000
  830 |  830 | Predict | -0.721852 | -0.128090 |  0.006395 | 6.333971 |  0.548032 | 0.050000 |    7 |  6.419082 |  3.580937 | 13.291826 |  0.000000 |  336 |  38.011719 |     59.492188 |  56.984375 |   0.000000 | 244.000000 | 63.000000 | 138.000000 |   0.000000
  831 |  831 | Predict |  0.835576 |  1.112107 |  0.024914 | 6.333971 |  0.548032 | 0.050000 |    7 |  6.419082 |  3.580937 | 13.291826 |  0.000000 |  336 |  38.011719 |     59.492188 |  56.984375 |   0.000000 | 244.000000 | 63.000000 | 138.000000 |   0.000000
  832 |  832 | Update  | -0.697910 | -0.354342 |  0.014655 | 6.526231 |  0.024701 | 0.050000 |   11 |  6.635948 |  3.449836 |  0.000000 | 12.654591 |  336 |  37.496094 |     67.109375 |   0.000000 |  27.933594 | 244.000000 | 63.000000 |   0.000000 | 138.000000
  833 |  833 | Predict | -0.639252 |  0.374693 |  0.043433 | 6.526231 |  0.024701 | 0.050000 |   11 |  6.635948 |  3.449836 |  0.000000 | 12.654591 |  337 |  37.496094 |     67.109375 |   0.000000 |  27.933594 | 244.000000 | 63.000000 |   0.000000 | 138.000000
  834 |  834 | Predict | -0.173580 |  0.693121 |  0.003064 | 6.526231 |  0.024701 | 0.050000 |   11 |  6.635948 |  3.449836 |  0.000000 | 12.654591 |  337 |  37.496094 |     67.109375 |   0.000000 |  27.933594 | 244.000000 | 63.000000 |   0.000000 | 138.000000
  835 |  835 | Update  | -1.719037 | -0.587777 |  0.003597 | 6.048804 |  0.166452 | 0.050000 |   14 |  6.766234 |  3.328764 | 13.366911 | 12.484360 |  337 |  25.484375 |     50.402344 |  32.101562 |  15.144531 | 244.000000 | 63.000000 | 138.000000 | 138.000000
  836 |  836 | Update  | -1.817199 | -1.034295 | -0.026646 | 6.234859 |  0.152791 | 0.050000 |   14 |  6.776308 |  3.278315 | 13.502077 | 12.484360 |  337 |  57.050781 |     50.375000 |  55.148438 |  24.906250 | 244.000000 | 63.000000 | 138.000000 | 138.000000
  837 |  837 | Predict |  0.488417 | -0.714669 | -0.034374 | 6.234859 |  0.152791 | 0.050000 |   14 |  6.776308 |  3.278315 | 13.502077 | 12.484360 |  337 |  57.050781 |     50.375000 |  55.148438 |  24.906250 | 244.000000 | 63.000000 | 138.000000 | 138.000000
  838 |  838 | Update  |  0.094571 |  0.110133 | -0.086467 | 6.394836 |  0.200675 | 0.050000 |   14 |  6.816467 |  3.227852 | 13.562159 | 12.424273 |  337 |  43.625000 |     31.648438 |  46.484375 |  21.593750 | 244.000000 | 63.000000 | 138.000000 | 138.000000
  839 |  839 | Update  | -1.789666 | -0.136469 | -0.089265 | 6.330982 |  0.125892 | 0.050000 |   14 |  6.846415 |  3.136997 | 13.562159 | 12.474333 |  337 |  55.914062 |     48.394531 |  50.464844 |  21.343750 | 244.000000 | 63.000000 | 138.000000 | 138.000000
  840 |  840 | Predict | -0.748188 | -0.760159 | -0.026913 | 6.330982 |  0.125892 | 0.050000 |   14 |  6.846415 |  3.136997 | 13.562159 | 12.474333 |  337 |  55.914062 |     48.394531 |  50.464844 |  21.343750 | 244.000000 | 63.000000 | 138.000000 | 138.000000
  841 |  841 | Update  | -1.434127 |  0.317232 | -0.048230 | 6.834800 |  0.123259 | 0.050000 |   11 |  6.905371 |  3.086494 | 13.562159 | 12.464306 |  337 |  49.343750 |     29.914062 |  41.902344 |  18.441406 | 244.000000 | 63.000000 | 138.000000 | 138.000000
  842 |  842 | Update  |  0.259771 | -1.067814 | -0.027979 | 6.863294 |  0.455166 | 0.050000 |    7 |  6.945528 |  3.086496 | 13.637239 |  0.000000 |  337 |  51.039062 |     35.855469 |  48.429688 |   0.000000 | 244.000000 | 63.000000 | 138.000000 |   0.000000
  843 |  843 | Predict | -0.300472 |  1.136049 |  0.017720 | 6.863294 |  0.455166 | 0.050000 |    7 |  6.945528 |  3.086496 | 13.637239 |  0.000000 |  337 |  51.039062 |     35.855469 |  48.429688 |   0.000000 | 244.000000 | 63.000000 | 138.000000 |   0.000000
  844 |  844 | Update  | -0.090980 |  0.474052 | -0.046897 | 6.866683 |  0.136472 | 0.050000 |   11 |  6.901632 |  2.975310 | 13.562159 | 12.424273 |  337 |  47.054688 |     34.503906 |  44.890625 |  17.406250 | 244.000000 | 63.000000 | 138.000000 | 138.000000
  845 |  845 | Update  | -1.229423 | -0.063446 | -0.054225 | 6.420342 |  0.184499 | 0.050000 |   14 |  6.921642 |  3.086494 | 13.562159 | 12.404220 |  337 |  85.398438 |     37.140625 |  79.746094 |  25.167969 | 244.000000 | 63.000000 | 138.000000 | 138.000000
  846 |  846 | Predict | -0.090980 | -0.866701 | -0.043034 | 6.420342 |  0.184499 | 0.050000 |   14 |  6.921642 |  3.086494 | 13.562159 | 12.404220 |  337 |  85.398438 |     37.140625 |  79.746094 |  25.167969 | 244.000000 | 63.000000 | 138.000000 | 138.000000
  847 |  847 | Update  | -1.502362 |  0.526724 |  0.014389 | 6.588367 |  0.205134 | 0.050000 |   14 |  6.990531 |  2.965179 | 13.637240 | 12.354231 |  337 |  61.320312 |     46.613281 |  57.527344 |  26.113281 | 244.000000 | 63.000000 | 138.000000 | 138.000000
  848 |  848 | Predict | -0.990002 | -0.774524 |  0.020384 | 6.588367 |  0.205134 | 0.052000 |   14 |  6.990531 |  2.965179 | 13.637240 | 12.354231 |  338 |  61.320312 |     46.613281 |  57.527344 |  26.113281 | 244.000000 | 63.000000 | 138.000000 | 138.000000
  849 |  849 | Predict |  0.660800 | -0.548272 |  0.025980 | 6.588367 |  0.205134 | 0.050000 |   14 |  6.990531 |  2.965179 | 13.637240 | 12.354231 |  338 |  61.320312 |     46.613281 |  57.527344 |  26.113281 | 244.000000 | 63.000000 | 138.000000 | 138.000000
  850 |  850 | Predict | -1.221043 |  0.251391 | -0.033041 | 6.588367 |  0.205134 | 0.050000 |   14 |  6.990531 |  2.965179 | 13.637240 | 12.354231 |  339 |  61.320312 |     46.613281 |  57.527344 |  26.113281 | 244.000000 | 63.000000 | 138.000000 | 138.000000
  851 |  851 | Update  | -2.424129 | -1.392228 |  0.001199 | 6.685186 |  0.210376 | 0.050000 |   14 |  7.084514 |  2.944919 | 13.697321 | 12.344204 |  339 |  52.957031 |     63.394531 |  49.945312 |  21.289062 | 244.000000 | 63.000000 | 138.000000 | 138.000000
  852 |  852 | Predict | -1.017536 | -1.124078 |  0.031309 | 6.685186 |  0.210376 | 0.050000 |   14 |  7.084514 |  2.944919 | 13.697321 | 12.344204 |  339 |  52.957031 |     63.394531 |  49.945312 |  21.289062 | 244.000000 | 63.000000 | 138.000000 | 138.000000
  853 |  853 | Update  | -0.140061 |  0.634463 |  0.035972 | 7.024852 |  0.157700 | 0.050000 |   11 |  7.088355 |  2.894350 | 13.637240 | 12.384239 |  339 |  64.144531 |     68.925781 |  55.753906 |  31.394531 | 244.000000 | 63.000000 | 138.000000 | 138.000000
  854 |  854 | Update  | -1.590947 |  0.683545 | -0.015855 | 6.563056 |  0.167876 | 0.050000 |   14 |  7.162189 |  2.894350 | 13.637240 | 12.374210 |  339 |  57.347656 |     73.000000 |  43.785156 |  26.125000 | 244.000000 | 63.000000 | 138.000000 | 138.000000
  855 |  855 | Predict | -0.046687 |  0.524330 |  0.054758 | 6.563056 |  0.167876 | 0.050000 |   14 |  7.162189 |  2.894350 | 13.637240 | 12.374210 |  339 |  57.347656 |     73.000000 |  43.785156 |  26.125000 | 244.000000 | 63.000000 | 138.000000 | 138.000000
  856 |  856 | Update  |  0.278924 |  0.438139 |  0.056757 | 7.082100 |  0.595213 | 0.050000 |    7 |  7.187318 |  2.944919 | 13.637240 |  0.000000 |  339 |  59.191406 |     86.882812 |  51.039062 |   0.000000 | 244.000000 | 63.000000 | 138.000000 |   0.000000
  857 |  857 | Predict | -1.389834 |  1.577779 |  0.052760 | 7.082100 |  0.595213 | 0.050000 |    7 |  7.187318 |  2.944919 | 13.637240 |  0.000000 |  340 |  59.191406 |     86.882812 |  51.039062 |   0.000000 | 244.000000 | 63.000000 | 138.000000 |   0.000000
  858 |  858 | Predict | -0.343568 | -0.430956 |  0.025847 | 7.082100 |  0.595213 | 0.050000 |    7 |  7.187318 |  2.944919 | 13.637240 |  0.000000 |  340 |  59.191406 |     86.882812 |  51.039062 |   0.000000 | 244.000000 | 63.000000 | 138.000000 |   0.000000
  859 |  859 | Predict | -0.287304 | -1.610101 |  0.026513 | 7.082100 |  0.595213 | 0.050000 |    7 |  7.187318 |  2.944919 | 13.637240 |  0.000000 |  341 |  59.191406 |     86.882812 |  51.039062 |   0.000000 | 244.000000 | 63.000000 | 138.000000 |   0.000000
  860 |  860 | Update  | -1.131260 | -0.837971 |  0.012923 | 7.216984 |  0.293631 | 0.050000 |    7 |  7.308877 |  2.793160 | 13.967644 |  0.000000 |  341 |  45.199219 |    123.472656 |  45.992188 |   0.000000 | 244.000000 | 63.000000 | 138.000000 |   0.000000
  861 |  861 | Predict |  0.462081 |  0.367510 |  0.049828 | 7.216984 |  0.293631 | 0.050000 |    7 |  7.308877 |  2.793160 | 13.967644 |  0.000000 |  341 |  45.199219 |    123.472656 |  45.992188 |   0.000000 | 244.000000 | 63.000000 | 138.000000 |   0.000000
  862 |  862 | Predict | -1.035492 | -0.125696 |  0.029844 | 7.216984 |  0.293631 | 0.050000 |    7 |  7.308877 |  2.793160 | 13.967644 |  0.000000 |  342 |  45.199219 |    123.472656 |  45.992188 |   0.000000 | 244.000000 | 63.000000 | 138.000000 |   0.000000
  863 |  863 | Predict | -1.461660 |  0.949301 |  0.011591 | 7.216984 |  0.293631 | 0.050000 |    7 |  7.308877 |  2.793160 | 13.967644 |  0.000000 |  343 |  45.199219 |    123.472656 |  45.992188 |   0.000000 | 244.000000 | 63.000000 | 138.000000 |   0.000000
  864 |  864 | Predict | -0.755371 |  0.108936 |  0.009992 | 7.216984 |  0.293631 | 0.050000 |    7 |  7.308877 |  2.793160 | 13.967644 |  0.000000 |  343 |  45.199219 |    123.472656 |  45.992188 |   0.000000 | 244.000000 | 63.000000 | 138.000000 |   0.000000
  865 |  865 | Predict |  0.423774 | -0.803255 |  0.029178 | 7.216984 |  0.293631 | 0.050000 |    7 |  7.308877 |  2.793160 | 13.967644 |  0.000000 |  344 |  45.199219 |    123.472656 |  45.992188 |   0.000000 | 244.000000 | 63.000000 | 138.000000 |   0.000000
  866 |  866 | Predict | -0.387861 | -1.001973 | -0.018253 | 7.216984 |  0.293631 | 0.050000 |    7 |  7.308877 |  2.793160 | 13.967644 |  0.000000 |  345 |  45.199219 |    123.472656 |  45.992188 |   0.000000 | 244.000000 | 63.000000 | 138.000000 |   0.000000
  867 |  867 | Predict | -0.430956 |  0.099359 | -0.010925 | 7.216984 |  0.293631 | 0.050000 |    7 |  7.308877 |  2.793160 | 13.967644 |  0.000000 |  345 |  45.199219 |    123.472656 |  45.992188 |   0.000000 | 244.000000 | 63.000000 | 138.000000 |   0.000000
  868 |  868 | Update  | -1.443704 | -1.188721 |  0.050495 | 7.106304 |  0.164681 | 0.050000 |   14 |  7.556957 |  2.610725 | 13.967645 | 12.314124 |  345 |  48.195312 |    124.667969 |  40.226562 |  22.769531 | 244.000000 | 63.000000 | 138.000000 | 138.000000
  869 |  869 | Update  | -0.930147 |  0.614113 |  0.044233 | 6.999143 |  0.143410 | 0.050000 |   14 |  7.595717 |  2.509361 | 13.892565 | 12.314125 |  345 |  52.000000 |    147.640625 |  48.195312 |  29.359375 | 244.000000 | 63.000000 | 138.000000 | 138.000000
  870 |  870 | Predict |  1.485602 |  0.332794 | -0.004263 | 6.999143 |  0.143410 | 0.050000 |   14 |  7.595717 |  2.509361 | 13.892565 | 12.314125 |  345 |  52.000000 |    147.640625 |  48.195312 |  29.359375 | 244.000000 | 63.000000 | 138.000000 | 138.000000
  871 |  871 | Update  | -0.310049 |  0.866701 |  0.000133 | 7.513669 |  0.159240 | 0.050000 |   11 |  7.573256 |  2.438234 |  0.000000 | 12.284117 |  345 |  56.796875 |    147.203125 |   0.000000 |  31.671875 | 244.000000 | 63.000000 |   0.000000 | 138.000000
  872 |  872 | Update  | -1.599327 | -0.426168 |  0.054358 | 7.206997 |  0.217726 | 0.050000 |   14 |  7.618349 |  2.478842 | 13.967645 | 12.234056 |  345 |  28.820312 |     83.527344 |  26.847656 |  31.308594 | 244.000000 | 63.000000 | 138.000000 | 138.000000
  873 |  873 | Predict | -0.055067 | -0.385466 |  0.015188 | 7.206997 |  0.217726 | 0.050000 |   14 |  7.618349 |  2.478842 | 13.967645 | 12.234056 |  345 |  28.820312 |     83.527344 |  26.847656 |  31.308594 | 244.000000 | 63.000000 | 138.000000 | 138.000000
  874 |  874 | Update  | -0.688333 | -0.373495 | -0.002931 | 7.615667 |  0.091875 | 0.050000 |   11 |  7.644581 |  2.244861 | 13.892565 | 12.314124 |  345 |  43.421875 |     81.847656 |  37.007812 |  19.707031 | 244.000000 | 63.000000 | 138.000000 | 138.000000
  875 |  875 | Update  | -0.019154 | -1.483208 |  0.027979 | 7.642729 |  0.528576 | 0.050000 |    7 |  7.691057 |  2.285583 | 13.967645 |  0.000000 |  345 |  48.089844 |     85.613281 |  34.449219 |   0.000000 | 244.000000 | 63.000000 | 138.000000 |   0.000000
  876 |  876 | Predict | -1.207875 | -0.379481 |  0.048896 | 7.642729 |  0.528576 | 0.050000 |    7 |  7.691057 |  2.285583 | 13.967645 |  0.000000 |  345 |  48.089844 |     85.613281 |  34.449219 |   0.000000 | 244.000000 | 63.000000 | 138.000000 |   0.000000
  877 |  877 | Update  |  0.003591 | -1.243788 |  0.056224 | 7.700911 |  0.159520 | 0.050000 |   11 |  7.732307 |  2.173566 | 14.102806 | 12.234056 |  345 |  58.214844 |     65.660156 |  44.570312 |  34.042969 | 244.000000 | 63.000000 | 138.000000 | 138.000000
  878 |  878 | Update  | -0.500388 | -0.864307 |  0.050761 | 7.731216 |  0.068205 | 0.050000 |   11 |  7.753555 |  2.112312 | 13.967645 | 12.314124 |  345 |  55.324219 |     79.292969 |  54.343750 |  25.464844 | 244.000000 | 63.000000 | 138.000000 | 138.000000
  879 |  879 | Predict |  2.401384 | -1.146823 |  0.063818 | 7.731216 |  0.068205 | 0.050000 |   11 |  7.753555 |  2.112312 | 13.967645 | 12.314124 |  345 |  55.324219 |     79.292969 |  54.343750 |  25.464844 | 244.000000 | 63.000000 | 138.000000 | 138.000000
  880 |  880 | Update  |  0.015562 |  0.254982 |  0.110182 | 7.799505 |  0.176661 | 0.050000 |   11 |  7.820063 |  2.040749 | 14.027726 | 12.194020 |  345 |  45.843750 |     57.984375 |  37.316406 |  22.609375 | 244.000000 | 63.000000 | 138.000000 | 138.000000
  881 |  881 | Update  | -0.696713 | -0.228646 |  0.113247 | 7.769783 |  0.113355 | 0.050000 |   11 |  7.793695 |  2.081616 | 14.102806 | 12.264064 |  345 |  31.160156 |    100.027344 |  42.082031 |  20.664062 | 244.000000 | 63.000000 | 138.000000 | 138.000000
  882 |  882 | Predict | -1.373075 | -1.373075 |  0.119775 | 7.769783 |  0.113355 | 0.050000 |   11 |  7.793695 |  2.081616 | 14.102806 | 12.264064 |  345 |  31.160156 |    100.027344 |  42.082031 |  20.664062 | 244.000000 | 63.000000 | 138.000000 | 138.000000
  883 |  883 | Update  | -0.186748 |  0.812831 |  0.223162 | 7.475789 |  0.142245 | 0.050000 |   14 |  7.828887 |  2.132674 | 14.162885 | 12.244081 |  345 |  40.019531 |    130.960938 |  59.726562 |  28.109375 | 244.000000 | 63.000000 | 138.000000 | 138.000000
  884 |  884 | Update  | -0.411803 | -0.639252 |  0.187723 | 7.804617 |  0.104757 | 0.052000 |   11 |  7.823800 |  2.030597 |  0.000000 | 12.264064 |  345 |  31.886719 |     57.515625 |        nan |  33.207031 | 244.000000 | 63.000000 |   0.000000 | 138.000000
  885 |  885 | Predict | -1.076194 |  0.477643 |  0.143357 | 7.804617 |  0.104757 | 0.050000 |   11 |  7.823800 |  2.030597 |  0.000000 | 12.264064 |  345 |  31.886719 |     57.515625 |        nan |  33.207031 | 244.000000 | 63.000000 |   0.000000 | 138.000000
  886 |  886 | Update  | -0.336385 | -0.936133 |  0.162142 | 7.613350 |  0.243475 | 0.050000 |   14 |  7.838819 |  2.081614 | 14.162885 | 12.133932 |  345 |  14.906250 |    115.156250 |  30.843750 |  14.312500 | 244.000000 | 63.000000 | 138.000000 | 138.000000
  887 |  887 | Update  | -0.317232 |  1.181539 |  0.131632 | 7.447352 |  0.091527 | 0.050000 |   14 |  0.000000 |  2.071475 | 14.177886 | 12.284044 |  345 |  14.906250 |    176.832031 |  50.976562 |  22.789062 | 244.000000 | 63.000000 | 138.000000 | 138.000000
  888 |  888 | Predict |  0.069432 | -1.086968 |  0.063685 | 7.447352 |  0.091527 | 0.050000 |   14 |  0.000000 |  2.071475 | 14.177886 | 12.284044 |  345 |  14.906250 |    176.832031 |  50.976562 |  22.789062 | 244.000000 | 63.000000 | 138.000000 | 138.000000
  889 |  889 | Predict | -0.448913 |  1.689109 |  0.092329 | 7.447352 |  0.091527 | 0.050000 |   14 |  0.000000 |  2.071475 | 14.177886 | 12.284044 |  346 |  14.906250 |    176.832031 |  50.976562 |  22.789062 | 244.000000 | 63.000000 | 138.000000 | 138.000000
  890 |  890 | Predict | -0.010774 | -0.165200 |  0.102055 | 7.447352 |  0.091527 | 0.050000 |   14 |  0.000000 |  2.071475 | 14.177886 | 12.284044 |  347 |  14.906250 |    176.832031 |  50.976562 |  22.789062 | 244.000000 | 63.000000 | 138.000000 | 138.000000
  891 |  891 | Predict | -0.741005 |  0.409408 |  0.116044 | 7.447352 |  0.091527 | 0.050000 |   14 |  0.000000 |  2.071475 | 14.177886 | 12.284044 |  347 |  14.906250 |    176.832031 |  50.976562 |  22.789062 | 244.000000 | 63.000000 | 138.000000 | 138.000000
  892 |  892 | Predict |  0.124498 |  0.519542 |  0.105652 | 7.447352 |  0.091527 | 0.050000 |   14 |  0.000000 |  2.071475 | 14.177886 | 12.284044 |  348 |  14.906250 |    176.832031 |  50.976562 |  22.789062 | 244.000000 | 63.000000 | 138.000000 | 138.000000
  893 |  893 | Predict |  0.667982 | -0.847547 |  0.118976 | 7.447352 |  0.091527 | 0.050000 |   14 |  0.000000 |  2.071475 | 14.177886 | 12.284044 |  349 |  14.906250 |    176.832031 |  50.976562 |  22.789062 | 244.000000 | 63.000000 | 138.000000 | 138.000000
  894 |  894 | Predict |  0.533907 | -0.011971 |  0.086467 | 7.447352 |  0.091527 | 0.050000 |   14 |  0.000000 |  2.071475 | 14.177886 | 12.284044 |  349 |  14.906250 |    176.832031 |  50.976562 |  22.789062 | 244.000000 | 63.000000 | 138.000000 | 138.000000
  895 |  895 | Update  |  0.306458 | -0.286107 |  0.080205 | 7.747590 |  0.230252 | 0.050000 |   14 |  8.078023 |  1.876815 | 14.237965 | 12.113806 |  349 |  54.132812 |    167.246094 |  59.390625 |  28.738281 | 244.000000 | 63.000000 | 138.000000 | 138.000000
  896 |  896 | Update  | -0.464475 | -1.058237 |  0.106585 | 8.081120 |  0.179504 | 0.050000 |   11 |  8.108228 |  1.804850 | 14.237965 | 12.153912 |  349 |  45.617188 |    177.332031 |  50.417969 |  24.140625 | 244.000000 | 63.000000 | 138.000000 | 138.000000
  897 |  897 | Predict |  0.064643 |  1.660379 |  0.179596 | 8.081120 |  0.179504 | 0.050000 |   11 |  8.108228 |  1.804850 | 14.237965 | 12.153912 |  349 |  45.617188 |    177.332031 |  50.417969 |  24.140625 | 244.000000 | 63.000000 | 138.000000 | 138.000000
  898 |  898 | Predict | -1.145625 | -2.470816 |  0.195717 | 8.081120 |  0.179504 | 0.050000 |   11 |  8.108228 |  1.804850 | 14.237965 | 12.153912 |  350 |  45.617188 |    177.332031 |  50.417969 |  24.140625 | 244.000000 | 63.000000 | 138.000000 | 138.000000
  899 |  899 | Update  |  0.840365 |  0.468066 |  0.261666 | 8.116879 |  0.204840 | 0.050000 |   11 |  8.144386 |  1.774018 | 14.237965 | 12.123904 |  350 |  50.703125 |    137.640625 |  38.640625 |  21.898438 | 244.000000 | 63.000000 | 138.000000 | 138.000000
  900 |  900 | Predict | -0.360327 |  1.133654 |  0.242747 | 8.116879 |  0.204840 | 0.050000 |   11 |  8.144386 |  1.774018 | 14.237965 | 12.123904 |  350 |  50.703125 |    137.640625 |  38.640625 |  21.898438 | 244.000000 | 63.000000 | 138.000000 | 138.000000
  901 |  901 | Update  | -0.865504 | -1.084573 |  0.160277 | 8.194782 |  0.254486 | 0.050000 |   11 |  8.237214 |  1.774020 | 14.177886 | 12.073843 |  350 |  73.746094 |    150.824219 |  54.097656 |  31.070312 | 244.000000 | 63.000000 | 138.000000 | 138.000000
  902 |  902 | Update  | -0.956484 |  0.169988 |  0.167205 | 8.172801 |  0.174683 | 0.051000 |   11 |  8.195834 |  1.701828 | 14.237965 | 12.143886 |  350 |  51.781250 |    104.707031 |  42.792969 |  28.820312 | 244.000000 | 63.000000 | 138.000000 | 138.000000
  903 |  903 | Predict | -1.108515 |  0.173580 |  0.187989 | 8.172801 |  0.174683 | 0.050000 |   11 |  8.195834 |  1.701828 | 14.237965 | 12.143886 |  350 |  51.781250 |    104.707031 |  42.792969 |  28.820312 | 244.000000 | 63.000000 | 138.000000 | 138.000000
  904 |  904 | Predict | -0.663194 | -0.914585 |  0.224628 | 8.172801 |  0.174683 | 0.050000 |   11 |  8.195834 |  1.701828 | 14.237965 | 12.143886 |  351 |  51.781250 |    104.707031 |  42.792969 |  28.820312 | 244.000000 | 63.000000 | 138.000000 | 138.000000
  905 |  905 | Update  | -0.821211 | -0.958878 |  0.264064 | 8.210086 |  0.567489 | 0.050000 |    7 |  8.229604 |  1.650178 | 14.237965 |  0.000000 |  351 |  41.253906 |    127.703125 |  41.675781 |   0.000000 | 244.000000 | 63.000000 | 138.000000 |   0.000000
  906 |  906 | Predict |  0.001197 |  0.877475 |  0.247011 | 8.210086 |  0.567489 | 0.050000 |    7 |  8.229604 |  1.650178 | 14.237965 |  0.000000 |  351 |  41.253906 |    127.703125 |  41.675781 |   0.000000 | 244.000000 | 63.000000 | 138.000000 |   0.000000
  907 |  907 | Predict | -0.525527 |  0.330400 |  0.225294 | 8.210086 |  0.567489 | 0.050000 |    7 |  8.229604 |  1.650178 | 14.237965 |  0.000000 |  352 |  41.253906 |    127.703125 |  41.675781 |   0.000000 | 244.000000 | 63.000000 | 138.000000 |   0.000000
  908 |  908 | Predict | -1.721431 | -0.600945 |  0.214636 | 8.210086 |  0.567489 | 0.050000 |    7 |  8.229604 |  1.650178 | 14.237965 |  0.000000 |  353 |  41.253906 |    127.703125 |  41.675781 |   0.000000 | 244.000000 | 63.000000 | 138.000000 |   0.000000
  909 |  909 | Predict | -0.348356 |  0.112527 |  0.208240 | 8.210086 |  0.567489 | 0.050000 |    7 |  8.229604 |  1.650178 | 14.237965 |  0.000000 |  354 |  41.253906 |    127.703125 |  41.675781 |   0.000000 | 244.000000 | 63.000000 | 138.000000 |   0.000000
  910 |  910 | Predict |  0.118513 | -0.438139 |  0.127103 | 8.210086 |  0.567489 | 0.051000 |    7 |  8.229604 |  1.650178 | 14.237965 |  0.000000 |  354 |  41.253906 |    127.703125 |  41.675781 |   0.000000 | 244.000000 | 63.000000 | 138.000000 |   0.000000
  911 |  911 | Update  | -0.155623 | -0.527921 |  0.136962 | 8.229733 |  0.242059 | 0.050000 |   11 |  8.230848 |  1.536250 | 14.298044 | 12.053788 |  354 |  42.812500 |    136.988281 |  43.484375 |  24.433594 | 244.000000 | 63.000000 | 138.000000 | 138.000000
  912 |  912 | Predict | -1.646014 |  1.055843 |  0.224894 | 8.229733 |  0.242059 | 0.050000 |   11 |  8.230848 |  1.536250 | 14.298044 | 12.053788 |  354 |  42.812500 |    136.988281 |  43.484375 |  24.433594 | 244.000000 | 63.000000 | 138.000000 | 138.000000
  913 |  913 | Update  |  1.222240 | -0.044293 |  0.276188 | 8.315847 |  0.288884 | 0.050000 |   11 |  8.328520 |  1.515421 | 14.237964 | 12.003655 |  354 |  89.300781 |    161.238281 |  64.648438 |  32.378906 | 244.000000 | 63.000000 | 138.000000 | 138.000000
  914 |  914 | Update  |  0.173580 |  0.332794 |  0.280585 | 8.305691 |  0.257959 | 0.050000 |   11 |  8.314716 |  1.504996 | 14.373122 | 12.033736 |  354 |  81.214844 |    172.847656 |  53.410156 |  31.535156 | 244.000000 | 63.000000 | 138.000000 | 138.000000
  915 |  915 | Predict | -1.382651 |  0.233435 |  0.227026 | 8.305691 |  0.257959 | 0.050000 |   11 |  8.314716 |  1.504996 | 14.373122 | 12.033736 |  354 |  81.214844 |    172.847656 |  53.410156 |  31.535156 | 244.000000 | 63.000000 | 138.000000 | 138.000000
  916 |  916 | Update  | -0.227449 | -1.167173 |  0.188655 | 8.399231 |  0.275098 | 0.050000 |   11 |  8.420097 |  1.484134 | 14.373122 | 12.013753 |  354 |  62.621094 |    146.656250 |  43.941406 |  29.339844 | 244.000000 | 63.000000 | 138.000000 | 138.000000
  917 |  917 | Update  | -0.723049 |  0.991199 |  0.136695 | 8.377609 |  0.680190 | 0.050000 |    7 |  8.395015 |  1.484232 | 14.237965 |  0.000000 |  354 |  66.312500 |    175.945312 |  36.722656 |   0.000000 | 244.000000 | 63.000000 | 138.000000 |   0.000000
  918 |  918 | Predict | -0.755371 | -0.773327 |  0.137894 | 8.377609 |  0.680190 | 0.050000 |    7 |  8.395015 |  1.484232 | 14.237965 |  0.000000 |  354 |  66.312500 |    175.945312 |  36.722656 |   0.000000 | 244.000000 | 63.000000 | 138.000000 |   0.000000
  919 |  919 | Update  | -0.756568 |  1.628057 |  0.172534 | 8.356163 |  0.286226 | 0.050000 |   11 |  8.357374 |  1.411033 |  0.000000 | 11.993628 |  354 |  97.179688 |    187.011719 |   0.000000 |  26.617188 | 244.000000 | 63.000000 |   0.000000 | 138.000000
  920 |  920 | Update  | -1.308431 |  0.131681 |  0.218899 | 8.462008 |  0.498017 | 0.050000 |    7 |  8.488944 |  1.463348 | 14.448202 |  0.000000 |  354 |  91.257812 |    181.382812 |  63.664062 |   0.000000 | 244.000000 | 63.000000 | 138.000000 |   0.000000
  921 |  921 | Predict | -0.272939 | -0.869095 |  0.175466 | 8.462008 |  0.498017 | 0.050000 |    7 |  8.488944 |  1.463348 | 14.448202 |  0.000000 |  354 |  91.257812 |    181.382812 |  63.664062 |   0.000000 | 244.000000 | 63.000000 | 138.000000 |   0.000000
  922 |  922 | Update  | -0.524330 | -0.852336 |  0.152949 | 8.458504 |  0.270168 | 0.050000 |   11 |  8.481333 |  1.442437 | 14.373123 | 12.013680 |  354 |  53.371094 |    173.062500 |  32.144531 |  15.937500 | 244.000000 | 63.000000 | 138.000000 | 138.000000
  923 |  923 | Update  |  0.749385 |  0.065841 |  0.194784 | 8.462895 |  0.250671 | 0.050000 |   11 |  8.472547 |  1.358644 |  0.000000 | 12.023707 |  354 |  37.531250 |    164.980469 |   0.000000 |  16.207031 | 244.000000 | 63.000000 |   0.000000 | 138.000000
  924 |  924 | Predict | -0.305261 | -0.185551 |  0.158412 | 8.462895 |  0.250671 | 0.050000 |   11 |  8.472547 |  1.358644 |  0.000000 | 12.023707 |  354 |  37.531250 |    164.980469 |   0.000000 |  16.207031 | 244.000000 | 63.000000 |   0.000000 | 138.000000
  925 |  925 | Update  |  0.513556 | -0.762553 |  0.192519 | 8.489706 |  0.373201 | 0.050000 |   11 |  8.510186 |  1.400644 | 14.373122 | 11.903601 |  354 |  52.824219 |    168.218750 |  25.941406 |  19.589844 | 244.000000 | 63.000000 | 138.000000 | 138.000000
  926 |  926 | Predict |  0.259771 |  0.863110 |  0.197449 | 8.489706 |  0.373201 | 0.050000 |   11 |  8.510186 |  1.400644 | 14.373122 | 11.903601 |  355 |  52.824219 |    168.218750 |  25.941406 |  19.589844 | 244.000000 | 63.000000 | 138.000000 | 138.000000
  927 |  927 | Predict | -0.621295 | -0.876278 |  0.228625 | 8.489706 |  0.373201 | 0.050000 |   11 |  8.510186 |  1.400644 | 14.373122 | 11.903601 |  355 |  52.824219 |    168.218750 |  25.941406 |  19.589844 | 244.000000 | 63.000000 | 138.000000 | 138.000000
  928 |  928 | Predict | -1.595735 |  0.511162 |  0.228225 | 8.489706 |  0.373201 | 0.050000 |   11 |  8.510186 |  1.400644 | 14.373122 | 11.903601 |  356 |  52.824219 |    168.218750 |  25.941406 |  19.589844 | 244.000000 | 63.000000 | 138.000000 | 138.000000
  929 |  929 | Predict | -0.332794 | -0.503979 |  0.257802 | 8.489706 |  0.373201 | 0.050000 |   11 |  8.510186 |  1.400644 | 14.373122 | 11.903601 |  357 |  52.824219 |    168.218750 |  25.941406 |  19.589844 | 244.000000 | 63.000000 | 138.000000 | 138.000000
  930 |  930 | Predict | -0.316035 |  0.077812 |  0.275256 | 8.489706 |  0.373201 | 0.050000 |   11 |  8.510186 |  1.400644 | 14.373122 | 11.903601 |  357 |  52.824219 |    168.218750 |  25.941406 |  19.589844 | 244.000000 | 63.000000 | 138.000000 | 138.000000
  931 |  931 | Predict |  0.468066 | -0.171185 |  0.280185 | 8.489706 |  0.373201 | 0.050000 |   11 |  8.510186 |  1.400644 | 14.373122 | 11.903601 |  358 |  52.824219 |    168.218750 |  25.941406 |  19.589844 | 244.000000 | 63.000000 | 138.000000 | 138.000000
  932 |  932 | Update  |  0.650026 |  0.250194 |  0.302035 | 8.593916 |  0.323590 | 0.050000 |   11 |  8.614041 |  1.306169 | 14.313046 | 11.943637 |  358 |  34.273438 |    177.097656 |  23.410156 |  18.464844 | 244.000000 | 63.000000 | 138.000000 | 138.000000
  933 |  933 | Predict | -0.486023 | -0.262165 |  0.326949 | 8.593916 |  0.323590 | 0.050000 |   11 |  8.614041 |  1.306169 | 14.313046 | 11.943637 |  359 |  34.273438 |    177.097656 |  23.410156 |  18.464844 | 244.000000 | 63.000000 | 138.000000 | 138.000000
  934 |  934 | Predict | -0.696713 | -0.593762 |  0.294974 | 8.593916 |  0.323590 | 0.050000 |   11 |  8.614041 |  1.306169 | 14.313046 | 11.943637 |  359 |  34.273438 |    177.097656 |  23.410156 |  18.464844 | 244.000000 | 63.000000 | 138.000000 | 138.000000
  935 |  935 | Update  |  0.044293 |  0.122104 |  0.269793 | 8.650826 |  0.351853 | 0.050000 |   11 |  8.662992 |  1.200380 | 14.373123 | 11.903601 |  359 |  55.289062 |    179.000000 |  31.761719 |  31.035156 | 244.000000 | 63.000000 | 138.000000 | 138.000000
  936 |  936 | Predict | -1.159991 |  0.045490 |  0.265796 | 8.650826 |  0.351853 | 0.050000 |   11 |  8.662992 |  1.200380 | 14.373123 | 11.903601 |  359 |  55.289062 |    179.000000 |  31.761719 |  31.035156 | 244.000000 | 63.000000 | 138.000000 | 138.000000
  937 |  937 | Update  | -0.513556 |  0.056264 |  0.225694 | 8.277520 |  0.414651 | 0.050000 |   14 |  0.000000 |  1.242790 | 14.373122 | 11.843439 |  359 |  55.289062 |    174.875000 |  38.843750 |  26.304688 | 244.000000 | 63.000000 | 138.000000 | 138.000000
  938 |  938 | Update  |  0.553061 | -0.468066 |  0.212770 | 8.657431 |  0.429787 | 0.051000 |   11 |  8.670430 |  1.200380 | 14.373122 | 11.823456 |  359 |  26.992188 |    169.632812 |  24.597656 |  16.050781 | 244.000000 | 63.000000 | 138.000000 | 138.000000
  939 |  939 | Predict | -0.931344 |  0.094571 |  0.206109 | 8.657431 |  0.429787 | 0.050000 |   11 |  8.670430 |  1.200380 | 14.373122 | 11.823456 |  359 |  26.992188 |    169.632812 |  24.597656 |  16.050781 | 244.000000 | 63.000000 | 138.000000 | 138.000000
  940 |  940 | Update  | -0.398635 |  0.521936 |  0.285381 | 8.719932 |  0.471079 | 0.050000 |   11 |  8.730555 |  1.125662 | 14.373122 | 11.773393 |  359 |  38.953125 |    181.265625 |  38.941406 |  27.375000 | 244.000000 | 63.000000 | 138.000000 | 138.000000
  941 |  941 | Update  | -0.231040 |  0.038307 |  0.215968 | 8.694431 |  0.734846 | 0.050000 |    7 |  8.699246 |  1.104172 | 14.373122 |  0.000000 |  359 |  54.593750 |    189.722656 |  46.613281 |   0.000000 | 244.000000 | 63.000000 | 138.000000 |   0.000000
  942 |  942 | Predict | -0.833182 | -0.059855 |  0.237018 | 8.694431 |  0.734846 | 0.050000 |    7 |  8.699246 |  1.104172 | 14.373122 |  0.000000 |  360 |  54.593750 |    189.722656 |  46.613281 |   0.000000 | 244.000000 | 63.000000 | 138.000000 |   0.000000
  943 |  943 | Predict | -0.579397 | -1.034295 |  0.242214 | 8.694431 |  0.734846 | 0.050000 |    7 |  8.699246 |  1.104172 | 14.373122 |  0.000000 |  360 |  54.593750 |    189.722656 |  46.613281 |   0.000000 | 244.000000 | 63.000000 | 138.000000 |   0.000000
  944 |  944 | Update  | -0.952892 |  0.903811 |  0.176931 | 8.722402 |  0.508665 | 0.050000 |   11 |  8.731937 |  1.114922 | 14.373122 | 11.733356 |  360 |  29.617188 |    173.617188 |  35.152344 |  17.449219 | 244.000000 | 63.000000 | 138.000000 | 138.000000
  945 |  945 | Predict | -0.172383 | -1.176750 |  0.226626 | 8.722402 |  0.508665 | 0.050000 |   11 |  8.731937 |  1.114922 | 14.373122 | 11.733356 |  360 |  29.617188 |    173.617188 |  35.152344 |  17.449219 | 244.000000 | 63.000000 | 138.000000 | 138.000000
  946 |  946 | Update  | -0.254982 |  0.633266 |  0.252207 | 8.752213 |  0.521346 | 0.050000 |   11 |  8.769333 |  1.146998 | 14.373121 | 11.723257 |  360 |  14.867188 |    168.289062 |  21.054688 |  12.890625 | 244.000000 | 63.000000 | 138.000000 | 138.000000
  947 |  947 | Update  |  0.616507 | -0.590171 |  0.231156 | 8.749964 |  0.521356 | 0.050000 |   11 |  8.766843 |  1.147098 | 14.373122 | 11.723257 |  360 |  35.792969 |    178.218750 |  52.019531 |  29.164062 | 244.000000 | 63.000000 | 138.000000 | 138.000000
  948 |  948 | Predict | -0.248997 | -0.804452 |  0.218766 | 8.749964 |  0.521356 | 0.050000 |   11 |  8.766843 |  1.147098 | 14.373122 | 11.723257 |  360 |  35.792969 |    178.218750 |  52.019531 |  29.164062 | 244.000000 | 63.000000 | 138.000000 | 138.000000
  949 |  949 | Update  | -0.660800 |  1.984793 |  0.233021 | 8.784360 |  0.428812 | 0.050000 |   11 |  8.810707 |  1.189724 |  0.000000 | 11.823385 |  360 |  21.042969 |    181.691406 |   0.000000 |  28.683594 | 244.000000 | 63.000000 |   0.000000 | 138.000000
  950 |  950 | Update  | -1.016339 | -0.118513 |  0.163475 | 8.765839 |  0.395531 | 0.050000 |   11 |  8.784485 |  1.146998 | 14.313046 | 11.853465 |  360 |  21.898438 |    179.519531 |  30.917969 |  22.125000 | 244.000000 | 63.000000 | 138.000000 | 138.000000
  951 |  951 | Predict | -0.561440 | -1.643619 |  0.185325 | 8.765839 |  0.395531 | 0.050000 |   11 |  8.784485 |  1.146998 | 14.313046 | 11.853465 |  360 |  21.898438 |    179.519531 |  30.917969 |  22.125000 | 244.000000 | 63.000000 | 138.000000 | 138.000000
  952 |  952 | Predict | -0.790087 | -0.610521 |  0.201579 | 8.765839 |  0.395531 | 0.050000 |   11 |  8.784485 |  1.146998 | 14.313046 | 11.853465 |  361 |  21.898438 |    179.519531 |  30.917969 |  22.125000 | 244.000000 | 63.000000 | 138.000000 | 138.000000
  953 |  953 | Update  | -1.562217 |  0.432153 |  0.239816 | 8.875246 |  0.465365 | 0.050000 |   11 |  8.894559 |  1.061128 | 14.373122 | 11.773321 |  361 |  27.914062 |    182.343750 |  42.554688 |  25.621094 | 244.000000 | 63.000000 | 138.000000 | 138.000000
  954 |  954 | Predict | -0.153229 | -0.362722 |  0.251141 | 8.875246 |  0.465365 | 0.050000 |   11 |  8.894559 |  1.061128 | 14.373122 | 11.773321 |  361 |  27.914062 |    182.343750 |  42.554688 |  25.621094 | 244.000000 | 63.000000 | 138.000000 | 138.000000
  955 |  955 | Update  | -0.713472 |  1.288081 |  0.169737 | 8.919734 |  0.469185 | 0.050000 |   11 |  8.948453 |  1.104174 | 14.313046 | 11.773321 |  361 |  22.957031 |    185.218750 |  31.765625 |  24.910156 | 244.000000 | 63.000000 | 138.000000 | 138.000000
  956 |  956 | Update  | -0.338780 | -1.490391 |  0.174533 | 8.877453 |  0.583603 | 0.050000 |   11 |  8.900888 |  1.093407 | 14.373122 | 11.653138 |  361 |  29.945312 |    170.261719 |  40.175781 |  24.562500 | 244.000000 | 63.000000 | 138.000000 | 138.000000
  957 |  957 | Predict | -1.640028 | -1.528698 |  0.257669 | 8.877453 |  0.583603 | 0.050000 |   11 |  8.900888 |  1.093407 | 14.373122 | 11.653138 |  361 |  29.945312 |    170.261719 |  40.175781 |  24.562500 | 244.000000 | 63.000000 | 138.000000 | 138.000000
  958 |  958 | Update  | -0.518345 |  1.407791 |  0.243946 | 8.969086 |  0.692243 | 0.050000 |   11 |  9.006114 |  1.136286 | 14.313046 | 11.542981 |  361 |  24.277344 |    164.093750 |  31.089844 |  20.378906 | 244.000000 | 63.000000 | 138.000000 | 138.000000
  959 |  959 | Update  | -0.950498 | -0.566229 |  0.281251 | 9.007238 |  0.749964 | 0.050000 |   11 |  9.048731 |  1.147098 | 14.448202 | 11.482888 |  361 |  32.894531 |    189.355469 |  27.171875 |  14.421875 | 244.000000 | 63.000000 | 138.000000 | 138.000000
  960 |  960 | Predict | -0.049081 |  0.025139 |  0.324818 | 9.007238 |  0.749964 | 0.050000 |   11 |  9.048731 |  1.147098 | 14.448202 | 11.482888 |  361 |  32.894531 |    189.355469 |  27.171875 |  14.421875 | 244.000000 | 63.000000 | 138.000000 | 138.000000
  961 |  961 | Update  | -1.013944 |  1.073799 |  0.312960 | 9.053639 |  0.655088 | 0.050000 |   11 |  9.111200 |  1.242792 |  0.000000 | 11.593118 |  361 |  25.109375 |    181.765625 |   0.000000 |  15.871094 | 244.000000 | 63.000000 |   0.000000 | 138.000000
  962 |  962 | Update  | -1.278504 | -1.358709 |  0.351064 | 9.011150 |  0.715311 | 0.051000 |   11 |  9.069969 |  1.274473 |  0.000000 | 11.533026 |  361 |  31.292969 |    148.550781 |   0.000000 |  12.000000 | 244.000000 | 63.000000 |   0.000000 | 138.000000
  963 |  963 | Predict | -1.108515 |  1.007959 |  0.339740 | 9.011150 |  0.715311 | 0.050000 |   11 |  9.069969 |  1.274473 |  0.000000 | 11.533026 |  361 |  31.292969 |    148.550781 |   0.000000 |  12.000000 | 244.000000 | 63.000000 |   0.000000 | 138.000000
  964 |  964 | Predict | -1.018733 | -0.995988 |  0.329881 | 9.011150 |  0.715311 | 0.051000 |   11 |  9.069969 |  1.274473 |  0.000000 | 11.533026 |  362 |  31.292969 |    148.550781 |   0.000000 |  12.000000 | 244.000000 | 63.000000 |   0.000000 | 138.000000
  965 |  965 | Predict | -0.112527 |  0.581791 |  0.364254 | 9.011150 |  0.715311 | 0.050000 |   11 |  9.069969 |  1.274473 |  0.000000 | 11.533026 |  363 |  31.292969 |    148.550781 |   0.000000 |  12.000000 | 244.000000 | 63.000000 |   0.000000 | 138.000000
  966 |  966 | Predict | -1.089362 |  0.201113 |  0.353862 | 9.011150 |  0.715311 | 0.050000 |   11 |  9.069969 |  1.274473 |  0.000000 | 11.533026 |  363 |  31.292969 |    148.550781 |   0.000000 |  12.000000 | 244.000000 | 63.000000 |   0.000000 | 138.000000
  967 |  967 | Update  |  0.936133 | -0.195127 |  0.299637 | 9.049045 |  0.933804 | 0.050000 |    7 |  9.093699 |  1.147000 | 14.448202 |  0.000000 |  363 |  37.886719 |    188.503906 |  33.542969 |   0.000000 | 244.000000 | 63.000000 | 138.000000 |   0.000000
  968 |  968 | Predict | -0.639252 | -0.175974 |  0.152550 | 9.049045 |  0.933804 | 0.050000 |    7 |  9.093699 |  1.147000 | 14.448202 |  0.000000 |  364 |  37.886719 |    188.503906 |  33.542969 |   0.000000 | 244.000000 | 63.000000 | 138.000000 |   0.000000
  969 |  969 | Predict | -0.864307 | -0.156820 |  0.209173 | 9.049045 |  0.933804 | 0.050000 |    7 |  9.093699 |  1.147000 | 14.448202 |  0.000000 |  364 |  37.886719 |    188.503906 |  33.542969 |   0.000000 | 244.000000 | 63.000000 | 138.000000 |   0.000000
  970 |  970 | Update  | -0.780510 | -0.994791 |  0.228625 | 9.018675 |  1.070852 | 0.050000 |    7 |  9.063778 |  1.168384 | 14.313046 |  0.000000 |  364 |  50.484375 |    132.324219 |  26.914062 |   0.000000 | 244.000000 | 63.000000 | 138.000000 |   0.000000
  971 |  971 | Update  | -0.567426 | -0.797269 |  0.201046 | 9.017973 |  0.920745 | 0.051000 |   13 |  9.076162 |  1.082628 | 14.448202 | 11.312706 |  364 |  66.761719 |    183.269531 |  43.125000 |  23.304688 | 244.000000 | 63.000000 | 138.000000 | 138.000000
  972 |  972 | Predict | -0.779313 |  0.553061 |  0.231556 | 9.017973 |  0.920745 | 0.051000 |   13 |  9.076162 |  1.082628 | 14.448202 | 11.312706 |  364 |  66.761719 |    183.269531 |  43.125000 |  23.304688 | 244.000000 | 63.000000 | 138.000000 | 138.000000
  973 |  973 | Update  | -0.858321 | -0.653617 |  0.238351 | 9.128815 |  0.778173 | 0.050000 |   11 |  9.178927 |  1.147100 |  0.000000 | 11.452878 |  364 |  38.898438 |    176.691406 |   0.000000 |  16.351562 | 244.000000 | 63.000000 |   0.000000 | 138.000000
  974 |  974 | Update  | -1.411382 |  1.509544 |  0.236219 | 9.112621 |  0.947498 | 0.050000 |   11 |  9.151326 |  1.061128 | 14.313046 | 11.262639 |  364 |  53.171875 |    175.800781 |  32.015625 |  25.496094 | 244.000000 | 63.000000 | 138.000000 | 138.000000
  975 |  975 | Predict | -0.106542 | -0.897826 |  0.237152 | 9.112621 |  0.947498 | 0.050000 |   11 |  9.151326 |  1.061128 | 14.313046 | 11.262639 |  364 |  53.171875 |    175.800781 |  32.015625 |  25.496094 | 244.000000 | 63.000000 | 138.000000 | 138.000000
  976 |  976 | Update  |  1.133654 | -0.620098 |  0.266196 | 9.129033 |  0.915266 | 0.050000 |   11 |  9.175193 |  1.114922 | 14.313046 | 11.302679 |  364 |  68.074219 |    168.000000 |  45.019531 |  22.500000 | 244.000000 | 63.000000 | 138.000000 | 138.000000
  977 |  977 | Update  | -1.971625 | -0.077812 |  0.207574 | 9.110183 |  0.867802 | 0.051000 |   11 |  9.153817 |  1.104172 | 14.313046 | 11.352745 |  364 |  49.664062 |    174.914062 |  36.289062 |  23.843750 | 244.000000 | 63.000000 | 138.000000 | 138.000000
  978 |  978 | Predict | -0.381875 |  0.069432 |  0.241815 | 9.110183 |  0.867802 | 0.051000 |   11 |  9.153817 |  1.104172 | 14.313046 | 11.352745 |  364 |  49.664062 |    174.914062 |  36.289062 |  23.843750 | 244.000000 | 63.000000 | 138.000000 | 138.000000
  979 |  979 | Update  | -1.143231 |  0.392649 |  0.201712 | 9.155968 |  0.992232 | 0.050000 |   11 |  9.207742 |  1.146998 |  0.000000 | 11.222528 |  364 |  68.027344 |    176.933594 |        nan |  27.417969 | 244.000000 | 63.000000 |   0.000000 | 138.000000
  980 |  980 | Predict | -0.671574 | -0.521936 |  0.200513 | 9.155968 |  0.992232 | 0.050000 |   11 |  9.207742 |  1.146998 |  0.000000 | 11.222528 |  365 |  68.027344 |    176.933594 |        nan |  27.417969 | 244.000000 | 63.000000 |   0.000000 | 138.000000
  981 |  981 | Update  |  0.794875 | -0.897826 |  0.238484 | 9.166515 |  0.983002 | 0.050000 |   11 |  9.218914 |  1.146998 | 14.313046 | 11.232557 |  365 |  43.753906 |    173.671875 |  36.164062 |  26.777344 | 244.000000 | 63.000000 | 138.000000 | 138.000000
  982 |  982 | Predict | -0.164003 | -2.185906 |  0.252740 | 9.166515 |  0.983002 | 0.055000 |   11 |  9.218914 |  1.146998 | 14.313046 | 11.232557 |  365 |  43.753906 |    173.671875 |  36.164062 |  26.777344 | 244.000000 | 63.000000 | 138.000000 | 138.000000
  983 |  983 | Update  | -0.776918 | -1.339556 |  0.269926 | 9.179142 |  1.043311 | 0.051000 |   11 |  9.239043 |  1.200279 | 14.313046 | 11.172461 |  365 |  59.484375 |    186.449219 |  66.031250 |  32.675781 | 244.000000 | 63.000000 | 138.000000 | 138.000000
  984 |  984 | Update  |  0.906205 |  0.514753 |  0.231689 | 9.138157 |  0.853150 | 0.050000 |   11 |  9.188855 |  1.147100 |  0.000000 | 11.372729 |  365 |  42.664062 |    169.093750 |   0.000000 |  26.371094 | 244.000000 | 63.000000 |   0.000000 | 138.000000
  985 |  985 | Predict | -0.359130 |  0.051475 |  0.184792 | 9.138157 |  0.853150 | 0.050000 |   11 |  9.188855 |  1.147100 |  0.000000 | 11.372729 |  365 |  42.664062 |    169.093750 |   0.000000 |  26.371094 | 244.000000 | 63.000000 |   0.000000 | 138.000000
  986 |  986 | Update  |  0.417788 | -0.968455 |  0.244613 | 9.196387 |  1.045377 | 0.050000 |   11 |  9.247864 |  1.125662 | 14.177886 | 11.162434 |  365 |  45.054688 |    171.031250 |  46.976562 |  25.621094 | 244.000000 | 63.000000 | 138.000000 | 138.000000
  987 |  987 | Update  | -0.760159 |  0.179565 |  0.248343 | 9.134922 |  1.028174 | 0.050000 |   11 |  9.196431 |  1.232180 |  0.000000 | 11.192445 |  365 |  36.980469 |    183.433594 |   0.000000 |  29.792969 | 244.000000 | 63.000000 |   0.000000 | 138.000000
  988 |  988 | Predict |  0.027533 | -1.478420 |  0.261666 | 9.134922 |  1.028174 | 0.050000 |   11 |  9.196431 |  1.232180 |  0.000000 | 11.192445 |  365 |  36.980469 |    183.433594 |   0.000000 |  29.792969 | 244.000000 | 63.000000 |   0.000000 | 138.000000
  989 |  989 | Predict | -0.902614 |  0.636858 |  0.331479 | 9.134922 |  1.028174 | 0.050000 |   11 |  9.196431 |  1.232180 |  0.000000 | 11.192445 |  366 |  36.980469 |    183.433594 |   0.000000 |  29.792969 | 244.000000 | 63.000000 |   0.000000 | 138.000000
  990 |  990 | Predict |  0.424971 | -0.836774 |  0.314559 | 9.134922 |  1.028174 | 0.051000 |   11 |  9.196431 |  1.232180 |  0.000000 | 11.192445 |  367 |  36.980469 |    183.433594 |   0.000000 |  29.792969 | 244.000000 | 63.000000 |   0.000000 | 138.000000
  991 |  991 | Predict | -0.040701 |  0.268151 |  0.334410 | 9.134922 |  1.028174 | 0.050000 |   11 |  9.196431 |  1.232180 |  0.000000 | 11.192445 |  367 |  36.980469 |    183.433594 |   0.000000 |  29.792969 | 244.000000 | 63.000000 |   0.000000 | 138.000000
  992 |  992 | Update  | -0.918176 |  0.422577 |  0.327616 | 9.139915 |  1.210892 | 0.050000 |   13 |  9.250353 |  1.179062 | 14.313046 | 11.032212 |  367 |  40.660156 |    182.265625 |  44.015625 |  28.089844 | 244.000000 | 63.000000 | 138.000000 | 138.000000
  993 |  993 | Update  | -0.859518 |  0.332794 |  0.311761 | 9.164466 |  1.174055 | 0.052000 |   11 |  9.227732 |  1.232180 | 14.252965 | 11.032285 |  367 |  36.214844 |    184.566406 |  39.957031 |  22.304688 | 244.000000 | 63.000000 | 138.000000 | 138.000000
  994 |  994 | Predict | -1.183933 | -0.600945 |  0.223562 | 9.164466 |  1.174055 | 0.050000 |   11 |  9.227732 |  1.232180 | 14.252965 | 11.032285 |  367 |  36.214844 |    184.566406 |  39.957031 |  22.304688 | 244.000000 | 63.000000 | 138.000000 | 138.000000
  995 |  995 | Update  |  0.565032 | -0.920571 |  0.230757 | 9.172680 |  1.092239 | 0.050000 |   11 |  9.236416 |  1.232178 | 14.252965 | 11.122393 |  367 |  39.425781 |    183.808594 |  58.585938 |  27.285156 | 244.000000 | 63.000000 | 138.000000 | 138.000000
  996 |  996 | Update  | -0.654814 | -0.156820 |  0.242881 | 9.119739 |  1.265043 | 0.050000 |   13 |  9.228980 |  1.358742 | 14.252965 | 10.972116 |  367 |  33.914062 |    179.128906 |  44.875000 |  24.265625 | 244.000000 | 63.000000 | 138.000000 | 138.000000
  997 |  997 | Predict | -1.029507 | -0.660800 |  0.203311 | 9.119739 |  1.265043 | 0.050000 |   13 |  9.228980 |  1.358742 | 14.252965 | 10.972116 |  367 |  33.914062 |    179.128906 |  44.875000 |  24.265625 | 244.000000 | 63.000000 | 138.000000 | 138.000000
  998 |  998 | Update  | -0.233435 | -0.052672 |  0.232222 | 9.119656 |  1.247012 | 0.050000 |   13 |  9.205113 |  1.348224 | 14.252965 | 10.972189 |  367 |  29.488281 |    122.449219 |  44.585938 |  29.328125 | 244.000000 | 63.000000 | 138.000000 | 138.000000
  999 |  999 | Predict | -0.122104 | -1.131260 |  0.223029 | 9.119656 |  1.247012 | 0.050000 |   13 |  9.205113 |  1.348224 | 14.252965 | 10.972189 |  368 |  29.488281 |    122.449219 |  44.585938 |  29.328125 | 244.000000 | 63.000000 | 138.000000 | 138.000000
 1000 | 1000 | Predict | -0.422577 | -1.618480 |  0.228758 | 9.119656 |  1.247012 | 0.050000 |   13 |  9.205113 |  1.348224 | 14.252965 | 10.972189 |  368 |  29.488281 |    122.449219 |  44.585938 |  29.328125 | 244.000000 | 63.000000 | 138.000000 | 138.000000
 1001 | 1001 | Predict |  0.281319 |  0.764947 |  0.189588 | 9.119656 |  1.247012 | 0.050000 |   13 |  9.205113 |  1.348224 | 14.252965 | 10.972189 |  369 |  29.488281 |    122.449219 |  44.585938 |  29.328125 | 244.000000 | 63.000000 | 138.000000 | 138.000000
 1002 | 1002 | Update  | -0.581791 | -0.818817 |  0.174266 | 9.272660 |  1.260876 | 0.050000 |   11 |  9.360518 |  1.369155 | 14.252965 | 10.952132 |  369 |  23.484375 |    154.312500 |  50.488281 |  23.328125 | 244.000000 | 63.000000 | 138.000000 | 138.000000
 1003 | 1003 | Predict | -0.508768 | -1.148020 |  0.228492 | 9.272660 |  1.260876 | 0.050000 |   11 |  9.360518 |  1.369155 | 14.252965 | 10.952132 |  369 |  23.484375 |    154.312500 |  50.488281 |  23.328125 | 244.000000 | 63.000000 | 138.000000 | 138.000000
 1004 | 1004 | Update  | -1.520318 | -0.282516 |  0.245012 | 9.246477 |  1.271949 | 0.050000 |   11 |  9.324133 |  1.306073 | 14.252965 | 10.932076 |  369 |  21.519531 |     98.734375 |  38.941406 |  16.132812 | 244.000000 | 63.000000 | 138.000000 | 138.000000
 1005 | 1005 | Update  | -0.638055 | -0.175974 |  0.263132 | 9.185569 |  1.224072 | 0.051000 |    7 |  9.267719 |  1.358644 | 14.313046 | 10.851921 |  369 |  31.992188 |    123.574219 |  50.292969 |  23.085938 | 244.000000 | 63.000000 | 138.000000 | 138.000000
 1006 | 1006 | Predict | -1.271321 |  0.252588 |  0.143490 | 9.185569 |  1.224072 | 0.050000 |    7 |  9.267719 |  1.358644 | 14.313046 | 10.851921 |  369 |  31.992188 |    123.574219 |  50.292969 |  23.085938 | 244.000000 | 63.000000 | 138.000000 | 138.000000
 1007 | 1007 | Update  | -0.788889 | -0.459687 |  0.220764 | 9.216116 |  1.293834 | 0.050000 |   11 |  9.309224 |  1.421507 | 14.252965 | 10.922048 |  369 |  35.886719 |    168.761719 |  61.917969 |  26.171875 | 244.000000 | 63.000000 | 138.000000 | 138.000000
 1008 | 1008 | Update  | -1.424550 |  0.159214 |  0.217300 | 9.252116 |  1.273069 | 0.051000 |   14 |  0.000000 |  1.473797 | 14.328047 | 10.952132 |  369 |  35.886719 |    143.683594 |  62.968750 |  25.433594 | 244.000000 | 63.000000 | 138.000000 | 138.000000
 1009 | 1009 | Predict | -2.590526 |  0.453701 |  0.182127 | 9.252116 |  1.273069 | 0.050000 |   14 |  0.000000 |  1.473797 | 14.328047 | 10.952132 |  369 |  35.886719 |    143.683594 |  62.968750 |  25.433594 | 244.000000 | 63.000000 | 138.000000 | 138.000000
 1010 | 1010 | Update  | -0.642843 |  0.087388 |  0.212770 | 9.275027 |  1.420963 | 0.050000 |   11 |  9.385491 |  1.515421 | 14.252965 | 10.791895 |  369 |  20.101562 |    121.472656 |  31.691406 |  17.875000 | 244.000000 | 63.000000 | 138.000000 | 138.000000
 1011 | 1011 | Update  | -0.411803 |  0.906205 |  0.164141 | 9.295473 |  1.394377 | 0.050000 |   11 |  9.406729 |  1.515421 |  0.000000 | 10.821909 |  369 |  22.335938 |    169.773438 |        nan |  15.921875 | 244.000000 | 63.000000 |   0.000000 | 138.000000
 1012 | 1012 | Predict |  0.250194 | -0.764947 |  0.235686 | 9.295473 |  1.394377 | 0.050000 |   11 |  9.406729 |  1.515421 |  0.000000 | 10.821909 |  369 |  22.335938 |    169.773438 |        nan |  15.921875 | 244.000000 | 63.000000 |   0.000000 | 138.000000
 1013 | 1013 | Update  | -0.435745 |  0.797269 |  0.209573 | 9.256240 |  1.433577 | 0.050000 |   11 |  9.359273 |  1.473697 |  0.000000 | 10.771838 |  369 |  29.898438 |    179.527344 |        nan |  24.625000 | 244.000000 | 63.000000 |   0.000000 | 138.000000
 1014 | 1014 | Update  | -0.584185 |  0.335188 |  0.218100 | 9.226412 |  1.372948 | 0.051000 |   11 |  9.341633 |  1.556967 |  0.000000 | 10.851921 |  369 |  15.253906 |    166.300781 |   0.000000 |  13.261719 | 244.000000 | 63.000000 |   0.000000 | 138.000000
 1015 | 1015 | Predict | -0.597353 |  0.616507 |  0.223828 | 9.226412 |  1.372948 | 0.050000 |   11 |  9.341633 |  1.556967 |  0.000000 | 10.851921 |  370 |  15.253906 |    166.300781 |   0.000000 |  13.261719 | 244.000000 | 63.000000 |   0.000000 | 138.000000
 1016 | 1016 | Predict | -0.418985 |  1.168370 |  0.216900 | 9.226412 |  1.372948 | 0.050000 |   11 |  9.341633 |  1.556967 |  0.000000 | 10.851921 |  370 |  15.253906 |    166.300781 |   0.000000 |  13.261719 | 244.000000 | 63.000000 |   0.000000 | 138.000000
 1017 | 1017 | Predict |  0.368707 | -1.060631 |  0.184525 | 9.226412 |  1.372948 | 0.052000 |   11 |  9.341633 |  1.556967 |  0.000000 | 10.851921 |  371 |  15.253906 |    166.300781 |   0.000000 |  13.261719 | 244.000000 | 63.000000 |   0.000000 | 138.000000
 1018 | 1018 | Predict | -0.411803 | -1.077391 |  0.176798 | 9.226412 |  1.372948 | 0.050000 |   11 |  9.341633 |  1.556967 |  0.000000 | 10.851921 |  371 |  15.253906 |    166.300781 |   0.000000 |  13.261719 | 244.000000 | 63.000000 |   0.000000 | 138.000000
 1019 | 1019 | Update  | -1.667562 |  0.901417 |  0.210106 | 9.244887 |  1.435307 | 0.050000 |   11 |  9.384246 |  1.691588 |  0.000000 | 10.801850 |  371 |  25.675781 |    156.304688 |   0.000000 |  18.968750 | 244.000000 | 63.000000 |   0.000000 | 138.000000
 1020 | 1020 | Update  | -0.093374 |  0.032322 |  0.155348 | 9.258365 |  1.522465 | 0.050000 |   11 |  9.385491 |  1.619184 |  0.000000 | 10.691754 |  371 |  13.832031 |     94.769531 |   0.000000 |  11.753906 | 244.000000 | 63.000000 |   0.000000 | 138.000000
 1021 | 1021 | Predict |  0.256180 | -1.070208 |  0.201446 | 9.258365 |  1.522465 | 0.050000 |   11 |  9.385491 |  1.619184 |  0.000000 | 10.691754 |  371 |  13.832031 |     94.769531 |   0.000000 |  11.753906 | 244.000000 | 63.000000 |   0.000000 | 138.000000
 1022 | 1022 | Update  | -0.658405 |  1.900996 |  0.224361 | 9.260081 |  1.582349 | 0.050000 |   11 |  9.385491 |  1.608805 | 14.117808 | 10.621626 |  371 |  15.968750 |     90.101562 |  26.386719 |  14.113281 | 244.000000 | 63.000000 | 138.000000 | 138.000000
 1023 | 1023 | Predict |  0.141258 |  1.102530 |  0.179063 | 9.260081 |  1.582349 | 0.050000 |   11 |  9.385491 |  1.608805 | 14.117808 | 10.621626 |  372 |  15.968750 |     90.101562 |  26.386719 |  14.113281 | 244.000000 | 63.000000 | 138.000000 | 138.000000
 1024 | 1024 | Predict | -1.460463 | -0.606930 |  0.227159 | 9.260081 |  1.582349 | 0.050000 |   11 |  9.385491 |  1.608805 | 14.117808 | 10.621626 |  372 |  15.968750 |     90.101562 |  26.386719 |  14.113281 | 244.000000 | 63.000000 | 138.000000 | 138.000000
 1025 | 1025 | Update  | -1.256956 |  0.191536 |  0.105386 | 9.419572 |  1.670560 | 0.050000 |   14 |  0.000000 |  1.619179 | 14.117808 | 10.521410 |  372 |  15.968750 |     49.925781 |  33.503906 |  14.636719 | 244.000000 | 63.000000 | 138.000000 | 138.000000
 1026 | 1026 | Update  | -0.600945 |  0.137667 |  0.080871 | 9.277234 |  1.644712 | 0.050000 |    7 |  9.406866 |  1.629454 | 14.042726 | 10.471409 |  372 |  19.351562 |     44.542969 |  25.371094 |  13.289062 | 244.000000 | 63.000000 | 138.000000 | 138.000000
 1027 | 1027 | Predict | -0.476446 | -0.374693 |  0.081804 | 9.277234 |  1.644712 | 0.050000 |    7 |  9.406866 |  1.629454 | 14.042726 | 10.471409 |  372 |  19.351562 |     44.542969 |  25.371094 |  13.289062 | 244.000000 | 63.000000 | 138.000000 | 138.000000
 1028 | 1028 | Update  | -0.687136 | -0.337582 |  0.075542 | 9.375860 |  1.673679 | 0.051000 |   13 |  9.444359 |  1.650180 | 14.042726 | 10.461308 |  372 |  25.324219 |     65.628906 |  39.191406 |  17.093750 | 244.000000 | 63.000000 | 138.000000 | 138.000000
 1029 | 1029 | Update  | -0.029928 | -0.223858 |  0.110582 | 9.325288 |  1.693036 | 0.050000 |    7 |  9.469332 |  1.701831 | 14.042726 | 10.431293 |  372 |  31.902344 |     55.562500 |  49.628906 |  21.484375 | 244.000000 | 63.000000 | 138.000000 | 138.000000
 1030 | 1030 | Predict | -0.679953 | -0.149638 |  0.121107 | 9.325288 |  1.693036 | 0.050000 |    7 |  9.469332 |  1.701831 | 14.042726 | 10.431293 |  372 |  31.902344 |     55.562500 |  49.628906 |  21.484375 | 244.000000 | 63.000000 | 138.000000 | 138.000000
 1031 | 1031 | Predict | -1.545457 |  0.724246 |  0.148420 | 9.325288 |  1.693036 | 0.050000 |    7 |  9.469332 |  1.701831 | 14.042726 | 10.431293 |  373 |  31.902344 |     55.562500 |  49.628906 |  21.484375 | 244.000000 | 63.000000 | 138.000000 | 138.000000
 1032 | 1032 | Update  | -0.618901 |  0.657208 |  0.122706 | 9.405907 |  1.719446 | 0.050000 |   11 |  9.567108 |  1.784337 |  0.000000 | 10.491395 |  373 |  17.472656 |     60.925781 |   0.000000 |  14.031250 | 244.000000 | 63.000000 |   0.000000 | 138.000000
 1033 | 1033 | Predict | -0.709881 |  0.474052 |  0.028245 | 9.405907 |  1.719446 | 0.050000 |   11 |  9.567108 |  1.784337 |  0.000000 | 10.491395 |  373 |  17.472656 |     60.925781 |   0.000000 |  14.031250 | 244.000000 | 63.000000 |   0.000000 | 138.000000
 1034 | 1034 | Predict |  0.671574 |  1.003170 |  0.018652 | 9.405907 |  1.719446 | 0.050000 |   11 |  9.567108 |  1.784337 |  0.000000 | 10.491395 |  374 |  17.472656 |     60.925781 |   0.000000 |  14.031250 | 244.000000 | 63.000000 |   0.000000 | 138.000000
 1035 | 1035 | Predict |  0.179565 | -1.565808 | -0.036505 | 9.405907 |  1.719446 | 0.050000 |   11 |  9.567108 |  1.784337 |  0.000000 | 10.491395 |  375 |  17.472656 |     60.925781 |   0.000000 |  14.031250 | 244.000000 | 63.000000 |   0.000000 | 138.000000
 1036 | 1036 | Predict |  0.270545 | -1.345541 |  0.011458 | 9.405907 |  1.719446 | 0.050000 |   11 |  9.567108 |  1.784337 |  0.000000 | 10.491395 |  375 |  17.472656 |     60.925781 |   0.000000 |  14.031250 | 244.000000 | 63.000000 |   0.000000 | 138.000000
 1037 | 1037 | Update  | -0.027533 | -0.415394 | -0.014789 | 9.203730 |  1.922084 | 0.050000 |   13 |  9.476906 |  1.804855 | 13.847486 | 10.361162 |  375 |  18.875000 |     60.214844 |  26.285156 |  13.179688 | 244.000000 | 63.000000 | 138.000000 | 138.000000
 1038 | 1038 | Update  |  0.341174 |  0.368707 | -0.002398 | 9.297141 |  1.875417 | 0.051000 |   11 |  9.469332 |  1.856244 | 14.042726 | 10.321117 |  375 |  21.937500 |     56.265625 |  31.761719 |  15.707031 | 244.000000 | 63.000000 | 138.000000 | 138.000000
 1039 | 1039 | Predict | -0.162806 |  0.081403 |  0.056890 | 9.297141 |  1.875417 | 0.050000 |   11 |  9.469332 |  1.856244 | 14.042726 | 10.321117 |  375 |  21.937500 |     56.265625 |  31.761719 |  15.707031 | 244.000000 | 63.000000 | 138.000000 | 138.000000
 1040 | 1040 | Update  | -1.794454 | -0.160412 |  0.135629 | 9.385634 |  1.910814 | 0.050000 |   11 |  9.562127 |  1.866628 |  0.000000 | 10.281072 |  375 |  34.375000 |     81.652344 |        nan |  25.054688 | 244.000000 | 63.000000 |   0.000000 | 138.000000
 1041 | 1041 | Update  | -0.361524 |  0.278924 |  0.121374 | 9.299000 |  1.838568 | 0.050000 |    7 |  9.479396 |  1.897382 | 13.922567 | 10.240954 |  375 |  16.406250 |     47.855469 |  17.746094 |  11.109375 | 244.000000 | 63.000000 | 138.000000 | 138.000000
 1042 | 1042 | Predict | -0.099359 | -0.557849 |  0.139626 | 9.299000 |  1.838568 | 0.050000 |    7 |  9.479396 |  1.897382 | 13.922567 | 10.240954 |  375 |  16.406250 |     47.855469 |  17.746094 |  11.109375 | 244.000000 | 63.000000 | 138.000000 | 138.000000
 1043 | 1043 | Update  | -0.397437 | -0.132878 |  0.137894 | 9.294663 |  1.938600 | 0.050000 |    7 |  9.498143 |  2.010098 | 13.847486 | 10.311089 |  375 |  18.808594 |     89.863281 |  47.082031 |  16.402344 | 244.000000 | 63.000000 | 138.000000 | 138.000000
 1044 | 1044 | Predict | -0.013168 |  0.144849 |  0.107651 | 9.294663 |  1.938600 | 0.051000 |    7 |  9.498143 |  2.010098 | 13.847486 | 10.311089 |  376 |  18.808594 |     89.863281 |  47.082031 |  16.402344 | 244.000000 | 63.000000 | 138.000000 | 138.000000
 1045 | 1045 | Predict |  0.671574 |  0.046687 |  0.068081 | 9.294663 |  1.938600 | 0.050000 |    7 |  9.498143 |  2.010098 | 13.847486 | 10.311089 |  376 |  18.808594 |     89.863281 |  47.082031 |  16.402344 | 244.000000 | 63.000000 | 138.000000 | 138.000000
 1046 | 1046 | Update  |  0.225055 | -0.922965 |  0.127103 | 9.351627 |  1.962142 | 0.050000 |   13 |  9.528335 |  2.050992 | 13.847486 | 10.220897 |  376 |  12.156250 |     81.152344 |  15.875000 |  12.214844 | 244.000000 | 63.000000 | 138.000000 | 138.000000
 1047 | 1047 | Update  | -1.016339 |  0.402226 |  0.121374 | 9.282072 |  2.059529 | 0.050000 |   11 |  9.528198 |  2.204115 |  0.000000 | 10.170821 |  376 |  14.054688 |     97.097656 |        nan |  12.324219 | 244.000000 | 63.000000 |   0.000000 | 138.000000
 1048 | 1048 | Predict | -0.433351 | -0.386664 |  0.129234 | 9.282072 |  2.059529 | 0.050000 |   11 |  9.528198 |  2.204115 |  0.000000 | 10.170821 |  376 |  14.054688 |     97.097656 |        nan |  12.324219 | 244.000000 | 63.000000 |   0.000000 | 138.000000
 1049 | 1049 | Update  | -0.513556 |  0.537498 |  0.155614 | 9.272020 |  2.089176 | 0.050000 |   11 |  9.513187 |  2.183687 |  0.000000 | 10.130774 |  376 |  18.410156 |    108.410156 |        nan |  11.683594 | 244.000000 | 63.000000 |   0.000000 | 138.000000
 1050 | 1050 | Update  |  0.153229 | -0.090980 |  0.133231 | 9.476699 |  2.115896 | 0.050000 |   14 |  0.000000 |  2.193901 | 13.847486 | 10.100759 |  376 |  18.410156 |    118.109375 |  35.558594 |  18.226562 | 244.000000 | 63.000000 | 138.000000 | 138.000000
 1051 | 1051 | Predict | -0.178368 | -0.997185 |  0.108184 | 9.476699 |  2.115896 | 0.050000 |   14 |  0.000000 |  2.193901 | 13.847486 | 10.100759 |  376 |  18.410156 |    118.109375 |  35.558594 |  18.226562 | 244.000000 | 63.000000 | 138.000000 | 138.000000
 1052 | 1052 | Update  | -0.636858 |  0.605733 |  0.053026 | 9.347884 |  2.180454 | 0.050000 |   14 |  0.000000 |  2.275476 | 13.712323 | 10.040653 |  376 |  18.410156 |    113.875000 |  41.792969 |  22.042969 | 244.000000 | 63.000000 | 138.000000 | 138.000000
 1053 | 1053 | Predict | -0.925359 |  1.539472 | -0.022916 | 9.347884 |  2.180454 | 0.050000 |   14 |  0.000000 |  2.275476 | 13.712323 | 10.040653 |  377 |  18.410156 |    113.875000 |  41.792969 |  22.042969 | 244.000000 | 63.000000 | 138.000000 | 138.000000
 1054 | 1054 | Predict | -0.922965 | -0.596156 | -0.036905 | 9.347884 |  2.180454 | 0.050000 |   14 |  0.000000 |  2.275476 | 13.712323 | 10.040653 |  377 |  18.410156 |    113.875000 |  41.792969 |  22.042969 | 244.000000 | 63.000000 | 138.000000 | 138.000000
 1055 | 1055 | Update  | -0.220267 | -0.626084 | -0.068214 | 9.329523 |  2.174103 | 0.050000 |   11 |  9.595781 |  2.285678 | 13.787406 | 10.050681 |  377 |  22.562500 |     99.628906 |  30.667969 |  17.339844 | 244.000000 | 63.000000 | 138.000000 | 138.000000
 1056 | 1056 | Update  | -0.658405 |  0.444124 | -0.029311 | 9.366138 |  2.181176 | 0.051000 |   11 |  9.620994 |  2.234750 | 13.787406 | 10.030623 |  377 |  18.000000 |     89.789062 |  27.699219 |  13.933594 | 244.000000 | 63.000000 | 138.000000 | 138.000000
 1057 | 1057 | Predict | -0.083797 | -0.069432 |  0.012124 | 9.366138 |  2.181176 | 0.050000 |   11 |  9.620994 |  2.234750 | 13.787406 | 10.030623 |  377 |  18.000000 |     89.789062 |  27.699219 |  13.933594 | 244.000000 | 63.000000 | 138.000000 | 138.000000
 1058 | 1058 | Update  | -1.037886 | -1.302446 |  0.028378 | 9.368500 |  2.191458 | 0.050000 |   13 |  9.625975 |  2.234750 | 13.712323 | 10.020594 |  377 |  14.617188 |     80.523438 |  21.226562 |  12.324219 | 244.000000 | 63.000000 | 138.000000 | 138.000000
 1059 | 1059 | Predict | -0.721852 |  0.792481 |  0.043034 | 9.368500 |  2.191458 | 0.050000 |   13 |  9.625975 |  2.234750 | 13.712323 | 10.020594 |  378 |  14.617188 |     80.523438 |  21.226562 |  12.324219 | 244.000000 | 63.000000 | 138.000000 | 138.000000
 1060 | 1060 | Predict | -0.757765 |  0.065841 | -0.036106 | 9.368500 |  2.191458 | 0.050000 |   13 |  9.625975 |  2.234750 | 13.712323 | 10.020594 |  378 |  14.617188 |     80.523438 |  21.226562 |  12.324219 | 244.000000 | 63.000000 | 138.000000 | 138.000000
 1061 | 1061 | Update  | -1.590947 |  0.082600 | -0.008793 | 9.325307 |  2.241013 | 0.050000 |   13 |  9.603355 |  2.387411 | 13.652242 |  9.980547 |  378 |  28.968750 |    134.906250 |  39.367188 |  21.699219 | 244.000000 | 63.000000 | 138.000000 | 138.000000
 1062 | 1062 | Update  | -1.562217 |  0.332794 | -0.068881 | 9.320004 |  2.244934 | 0.050000 |    7 |  9.608335 |  2.377230 | 13.652242 |  0.000000 |  378 |  21.242188 |    118.859375 |  30.691406 |   0.000000 | 244.000000 | 63.000000 | 138.000000 |   0.000000
 1063 | 1063 | Predict | -0.274136 |  0.715866 | -0.115911 | 9.320004 |  2.244934 | 0.050000 |    7 |  9.608335 |  2.377230 | 13.652242 |  0.000000 |  378 |  21.242188 |    118.859375 |  30.691406 |   0.000000 | 244.000000 | 63.000000 | 138.000000 |   0.000000
 1064 | 1064 | Update  |  0.027533 | -1.520318 | -0.018519 | 9.315049 |  2.290326 | 0.050000 |   11 |  9.593291 |  2.336469 | 13.652242 |  9.920440 |  378 |  20.250000 |    130.890625 |  30.835938 |  24.714844 | 244.000000 | 63.000000 | 138.000000 | 138.000000
 1065 | 1065 | Update  | -0.688333 | -0.137667 | -0.030377 | 9.356031 |  2.234183 | 0.051000 |   13 |  9.594673 |  2.417871 | 13.652242 |  9.950456 |  378 |  22.117188 |    132.332031 |  42.382812 |  23.285156 | 244.000000 | 63.000000 | 138.000000 | 138.000000
 1066 | 1066 | Predict | -1.189918 |  0.107739 |  0.019718 | 9.356031 |  2.234183 | 0.050000 |   13 |  9.594673 |  2.417871 | 13.652242 |  9.950456 |  378 |  22.117188 |    132.332031 |  42.382812 |  23.285156 | 244.000000 | 63.000000 | 138.000000 | 138.000000
 1067 | 1067 | Update  |  0.436942 | -0.684742 |  0.058355 | 9.299028 |  2.330559 | 0.050000 |   11 |  9.597163 |  2.417871 | 13.652242 |  9.890422 |  378 |  24.355469 |    142.285156 |  42.132812 |  25.910156 | 244.000000 | 63.000000 | 138.000000 | 138.000000
 1068 | 1068 | Update  | -1.096544 | -0.513556 |  0.055824 | 9.389588 |  2.153848 | 0.050000 |   13 |  9.599654 |  0.000000 | 13.727325 | 10.020594 |  378 |  18.601562 |    142.285156 |  29.917969 |  24.875000 | 244.000000 |  0.000000 | 138.000000 | 138.000000
 1069 | 1069 | Predict | -0.980426 | -0.093374 |  0.067681 | 9.389588 |  2.153848 | 0.050000 |   13 |  9.599654 |  0.000000 | 13.727325 | 10.020594 |  378 |  18.601562 |    142.285156 |  29.917969 |  24.875000 | 244.000000 |  0.000000 | 138.000000 | 138.000000
 1070 | 1070 | Update  | -0.520739 |  0.766145 |  0.067149 | 9.406958 |  2.231245 | 0.050000 |   13 |  9.590939 |  2.458590 | 13.652242 |  9.900378 |  378 |  12.730469 |     77.781250 |  24.917969 |  18.480469 | 244.000000 | 63.000000 | 138.000000 | 138.000000
 1071 | 1071 | Update  | -0.836774 | -1.413776 |  0.087133 | 9.309906 |  2.407378 | 0.050000 |   13 |  9.623485 |  2.509263 | 13.517078 |  9.810181 |  378 |  18.742188 |    117.855469 |  34.238281 |  23.683594 | 244.000000 | 63.000000 | 138.000000 | 138.000000
 1072 | 1072 | Predict | -0.542287 |  1.049857 |  0.077940 | 9.309906 |  2.407378 | 0.050000 |   13 |  9.623485 |  2.509263 | 13.517078 |  9.810181 |  378 |  18.742188 |    117.855469 |  34.238281 |  23.683594 | 244.000000 | 63.000000 | 138.000000 | 138.000000
 1073 | 1073 | Update  | -1.167173 |  0.697910 |  0.042368 | 9.336628 |  2.198337 | 0.050000 |    7 |  9.656029 |  2.499099 | 13.727325 |  0.000000 |  378 |  18.425781 |    102.414062 |  27.082031 |   0.000000 | 244.000000 | 63.000000 | 138.000000 |   0.000000
 1074 | 1074 | Update  | -0.851139 | -0.243011 |  0.084735 | 9.568211 |  2.467874 | 0.051000 |   14 |  0.000000 |  2.499190 | 13.652242 |  9.740114 |  378 |  18.425781 |     90.472656 |  24.554688 |  24.593750 | 244.000000 | 63.000000 | 138.000000 | 138.000000
 1075 | 1075 | Predict |  0.160412 | -0.180762 |  0.134564 | 9.568211 |  2.467874 | 0.050000 |   14 |  0.000000 |  2.499190 | 13.652242 |  9.740114 |  378 |  18.425781 |     90.472656 |  24.554688 |  24.593750 | 244.000000 | 63.000000 | 138.000000 | 138.000000
 1076 | 1076 | Update  | -1.291672 | -0.343568 |  0.092862 | 9.305006 |  2.492254 | 0.050000 |   11 |  9.634654 |  2.539773 |  0.000000 |  9.720054 |  378 |  21.683594 |     91.253906 |        nan |  17.437500 | 244.000000 | 63.000000 |   0.000000 | 138.000000
 1077 | 1077 | Predict | -0.002394 |  0.039504 |  0.106985 | 9.305006 |  2.492254 | 0.050000 |   11 |  9.634654 |  2.539773 |  0.000000 |  9.720054 |  379 |  21.683594 |     91.253906 |        nan |  17.437500 | 244.000000 | 63.000000 |   0.000000 | 138.000000
 1078 | 1078 | Predict | -1.009156 | -1.567005 |  0.141225 | 9.305006 |  2.492254 | 0.050000 |   11 |  9.634654 |  2.539773 |  0.000000 |  9.720054 |  379 |  21.683594 |     91.253906 |        nan |  17.437500 | 244.000000 | 63.000000 |   0.000000 | 138.000000
 1079 | 1079 | Update  | -0.427365 |  1.301249 |  0.196649 | 9.434251 |  2.348579 | 0.050000 |   13 |  9.654646 |  2.620883 | 13.592162 |  9.790194 |  379 |  17.789062 |     81.257812 |  23.132812 |  16.546875 | 244.000000 | 63.000000 | 138.000000 | 138.000000
 1080 | 1080 | Predict | -0.098162 | -0.944513 |  0.122573 | 9.434251 |  2.348579 | 0.051000 |   13 |  9.654646 |  2.620883 | 13.592162 |  9.790194 |  380 |  17.789062 |     81.257812 |  23.132812 |  16.546875 | 244.000000 | 63.000000 | 138.000000 | 138.000000
 1081 | 1081 | Predict | -0.852336 |  1.104924 |  0.159211 | 9.434251 |  2.348579 | 0.050000 |   13 |  9.654646 |  2.620883 | 13.592162 |  9.790194 |  380 |  17.789062 |     81.257812 |  23.132812 |  16.546875 | 244.000000 | 63.000000 | 138.000000 | 138.000000
 1082 | 1082 | Predict | -0.767342 | -0.260968 |  0.137894 | 9.434251 |  2.348579 | 0.050000 |   13 |  9.654646 |  2.620883 | 13.592162 |  9.790194 |  381 |  17.789062 |     81.257812 |  23.132812 |  16.546875 | 244.000000 | 63.000000 | 138.000000 | 138.000000
 1083 | 1083 | Update  | -1.161188 | -0.739808 |  0.117377 | 9.464389 |  2.499629 | 0.050000 |   14 |  0.000000 |  2.722233 | 13.592162 |  9.760101 |  381 |  17.789062 |     61.066406 |  39.625000 |  10.863281 | 244.000000 | 63.000000 | 138.000000 | 138.000000
 1084 | 1084 | Predict | -0.563834 | -0.019154 |  0.163475 | 9.464389 |  2.499629 | 0.050000 |   14 |  0.000000 |  2.722233 | 13.592162 |  9.760101 |  381 |  17.789062 |     61.066406 |  39.625000 |  10.863281 | 244.000000 | 63.000000 | 138.000000 | 138.000000
 1085 | 1085 | Update  | -0.357933 | -0.124498 |  0.131766 | 9.216643 |  2.484769 | 0.050000 |   11 |  9.627082 |  2.833625 |  0.000000 |  9.810253 |  381 |  10.562500 |     67.925781 |   0.000000 |  13.421875 | 244.000000 | 63.000000 |   0.000000 | 138.000000
 1086 | 1086 | Predict | -1.065420 | -0.311246 |  0.169870 | 9.216643 |  2.484769 | 0.051000 |   11 |  9.627082 |  2.833625 |  0.000000 |  9.810253 |  382 |  10.562500 |     67.925781 |   0.000000 |  13.421875 | 244.000000 | 63.000000 |   0.000000 | 138.000000
 1087 | 1087 | Predict | -1.807622 | -0.532710 |  0.204244 | 9.216643 |  2.484769 | 0.050000 |   11 |  9.627082 |  2.833625 |  0.000000 |  9.810253 |  382 |  10.562500 |     67.925781 |   0.000000 |  13.421875 | 244.000000 | 63.000000 |   0.000000 | 138.000000
 1088 | 1088 | Predict | -0.383072 | -0.136469 |  0.172002 | 9.216643 |  2.484769 | 0.050000 |   11 |  9.627082 |  2.833625 |  0.000000 |  9.810253 |  383 |  10.562500 |     67.925781 |   0.000000 |  13.421875 | 244.000000 | 63.000000 |   0.000000 | 138.000000
 1089 | 1089 | Update  | -0.033519 | -1.472434 |  0.227959 | 9.363178 |  2.632385 | 0.051000 |   14 |  0.000000 |  2.712177 | 13.396915 |  9.589874 |  383 |  10.562500 |     58.003906 |  17.175781 |  16.507812 | 244.000000 | 63.000000 | 138.000000 | 138.000000
 1090 | 1090 | Predict | -0.888249 |  0.730232 |  0.223962 | 9.363178 |  2.632385 | 0.051000 |   14 |  0.000000 |  2.712177 | 13.396915 |  9.589874 |  383 |  10.562500 |     58.003906 |  17.175781 |  16.507812 | 244.000000 | 63.000000 | 138.000000 | 138.000000
 1091 | 1091 | Predict | -0.180762 | -0.599748 |  0.146155 | 9.363178 |  2.632385 | 0.050000 |   14 |  0.000000 |  2.712177 | 13.396915 |  9.589874 |  384 |  10.562500 |     58.003906 |  17.175781 |  16.507812 | 244.000000 | 63.000000 | 138.000000 | 138.000000
 1092 | 1092 | Predict |  0.688333 | -0.111330 |  0.136162 | 9.363178 |  2.632385 | 0.050000 |   14 |  0.000000 |  2.712177 | 13.396915 |  9.589874 |  385 |  10.562500 |     58.003906 |  17.175781 |  16.507812 | 244.000000 | 63.000000 | 138.000000 | 138.000000
 1093 | 1093 | Predict |  0.708684 | -2.099715 |  0.111648 | 9.363178 |  2.632385 | 0.050000 |   14 |  0.000000 |  2.712177 | 13.396915 |  9.589874 |  385 |  10.562500 |     58.003906 |  17.175781 |  16.507812 | 244.000000 | 63.000000 | 138.000000 | 138.000000
 1094 | 1094 | Update  | -0.566229 |  1.397017 |  0.178530 | 9.246810 |  2.673391 | 0.050000 |   11 |  9.654646 |  2.823484 | 13.652242 |  9.569813 |  385 |   8.000000 |     36.906250 |  16.886719 |  14.808594 | 244.000000 | 63.000000 | 138.000000 | 138.000000
 1095 | 1095 | Update  |  0.936133 | -1.230620 |  0.111648 | 9.240425 |  2.585574 | 0.050000 |   11 |  9.657136 |  2.853904 |  0.000000 |  9.690035 |  385 |  16.664062 |     52.945312 |        nan |  20.480469 | 244.000000 | 63.000000 |   0.000000 | 138.000000
 1096 | 1096 | Predict | -0.890643 |  0.793678 |  0.190920 | 9.240425 |  2.585574 | 0.050000 |   11 |  9.657136 |  2.853904 |  0.000000 |  9.690035 |  386 |  16.664062 |     52.945312 |        nan |  20.480469 | 244.000000 | 63.000000 |   0.000000 | 138.000000
 1097 | 1097 | Predict |  1.332373 |  0.912191 |  0.218233 | 9.240425 |  2.585574 | 0.050000 |   11 |  9.657136 |  2.853904 |  0.000000 |  9.690035 |  386 |  16.664062 |     52.945312 |        nan |  20.480469 | 244.000000 | 63.000000 |   0.000000 | 138.000000
 1098 | 1098 | Predict | -0.111330 | -0.970849 |  0.219965 | 9.240425 |  2.585574 | 0.050000 |   11 |  9.657136 |  2.853904 |  0.000000 |  9.690035 |  387 |  16.664062 |     52.945312 |        nan |  20.480469 | 244.000000 | 63.000000 |   0.000000 | 138.000000
 1099 | 1099 | Predict | -2.258929 | -0.622492 |  0.251407 | 9.240425 |  2.585574 | 0.050000 |   11 |  9.657136 |  2.853904 |  0.000000 |  9.690035 |  387 |  16.664062 |     52.945312 |        nan |  20.480469 | 244.000000 | 63.000000 |   0.000000 | 138.000000
 1100 | 1100 | Update  |  0.347159 | -0.199916 |  0.257003 | 9.404127 |  2.689977 | 0.050000 |   11 |  9.803709 |  2.793159 | 13.652242 |  9.539721 |  387 |  14.328125 |      9.675781 |  32.488281 |  23.585938 | 244.000000 | 63.000000 | 138.000000 | 138.000000
 1101 | 1101 | Update  |  0.094571 |  0.988805 |  0.234221 | 9.269642 |  2.639590 | 0.051000 |   11 |  9.674774 |  2.813441 | 13.592162 |  9.609862 |  387 |  18.347656 |     22.964844 |  40.390625 |  35.976562 | 244.000000 | 63.000000 | 138.000000 | 138.000000
 1102 | 1102 | Update  |  0.853533 | -1.022324 |  0.226626 | 9.298969 |  2.635429 | 0.050000 |   11 |  9.758644 |  2.995473 |  0.000000 |  9.669973 |  387 |  18.089844 |     42.824219 |   0.000000 |  33.273438 | 244.000000 | 63.000000 |   0.000000 | 138.000000
 1103 | 1103 | Predict |  1.459266 | -0.180762 |  0.161343 | 9.298969 |  2.635429 | 0.050000 |   11 |  9.758644 |  2.995473 |  0.000000 |  9.669973 |  387 |  18.089844 |     42.824219 |   0.000000 |  33.273438 | 244.000000 | 63.000000 |   0.000000 | 138.000000
 1104 | 1104 | Predict | -1.669956 | -0.469264 |  0.133231 | 9.298969 |  2.635429 | 0.050000 |   11 |  9.758644 |  2.995473 |  0.000000 |  9.669973 |  388 |  18.089844 |     42.824219 |   0.000000 |  33.273438 | 244.000000 | 63.000000 |   0.000000 | 138.000000
 1105 | 1105 | Predict | -0.343568 | -0.377087 |  0.202245 | 9.298969 |  2.635429 | 0.050000 |   11 |  9.758644 |  2.995473 |  0.000000 |  9.669973 |  388 |  18.089844 |     42.824219 |   0.000000 |  33.273438 | 244.000000 | 63.000000 |   0.000000 | 138.000000
 1106 | 1106 | Update  | -0.639252 | -0.076614 |  0.206775 | 9.333637 |  2.572512 | 0.050000 |   13 |  9.664711 |  2.934788 | 13.396915 |  9.619893 |  388 |  15.378906 |     28.980469 |  54.671875 |  37.238281 | 244.000000 | 63.000000 | 138.000000 | 138.000000
 1107 | 1107 | Update  | -1.425747 |  0.509965 |  0.154015 | 9.436989 |  2.515683 | 0.051000 |   13 |  9.697290 |  0.000000 | 13.471999 |  9.619893 |  388 |   5.453125 |     28.980469 |  23.582031 |  20.070312 | 244.000000 | 63.000000 | 138.000000 | 138.000000
 1108 | 1108 | Predict |  1.114501 | -1.455675 |  0.162942 | 9.436989 |  2.515683 | 0.050000 |   13 |  9.697290 |  0.000000 | 13.471999 |  9.619893 |  388 |   5.453125 |     28.980469 |  23.582031 |  20.070312 | 244.000000 | 63.000000 | 138.000000 | 138.000000
 1109 | 1109 | Predict | -0.615310 | -0.440533 |  0.203577 | 9.436989 |  2.515683 | 0.050000 |   13 |  9.697290 |  0.000000 | 13.471999 |  9.619893 |  389 |   5.453125 |     28.980469 |  23.582031 |  20.070312 | 244.000000 | 63.000000 | 138.000000 | 138.000000
 1110 | 1110 | Predict |  1.144428 | -0.319626 |  0.179063 | 9.436989 |  2.515683 | 0.050000 |   13 |  9.697290 |  0.000000 | 13.471999 |  9.619893 |  390 |   5.453125 |     28.980469 |  23.582031 |  20.070312 | 244.000000 | 63.000000 | 138.000000 | 138.000000
 1111 | 1111 | Predict |  0.804452 | -0.544681 |  0.160810 | 9.436989 |  2.515683 | 0.050000 |   13 |  9.697290 |  0.000000 | 13.471999 |  9.619893 |  391 |   5.453125 |     28.980469 |  23.582031 |  20.070312 | 244.000000 | 63.000000 | 138.000000 | 138.000000
 1112 | 1112 | Predict | -2.711433 |  0.101754 |  0.170270 | 9.436989 |  2.515683 | 0.050000 |   13 |  9.697290 |  0.000000 | 13.471999 |  9.619893 |  391 |   5.453125 |     28.980469 |  23.582031 |  20.070312 | 244.000000 | 63.000000 | 138.000000 | 138.000000
 1113 | 1113 | Predict | -0.733823 |  1.527501 |  0.123505 | 9.436989 |  2.515683 | 0.050000 |   13 |  9.697290 |  0.000000 | 13.471999 |  9.619893 |  392 |   5.453125 |     28.980469 |  23.582031 |  20.070312 | 244.000000 | 63.000000 | 138.000000 | 138.000000
 1114 | 1114 | Predict |  0.313640 | -0.847547 |  0.168005 | 9.436989 |  2.515683 | 0.050000 |   13 |  9.697290 |  0.000000 | 13.471999 |  9.619893 |  392 |   5.453125 |     28.980469 |  23.582031 |  20.070312 | 244.000000 | 63.000000 | 138.000000 | 138.000000
 1115 | 1115 | Predict | -1.508347 | -0.106542 |  0.177464 | 9.436989 |  2.515683 | 0.050000 |   13 |  9.697290 |  0.000000 | 13.471999 |  9.619893 |  393 |   5.453125 |     28.980469 |  23.582031 |  20.070312 | 244.000000 | 63.000000 | 138.000000 | 138.000000
 1116 | 1116 | Predict | -0.890643 | -1.120486 |  0.203311 | 9.436989 |  2.515683 | 0.050000 |   13 |  9.697290 |  0.000000 | 13.471999 |  9.619893 |  394 |   5.453125 |     28.980469 |  23.582031 |  20.070312 | 244.000000 | 63.000000 | 138.000000 | 138.000000
 1117 | 1117 | Predict | -1.128866 |  0.112527 |  0.172401 | 9.436989 |  2.515683 | 0.050000 |   13 |  9.697290 |  0.000000 | 13.471999 |  9.619893 |  394 |   5.453125 |     28.980469 |  23.582031 |  20.070312 | 244.000000 | 63.000000 | 138.000000 | 138.000000
 1118 | 1118 | Predict | -0.269348 |  0.302867 |  0.096326 | 9.436989 |  2.515683 | 0.050000 |   13 |  9.697290 |  0.000000 | 13.471999 |  9.619893 |  395 |   5.453125 |     28.980469 |  23.582031 |  20.070312 | 244.000000 | 63.000000 | 138.000000 | 138.000000
 1119 | 1119 | Predict | -2.960430 |  1.357512 |  0.120841 | 9.436989 |  2.515683 | 0.050000 |   13 |  9.697290 |  0.000000 | 13.471999 |  9.619893 |  396 |   5.453125 |     28.980469 |  23.582031 |  20.070312 | 244.000000 | 63.000000 | 138.000000 | 138.000000
 1120 | 1120 | Predict |  1.511938 | -0.858321 |  0.163075 | 9.436989 |  2.515683 | 0.050000 |   13 |  9.697290 |  0.000000 | 13.471999 |  9.619893 |  396 |   5.453125 |     28.980469 |  23.582031 |  20.070312 | 244.000000 | 63.000000 | 138.000000 | 138.000000
 1121 | 1121 | Update  | -0.213084 | -0.478840 |  0.113913 | 9.386614 |  2.939073 | 0.050000 |   14 |  0.000000 |  2.965184 | 13.186662 |  9.269246 |  396 |   5.453125 |     51.824219 |  43.593750 |  37.195312 | 244.000000 | 63.000000 | 138.000000 | 138.000000
 1122 | 1122 | Predict | -1.189918 |  0.512359 |  0.150152 | 9.386614 |  2.939073 | 0.050000 |   14 |  0.000000 |  2.965184 | 13.186662 |  9.269246 |  397 |   5.453125 |     51.824219 |  43.593750 |  37.195312 | 244.000000 | 63.000000 | 138.000000 | 138.000000
 1123 | 1123 | Predict | -2.270900 | -0.410606 |  0.154282 | 9.386614 |  2.939073 | 0.050000 |   14 |  0.000000 |  2.965184 | 13.186662 |  9.269246 |  397 |   5.453125 |     51.824219 |  43.593750 |  37.195312 | 244.000000 | 63.000000 | 138.000000 | 138.000000
 1124 | 1124 | Predict | -1.144428 |  1.534683 |  0.142691 | 9.386614 |  2.939073 | 0.050000 |   14 |  0.000000 |  2.965184 | 13.186662 |  9.269246 |  398 |   5.453125 |     51.824219 |  43.593750 |  37.195312 | 244.000000 | 63.000000 | 138.000000 | 138.000000
 1125 | 1125 | Predict | -0.168791 | -0.351948 |  0.163741 | 9.386614 |  2.939073 | 0.050000 |   14 |  0.000000 |  2.965184 | 13.186662 |  9.269246 |  399 |   5.453125 |     51.824219 |  43.593750 |  37.195312 | 244.000000 | 63.000000 | 138.000000 | 138.000000
 1126 | 1126 | Update  | -0.854730 | -1.329979 |  0.171735 | 9.173953 |  3.022576 | 0.050000 |   11 |  9.680999 |  3.147029 |  0.000000 |  9.219162 |  399 |   9.214844 |     69.273438 |   0.000000 |  34.343750 | 244.000000 | 63.000000 |   0.000000 | 138.000000
 1127 | 1127 | Predict | -0.338780 |  0.707487 |  0.138694 | 9.173953 |  3.022576 | 0.052000 |   11 |  9.680999 |  3.147029 |  0.000000 |  9.219162 |  399 |   9.214844 |     69.273438 |   0.000000 |  34.343750 | 244.000000 | 63.000000 |   0.000000 | 138.000000
 1128 | 1128 | Update  |  0.763750 | -0.173580 |  0.141092 | 9.133126 |  3.022856 | 0.050000 |   11 |  9.649701 |  3.177373 |  0.000000 |  9.229193 |  399 |   9.199219 |     73.585938 |        nan |  15.375000 | 244.000000 | 63.000000 |   0.000000 | 138.000000
 1129 | 1129 | Predict | -1.261744 |  0.348356 |  0.163741 | 9.133126 |  3.022856 | 0.050000 |   11 |  9.649701 |  3.177373 |  0.000000 |  9.229193 |  400 |   9.199219 |     73.585938 |        nan |  15.375000 | 244.000000 | 63.000000 |   0.000000 | 138.000000
 1130 | 1130 | Predict |  0.180762 | -0.117316 |  0.115511 | 9.133126 |  3.022856 | 0.050000 |   11 |  9.649701 |  3.177373 |  0.000000 |  9.229193 |  400 |   9.199219 |     73.585938 |        nan |  15.375000 | 244.000000 | 63.000000 |   0.000000 | 138.000000
 1131 | 1131 | Predict | -0.934936 | -0.711078 |  0.139493 | 9.133126 |  3.022856 | 0.050000 |   11 |  9.649701 |  3.177373 |  0.000000 |  9.229193 |  401 |   9.199219 |     73.585938 |        nan |  15.375000 | 244.000000 | 63.000000 |   0.000000 | 138.000000
 1132 | 1132 | Update  | -2.439692 | -0.697910 |  0.199314 | 9.166265 |  3.118507 | 0.050000 |   11 |  9.689819 |  3.197608 | 12.991408 |  9.108958 |  401 |  11.191406 |     84.519531 |  23.125000 |  24.125000 | 244.000000 | 63.000000 | 138.000000 | 138.000000
 1133 | 1133 | Predict | -1.483208 |  0.984017 |  0.160544 | 9.166265 |  3.118507 | 0.050000 |   11 |  9.689819 |  3.197608 | 12.991408 |  9.108958 |  401 |  11.191406 |     84.519531 |  23.125000 |  24.125000 | 244.000000 | 63.000000 | 138.000000 | 138.000000
 1134 | 1134 | Update  | -1.292869 | -0.065841 |  0.152949 | 9.296728 |  3.196609 | 0.050000 |   13 |  9.797379 |  3.177376 | 12.916323 |  8.978688 |  401 |  12.640625 |     70.863281 |  23.121094 |  29.285156 | 244.000000 | 63.000000 | 138.000000 | 138.000000
 1135 | 1135 | Predict | -0.905008 | -1.039083 |  0.151084 | 9.296728 |  3.196609 | 0.050000 |   13 |  9.797379 |  3.177376 | 12.916323 |  8.978688 |  401 |  12.640625 |     70.863281 |  23.121094 |  29.285156 | 244.000000 | 63.000000 | 138.000000 | 138.000000
 1136 | 1136 | Update  |  0.293290 | -0.019154 |  0.132965 | 9.101506 |  3.204239 | 0.050000 |   14 |  0.000000 |  3.268206 | 12.796153 |  9.018744 |  401 |  12.640625 |     88.398438 |  26.128906 |  24.570312 | 244.000000 | 63.000000 | 138.000000 | 138.000000
 1137 | 1137 | Update  | -0.550666 | -0.925359 |  0.154548 | 9.101506 |  3.212403 | 0.050000 |   14 |  0.000000 |  3.298541 | 12.796153 |  9.018744 |  401 |  12.640625 |     75.652344 |  19.566406 |  18.691406 | 244.000000 | 63.000000 | 138.000000 | 138.000000
 1138 | 1138 | Predict | -0.343568 |  0.025139 |  0.136296 | 9.101506 |  3.212403 | 0.051000 |   14 |  0.000000 |  3.298541 | 12.796153 |  9.018744 |  401 |  12.640625 |     75.652344 |  19.566406 |  18.691406 | 244.000000 | 63.000000 | 138.000000 | 138.000000
 1139 | 1139 | Update  | -1.462857 |  1.162385 |  0.163342 | 9.230081 |  3.272248 | 0.050000 |   13 |  9.733673 |  3.247984 | 12.796153 |  8.878511 |  401 |  18.847656 |     41.554688 |   6.636719 |  11.898438 | 244.000000 | 63.000000 | 138.000000 | 138.000000
 1140 | 1140 | Update  | -0.883460 |  0.305261 |  0.146421 | 9.022916 |  3.212376 | 0.050000 |   14 |  0.000000 |  3.298443 | 12.736070 |  9.018744 |  401 |  18.847656 |     85.800781 |  26.742188 |  19.257812 | 244.000000 | 63.000000 | 138.000000 | 138.000000
 1141 | 1141 | Predict |  0.237026 |  0.302867 |  0.116311 | 9.022916 |  3.212376 | 0.050000 |   14 |  0.000000 |  3.298443 | 12.736070 |  9.018744 |  401 |  18.847656 |     85.800781 |  26.742188 |  19.257812 | 244.000000 | 63.000000 | 138.000000 | 138.000000
 1142 | 1142 | Update  |  0.671574 | -0.744597 |  0.158145 | 9.228544 |  3.322242 | 0.050000 |    7 |  9.796135 |  3.328766 | 12.796153 |  8.968656 |  401 |   9.980469 |     69.742188 |  10.867188 |  16.539062 | 244.000000 | 63.000000 | 138.000000 | 138.000000
 1143 | 1143 | Predict |  0.465672 |  0.039504 |  0.132032 | 9.228544 |  3.322242 | 0.050000 |    7 |  9.796135 |  3.328766 | 12.796153 |  8.968656 |  402 |   9.980469 |     69.742188 |  10.867188 |  16.539062 | 244.000000 | 63.000000 | 138.000000 | 138.000000
 1144 | 1144 | Predict | -0.120907 | -1.084573 |  0.149086 | 9.228544 |  3.322242 | 0.050000 |    7 |  9.796135 |  3.328766 | 12.796153 |  8.968656 |  402 |   9.980469 |     69.742188 |  10.867188 |  16.539062 | 244.000000 | 63.000000 | 138.000000 | 138.000000
 1145 | 1145 | Update  | -0.916979 |  1.425747 |  0.099524 | 9.142941 |  3.364819 | 0.050000 |   11 |  9.734919 |  3.399417 |  0.000000 |  8.848415 |  402 |  12.320312 |     94.875000 |        nan |  17.968750 | 244.000000 | 63.000000 |   0.000000 | 138.000000
 1146 | 1146 | Update  |  1.207875 | -1.103727 |  0.050228 | 9.219436 |  3.464273 | 0.051000 |    7 |  9.797379 |  3.358996 | 12.660979 |  0.000000 |  402 |   8.203125 |     78.738281 |   8.792969 |   0.000000 | 244.000000 | 63.000000 | 138.000000 |   0.000000
 1147 | 1147 | Predict | -0.681150 | -0.101754 |  0.075675 | 9.219436 |  3.464273 | 0.052000 |    7 |  9.797379 |  3.358996 | 12.660979 |  0.000000 |  403 |   8.203125 |     78.738281 |   8.792969 |   0.000000 | 244.000000 | 63.000000 | 138.000000 |   0.000000
 1148 | 1148 | Predict | -0.775721 |  0.052672 |  0.038371 | 9.219436 |  3.464273 | 0.050000 |    7 |  9.797379 |  3.358996 | 12.660979 |  0.000000 |  403 |   8.203125 |     78.738281 |   8.792969 |   0.000000 | 244.000000 | 63.000000 | 138.000000 |   0.000000
 1149 | 1149 | Predict | -1.247379 | -0.597353 |  0.109916 | 9.219436 |  3.464273 | 0.050000 |    7 |  9.797379 |  3.358996 | 12.660979 |  0.000000 |  404 |   8.203125 |     78.738281 |   8.792969 |   0.000000 | 244.000000 | 63.000000 | 138.000000 |   0.000000
 1150 | 1150 | Update  | -0.659603 |  0.440533 |  0.063685 | 9.021534 |  3.407869 | 0.050000 |   14 |  0.000000 |  3.500253 | 12.600893 |  8.828350 |  404 |   8.203125 |     89.304688 |  11.183594 |  14.222656 | 244.000000 | 63.000000 | 138.000000 | 138.000000
 1151 | 1151 | Predict | -1.072602 |  0.972046 |  0.089798 | 9.021534 |  3.407869 | 0.050000 |   14 |  0.000000 |  3.500253 | 12.600893 |  8.828350 |  405 |   8.203125 |     89.304688 |  11.183594 |  14.222656 | 244.000000 | 63.000000 | 138.000000 | 138.000000
 1152 | 1152 | Predict |  0.392649 | -0.033519 |  0.120841 | 9.021534 |  3.407869 | 0.050000 |   14 |  0.000000 |  3.500253 | 12.600893 |  8.828350 |  405 |   8.203125 |     89.304688 |  11.183594 |  14.222656 | 244.000000 | 63.000000 | 138.000000 | 138.000000
 1153 | 1153 | Predict | -0.220267 |  0.617704 |  0.111914 | 9.021534 |  3.407869 | 0.050000 |   14 |  0.000000 |  3.500253 | 12.600893 |  8.828350 |  405 |   8.203125 |     89.304688 |  11.183594 |  14.222656 | 244.000000 | 63.000000 | 138.000000 | 138.000000
 1154 | 1154 | Predict | -2.376245 | -0.691924 |  0.116844 | 9.021534 |  3.407869 | 0.050000 |   14 |  0.000000 |  3.500253 | 12.600893 |  8.828350 |  406 |   8.203125 |     89.304688 |  11.183594 |  14.222656 | 244.000000 | 63.000000 | 138.000000 | 138.000000
 1155 | 1155 | Predict | -0.741005 | -0.505177 |  0.105519 | 9.021534 |  3.407869 | 0.050000 |   14 |  0.000000 |  3.500253 | 12.600893 |  8.828350 |  407 |   8.203125 |     89.304688 |  11.183594 |  14.222656 | 244.000000 | 63.000000 | 138.000000 | 138.000000
 1156 | 1156 | Update  |  1.423353 | -1.084573 |  0.074210 | 9.003428 |  3.505991 | 0.050000 |    7 |  9.674809 |  3.621136 | 12.525804 |  8.547791 |  407 |  12.800781 |    126.867188 |  15.828125 |  16.722656 | 244.000000 | 63.000000 | 138.000000 | 138.000000
 1157 | 1157 | Predict |  0.021548 | -0.319626 |  0.047297 | 9.003428 |  3.505991 | 0.050000 |    7 |  9.674809 |  3.621136 | 12.525804 |  8.547791 |  407 |  12.800781 |    126.867188 |  15.828125 |  16.722656 | 244.000000 | 63.000000 | 138.000000 | 138.000000
 1158 | 1158 | Predict |  0.527921 |  0.015562 |  0.034374 | 9.003428 |  3.505991 | 0.050000 |    7 |  9.674809 |  3.621136 | 12.525804 |  8.547791 |  408 |  12.800781 |    126.867188 |  15.828125 |  16.722656 | 244.000000 | 63.000000 | 138.000000 | 138.000000
 1159 | 1159 | Predict |  0.089783 | -0.893037 |  0.042900 | 9.003428 |  3.505991 | 0.050000 |    7 |  9.674809 |  3.621136 | 12.525804 |  8.547791 |  408 |  12.800781 |    126.867188 |  15.828125 |  16.722656 | 244.000000 | 63.000000 | 138.000000 | 138.000000
 1160 | 1160 | Predict |  0.274136 |  0.276530 |  0.051827 | 9.003428 |  3.505991 | 0.050000 |    7 |  9.674809 |  3.621136 | 12.525804 |  8.547791 |  409 |  12.800781 |    126.867188 |  15.828125 |  16.722656 | 244.000000 | 63.000000 | 138.000000 | 138.000000
 1161 | 1161 | Update  | -1.780089 | -0.726640 |  0.031443 | 8.896011 |  3.591496 | 0.050000 |    7 |  9.608335 |  3.731965 | 12.390626 |  8.587925 |  409 |  13.445312 |     83.277344 |   8.410156 |  10.242188 | 244.000000 | 63.000000 | 138.000000 | 138.000000
 1162 | 1162 | Predict | -1.703475 |  0.588974 |  0.060221 | 8.896011 |  3.591496 | 0.050000 |    7 |  9.608335 |  3.731965 | 12.390626 |  8.587925 |  409 |  13.445312 |     83.277344 |   8.410156 |  10.242188 | 244.000000 | 63.000000 | 138.000000 | 138.000000
 1163 | 1163 | Predict |  0.481235 | -0.750582 | -0.037038 | 8.896011 |  3.591496 | 0.050000 |    7 |  9.608335 |  3.731965 | 12.390626 |  8.587925 |  410 |  13.445312 |     83.277344 |   8.410156 |  10.242188 | 244.000000 | 63.000000 | 138.000000 | 138.000000
 1164 | 1164 | Update  |  0.258574 | -0.193930 | -0.074343 | 9.106475 |  3.674178 | 0.050000 |   14 |  0.000000 |  3.701791 | 12.465717 |  8.537758 |  410 |  13.445312 |     96.902344 |   8.898438 |  11.988281 | 244.000000 | 63.000000 | 138.000000 | 138.000000
 1165 | 1165 | Update  | -0.749385 |  0.493206 | -0.093395 | 9.236719 |  3.806206 | 0.053000 |   14 |  0.000000 |  3.792413 | 12.465717 |  8.387547 |  410 |  13.445312 |    110.140625 |   8.820312 |  11.082031 | 244.000000 | 63.000000 | 138.000000 | 138.000000
 1166 | 1166 | Predict | -2.783259 | -1.635240 | -0.086467 | 9.236719 |  3.806206 | 0.050000 |   14 |  0.000000 |  3.792413 | 12.465717 |  8.387547 |  410 |  13.445312 |    110.140625 |   8.820312 |  11.082031 | 244.000000 | 63.000000 | 138.000000 | 138.000000
 1167 | 1167 | Update  | -0.403423 | -0.214281 |  0.098458 | 9.049458 |  3.810342 | 0.050000 |   14 |  0.000000 |  3.893191 | 12.345542 |  8.427609 |  410 |  13.445312 |    113.726562 |  10.855469 |  14.816406 | 244.000000 | 63.000000 | 138.000000 | 138.000000
 1168 | 1168 | Predict | -1.035492 | -0.077812 |  0.027446 | 9.049458 |  3.810342 | 0.050000 |   14 |  0.000000 |  3.893191 | 12.345542 |  8.427609 |  411 |  13.445312 |    113.726562 |  10.855469 |  14.816406 | 244.000000 | 63.000000 | 138.000000 | 138.000000
 1169 | 1169 | Predict |  0.124498 | -0.324414 |  0.023582 | 9.049458 |  3.810342 | 0.050000 |   14 |  0.000000 |  3.893191 | 12.345542 |  8.427609 |  411 |  13.445312 |    113.726562 |  10.855469 |  14.816406 | 244.000000 | 63.000000 | 138.000000 | 138.000000
 1170 | 1170 | Predict | -0.144849 |  0.792481 |  0.034907 | 9.049458 |  3.810342 | 0.050000 |   14 |  0.000000 |  3.893191 | 12.345542 |  8.427609 |  412 |  13.445312 |    113.726562 |  10.855469 |  14.816406 | 244.000000 | 63.000000 | 138.000000 | 138.000000
 1171 | 1171 | Predict | -0.539892 |  0.228646 |  0.008127 | 9.049458 |  3.810342 | 0.050000 |   14 |  0.000000 |  3.893191 | 12.345542 |  8.427609 |  412 |  13.445312 |    113.726562 |  10.855469 |  14.816406 | 244.000000 | 63.000000 | 138.000000 | 138.000000
 1172 | 1172 | Predict | -0.790087 | -0.743400 | -0.028378 | 9.049458 |  3.810342 | 0.050000 |   14 |  0.000000 |  3.893191 | 12.345542 |  8.427609 |  413 |  13.445312 |    113.726562 |  10.855469 |  14.816406 | 244.000000 | 63.000000 | 138.000000 | 138.000000
 1173 | 1173 | Predict | -1.528698 |  0.105345 | -0.013723 | 9.049458 |  3.810342 | 0.050000 |   14 |  0.000000 |  3.893191 | 12.345542 |  8.427609 |  414 |  13.445312 |    113.726562 |  10.855469 |  14.816406 | 244.000000 | 63.000000 | 138.000000 | 138.000000
 1174 | 1174 | Update  | -1.903390 | -0.910994 |  0.014389 | 8.794406 |  3.895685 | 0.050000 |   13 |  9.668480 |  0.000000 | 12.135270 |  8.417576 |  414 |  15.312500 |     97.789062 |  11.847656 |  17.808594 | 244.000000 | 63.000000 | 138.000000 | 138.000000
 1175 | 1175 | Predict | -0.366313 |  0.265756 |  0.059021 | 8.794406 |  3.895685 | 0.050000 |   13 |  9.668480 |  0.000000 | 12.135270 |  8.417576 |  414 |  15.312500 |     97.789062 |  11.847656 |  17.808594 | 244.000000 | 63.000000 | 138.000000 | 138.000000
 1176 | 1176 | Update  | -1.229423 | -0.166397 |  0.059554 | 8.912379 |  3.854676 | 0.050000 |   13 |  9.692309 |  3.953507 | 12.195358 |  8.367480 |  414 |   7.277344 |     91.316406 |   7.507812 |  14.070312 | 244.000000 | 63.000000 | 138.000000 | 138.000000
 1177 | 1177 | Predict |  0.073023 |  0.263362 |  0.072078 | 8.912379 |  3.854676 | 0.050000 |   13 |  9.692309 |  3.953507 | 12.195358 |  8.367480 |  415 |   7.277344 |     91.316406 |   7.507812 |  14.070312 | 244.000000 | 63.000000 | 138.000000 | 138.000000
 1178 | 1178 | Predict | -0.265756 | -0.921768 |  0.034107 | 8.912379 |  3.854676 | 0.050000 |   13 |  9.692309 |  3.953507 | 12.195358 |  8.367480 |  415 |   7.277344 |     91.316406 |   7.507812 |  14.070312 | 244.000000 | 63.000000 | 138.000000 | 138.000000
 1179 | 1179 | Predict | -0.982820 |  0.778116 |  0.055291 | 8.912379 |  3.854676 | 0.050000 |   13 |  9.692309 |  3.953507 | 12.195358 |  8.367480 |  416 |   7.277344 |     91.316406 |   7.507812 |  14.070312 | 244.000000 | 63.000000 | 138.000000 | 138.000000
 1180 | 1180 | Predict | -0.150835 |  0.611719 |  0.031309 | 8.912379 |  3.854676 | 0.050000 |   13 |  9.692309 |  3.953507 | 12.195358 |  8.367480 |  417 |   7.277344 |     91.316406 |   7.507812 |  14.070312 | 244.000000 | 63.000000 | 138.000000 | 138.000000
 1181 | 1181 | Predict | -0.804452 | -1.361104 |  0.090064 | 8.912379 |  3.854676 | 0.050000 |   13 |  9.692309 |  3.953507 | 12.195358 |  8.367480 |  417 |   7.277344 |     91.316406 |   7.507812 |  14.070312 | 244.000000 | 63.000000 | 138.000000 | 138.000000
 1182 | 1182 | Predict | -1.157596 |  0.169988 |  0.075276 | 8.912379 |  3.854676 | 0.050000 |   13 |  9.692309 |  3.953507 | 12.195358 |  8.367480 |  418 |   7.277344 |     91.316406 |   7.507812 |  14.070312 | 244.000000 | 63.000000 | 138.000000 | 138.000000
 1183 | 1183 | Predict | -0.665588 | -0.803255 |  0.038504 | 8.912379 |  3.854676 | 0.051000 |   13 |  9.692309 |  3.953507 | 12.195358 |  8.367480 |  419 |   7.277344 |     91.316406 |   7.507812 |  14.070312 | 244.000000 | 63.000000 | 138.000000 | 138.000000
 1184 | 1184 | Predict | -0.339977 | -1.771709 |  0.080738 | 8.912379 |  3.854676 | 0.050000 |   13 |  9.692309 |  3.953507 | 12.195358 |  8.367480 |  419 |   7.277344 |     91.316406 |   7.507812 |  14.070312 | 244.000000 | 63.000000 | 138.000000 | 138.000000
 1185 | 1185 | Update  |  0.160412 | -0.835576 |  0.072211 | 8.897388 |  3.996256 | 0.050000 |   14 |  0.000000 |  4.184981 | 12.135272 |  8.297314 |  419 |   7.277344 |    122.964844 |  11.378906 |  14.960938 | 244.000000 | 63.000000 | 138.000000 | 138.000000
 1186 | 1186 | Update  | -0.588974 |  0.518345 | -0.011591 | 8.815814 |  4.013239 | 0.050000 |   11 |  9.708600 |  4.174904 |  0.000000 |  8.267212 |  419 |  19.347656 |    111.000000 |   0.000000 |  10.214844 | 244.000000 | 63.000000 |   0.000000 | 138.000000
 1187 | 1187 | Predict | -0.620098 | -0.004788 | -0.027979 | 8.815814 |  4.013239 | 0.050000 |   11 |  9.708600 |  4.174904 |  0.000000 |  8.267212 |  419 |  19.347656 |    111.000000 |   0.000000 |  10.214844 | 244.000000 | 63.000000 |   0.000000 | 138.000000
 1188 | 1188 | Predict | -1.133654 | -0.824802 |  0.031309 | 8.815814 |  4.013239 | 0.050000 |   11 |  9.708600 |  4.174904 |  0.000000 |  8.267212 |  420 |  19.347656 |    111.000000 |   0.000000 |  10.214844 | 244.000000 | 63.000000 |   0.000000 | 138.000000
 1189 | 1189 | Predict | -0.424971 | -1.225831 | -0.010126 | 8.815814 |  4.013239 | 0.050000 |   11 |  9.708600 |  4.174904 |  0.000000 |  8.267212 |  421 |  19.347656 |    111.000000 |   0.000000 |  10.214844 | 244.000000 | 63.000000 |   0.000000 | 138.000000
 1190 | 1190 | Predict |  1.519121 | -1.048660 |  0.015988 | 8.815814 |  4.013239 | 0.050000 |   11 |  9.708600 |  4.174904 |  0.000000 |  8.267212 |  421 |  19.347656 |    111.000000 |   0.000000 |  10.214844 | 244.000000 | 63.000000 |   0.000000 | 138.000000
 1191 | 1191 | Predict |  0.430956 |  0.877475 | -0.015188 | 8.815814 |  4.013239 | 0.050000 |   11 |  9.708600 |  4.174904 |  0.000000 |  8.267212 |  422 |  19.347656 |    111.000000 |   0.000000 |  10.214844 | 244.000000 | 63.000000 |   0.000000 | 138.000000
 1192 | 1192 | Predict |  0.201113 | -1.855506 | -0.005729 | 8.815814 |  4.013239 | 0.050000 |   11 |  9.708600 |  4.174904 |  0.000000 |  8.267212 |  423 |  19.347656 |    111.000000 |   0.000000 |  10.214844 | 244.000000 | 63.000000 |   0.000000 | 138.000000
 1193 | 1193 | Predict | -0.047884 |  0.695516 |  0.008527 | 8.815814 |  4.013239 | 0.050000 |   11 |  9.708600 |  4.174904 |  0.000000 |  8.267212 |  423 |  19.347656 |    111.000000 |   0.000000 |  10.214844 | 244.000000 | 63.000000 |   0.000000 | 138.000000
 1194 | 1194 | Predict | -1.041478 | -0.367510 | -0.004796 | 8.815814 |  4.013239 | 0.050000 |   11 |  9.708600 |  4.174904 |  0.000000 |  8.267212 |  424 |  19.347656 |    111.000000 |   0.000000 |  10.214844 | 244.000000 | 63.000000 |   0.000000 | 138.000000
 1195 | 1195 | Update  | -1.939303 | -1.090559 | -0.038504 | 8.873649 |  4.170838 | 0.050000 |   14 |  0.000000 |  4.355981 | 12.000089 |  8.126876 |  424 |  19.347656 |    126.320312 |  19.750000 |  19.093750 | 244.000000 | 63.000000 | 138.000000 | 138.000000
 1196 | 1196 | Predict |  0.089783 |  0.356736 | -0.031176 | 8.873649 |  4.170838 | 0.050000 |   14 |  0.000000 |  4.355981 | 12.000089 |  8.126876 |  424 |  19.347656 |    126.320312 |  19.750000 |  19.093750 | 244.000000 | 63.000000 | 138.000000 | 138.000000
 1197 | 1197 | Update  | -0.775721 | -1.697489 | -0.050361 | 8.964757 |  4.225876 | 0.050000 |   14 |  0.000000 |  4.305701 | 12.000089 |  8.016712 |  424 |  19.347656 |     84.769531 |  13.914062 |  19.488281 | 244.000000 | 63.000000 | 138.000000 | 138.000000
 1198 | 1198 | Update  | -0.392649 |  0.730232 |  0.009859 | 8.783036 |  4.152636 | 0.050000 |   13 |  9.657136 |  0.000000 | 11.864904 |  8.036709 |  424 |  19.066406 |     84.769531 |  17.531250 |  20.480469 | 244.000000 |  0.000000 | 138.000000 | 138.000000
 1199 | 1199 | Predict | -0.675165 | -1.171962 | -0.001599 | 8.783036 |  4.152636 | 0.050000 |   13 |  9.657136 |  0.000000 | 11.864904 |  8.036709 |  424 |  19.066406 |     84.769531 |  17.531250 |  20.480469 | 244.000000 |  0.000000 | 138.000000 | 138.000000
 1200 | 1200 | Predict | -1.739388 |  0.610521 |  0.028645 | 8.783036 |  4.152636 | 0.050000 |   13 |  9.657136 |  0.000000 | 11.864904 |  8.036709 |  425 |  19.066406 |     84.769531 |  17.531250 |  20.480469 | 244.000000 |  0.000000 | 138.000000 | 138.000000
 1201 | 1201 | Predict | -0.031125 | -1.132457 |  0.024115 | 8.783036 |  4.152636 | 0.050000 |   13 |  9.657136 |  0.000000 | 11.864904 |  8.036709 |  426 |  19.066406 |     84.769531 |  17.531250 |  20.480469 | 244.000000 |  0.000000 | 138.000000 | 138.000000
 1202 | 1202 | Predict | -0.253785 | -0.627281 | -0.001332 | 8.783036 |  4.152636 | 0.050000 |   13 |  9.657136 |  0.000000 | 11.864904 |  8.036709 |  426 |  19.066406 |     84.769531 |  17.531250 |  20.480469 | 244.000000 |  0.000000 | 138.000000 | 138.000000
 1203 | 1203 | Predict | -0.881066 | -0.672771 |  0.000400 | 8.783036 |  4.152636 | 0.050000 |   13 |  9.657136 |  0.000000 | 11.864904 |  8.036709 |  427 |  19.066406 |     84.769531 |  17.531250 |  20.480469 | 244.000000 |  0.000000 | 138.000000 | 138.000000
 1204 | 1204 | Predict | -0.238223 | -0.125696 |  0.049962 | 8.783036 |  4.152636 | 0.050000 |   13 |  9.657136 |  0.000000 | 11.864904 |  8.036709 |  428 |  19.066406 |     84.769531 |  17.531250 |  20.480469 | 244.000000 |  0.000000 | 138.000000 | 138.000000
 1205 | 1205 | Predict | -0.545878 |  0.328006 |  0.087000 | 8.783036 |  4.152636 | 0.050000 |   13 |  9.657136 |  0.000000 | 11.864904 |  8.036709 |  428 |  19.066406 |     84.769531 |  17.531250 |  20.480469 | 244.000000 |  0.000000 | 138.000000 | 138.000000
 1206 | 1206 | Predict |  0.586579 |  0.043096 |  0.060221 | 8.783036 |  4.152636 | 0.050000 |   13 |  9.657136 |  0.000000 | 11.864904 |  8.036709 |  429 |  19.066406 |     84.769531 |  17.531250 |  20.480469 | 244.000000 |  0.000000 | 138.000000 | 138.000000
 1207 | 1207 | Predict | -0.738611 | -0.046687 |  0.048096 | 8.783036 |  4.152636 | 0.051000 |   13 |  9.657136 |  0.000000 | 11.864904 |  8.036709 |  430 |  19.066406 |     84.769531 |  17.531250 |  20.480469 | 244.000000 |  0.000000 | 138.000000 | 138.000000
 1208 | 1208 | Predict |  0.276530 | -1.690306 |  0.083802 | 8.783036 |  4.152636 | 0.050000 |   13 |  9.657136 |  0.000000 | 11.864904 |  8.036709 |  430 |  19.066406 |     84.769531 |  17.531250 |  20.480469 | 244.000000 |  0.000000 | 138.000000 | 138.000000
 1209 | 1209 | Predict |  0.330400 | -0.932542 |  0.012524 | 8.783036 |  4.152636 | 0.050000 |   13 |  9.657136 |  0.000000 | 11.864904 |  8.036709 |  431 |  19.066406 |     84.769531 |  17.531250 |  20.480469 | 244.000000 |  0.000000 | 138.000000 | 138.000000
 1210 | 1210 | Predict | -1.643619 |  1.606509 | -0.058222 | 8.783036 |  4.152636 | 0.050000 |   13 |  9.657136 |  0.000000 | 11.864904 |  8.036709 |  432 |  19.066406 |     84.769531 |  17.531250 |  20.480469 | 244.000000 |  0.000000 | 138.000000 | 138.000000
 1211 | 1211 | Predict | -0.949301 |  1.000776 | -0.059688 | 8.783036 |  4.152636 | 0.050000 |   13 |  9.657136 |  0.000000 | 11.864904 |  8.036709 |  432 |  19.066406 |     84.769531 |  17.531250 |  20.480469 | 244.000000 |  0.000000 | 138.000000 | 138.000000
 1212 | 1212 | Predict | -0.423774 | -0.744597 | -0.002398 | 8.783036 |  4.152636 | 0.050000 |   13 |  9.657136 |  0.000000 | 11.864904 |  8.036709 |  433 |  19.066406 |     84.769531 |  17.531250 |  20.480469 | 244.000000 |  0.000000 | 138.000000 | 138.000000
 1213 | 1213 | Predict | -2.491167 | -0.286107 |  0.004930 | 8.783036 |  4.152636 | 0.050000 |   13 |  9.657136 |  0.000000 | 11.864904 |  8.036709 |  434 |  19.066406 |     84.769531 |  17.531250 |  20.480469 | 244.000000 |  0.000000 | 138.000000 | 138.000000
 1214 | 1214 | Predict | -0.090980 | -0.264559 | -0.021983 | 8.783036 |  4.152636 | 0.050000 |   13 |  9.657136 |  0.000000 | 11.864904 |  8.036709 |  435 |  19.066406 |     84.769531 |  17.531250 |  20.480469 | 244.000000 |  0.000000 | 138.000000 | 138.000000
 1215 | 1215 | Predict |  0.742203 | -0.354342 |  0.003864 | 8.783036 |  4.152636 | 0.050000 |   13 |  9.657136 |  0.000000 | 11.864904 |  8.036709 |  435 |  19.066406 |     84.769531 |  17.531250 |  20.480469 | 244.000000 |  0.000000 | 138.000000 | 138.000000
 1216 | 1216 | Update  | -2.037466 | -0.492008 | -0.084202 | 8.637750 |  4.468582 | 0.050000 |   14 |  0.000000 |  4.798154 | 11.669625 |  7.926467 |  435 |  19.066406 |     46.515625 |  15.218750 |  22.082031 | 244.000000 | 63.000000 | 138.000000 | 138.000000
 1217 | 1217 | Predict | -0.653617 | -0.202310 | -0.096726 | 8.637750 |  4.468582 | 0.050000 |   14 |  0.000000 |  4.798154 | 11.669625 |  7.926467 |  435 |  19.066406 |     46.515625 |  15.218750 |  22.082031 | 244.000000 | 63.000000 | 138.000000 | 138.000000
 1218 | 1218 | Predict | -0.706290 | -1.428141 | -0.108317 | 8.637750 |  4.468582 | 0.050000 |   14 |  0.000000 |  4.798154 | 11.669625 |  7.926467 |  436 |  19.066406 |     46.515625 |  15.218750 |  22.082031 | 244.000000 | 63.000000 | 138.000000 | 138.000000
 1219 | 1219 | Predict | -0.548272 |  0.080206 | -0.035573 | 8.637750 |  4.468582 | 0.050000 |   14 |  0.000000 |  4.798154 | 11.669625 |  7.926467 |  437 |  19.066406 |     46.515625 |  15.218750 |  22.082031 | 244.000000 | 63.000000 | 138.000000 | 138.000000
 1220 | 1220 | Predict | -0.138864 |  0.459687 | -0.074476 | 8.637750 |  4.468582 | 0.050000 |   14 |  0.000000 |  4.798154 | 11.669625 |  7.926467 |  437 |  19.066406 |     46.515625 |  15.218750 |  22.082031 | 244.000000 | 63.000000 | 138.000000 | 138.000000
 1221 | 1221 | Predict | -1.368286 | -1.059434 | -0.074876 | 8.637750 |  4.468582 | 0.050000 |   14 |  0.000000 |  4.798154 | 11.669625 |  7.926467 |  438 |  19.066406 |     46.515625 |  15.218750 |  22.082031 | 244.000000 | 63.000000 | 138.000000 | 138.000000
 1222 | 1222 | Predict | -0.544681 |  0.071826 | -0.057689 | 8.637750 |  4.468582 | 0.050000 |   14 |  0.000000 |  4.798154 | 11.669625 |  7.926467 |  439 |  19.066406 |     46.515625 |  15.218750 |  22.082031 | 244.000000 | 63.000000 | 138.000000 | 138.000000
 1223 | 1223 | Predict | -0.432153 | -1.412579 | -0.033841 | 8.637750 |  4.468582 | 0.050000 |   14 |  0.000000 |  4.798154 | 11.669625 |  7.926467 |  439 |  19.066406 |     46.515625 |  15.218750 |  22.082031 | 244.000000 | 63.000000 | 138.000000 | 138.000000
 1224 | 1224 | Predict |  0.477643 |  1.037886 | -0.051161 | 8.637750 |  4.468582 | 0.050000 |   14 |  0.000000 |  4.798154 | 11.669625 |  7.926467 |  440 |  19.066406 |     46.515625 |  15.218750 |  22.082031 | 244.000000 | 63.000000 | 138.000000 | 138.000000
 1225 | 1225 | Predict | -2.191892 |  0.094571 | -0.002931 | 8.637750 |  4.468582 | 0.050000 |   14 |  0.000000 |  4.798154 | 11.669625 |  7.926467 |  441 |  19.066406 |     46.515625 |  15.218750 |  22.082031 | 244.000000 | 63.000000 | 138.000000 | 138.000000
 1226 | 1226 | Predict | -0.138864 | -0.531513 |  0.014922 | 8.637750 |  4.468582 | 0.050000 |   14 |  0.000000 |  4.798154 | 11.669625 |  7.926467 |  441 |  19.066406 |     46.515625 |  15.218750 |  22.082031 | 244.000000 | 63.000000 | 138.000000 | 138.000000
 1227 | 1227 | Predict | -0.609324 | -0.171185 | -0.021983 | 8.637750 |  4.468582 | 0.050000 |   14 |  0.000000 |  4.798154 | 11.669625 |  7.926467 |  442 |  19.066406 |     46.515625 |  15.218750 |  22.082031 | 244.000000 | 63.000000 | 138.000000 | 138.000000
 1228 | 1228 | Predict | -0.367510 | -0.118513 |  0.014522 | 8.637750 |  4.468582 | 0.050000 |   14 |  0.000000 |  4.798154 | 11.669625 |  7.926467 |  443 |  19.066406 |     46.515625 |  15.218750 |  22.082031 | 244.000000 | 63.000000 | 138.000000 | 138.000000
 1229 | 1229 | Predict | -0.712275 | -0.821211 |  0.001865 | 8.637750 |  4.468582 | 0.050000 |   14 |  0.000000 |  4.798154 | 11.669625 |  7.926467 |  443 |  19.066406 |     46.515625 |  15.218750 |  22.082031 | 244.000000 | 63.000000 | 138.000000 | 138.000000
 1230 | 1230 | Predict |  1.358709 | -0.899023 |  0.058888 | 8.637750 |  4.468582 | 0.050000 |   14 |  0.000000 |  4.798154 | 11.669625 |  7.926467 |  444 |  19.066406 |     46.515625 |  15.218750 |  22.082031 | 244.000000 | 63.000000 | 138.000000 | 138.000000
 1231 | 1231 | Predict | -0.706290 |  0.132878 | -0.004130 | 8.637750 |  4.468582 | 0.050000 |   14 |  0.000000 |  4.798154 | 11.669625 |  7.926467 |  445 |  19.066406 |     46.515625 |  15.218750 |  22.082031 | 244.000000 | 63.000000 | 138.000000 | 138.000000
 1232 | 1232 | Predict | -1.000776 | -0.623690 |  0.028245 | 8.637750 |  4.468582 | 0.050000 |   14 |  0.000000 |  4.798154 | 11.669625 |  7.926467 |  445 |  19.066406 |     46.515625 |  15.218750 |  22.082031 | 244.000000 | 63.000000 | 138.000000 | 138.000000
 1233 | 1233 | Update  | -0.497994 | -0.987608 |  0.017054 | 8.240388 |  4.706547 | 0.050000 |    7 |  9.549470 |  5.059408 | 11.188951 |  7.475492 |  445 |  23.820312 |     41.339844 |  21.003906 |  42.332031 | 244.000000 | 63.000000 | 138.000000 | 138.000000
 1234 | 1234 | Predict |  0.706290 | -0.021548 |  0.018652 | 8.240388 |  4.706547 | 0.050000 |    7 |  9.549470 |  5.059408 | 11.188951 |  7.475492 |  446 |  23.820312 |     41.339844 |  21.003906 |  42.332031 | 244.000000 | 63.000000 | 138.000000 | 138.000000
 1235 | 1235 | Predict | -1.131260 |  1.094150 |  0.051827 | 8.240388 |  4.706547 | 0.050000 |    7 |  9.549470 |  5.059408 | 11.188951 |  7.475492 |  446 |  23.820312 |     41.339844 |  21.003906 |  42.332031 | 244.000000 | 63.000000 | 138.000000 | 138.000000
 1236 | 1236 | Predict | -0.711078 |  1.532289 |  0.093662 | 8.240388 |  4.706547 | 0.050000 |    7 |  9.549470 |  5.059408 | 11.188951 |  7.475492 |  447 |  23.820312 |     41.339844 |  21.003906 |  42.332031 | 244.000000 | 63.000000 | 138.000000 | 138.000000
 1237 | 1237 | Update  |  0.313640 |  0.122104 |  0.042101 | 8.455364 |  4.838750 | 0.050000 |   14 |  0.000000 |  5.129643 | 11.264051 |  7.555643 |  447 |  23.820312 |     29.832031 |  17.230469 |  40.914062 | 244.000000 | 63.000000 | 138.000000 | 138.000000
 1238 | 1238 | Predict | -0.442927 |  0.363919 | -0.017986 | 8.455364 |  4.838750 | 0.050000 |   14 |  0.000000 |  5.129643 | 11.264051 |  7.555643 |  447 |  23.820312 |     29.832031 |  17.230469 |  40.914062 | 244.000000 | 63.000000 | 138.000000 | 138.000000
 1239 | 1239 | Predict | -0.008380 | -0.067038 | -0.013323 | 8.455364 |  4.838750 | 0.050000 |   14 |  0.000000 |  5.129643 | 11.264051 |  7.555643 |  448 |  23.820312 |     29.832031 |  17.230469 |  40.914062 | 244.000000 | 63.000000 | 138.000000 | 138.000000
 1240 | 1240 | Predict | -0.821211 |  0.137667 |  0.012257 | 8.455364 |  4.838750 | 0.050000 |   14 |  0.000000 |  5.129643 | 11.264051 |  7.555643 |  449 |  23.820312 |     29.832031 |  17.230469 |  40.914062 | 244.000000 | 63.000000 | 138.000000 | 138.000000
 1241 | 1241 | Predict | -1.021127 | -1.072602 | -0.017720 | 8.455364 |  4.838750 | 0.050000 |   14 |  0.000000 |  5.129643 | 11.264051 |  7.555643 |  450 |  23.820312 |     29.832031 |  17.230469 |  40.914062 | 244.000000 | 63.000000 | 138.000000 | 138.000000
 1242 | 1242 | Predict | -1.340753 | -0.106542 |  0.045299 | 8.455364 |  4.838750 | 0.050000 |   14 |  0.000000 |  5.129643 | 11.264051 |  7.555643 |  450 |  23.820312 |     29.832031 |  17.230469 |  40.914062 | 244.000000 | 63.000000 | 138.000000 | 138.000000
 1243 | 1243 | Predict | -0.160412 | -1.405396 |  0.034107 | 8.455364 |  4.838750 | 0.050000 |   14 |  0.000000 |  5.129643 | 11.264051 |  7.555643 |  451 |  23.820312 |     29.832031 |  17.230469 |  40.914062 | 244.000000 | 63.000000 | 138.000000 | 138.000000
 1244 | 1244 | Predict | -0.581791 | -0.460884 |  0.018786 | 8.455364 |  4.838750 | 0.050000 |   14 |  0.000000 |  5.129643 | 11.264051 |  7.555643 |  451 |  23.820312 |     29.832031 |  17.230469 |  40.914062 | 244.000000 | 63.000000 | 138.000000 | 138.000000
 1245 | 1245 | Predict | -2.545036 | -0.542287 |  0.004930 | 8.455364 |  4.838750 | 0.050000 |   14 |  0.000000 |  5.129643 | 11.264051 |  7.555643 |  452 |  23.820312 |     29.832031 |  17.230469 |  40.914062 | 244.000000 | 63.000000 | 138.000000 | 138.000000
 1246 | 1246 | Predict | -0.476446 |  0.620098 | -0.005196 | 8.455364 |  4.838750 | 0.050000 |   14 |  0.000000 |  5.129643 | 11.264051 |  7.555643 |  453 |  23.820312 |     29.832031 |  17.230469 |  40.914062 | 244.000000 | 63.000000 | 138.000000 | 138.000000
 1247 | 1247 | Predict | -0.909797 |  0.421380 | -0.044233 | 8.455364 |  4.838750 | 0.050000 |   14 |  0.000000 |  5.129643 | 11.264051 |  7.555643 |  453 |  23.820312 |     29.832031 |  17.230469 |  40.914062 | 244.000000 | 63.000000 | 138.000000 | 138.000000
 1248 | 1248 | Predict | -0.418985 |  1.313220 | -0.037305 | 8.455364 |  4.838750 | 0.050000 |   14 |  0.000000 |  5.129643 | 11.264051 |  7.555643 |  454 |  23.820312 |     29.832031 |  17.230469 |  40.914062 | 244.000000 | 63.000000 | 138.000000 | 138.000000
 1249 | 1249 | Predict |  0.543484 |  0.463278 | -0.036106 | 8.455364 |  4.838750 | 0.050000 |   14 |  0.000000 |  5.129643 | 11.264051 |  7.555643 |  455 |  23.820312 |     29.832031 |  17.230469 |  40.914062 | 244.000000 | 63.000000 | 138.000000 | 138.000000
 1250 | 1250 | Predict |  0.429759 | -0.624887 | -0.003464 | 8.455364 |  4.838750 | 0.050000 |   14 |  0.000000 |  5.129643 | 11.264051 |  7.555643 |  455 |  23.820312 |     29.832031 |  17.230469 |  40.914062 | 244.000000 | 63.000000 | 138.000000 | 138.000000
 1251 | 1251 | Predict | -0.849942 |  0.337582 |  0.009193 | 8.455364 |  4.838750 | 0.050000 |   14 |  0.000000 |  5.129643 | 11.264051 |  7.555643 |  456 |  23.820312 |     29.832031 |  17.230469 |  40.914062 | 244.000000 | 63.000000 | 138.000000 | 138.000000
 1252 | 1252 | Predict | -0.505177 |  0.120907 | -0.000133 | 8.455364 |  4.838750 | 0.050000 |   14 |  0.000000 |  5.129643 | 11.264051 |  7.555643 |  457 |  23.820312 |     29.832031 |  17.230469 |  40.914062 | 244.000000 | 63.000000 | 138.000000 | 138.000000
 1253 | 1253 | Predict | -0.500388 | -0.517148 |  0.015721 | 8.455364 |  4.838750 | 0.050000 |   14 |  0.000000 |  5.129643 | 11.264051 |  7.555643 |  457 |  23.820312 |     29.832031 |  17.230469 |  40.914062 | 244.000000 | 63.000000 | 138.000000 | 138.000000
 1254 | 1254 | Predict |  0.536301 | -0.415394 |  0.015988 | 8.455364 |  4.838750 | 0.050000 |   14 |  0.000000 |  5.129643 | 11.264051 |  7.555643 |  458 |  23.820312 |     29.832031 |  17.230469 |  40.914062 | 244.000000 | 63.000000 | 138.000000 | 138.000000
 1255 | 1255 | Predict |  0.416591 | -1.482011 | -0.008660 | 8.455364 |  4.838750 | 0.051000 |   14 |  0.000000 |  5.129643 | 11.264051 |  7.555643 |  459 |  23.820312 |     29.832031 |  17.230469 |  40.914062 | 244.000000 | 63.000000 | 138.000000 | 138.000000
 1256 | 1256 | Predict |  0.647632 | -1.619677 | -0.045299 | 8.455364 |  4.838750 | 0.050000 |   14 |  0.000000 |  5.129643 | 11.264051 |  7.555643 |  459 |  23.820312 |     29.832031 |  17.230469 |  40.914062 | 244.000000 | 63.000000 | 138.000000 | 138.000000
 1257 | 1257 | Predict | -0.732626 | -1.346738 |  0.016254 | 8.455364 |  4.838750 | 0.050000 |   14 |  0.000000 |  5.129643 | 11.264051 |  7.555643 |  460 |  23.820312 |     29.832031 |  17.230469 |  40.914062 | 244.000000 | 63.000000 | 138.000000 | 138.000000
 1258 | 1258 | Predict | -0.833182 |  0.633266 | -0.027579 | 8.455364 |  4.838750 | 0.050000 |   14 |  0.000000 |  5.129643 | 11.264051 |  7.555643 |  461 |  23.820312 |     29.832031 |  17.230469 |  40.914062 | 244.000000 | 63.000000 | 138.000000 | 138.000000
 1259 | 1259 | Predict |  0.658405 | -0.714669 | -0.030377 | 8.455364 |  4.838750 | 0.050000 |   14 |  0.000000 |  5.129643 | 11.264051 |  7.555643 |  461 |  23.820312 |     29.832031 |  17.230469 |  40.914062 | 244.000000 | 63.000000 | 138.000000 | 138.000000
 1260 | 1260 | Predict | -0.053870 | -0.544681 |  0.005729 | 8.455364 |  4.838750 | 0.050000 |   14 |  0.000000 |  5.129643 | 11.264051 |  7.555643 |  462 |  23.820312 |     29.832031 |  17.230469 |  40.914062 | 244.000000 | 63.000000 | 138.000000 | 138.000000
 1261 | 1261 | Predict |  0.384269 | -0.081403 | -0.007461 | 8.455364 |  4.838750 | 0.050000 |   14 |  0.000000 |  5.129643 | 11.264051 |  7.555643 |  463 |  23.820312 |     29.832031 |  17.230469 |  40.914062 | 244.000000 | 63.000000 | 138.000000 | 138.000000
 1262 | 1262 | Predict | -0.469264 |  0.748188 | -0.011991 | 8.455364 |  4.838750 | 0.050000 |   14 |  0.000000 |  5.129643 | 11.264051 |  7.555643 |  463 |  23.820312 |     29.832031 |  17.230469 |  40.914062 | 244.000000 | 63.000000 | 138.000000 | 138.000000
 1263 | 1263 | Predict | -1.051055 |  0.691924 | -0.000799 | 8.455364 |  4.838750 | 0.050000 |   14 |  0.000000 |  5.129643 | 11.264051 |  7.555643 |  464 |  23.820312 |     29.832031 |  17.230469 |  40.914062 | 244.000000 | 63.000000 | 138.000000 | 138.000000
 1264 | 1264 | Update  | -0.599748 |  1.175553 | -0.057423 | 7.879035 |  5.385488 | 0.051000 |   11 |  9.614559 |  5.822248 |  0.000000 |  7.164682 |  464 |  21.078125 |     32.183594 |   0.000000 |  35.343750 | 244.000000 | 63.000000 |   0.000000 | 138.000000
 1265 | 1265 | Predict | -1.614889 |  0.069432 | -0.084868 | 7.879035 |  5.385488 | 0.050000 |   11 |  9.614559 |  5.822248 |  0.000000 |  7.164682 |  464 |  21.078125 |     32.183594 |   0.000000 |  35.343750 | 244.000000 | 63.000000 |   0.000000 | 138.000000
 1266 | 1266 | Update  | -0.927753 |  1.553837 | -0.115245 | 7.994395 |  5.355794 | 0.050000 |   11 |  9.701026 |  5.772081 |  0.000000 |  7.174646 |  464 |  20.710938 |     36.785156 |   0.000000 |  30.683594 | 244.000000 | 63.000000 |   0.000000 | 138.000000
 1267 | 1267 | Predict | -0.579397 |  0.737414 | -0.152816 | 7.994395 |  5.355794 | 0.051000 |   11 |  9.701026 |  5.772081 |  0.000000 |  7.174646 |  465 |  20.710938 |     36.785156 |   0.000000 |  30.683594 | 244.000000 | 63.000000 |   0.000000 | 138.000000
 1268 | 1268 | Predict | -0.190339 |  1.213860 | -0.144556 | 7.994395 |  5.355794 | 0.050000 |   11 |  9.701026 |  5.772081 |  0.000000 |  7.174646 |  465 |  20.710938 |     36.785156 |   0.000000 |  30.683594 | 244.000000 | 63.000000 |   0.000000 | 138.000000
 1269 | 1269 | Predict | -0.993594 | -1.552640 | -0.161210 | 7.994395 |  5.355794 | 0.050000 |   11 |  9.701026 |  5.772081 |  0.000000 |  7.174646 |  466 |  20.710938 |     36.785156 |   0.000000 |  30.683594 | 244.000000 | 63.000000 |   0.000000 | 138.000000
 1270 | 1270 | Predict | -0.112527 | -0.357933 | -0.167871 | 7.994395 |  5.355794 | 0.050000 |   11 |  9.701026 |  5.772081 |  0.000000 |  7.174646 |  467 |  20.710938 |     36.785156 |   0.000000 |  30.683594 | 244.000000 | 63.000000 |   0.000000 | 138.000000
 1271 | 1271 | Predict | -0.980426 |  0.047884 | -0.160410 | 7.994395 |  5.355794 | 0.050000 |   11 |  9.701026 |  5.772081 |  0.000000 |  7.174646 |  467 |  20.710938 |     36.785156 |   0.000000 |  30.683594 | 244.000000 | 63.000000 |   0.000000 | 138.000000
 1272 | 1272 | Predict | -0.683545 | -0.123301 | -0.178130 | 7.994395 |  5.355794 | 0.050000 |   11 |  9.701026 |  5.772081 |  0.000000 |  7.174646 |  468 |  20.710938 |     36.785156 |   0.000000 |  30.683594 | 244.000000 | 63.000000 |   0.000000 | 138.000000
 1273 | 1273 | Predict | -0.302867 | -0.731429 | -0.156147 | 7.994395 |  5.355794 | 0.050000 |   11 |  9.701026 |  5.772081 |  0.000000 |  7.174646 |  469 |  20.710938 |     36.785156 |   0.000000 |  30.683594 | 244.000000 | 63.000000 |   0.000000 | 138.000000
 1274 | 1274 | Predict |  0.119710 |  0.335188 | -0.122839 | 7.994395 |  5.355794 | 0.050000 |   11 |  9.701026 |  5.772081 |  0.000000 |  7.174646 |  470 |  20.710938 |     36.785156 |   0.000000 |  30.683594 | 244.000000 | 63.000000 |   0.000000 | 138.000000
 1275 | 1275 | Predict | -0.435745 |  0.682347 | -0.128435 | 7.994395 |  5.355794 | 0.050000 |   11 |  9.701026 |  5.772081 |  0.000000 |  7.174646 |  470 |  20.710938 |     36.785156 |   0.000000 |  30.683594 | 244.000000 | 63.000000 |   0.000000 | 138.000000
 1276 | 1276 | Predict | -0.719458 |  0.017957 | -0.105652 | 7.994395 |  5.355794 | 0.050000 |   11 |  9.701026 |  5.772081 |  0.000000 |  7.174646 |  471 |  20.710938 |     36.785156 |   0.000000 |  30.683594 | 244.000000 | 63.000000 |   0.000000 | 138.000000
 1277 | 1277 | Predict | -0.533907 | -1.217452 | -0.118842 | 7.994395 |  5.355794 | 0.050000 |   11 |  9.701026 |  5.772081 |  0.000000 |  7.174646 |  471 |  20.710938 |     36.785156 |   0.000000 |  30.683594 | 244.000000 | 63.000000 |   0.000000 | 138.000000
 1278 | 1278 | Predict | -1.119289 | -0.444124 | -0.099257 | 7.994395 |  5.355794 | 0.050000 |   11 |  9.701026 |  5.772081 |  0.000000 |  7.174646 |  472 |  20.710938 |     36.785156 |   0.000000 |  30.683594 | 244.000000 | 63.000000 |   0.000000 | 138.000000
 1279 | 1279 | Predict | -0.083797 | -0.896629 | -0.090064 | 7.994395 |  5.355794 | 0.050000 |   11 |  9.701026 |  5.772081 |  0.000000 |  7.174646 |  473 |  20.710938 |     36.785156 |   0.000000 |  30.683594 | 244.000000 | 63.000000 |   0.000000 | 138.000000
 1280 | 1280 | Predict | -1.037886 |  0.377087 | -0.118443 | 7.994395 |  5.355794 | 0.050000 |   11 |  9.701026 |  5.772081 |  0.000000 |  7.174646 |  473 |  20.710938 |     36.785156 |   0.000000 |  30.683594 | 244.000000 | 63.000000 |   0.000000 | 138.000000
 1281 | 1281 | Predict | -0.805649 |  0.344765 | -0.093795 | 7.994395 |  5.355794 | 0.050000 |   11 |  9.701026 |  5.772081 |  0.000000 |  7.174646 |  474 |  20.710938 |     36.785156 |   0.000000 |  30.683594 | 244.000000 | 63.000000 |   0.000000 | 138.000000
 1282 | 1282 | Predict | -0.943315 |  0.411803 | -0.151484 | 7.994395 |  5.355794 | 0.050000 |   11 |  9.701026 |  5.772081 |  0.000000 |  7.174646 |  475 |  20.710938 |     36.785156 |   0.000000 |  30.683594 | 244.000000 | 63.000000 |   0.000000 | 138.000000
 1283 | 1283 | Predict | -0.258574 | -0.758962 | -0.203711 | 7.994395 |  5.355794 | 0.050000 |   11 |  9.701026 |  5.772081 |  0.000000 |  7.174646 |  475 |  20.710938 |     36.785156 |   0.000000 |  30.683594 | 244.000000 | 63.000000 |   0.000000 | 138.000000
 1284 | 1284 | Predict | -0.445322 |  0.262165 | -0.196649 | 7.994395 |  5.355794 | 0.050000 |   11 |  9.701026 |  5.772081 |  0.000000 |  7.174646 |  476 |  20.710938 |     36.785156 |   0.000000 |  30.683594 | 244.000000 | 63.000000 |   0.000000 | 138.000000
 1285 | 1285 | Predict |  0.010774 |  1.673547 | -0.279519 | 7.994395 |  5.355794 | 0.050000 |   11 |  9.701026 |  5.772081 |  0.000000 |  7.174646 |  477 |  20.710938 |     36.785156 |   0.000000 |  30.683594 | 244.000000 | 63.000000 |   0.000000 | 138.000000
 1286 | 1286 | Predict |  0.199916 | -0.167594 | -0.270459 | 7.994395 |  5.355794 | 0.050000 |   11 |  9.701026 |  5.772081 |  0.000000 |  7.174646 |  477 |  20.710938 |     36.785156 |   0.000000 |  30.683594 | 244.000000 | 63.000000 |   0.000000 | 138.000000
 1287 | 1287 | Predict | -0.118513 |  0.300472 | -0.302435 | 7.994395 |  5.355794 | 0.050000 |   11 |  9.701026 |  5.772081 |  0.000000 |  7.174646 |  478 |  20.710938 |     36.785156 |   0.000000 |  30.683594 | 244.000000 | 63.000000 |   0.000000 | 138.000000
 1288 | 1288 | Predict |  0.068235 |  0.161609 | -0.277121 | 7.994395 |  5.355794 | 0.050000 |   11 |  9.701026 |  5.772081 |  0.000000 |  7.174646 |  479 |  20.710938 |     36.785156 |   0.000000 |  30.683594 | 244.000000 | 63.000000 |   0.000000 | 138.000000
 1289 | 1289 | Predict | -0.442927 |  0.432153 | -0.306032 | 7.994395 |  5.355794 | 0.050000 |   11 |  9.701026 |  5.772081 |  0.000000 |  7.174646 |  479 |  20.710938 |     36.785156 |   0.000000 |  30.683594 | 244.000000 | 63.000000 |   0.000000 | 138.000000
 1290 | 1290 | Predict | -0.354342 |  1.256956 | -0.282983 | 7.994395 |  5.355794 | 0.050000 |   11 |  9.701026 |  5.772081 |  0.000000 |  7.174646 |  480 |  20.710938 |     36.785156 |   0.000000 |  30.683594 | 244.000000 | 63.000000 |   0.000000 | 138.000000
 1291 | 1291 | Predict | -1.024718 | -0.089783 | -0.273657 | 7.994395 |  5.355794 | 0.050000 |   11 |  9.701026 |  5.772081 |  0.000000 |  7.174646 |  481 |  20.710938 |     36.785156 |   0.000000 |  30.683594 | 244.000000 | 63.000000 |   0.000000 | 138.000000
 1292 | 1292 | Predict | -0.469264 |  0.551863 | -0.255404 | 7.994395 |  5.355794 | 0.050000 |   11 |  9.701026 |  5.772081 |  0.000000 |  7.174646 |  481 |  20.710938 |     36.785156 |   0.000000 |  30.683594 | 244.000000 | 63.000000 |   0.000000 | 138.000000
 1293 | 1293 | Predict | -0.486023 |  0.707487 | -0.203711 | 7.994395 |  5.355794 | 0.051000 |   11 |  9.701026 |  5.772081 |  0.000000 |  7.174646 |  482 |  20.710938 |     36.785156 |   0.000000 |  30.683594 | 244.000000 | 63.000000 |   0.000000 | 138.000000
 1294 | 1294 | Predict | -0.833182 |  0.101754 | -0.267129 | 7.994395 |  5.355794 | 0.050000 |   11 |  9.701026 |  5.772081 |  0.000000 |  7.174646 |  483 |  20.710938 |     36.785156 |   0.000000 |  30.683594 | 244.000000 | 63.000000 |   0.000000 | 138.000000
 1295 | 1295 | Predict |  0.993594 |  0.058658 | -0.329214 | 7.994395 |  5.355794 | 0.050000 |   11 |  9.701026 |  5.772081 |  0.000000 |  7.174646 |  483 |  20.710938 |     36.785156 |   0.000000 |  30.683594 | 244.000000 | 63.000000 |   0.000000 | 138.000000
 1296 | 1296 | Predict | -0.950498 | -0.187945 | -0.402891 | 7.994395 |  5.355794 | 0.050000 |   11 |  9.701026 |  5.772081 |  0.000000 |  7.174646 |  484 |  20.710938 |     36.785156 |   0.000000 |  30.683594 | 244.000000 | 63.000000 |   0.000000 | 138.000000
 1297 | 1297 | Predict | -0.464475 | -1.022324 | -0.417280 | 7.994395 |  5.355794 | 0.050000 |   11 |  9.701026 |  5.772081 |  0.000000 |  7.174646 |  485 |  20.710938 |     36.785156 |   0.000000 |  30.683594 | 244.000000 | 63.000000 |   0.000000 | 138.000000
 1298 | 1298 | Predict |  0.706290 | -0.372298 | -0.430737 | 7.994395 |  5.355794 | 0.050000 |   11 |  9.701026 |  5.772081 |  0.000000 |  7.174646 |  485 |  20.710938 |     36.785156 |   0.000000 |  30.683594 | 244.000000 | 63.000000 |   0.000000 | 138.000000
 1299 | 1299 | Update  | -0.081403 | -0.217872 | -0.359058 | 7.350814 |  5.842410 | 0.050000 |   14 |  0.000000 |  6.454223 |  9.806757 |  6.924030 |  485 |  18.562500 |     15.265625 |  34.335938 |  79.535156 | 244.000000 | 63.000000 | 138.000000 | 138.000000
 1300 | 1300 | Predict | -0.531513 | -0.387861 | -0.262332 | 7.350814 |  5.842410 | 0.050000 |   14 |  0.000000 |  6.454223 |  9.806757 |  6.924030 |  486 |  18.562500 |     15.265625 |  34.335938 |  79.535156 | 244.000000 | 63.000000 | 138.000000 | 138.000000
 1301 | 1301 | Predict | -0.721852 | -0.794875 | -0.184925 | 7.350814 |  5.842410 | 0.050000 |   14 |  0.000000 |  6.454223 |  9.806757 |  6.924030 |  486 |  18.562500 |     15.265625 |  34.335938 |  79.535156 | 244.000000 | 63.000000 | 138.000000 | 138.000000
 1302 | 1302 | Predict | -0.599748 | -0.166397 | -0.136962 | 7.350814 |  5.842410 | 0.050000 |   14 |  0.000000 |  6.454223 |  9.806757 |  6.924030 |  487 |  18.562500 |     15.265625 |  34.335938 |  79.535156 | 244.000000 | 63.000000 | 138.000000 | 138.000000
 1303 | 1303 | Predict | -0.974440 | -0.275333 | -0.074876 | 7.350814 |  5.842410 | 0.050000 |   14 |  0.000000 |  6.454223 |  9.806757 |  6.924030 |  488 |  18.562500 |     15.265625 |  34.335938 |  79.535156 | 244.000000 | 63.000000 | 138.000000 | 138.000000
 1304 | 1304 | Predict | -0.320823 |  0.271742 | -0.113247 | 7.350814 |  5.842410 | 0.050000 |   14 |  0.000000 |  6.454223 |  9.806757 |  6.924030 |  488 |  18.562500 |     15.265625 |  34.335938 |  79.535156 | 244.000000 | 63.000000 | 138.000000 | 138.000000
 1305 | 1305 | Predict | -0.106542 | -1.646014 | -0.121907 | 7.350814 |  5.842410 | 0.050000 |   14 |  0.000000 |  6.454223 |  9.806757 |  6.924030 |  489 |  18.562500 |     15.265625 |  34.335938 |  79.535156 | 244.000000 | 63.000000 | 138.000000 | 138.000000
 1306 | 1306 | Update  | -1.292869 |  0.251391 | -0.141492 | 7.421475 |  5.968627 | 0.050000 |   14 |  0.000000 |  6.584632 |  9.806757 |  6.823699 |  489 |  18.562500 |     30.441406 |  13.160156 |  83.781250 | 244.000000 | 63.000000 | 138.000000 | 138.000000
 1307 | 1307 | Predict |  0.744597 | -0.764947 | -0.069547 | 7.421475 |  5.968627 | 0.050000 |   14 |  0.000000 |  6.584632 |  9.806757 |  6.823699 |  489 |  18.562500 |     30.441406 |  13.160156 |  83.781250 | 244.000000 | 63.000000 | 138.000000 | 138.000000
 1308 | 1308 | Predict |  0.041899 | -0.204704 | -0.096992 | 7.421475 |  5.968627 | 0.050000 |   14 |  0.000000 |  6.584632 |  9.806757 |  6.823699 |  490 |  18.562500 |     30.441406 |  13.160156 |  83.781250 | 244.000000 | 63.000000 | 138.000000 | 138.000000
 1309 | 1309 | Predict | -0.043096 |  0.428562 | -0.135096 | 7.421475 |  5.968627 | 0.050000 |   14 |  0.000000 |  6.584632 |  9.806757 |  6.823699 |  491 |  18.562500 |     30.441406 |  13.160156 |  83.781250 | 244.000000 | 63.000000 | 138.000000 | 138.000000
 1310 | 1310 | Predict | -1.106121 | -0.183156 | -0.140692 | 7.421475 |  5.968627 | 0.050000 |   14 |  0.000000 |  6.584632 |  9.806757 |  6.823699 |  491 |  18.562500 |     30.441406 |  13.160156 |  83.781250 | 244.000000 | 63.000000 | 138.000000 | 138.000000
 1311 | 1311 | Predict | -2.497152 |  0.924162 | -0.140426 | 7.421475 |  5.968627 | 0.050000 |   14 |  0.000000 |  6.584632 |  9.806757 |  6.823699 |  492 |  18.562500 |     30.441406 |  13.160156 |  83.781250 | 244.000000 | 63.000000 | 138.000000 | 138.000000
 1312 | 1312 | Predict | -0.515950 |  1.076194 | -0.084602 | 7.421475 |  5.968627 | 0.050000 |   14 |  0.000000 |  6.584632 |  9.806757 |  6.823699 |  493 |  18.562500 |     30.441406 |  13.160156 |  83.781250 | 244.000000 | 63.000000 | 138.000000 | 138.000000
 1313 | 1313 | Predict |  0.389058 |  0.472855 | -0.047164 | 7.421475 |  5.968627 | 0.050000 |   14 |  0.000000 |  6.584632 |  9.806757 |  6.823699 |  493 |  18.562500 |     30.441406 |  13.160156 |  83.781250 | 244.000000 | 63.000000 | 138.000000 | 138.000000
 1314 | 1314 | Predict |  0.630872 | -0.281319 | -0.051694 | 7.421475 |  5.968627 | 0.050000 |   14 |  0.000000 |  6.584632 |  9.806757 |  6.823699 |  494 |  18.562500 |     30.441406 |  13.160156 |  83.781250 | 244.000000 | 63.000000 | 138.000000 | 138.000000
 1315 | 1315 | Predict | -0.912191 | -0.594959 | -0.054492 | 7.421475 |  5.968627 | 0.050000 |   14 |  0.000000 |  6.584632 |  9.806757 |  6.823699 |  495 |  18.562500 |     30.441406 |  13.160156 |  83.781250 | 244.000000 | 63.000000 | 138.000000 | 138.000000
 1316 | 1316 | Predict | -2.239776 | -0.495600 | -0.051560 | 7.421475 |  5.968627 | 0.050000 |   14 |  0.000000 |  6.584632 |  9.806757 |  6.823699 |  495 |  18.562500 |     30.441406 |  13.160156 |  83.781250 | 244.000000 | 63.000000 | 138.000000 | 138.000000
 1317 | 1317 | Predict | -1.183933 |  0.447716 | -0.097792 | 7.421475 |  5.968627 | 0.050000 |   14 |  0.000000 |  6.584632 |  9.806757 |  6.823699 |  496 |  18.562500 |     30.441406 |  13.160156 |  83.781250 | 244.000000 | 63.000000 | 138.000000 | 138.000000
 1318 | 1318 | Predict |  1.507150 | -0.318429 | -0.113513 | 7.421475 |  5.968627 | 0.050000 |   14 |  0.000000 |  6.584632 |  9.806757 |  6.823699 |  497 |  18.562500 |     30.441406 |  13.160156 |  83.781250 | 244.000000 | 63.000000 | 138.000000 | 138.000000
 1319 | 1319 | Predict | -0.124498 |  1.049857 | -0.163208 | 7.421475 |  5.968627 | 0.050000 |   14 |  0.000000 |  6.584632 |  9.806757 |  6.823699 |  498 |  18.562500 |     30.441406 |  13.160156 |  83.781250 | 244.000000 | 63.000000 | 138.000000 | 138.000000
 1320 | 1320 | Predict |  0.164003 |  0.444124 | -0.140825 | 7.421475 |  5.968627 | 0.050000 |   14 |  0.000000 |  6.584632 |  9.806757 |  6.823699 |  498 |  18.562500 |     30.441406 |  13.160156 |  83.781250 | 244.000000 | 63.000000 | 138.000000 | 138.000000
 1321 | 1321 | Predict | -0.360327 | -0.106542 | -0.151884 | 7.421475 |  5.968627 | 0.050000 |   14 |  0.000000 |  6.584632 |  9.806757 |  6.823699 |  499 |  18.562500 |     30.441406 |  13.160156 |  83.781250 | 244.000000 | 63.000000 | 138.000000 | 138.000000
 1322 | 1322 | Predict | -1.108515 | -0.079009 | -0.146821 | 7.421475 |  5.968627 | 0.050000 |   14 |  0.000000 |  6.584632 |  9.806757 |  6.823699 |  499 |  18.562500 |     30.441406 |  13.160156 |  83.781250 | 244.000000 | 63.000000 | 138.000000 | 138.000000
 1323 | 1323 | Update  | -0.527921 |  0.363919 | -0.101922 | 7.332259 |  6.317537 | 0.050000 |   14 |  0.000000 |  6.955628 |  9.536296 |  6.562990 |  499 |  18.562500 |     57.710938 |   8.519531 |  41.906250 | 244.000000 | 63.000000 | 138.000000 | 138.000000
 1324 | 1324 | Predict |  0.229843 |  0.362722 | -0.095394 | 7.332259 |  6.317537 | 0.050000 |   14 |  0.000000 |  6.955628 |  9.536296 |  6.562990 |  500 |  18.562500 |     57.710938 |   8.519531 |  41.906250 | 244.000000 | 63.000000 | 138.000000 | 138.000000
 1325 | 1325 | Predict | -1.264138 | -0.087388 | -0.129634 | 7.332259 |  6.317537 | 0.050000 |   14 |  0.000000 |  6.955628 |  9.536296 |  6.562990 |  500 |  18.562500 |     57.710938 |   8.519531 |  41.906250 | 244.000000 | 63.000000 | 138.000000 | 138.000000
 1326 | 1326 | Predict | -0.304064 | -0.433351 | -0.120308 | 7.332259 |  6.317537 | 0.050000 |   14 |  0.000000 |  6.955628 |  9.536296 |  6.562990 |  501 |  18.562500 |     57.710938 |   8.519531 |  41.906250 | 244.000000 | 63.000000 | 138.000000 | 138.000000
 1327 | 1327 | Predict | -0.521936 |  0.014365 | -0.111781 | 7.332259 |  6.317537 | 0.050000 |   14 |  0.000000 |  6.955628 |  9.536296 |  6.562990 |  502 |  18.562500 |     57.710938 |   8.519531 |  41.906250 | 244.000000 | 63.000000 | 138.000000 | 138.000000
 1328 | 1328 | Predict |  2.006341 | -0.754174 | -0.081404 | 7.332259 |  6.317537 | 0.050000 |   14 |  0.000000 |  6.955628 |  9.536296 |  6.562990 |  502 |  18.562500 |     57.710938 |   8.519531 |  41.906250 | 244.000000 | 63.000000 | 138.000000 | 138.000000
 1329 | 1329 | Predict |  0.150835 |  0.614113 | -0.045965 | 7.332259 |  6.317537 | 0.051000 |   14 |  0.000000 |  6.955628 |  9.536296 |  6.562990 |  503 |  18.562500 |     57.710938 |   8.519531 |  41.906250 | 244.000000 | 63.000000 | 138.000000 | 138.000000
 1330 | 1330 | Update  | -1.229423 |  0.843956 | -0.032908 | 7.376015 |  6.419380 | 0.051000 |   11 |  9.946472 |  7.085909 |  0.000000 |  6.512852 |  503 |  19.472656 |     30.652344 |   0.000000 |  68.359375 | 244.000000 | 63.000000 |   0.000000 | 138.000000
 1331 | 1331 | Predict | -1.001973 | -0.317232 | -0.044766 | 7.376015 |  6.419380 | 0.050000 |   11 |  9.946472 |  7.085909 |  0.000000 |  6.512852 |  503 |  19.472656 |     30.652344 |   0.000000 |  68.359375 | 244.000000 | 63.000000 |   0.000000 | 138.000000
 1332 | 1332 | Predict | -0.213084 |  0.354342 | -0.071012 | 7.376015 |  6.419380 | 0.050000 |   11 |  9.946472 |  7.085909 |  0.000000 |  6.512852 |  504 |  19.472656 |     30.652344 |   0.000000 |  68.359375 | 244.000000 | 63.000000 |   0.000000 | 138.000000
 1333 | 1333 | Predict |  0.052672 | -0.347159 | -0.105386 | 7.376015 |  6.419380 | 0.050000 |   11 |  9.946472 |  7.085909 |  0.000000 |  6.512852 |  505 |  19.472656 |     30.652344 |   0.000000 |  68.359375 | 244.000000 | 63.000000 |   0.000000 | 138.000000
 1334 | 1334 | Predict | -1.039083 | -0.724246 | -0.088332 | 7.376015 |  6.419380 | 0.050000 |   11 |  9.946472 |  7.085909 |  0.000000 |  6.512852 |  505 |  19.472656 |     30.652344 |   0.000000 |  68.359375 | 244.000000 | 63.000000 |   0.000000 | 138.000000
 1335 | 1335 | Predict | -0.190339 | -1.187524 | -0.029311 | 7.376015 |  6.419380 | 0.050000 |   11 |  9.946472 |  7.085909 |  0.000000 |  6.512852 |  506 |  19.472656 |     30.652344 |   0.000000 |  68.359375 | 244.000000 | 63.000000 |   0.000000 | 138.000000
 1336 | 1336 | Update  |  0.415394 |  0.345962 |  0.026779 | 7.363916 |  6.494724 | 0.050000 |   11 |  9.948928 |  7.105991 |  0.000000 |  6.392484 |  506 |  34.824219 |     51.753906 |        nan |  98.992188 | 244.000000 | 63.000000 |   0.000000 | 138.000000
 1337 | 1337 | Predict | -0.847547 |  0.313640 |  0.081671 | 7.363916 |  6.494724 | 0.050000 |   11 |  9.948928 |  7.105991 |  0.000000 |  6.392484 |  506 |  34.824219 |     51.753906 |        nan |  98.992188 | 244.000000 | 63.000000 |   0.000000 | 138.000000
 1338 | 1338 | Predict |  0.751779 | -0.553061 |  0.138960 | 7.363916 |  6.494724 | 0.050000 |   11 |  9.948928 |  7.105991 |  0.000000 |  6.392484 |  507 |  34.824219 |     51.753906 |        nan |  98.992188 | 244.000000 | 63.000000 |   0.000000 | 138.000000
 1339 | 1339 | Predict | -0.592565 | -0.515950 |  0.137361 | 7.363916 |  6.494724 | 0.050000 |   11 |  9.948928 |  7.105991 |  0.000000 |  6.392484 |  508 |  34.824219 |     51.753906 |        nan |  98.992188 | 244.000000 | 63.000000 |   0.000000 | 138.000000
 1340 | 1340 | Predict |  0.015562 |  1.188721 |  0.148286 | 7.363916 |  6.494724 | 0.050000 |   11 |  9.948928 |  7.105991 |  0.000000 |  6.392484 |  508 |  34.824219 |     51.753906 |        nan |  98.992188 | 244.000000 | 63.000000 |   0.000000 | 138.000000
 1341 | 1341 | Update  | -0.314838 |  0.051475 |  0.094328 | 7.210258 |  6.475258 | 0.050000 |   14 |  0.000000 |  7.136032 |  9.340946 |  6.462712 |  508 |  13.640625 |     47.847656 |  17.617188 |  82.281250 | 244.000000 | 63.000000 | 138.000000 | 138.000000
 1342 | 1342 | Update  |  0.717063 | -0.900220 |  0.097792 | 7.392370 |  6.495314 | 0.051000 |   11 |  9.983961 |  7.116039 |  0.000000 |  6.402527 |  508 |  35.363281 |     49.640625 |   0.000000 | 100.906250 | 244.000000 | 63.000000 |   0.000000 | 138.000000
 1343 | 1343 | Predict | -0.198719 | -0.047884 |  0.129767 | 7.392370 |  6.495314 | 0.050000 |   11 |  9.983961 |  7.116039 |  0.000000 |  6.402527 |  508 |  35.363281 |     49.640625 |   0.000000 | 100.906250 | 244.000000 | 63.000000 |   0.000000 | 138.000000
 1344 | 1344 | Update  |  0.665588 | -1.113304 |  0.180129 | 7.344570 |  6.572362 | 0.050000 |   11 |  9.980226 |  7.176107 |  0.000000 |  6.322252 |  508 |   9.222656 |     24.230469 |   0.000000 |  42.074219 | 244.000000 | 63.000000 |   0.000000 | 138.000000
 1345 | 1345 | Predict |  0.292093 |  0.638055 |  0.312028 | 7.344570 |  6.572362 | 0.051000 |   11 |  9.980226 |  7.176107 |  0.000000 |  6.322252 |  509 |   9.222656 |     24.230469 |   0.000000 |  42.074219 | 244.000000 | 63.000000 |   0.000000 | 138.000000
 1346 | 1346 | Predict | -0.192733 |  0.035913 |  0.340939 | 7.344570 |  6.572362 | 0.050000 |   11 |  9.980226 |  7.176107 |  0.000000 |  6.322252 |  509 |   9.222656 |     24.230469 |   0.000000 |  42.074219 | 244.000000 | 63.000000 |   0.000000 | 138.000000
 1347 | 1347 | Predict |  0.028730 | -0.051475 |  0.364920 | 7.344570 |  6.572362 | 0.050000 |   11 |  9.980226 |  7.176107 |  0.000000 |  6.322252 |  510 |   9.222656 |     24.230469 |   0.000000 |  42.074219 | 244.000000 | 63.000000 |   0.000000 | 138.000000
 1348 | 1348 | Update  | -1.533486 |  0.196325 |  0.280052 | 7.230644 |  6.675818 | 0.050000 |   13 |  9.995270 |  0.000000 |  9.265821 |  6.322252 |  510 |  26.460938 |     21.527344 |  25.445312 |  69.789062 | 244.000000 | 63.000000 | 138.000000 | 138.000000
 1349 | 1349 | Predict | -0.148441 |  0.313640 |  0.233554 | 7.230644 |  6.675818 | 0.050000 |   13 |  9.995270 |  0.000000 |  9.265821 |  6.322252 |  510 |  26.460938 |     21.527344 |  25.445312 |  69.789062 | 244.000000 | 63.000000 | 138.000000 | 138.000000
 1350 | 1350 | Predict | -0.562637 |  0.858321 |  0.175599 | 7.230644 |  6.675818 | 0.050000 |   13 |  9.995270 |  0.000000 |  9.265821 |  6.322252 |  511 |  26.460938 |     21.527344 |  25.445312 |  69.789062 | 244.000000 | 63.000000 | 138.000000 | 138.000000
 1351 | 1351 | Predict | -0.539892 |  0.076614 |  0.178663 | 7.230644 |  6.675818 | 0.050000 |   13 |  9.995270 |  0.000000 |  9.265821 |  6.322252 |  512 |  26.460938 |     21.527344 |  25.445312 |  69.789062 | 244.000000 | 63.000000 | 138.000000 | 138.000000
 1352 | 1352 | Predict | -0.201113 | -0.772130 |  0.246878 | 7.230644 |  6.675818 | 0.050000 |   13 |  9.995270 |  0.000000 |  9.265821 |  6.322252 |  512 |  26.460938 |     21.527344 |  25.445312 |  69.789062 | 244.000000 | 63.000000 | 138.000000 | 138.000000
 1353 | 1353 | Update  |  0.579397 |  0.111330 |  0.257936 | 7.285544 |  6.655943 | 0.050000 |    7 |  9.915140 |  7.166155 |  9.205704 |  6.151716 |  512 |  21.507812 |     49.171875 |  26.238281 |  64.636719 | 244.000000 | 63.000000 | 138.000000 | 138.000000
 1354 | 1354 | Update  | -0.093374 | -0.526724 |  0.310962 | 7.224761 |  6.651989 | 0.051000 |   14 |  0.000000 |  7.146067 |  9.130578 |  6.131699 |  512 |  21.507812 |     47.363281 |  12.207031 |  58.460938 | 244.000000 | 63.000000 | 138.000000 | 138.000000
 1355 | 1355 | Predict | -0.058658 | -0.223858 |  0.366919 | 7.224761 |  6.651989 | 0.050000 |   14 |  0.000000 |  7.146067 |  9.130578 |  6.131699 |  512 |  21.507812 |     47.363281 |  12.207031 |  58.460938 | 244.000000 | 63.000000 | 138.000000 | 138.000000
 1356 | 1356 | Predict | -1.193510 | -0.233435 |  0.330680 | 7.224761 |  6.651989 | 0.050000 |   14 |  0.000000 |  7.146067 |  9.130578 |  6.131699 |  513 |  21.507812 |     47.363281 |  12.207031 |  58.460938 | 244.000000 | 63.000000 | 138.000000 | 138.000000
 1357 | 1357 | Predict | -1.049857 |  0.926556 |  0.306432 | 7.224761 |  6.651989 | 0.050000 |   14 |  0.000000 |  7.146067 |  9.130578 |  6.131699 |  514 |  21.507812 |     47.363281 |  12.207031 |  58.460938 | 244.000000 | 63.000000 | 138.000000 | 138.000000
 1358 | 1358 | Predict | -1.007959 | -0.805649 |  0.257802 | 7.224761 |  6.651989 | 0.050000 |   14 |  0.000000 |  7.146067 |  9.130578 |  6.131699 |  514 |  21.507812 |     47.363281 |  12.207031 |  58.460938 | 244.000000 | 63.000000 | 138.000000 | 138.000000
 1359 | 1359 | Predict | -0.445322 |  0.337582 |  0.240083 | 7.224761 |  6.651989 | 0.051000 |   14 |  0.000000 |  7.146067 |  9.130578 |  6.131699 |  515 |  21.507812 |     47.363281 |  12.207031 |  58.460938 | 244.000000 | 63.000000 | 138.000000 | 138.000000
 1360 | 1360 | Predict | -0.533907 |  0.190339 |  0.264064 | 7.224761 |  6.651989 | 0.051000 |   14 |  0.000000 |  7.146067 |  9.130578 |  6.131699 |  516 |  21.507812 |     47.363281 |  12.207031 |  58.460938 | 244.000000 | 63.000000 | 138.000000 | 138.000000
 1361 | 1361 | Predict | -0.149638 | -0.484826 |  0.379842 | 7.224761 |  6.651989 | 0.050000 |   14 |  0.000000 |  7.146067 |  9.130578 |  6.131699 |  516 |  21.507812 |     47.363281 |  12.207031 |  58.460938 | 244.000000 | 63.000000 | 138.000000 | 138.000000
 1362 | 1362 | Predict | -1.012747 | -1.203086 |  0.490025 | 7.224761 |  6.651989 | 0.050000 |   14 |  0.000000 |  7.146067 |  9.130578 |  6.131699 |  517 |  21.507812 |     47.363281 |  12.207031 |  58.460938 | 244.000000 | 63.000000 | 138.000000 | 138.000000
 1363 | 1363 | Update  | -0.111330 |  1.625663 |  0.444992 | 7.268227 |  6.893153 | 0.050000 |   14 |  0.000000 |  7.416735 |  9.070457 |  5.971183 |  517 |  21.507812 |     14.593750 |   8.800781 |  26.878906 | 244.000000 | 63.000000 | 138.000000 | 138.000000
 1364 | 1364 | Predict |  0.524330 | -0.597353 |  0.339873 | 7.268227 |  6.893153 | 0.051000 |   14 |  0.000000 |  7.416735 |  9.070457 |  5.971183 |  517 |  21.507812 |     14.593750 |   8.800781 |  26.878906 | 244.000000 | 63.000000 | 138.000000 | 138.000000
 1365 | 1365 | Predict | -1.174356 |  0.903811 |  0.261133 | 7.268227 |  6.893153 | 0.050000 |   14 |  0.000000 |  7.416735 |  9.070457 |  5.971183 |  518 |  21.507812 |     14.593750 |   8.800781 |  26.878906 | 244.000000 | 63.000000 | 138.000000 | 138.000000
 1366 | 1366 | Predict | -0.608127 | -0.867898 |  0.220098 | 7.268227 |  6.893153 | 0.050000 |   14 |  0.000000 |  7.416735 |  9.070457 |  5.971183 |  519 |  21.507812 |     14.593750 |   8.800781 |  26.878906 | 244.000000 | 63.000000 | 138.000000 | 138.000000
 1367 | 1367 | Predict | -0.817620 | -0.253785 |  0.271525 | 7.268227 |  6.893153 | 0.050000 |   14 |  0.000000 |  7.416735 |  9.070457 |  5.971183 |  520 |  21.507812 |     14.593750 |   8.800781 |  26.878906 | 244.000000 | 63.000000 | 138.000000 | 138.000000
 1368 | 1368 | Predict |  0.764947 | -0.305261 |  0.235153 | 7.268227 |  6.893153 | 0.050000 |   14 |  0.000000 |  7.416735 |  9.070457 |  5.971183 |  521 |  21.507812 |     14.593750 |   8.800781 |  26.878906 | 244.000000 | 63.000000 | 138.000000 | 138.000000
 1369 | 1369 | Predict | -0.626084 | -0.654814 |  0.303900 | 7.268227 |  6.893153 | 0.050000 |   14 |  0.000000 |  7.416735 |  9.070457 |  5.971183 |  521 |  21.507812 |     14.593750 |   8.800781 |  26.878906 | 244.000000 | 63.000000 | 138.000000 | 138.000000
 1370 | 1370 | Predict | -0.305261 | -0.945710 |  0.271925 | 7.268227 |  6.893153 | 0.051000 |   14 |  0.000000 |  7.416735 |  9.070457 |  5.971183 |  522 |  21.507812 |     14.593750 |   8.800781 |  26.878906 | 244.000000 | 63.000000 | 138.000000 | 138.000000
 1371 | 1371 | Predict |  0.669179 | -0.745794 |  0.312827 | 7.268227 |  6.893153 | 0.050000 |   14 |  0.000000 |  7.416735 |  9.070457 |  5.971183 |  522 |  21.507812 |     14.593750 |   8.800781 |  26.878906 | 244.000000 | 63.000000 | 138.000000 | 138.000000
 1372 | 1372 | Predict | -1.808819 | -0.286107 |  0.299104 | 7.268227 |  6.893153 | 0.050000 |   14 |  0.000000 |  7.416735 |  9.070457 |  5.971183 |  523 |  21.507812 |     14.593750 |   8.800781 |  26.878906 | 244.000000 | 63.000000 | 138.000000 | 138.000000
 1373 | 1373 | Predict | -1.363498 | -0.762553 |  0.339340 | 7.268227 |  6.893153 | 0.050000 |   14 |  0.000000 |  7.416735 |  9.070457 |  5.971183 |  523 |  21.507812 |     14.593750 |   8.800781 |  26.878906 | 244.000000 | 63.000000 | 138.000000 | 138.000000
 1374 | 1374 | Predict | -1.106121 | -0.087388 |  0.366652 | 7.268227 |  6.893153 | 0.050000 |   14 |  0.000000 |  7.416735 |  9.070457 |  5.971183 |  524 |  21.507812 |     14.593750 |   8.800781 |  26.878906 | 244.000000 | 63.000000 | 138.000000 | 138.000000
 1375 | 1375 | Update  | -1.278504 |  0.090980 |  0.423942 | 7.268270 |  6.973127 | 0.051000 |   14 |  0.000000 |  7.547082 |  9.070457 |  5.971110 |  524 |  21.507812 |     18.199219 |  12.707031 |  28.152344 | 244.000000 | 63.000000 | 138.000000 | 138.000000
 1376 | 1376 | Predict | -0.670376 | -0.535104 |  0.435400 | 7.268270 |  6.973127 | 0.050000 |   14 |  0.000000 |  7.547082 |  9.070457 |  5.971110 |  525 |  21.507812 |     18.199219 |  12.707031 |  28.152344 | 244.000000 | 63.000000 | 138.000000 | 138.000000
 1377 | 1377 | Predict | -0.023942 |  0.250194 |  0.420478 | 7.268270 |  6.973127 | 0.050000 |   14 |  0.000000 |  7.547082 |  9.070457 |  5.971110 |  525 |  21.507812 |     18.199219 |  12.707031 |  28.152344 | 244.000000 | 63.000000 | 138.000000 | 138.000000
 1378 | 1378 | Predict | -1.546654 | -0.196325 |  0.424075 | 7.268270 |  6.973127 | 0.050000 |   14 |  0.000000 |  7.547082 |  9.070457 |  5.971110 |  526 |  21.507812 |     18.199219 |  12.707031 |  28.152344 | 244.000000 | 63.000000 | 138.000000 | 138.000000
 1379 | 1379 | Predict | -0.568623 |  0.922965 |  0.512541 | 7.268270 |  6.973127 | 0.050000 |   14 |  0.000000 |  7.547082 |  9.070457 |  5.971110 |  526 |  21.507812 |     18.199219 |  12.707031 |  28.152344 | 244.000000 | 63.000000 | 138.000000 | 138.000000
 1380 | 1380 | Predict | -0.175974 | -0.414197 |  0.424741 | 7.268270 |  6.973127 | 0.050000 |   14 |  0.000000 |  7.547082 |  9.070457 |  5.971110 |  527 |  21.507812 |     18.199219 |  12.707031 |  28.152344 | 244.000000 | 63.000000 | 138.000000 | 138.000000
 1381 | 1381 | Update  |  0.573411 | -0.447716 |  0.445792 | 7.311260 |  7.057954 | 0.050000 |    7 | 10.159331 |  7.466848 |  8.935207 |  6.051406 |  527 |  14.269531 |     38.687500 |  22.839844 |  47.781250 | 244.000000 | 63.000000 | 138.000000 | 138.000000
 1382 | 1382 | Predict | -0.724246 |  0.167594 |  0.410485 | 7.311260 |  7.057954 | 0.051000 |    7 | 10.159331 |  7.466848 |  8.935207 |  6.051406 |  527 |  14.269531 |     38.687500 |  22.839844 |  47.781250 | 244.000000 | 63.000000 | 138.000000 | 138.000000
 1383 | 1383 | Update  |  0.214281 | -0.031125 |  0.397296 | 7.112652 |  6.948380 | 0.050000 |   14 |  0.000000 |  7.546988 |  8.935207 |  6.021342 |  527 |  14.269531 |     24.398438 |  19.886719 |  46.011719 | 244.000000 | 63.000000 | 138.000000 | 138.000000
 1384 | 1384 | Update  |  0.809240 |  0.435745 |  0.319355 | 7.389627 |  7.120648 | 0.050000 |    7 | 10.234342 |  7.466848 |  8.935207 |  6.011296 |  527 |  27.421875 |     67.703125 |  30.835938 |  68.542969 | 244.000000 | 63.000000 | 138.000000 | 138.000000
 1385 | 1385 | Predict | -1.193510 | -1.278504 |  0.351064 | 7.389627 |  7.120648 | 0.050000 |    7 | 10.234342 |  7.466848 |  8.935207 |  6.011296 |  527 |  27.421875 |     67.703125 |  30.835938 |  68.542969 | 244.000000 | 63.000000 | 138.000000 | 138.000000
 1386 | 1386 | Predict | -0.881066 | -0.047884 |  0.434201 | 7.389627 |  7.120648 | 0.050000 |    7 | 10.234342 |  7.466848 |  8.935207 |  6.011296 |  528 |  27.421875 |     67.703125 |  30.835938 |  68.542969 | 244.000000 | 63.000000 | 138.000000 | 138.000000
 1387 | 1387 | Update  | -2.371457 | -0.748188 |  0.394231 | 7.112651 |  7.017144 | 0.050000 |   14 |  0.000000 |  7.657341 |  8.935206 |  6.021342 |  528 |  27.421875 |     84.914062 |  44.945312 |  91.890625 | 244.000000 | 63.000000 | 138.000000 | 138.000000
 1388 | 1388 | Predict | -1.023521 | -0.305261 |  0.405822 | 7.112651 |  7.017144 | 0.050000 |   14 |  0.000000 |  7.657341 |  8.935206 |  6.021342 |  529 |  27.421875 |     84.914062 |  44.945312 |  91.890625 | 244.000000 | 63.000000 | 138.000000 | 138.000000
 1389 | 1389 | Predict | -1.127669 | -0.359130 |  0.440729 | 7.112651 |  7.017144 | 0.050000 |   14 |  0.000000 |  7.657341 |  8.935206 |  6.021342 |  529 |  27.421875 |     84.914062 |  44.945312 |  91.890625 | 244.000000 | 63.000000 | 138.000000 | 138.000000
 1390 | 1390 | Update  | -0.463278 |  0.645237 |  0.486427 | 6.953492 |  6.977288 | 0.050000 |   14 |  0.000000 |  7.657343 |  8.814965 |  6.101562 |  529 |  27.421875 |     71.617188 |  30.519531 |  60.906250 | 244.000000 | 63.000000 | 138.000000 | 138.000000
 1391 | 1391 | Update  | -0.821211 | -0.762553 |  0.459248 | 7.112698 |  6.992039 | 0.050000 |   14 |  0.000000 |  7.617180 |  8.935207 |  6.021268 |  529 |  27.421875 |     83.085938 |  54.078125 |  82.285156 | 244.000000 | 63.000000 | 138.000000 | 138.000000
 1392 | 1392 | Predict | -1.699883 |  0.110133 |  0.492689 | 7.112698 |  6.992039 | 0.050000 |   14 |  0.000000 |  7.617180 |  8.935207 |  6.021268 |  529 |  27.421875 |     83.085938 |  54.078125 |  82.285156 | 244.000000 | 63.000000 | 138.000000 | 138.000000
 1393 | 1393 | Update  | -0.970849 |  1.447295 |  0.519735 | 6.825979 |  6.965961 | 0.050000 |   14 |  0.000000 |  7.647300 |  8.679704 |  6.111608 |  529 |  27.421875 |     44.687500 |  17.390625 |  62.339844 | 244.000000 | 63.000000 | 138.000000 | 138.000000
 1394 | 1394 | Predict |  0.614113 | -0.108936 |  0.471639 | 6.825979 |  6.965961 | 0.051000 |   14 |  0.000000 |  7.647300 |  8.679704 |  6.111608 |  529 |  27.421875 |     44.687500 |  17.390625 |  62.339844 | 244.000000 | 63.000000 | 138.000000 | 138.000000
 1395 | 1395 | Update  |  0.314838 |  0.082600 |  0.432335 | 6.854436 |  6.989941 | 0.050000 |   14 |  0.000000 |  7.717393 |  8.739828 |  6.151716 |  529 |  27.421875 |     97.242188 |  52.687500 | 113.992188 | 244.000000 | 63.000000 | 138.000000 | 138.000000
 1396 | 1396 | Update  | -0.166397 | -0.497994 |  0.457783 | 6.825153 |  7.013820 | 0.050000 |   14 | 11.916793 |  7.707444 |  8.664691 |  6.091590 |  529 |  24.812500 |    125.695312 |  67.300781 | 137.304688 | 244.000000 | 63.000000 | 138.000000 | 138.000000
 1397 | 1397 | Predict | -0.900220 |  0.948104 |  0.350531 | 6.825153 |  7.013820 | 0.050000 |   14 | 11.916793 |  7.707444 |  8.664691 |  6.091590 |  529 |  24.812500 |    125.695312 |  67.300781 | 137.304688 | 244.000000 | 63.000000 | 138.000000 | 138.000000
 1398 | 1398 | Update  | -0.274136 | -0.214281 |  0.404090 | 6.854437 |  6.964662 | 0.050000 |   14 |  0.000000 |  7.677328 |  8.739829 |  6.151716 |  529 |  24.812500 |     58.929688 |  28.074219 |  69.425781 | 244.000000 | 63.000000 | 138.000000 | 138.000000
 1399 | 1399 | Update  | -1.255759 |  0.749385 |  0.326949 | 6.765687 |  6.983555 | 0.050000 |   14 |  0.000000 |  7.667379 |  8.604567 |  6.101636 |  529 |  24.812500 |     55.785156 |  44.132812 |  94.718750 | 244.000000 | 63.000000 | 138.000000 | 138.000000
 1400 | 1400 | Predict |  0.337582 | -0.799663 |  0.335609 | 6.765687 |  6.983555 | 0.050000 |   14 |  0.000000 |  7.667379 |  8.604567 |  6.101636 |  529 |  24.812500 |     55.785156 |  44.132812 |  94.718750 | 244.000000 | 63.000000 | 138.000000 | 138.000000
 1401 | 1401 | Predict | -1.071405 | -0.525527 |  0.346801 | 6.765687 |  6.983555 | 0.050000 |   14 |  0.000000 |  7.667379 |  8.604567 |  6.101636 |  530 |  24.812500 |     55.785156 |  44.132812 |  94.718750 | 244.000000 | 63.000000 | 138.000000 | 138.000000
 1402 | 1402 | Update  | -0.890643 | -0.839168 |  0.373447 | 6.734203 |  7.015315 | 0.050000 |   14 |  0.000000 |  7.757460 |  8.604567 |  6.151789 |  530 |  24.812500 |     73.187500 |  53.140625 | 147.925781 | 244.000000 | 63.000000 | 138.000000 | 138.000000
 1403 | 1403 | Update  | -0.845153 |  1.137246 |  0.379443 | 6.952655 |  7.183754 | 0.050000 |    7 | 10.024078 |  7.747510 |  8.604566 |  6.011296 |  530 |  29.867188 |     97.320312 |  78.515625 | 155.027344 | 244.000000 | 63.000000 | 138.000000 | 138.000000
 1404 | 1404 | Predict | -0.011971 | -1.240196 |  0.346268 | 6.952655 |  7.183754 | 0.050000 |    7 | 10.024078 |  7.747510 |  8.604566 |  6.011296 |  530 |  29.867188 |     97.320312 |  78.515625 | 155.027344 | 244.000000 | 63.000000 | 138.000000 | 138.000000
 1405 | 1405 | Predict | -0.335188 |  1.090559 |  0.406355 | 6.952655 |  7.183754 | 0.050000 |    7 | 10.024078 |  7.747510 |  8.604566 |  6.011296 |  531 |  29.867188 |     97.320312 |  78.515625 | 155.027344 | 244.000000 | 63.000000 | 138.000000 | 138.000000
 1406 | 1406 | Predict | -0.533907 | -1.031901 |  0.373714 | 6.952655 |  7.183754 | 0.050000 |    7 | 10.024078 |  7.747510 |  8.604566 |  6.011296 |  531 |  29.867188 |     97.320312 |  78.515625 | 155.027344 | 244.000000 | 63.000000 | 138.000000 | 138.000000
 1407 | 1407 | Predict | -1.213860 | -0.426168 |  0.355195 | 6.952655 |  7.183754 | 0.050000 |    7 | 10.024078 |  7.747510 |  8.604566 |  6.011296 |  532 |  29.867188 |     97.320312 |  78.515625 | 155.027344 | 244.000000 | 63.000000 | 138.000000 | 138.000000
 1408 | 1408 | Predict |  0.067038 | -0.336385 |  0.433135 | 6.952655 |  7.183754 | 0.050000 |    7 | 10.024078 |  7.747510 |  8.604566 |  6.011296 |  533 |  29.867188 |     97.320312 |  78.515625 | 155.027344 | 244.000000 | 63.000000 | 138.000000 | 138.000000
 1409 | 1409 | Predict |  0.277727 |  0.229843 |  0.402758 | 6.952655 |  7.183754 | 0.050000 |    7 | 10.024078 |  7.747510 |  8.604566 |  6.011296 |  533 |  29.867188 |     97.320312 |  78.515625 | 155.027344 | 244.000000 | 63.000000 | 138.000000 | 138.000000
 1410 | 1410 | Update  | -0.205901 |  0.494403 |  0.278587 | 6.609550 |  6.991189 | 0.050000 |   14 |  0.000000 |  7.727431 |  8.469297 |  6.161834 |  533 |  29.867188 |     53.015625 |  41.253906 |  88.414062 | 244.000000 | 63.000000 | 138.000000 | 138.000000
 1411 | 1411 | Predict | -0.689530 |  0.390255 |  0.287113 | 6.609550 |  6.991189 | 0.050000 |   14 |  0.000000 |  7.727431 |  8.469297 |  6.161834 |  534 |  29.867188 |     53.015625 |  41.253906 |  88.414062 | 244.000000 | 63.000000 | 138.000000 | 138.000000
 1412 | 1412 | Predict | -0.875081 | -1.766921 |  0.275522 | 6.609550 |  6.991189 | 0.050000 |   14 |  0.000000 |  7.727431 |  8.469297 |  6.161834 |  534 |  29.867188 |     53.015625 |  41.253906 |  88.414062 | 244.000000 | 63.000000 | 138.000000 | 138.000000
 1413 | 1413 | Update  |  0.268151 | -0.007183 |  0.323752 | 6.696123 |  7.004039 | 0.050000 |   14 |  0.000000 |  7.787580 |  8.604567 |  6.211912 |  534 |  29.867188 |     44.929688 |  26.824219 |  76.359375 | 244.000000 | 63.000000 | 138.000000 | 138.000000
 1414 | 1414 | Update  | -0.075417 | -0.476446 |  0.366919 | 6.590526 |  7.001474 | 0.051000 |   14 |  0.000000 |  7.767596 |  8.469299 |  6.191896 |  534 |  29.867188 |     91.253906 |  69.214844 | 151.960938 | 244.000000 | 63.000000 | 138.000000 | 138.000000
 1415 | 1415 | Predict | -1.104924 | -1.110910 |  0.429271 | 6.590526 |  7.001474 | 0.050000 |   14 |  0.000000 |  7.767596 |  8.469299 |  6.191896 |  534 |  29.867188 |     91.253906 |  69.214844 | 151.960938 | 244.000000 | 63.000000 | 138.000000 | 138.000000
 1416 | 1416 | Update  | -1.072602 | -0.745794 |  0.381041 | 6.728379 |  6.997603 | 0.050000 |   11 |  9.858767 |  7.817603 |  0.000000 |  6.262060 |  534 |  13.359375 |     50.390625 |        nan |  97.121094 | 244.000000 | 63.000000 |   0.000000 | 138.000000
 1417 | 1417 | Update  |  0.713472 |  1.522712 |  0.301103 | 6.467907 |  7.002715 | 0.051000 |   14 |  0.000000 |  7.857764 |  8.409170 |  6.302238 |  534 |  13.359375 |     44.109375 |  30.183594 |  80.863281 | 244.000000 | 63.000000 | 138.000000 | 138.000000
 1418 | 1418 | Update  | -0.653617 |  0.112527 |  0.312294 | 6.461462 |  7.010449 | 0.050000 |   14 |  0.000000 |  7.877750 |  8.409169 |  6.312208 |  534 |  13.359375 |     54.609375 |  31.539062 |  67.351562 | 244.000000 | 63.000000 | 138.000000 | 138.000000
 1419 | 1419 | Predict | -0.090980 | -0.141258 |  0.340806 | 6.461462 |  7.010449 | 0.050000 |   14 |  0.000000 |  7.877750 |  8.409169 |  6.312208 |  534 |  13.359375 |     54.609375 |  31.539062 |  67.351562 | 244.000000 | 63.000000 | 138.000000 | 138.000000
 1420 | 1420 | Predict | -0.211887 | -0.292093 |  0.354528 | 6.461462 |  7.010449 | 0.050000 |   14 |  0.000000 |  7.877750 |  8.409169 |  6.312208 |  535 |  13.359375 |     54.609375 |  31.539062 |  67.351562 | 244.000000 | 63.000000 | 138.000000 | 138.000000
 1421 | 1421 | Update  | -0.615310 | -0.960075 |  0.342138 | 6.641602 |  7.212607 | 0.050000 |    7 |  9.828713 |  7.887784 |  8.334025 |  6.262061 |  535 |  34.996094 |    115.203125 |  63.957031 |  93.316406 | 244.000000 | 63.000000 | 138.000000 | 138.000000
 1422 | 1422 | Predict | -0.513556 |  0.776918 |  0.322153 | 6.641602 |  7.212607 | 0.055000 |    7 |  9.828713 |  7.887784 |  8.334025 |  6.262061 |  535 |  34.996094 |    115.203125 |  63.957031 |  93.316406 | 244.000000 | 63.000000 | 138.000000 | 138.000000
 1423 | 1423 | Predict | -1.194707 | -0.183156 |  0.346268 | 6.641602 |  7.212607 | 0.050000 |    7 |  9.828713 |  7.887784 |  8.334025 |  6.262061 |  536 |  34.996094 |    115.203125 |  63.957031 |  93.316406 | 244.000000 | 63.000000 | 138.000000 | 138.000000
 1424 | 1424 | Predict | -0.786495 |  0.032322 |  0.324951 | 6.641602 |  7.212607 | 0.050000 |    7 |  9.828713 |  7.887784 |  8.334025 |  6.262061 |  536 |  34.996094 |    115.203125 |  63.957031 |  93.316406 | 244.000000 | 63.000000 | 138.000000 | 138.000000
 1425 | 1425 | Update  |  0.413000 |  0.343568 |  0.285648 | 6.371825 |  6.996349 | 0.050000 |   14 |  0.000000 |  7.807660 |  8.258878 |  6.252090 |  536 |  34.996094 |     22.171875 |  19.718750 |  31.773438 | 244.000000 | 63.000000 | 138.000000 | 138.000000
 1426 | 1426 | Update  |  1.180341 |  0.061052 |  0.216501 | 6.232100 |  7.010508 | 0.050000 |   14 |  9.941354 |  7.877841 |  8.138610 |  6.312208 |  536 |  41.250000 |    107.082031 |  46.445312 |  57.128906 | 244.000000 | 63.000000 | 138.000000 | 138.000000
 1427 | 1427 | Update  |  1.922544 |  0.596156 |  0.184525 | 6.225601 |  6.998827 | 0.051000 |   14 |  9.910194 |  7.867798 |  8.138611 |  6.322252 |  536 |  20.863281 |     60.562500 |  42.000000 |  46.453125 | 244.000000 | 63.000000 | 138.000000 | 138.000000
 1428 | 1428 | Predict | -0.393846 | -0.271742 |  0.126037 | 6.225601 |  6.998827 | 0.050000 |   14 |  9.910194 |  7.867798 |  8.138611 |  6.322252 |  536 |  20.863281 |     60.562500 |  42.000000 |  46.453125 | 244.000000 | 63.000000 | 138.000000 | 138.000000
 1429 | 1429 | Update  | -1.031901 | -0.545878 |  0.184259 | 6.288555 |  7.050766 | 0.050000 |   14 |  0.000000 |  7.947929 |  8.213760 |  6.322252 |  536 |  20.863281 |     77.281250 |  46.429688 |  56.863281 | 244.000000 | 63.000000 | 138.000000 | 138.000000
 1430 | 1430 | Predict | -0.544681 | -0.246603 |  0.214769 | 6.288555 |  7.050766 | 0.050000 |   14 |  0.000000 |  7.947929 |  8.213760 |  6.322252 |  537 |  20.863281 |     77.281250 |  46.429688 |  56.863281 | 244.000000 | 63.000000 | 138.000000 | 138.000000
 1431 | 1431 | Predict | -1.029507 | -0.248997 |  0.232622 | 6.288555 |  7.050766 | 0.050000 |   14 |  0.000000 |  7.947929 |  8.213760 |  6.322252 |  537 |  20.863281 |     77.281250 |  46.429688 |  56.863281 | 244.000000 | 63.000000 | 138.000000 | 138.000000
 1432 | 1432 | Update  | -0.126893 |  0.407014 |  0.195317 | 6.229632 |  6.964595 | 0.050000 |   14 |  0.000000 |  7.887787 |  8.213761 |  6.412570 |  537 |  20.863281 |     82.503906 |  58.320312 |  66.765625 | 244.000000 | 63.000000 | 138.000000 | 138.000000
 1433 | 1433 | Predict | -0.051475 | -0.125696 |  0.151884 | 6.229632 |  6.964595 | 0.050000 |   14 |  0.000000 |  7.887787 |  8.213761 |  6.412570 |  538 |  20.863281 |     82.503906 |  58.320312 |  66.765625 | 244.000000 | 63.000000 | 138.000000 | 138.000000
 1434 | 1434 | Predict | -0.760159 |  0.154426 |  0.183859 | 6.229632 |  6.964595 | 0.050000 |   14 |  0.000000 |  7.887787 |  8.213761 |  6.412570 |  538 |  20.863281 |     82.503906 |  58.320312 |  66.765625 | 244.000000 | 63.000000 | 138.000000 | 138.000000
 1435 | 1435 | Predict | -0.026336 | -0.588974 |  0.168138 | 6.229632 |  6.964595 | 0.050000 |   14 |  0.000000 |  7.887787 |  8.213761 |  6.412570 |  539 |  20.863281 |     82.503906 |  58.320312 |  66.765625 | 244.000000 | 63.000000 | 138.000000 | 138.000000
 1436 | 1436 | Predict | -0.263362 | -0.857124 |  0.204244 | 6.229632 |  6.964595 | 0.050000 |   14 |  0.000000 |  7.887787 |  8.213761 |  6.412570 |  540 |  20.863281 |     82.503906 |  58.320312 |  66.765625 | 244.000000 | 63.000000 | 138.000000 | 138.000000
 1437 | 1437 | Predict | -1.361104 |  0.545878 |  0.209440 | 6.229632 |  6.964595 | 0.050000 |   14 |  0.000000 |  7.887787 |  8.213761 |  6.412570 |  540 |  20.863281 |     82.503906 |  58.320312 |  66.765625 | 244.000000 | 63.000000 | 138.000000 | 138.000000
 1438 | 1438 | Predict | -0.180762 |  0.349553 |  0.191187 | 6.229632 |  6.964595 | 0.050000 |   14 |  0.000000 |  7.887787 |  8.213761 |  6.412570 |  541 |  20.863281 |     82.503906 |  58.320312 |  66.765625 | 244.000000 | 63.000000 | 138.000000 | 138.000000
 1439 | 1439 | Predict | -1.131260 | -0.307655 |  0.139093 | 6.229632 |  6.964595 | 0.050000 |   14 |  0.000000 |  7.887787 |  8.213761 |  6.412570 |  541 |  20.863281 |     82.503906 |  58.320312 |  66.765625 | 244.000000 | 63.000000 | 138.000000 | 138.000000
 1440 | 1440 | Update  | -0.918176 | -0.071826 |  0.112714 | 6.100274 |  6.943966 | 0.050000 |   14 |  0.000000 |  7.937885 |  8.138611 |  6.512852 |  541 |  21.464844 |     75.691406 |  49.546875 |  83.839844 | 244.000000 | 63.000000 | 138.000000 | 138.000000
 1441 | 1441 | Update  | -1.110910 |  0.108936 |  0.080072 | 6.116715 |  6.997091 | 0.050000 |   14 |  0.000000 |  7.937890 |  8.078476 |  6.412572 |  541 |  21.464844 |     61.300781 |  48.578125 |  75.347656 | 244.000000 | 63.000000 | 138.000000 | 138.000000
 1442 | 1442 | Predict | -1.013944 |  0.181959 |  0.067681 | 6.116715 |  6.997091 | 0.050000 |   14 |  0.000000 |  7.937890 |  8.078476 |  6.412572 |  542 |  21.464844 |     61.300781 |  48.578125 |  75.347656 | 244.000000 | 63.000000 | 138.000000 | 138.000000
 1443 | 1443 | Predict |  0.452504 | -1.594538 |  0.046631 | 6.116715 |  6.997091 | 0.050000 |   14 |  0.000000 |  7.937890 |  8.078476 |  6.412572 |  542 |  21.464844 |     61.300781 |  48.578125 |  75.347656 | 244.000000 | 63.000000 | 138.000000 | 138.000000
 1444 | 1444 | Predict |  0.093374 |  0.634463 |  0.052893 | 6.116715 |  6.997091 | 0.050000 |   14 |  0.000000 |  7.937890 |  8.078476 |  6.412572 |  543 |  21.464844 |     61.300781 |  48.578125 |  75.347656 | 244.000000 | 63.000000 | 138.000000 | 138.000000
 1445 | 1445 | Predict | -0.208296 | -0.420182 |  0.064484 | 6.116715 |  6.997091 | 0.050000 |   14 |  0.000000 |  7.937890 |  8.078476 |  6.412572 |  544 |  21.464844 |     61.300781 |  48.578125 |  75.347656 | 244.000000 | 63.000000 | 138.000000 | 138.000000
 1446 | 1446 | Predict | -0.735020 |  0.974440 |  0.041968 | 6.116715 |  6.997091 | 0.050000 |   14 |  0.000000 |  7.937890 |  8.078476 |  6.412572 |  544 |  21.464844 |     61.300781 |  48.578125 |  75.347656 | 244.000000 | 63.000000 | 138.000000 | 138.000000
 1447 | 1447 | Update  | -1.770512 | -0.752976 | -0.001865 | 6.063696 |  7.282300 | 0.050000 |   13 |  9.701025 |  0.000000 |  8.078476 |  6.492767 |  544 |  16.070312 |     29.820312 |  42.957031 |  44.449219 | 244.000000 | 63.000000 | 138.000000 | 138.000000
 1448 | 1448 | Update  | -1.021127 |  0.709881 |  0.055824 | 6.023475 |  6.909451 | 0.050000 |   14 |  0.000000 |  7.917811 |  8.078477 |  6.552949 |  544 |  16.070312 |     39.414062 |  38.054688 |  47.132812 | 244.000000 | 63.000000 | 138.000000 | 138.000000
 1449 | 1449 | Predict | -0.954089 | -0.185551 |  0.046764 | 6.023475 |  6.909451 | 0.050000 |   14 |  0.000000 |  7.917811 |  8.078477 |  6.552949 |  544 |  16.070312 |     39.414062 |  38.054688 |  47.132812 | 244.000000 | 63.000000 | 138.000000 | 138.000000
 1450 | 1450 | Update  |  0.000000 |  0.141258 |  0.048496 | 6.341041 |  6.952862 | 0.050000 |   11 |  9.592113 |  7.968005 |  0.000000 |  6.532938 |  544 |  38.957031 |     90.656250 |        nan |  63.441406 | 244.000000 | 63.000000 |   0.000000 | 138.000000
 1451 | 1451 | Predict | -0.770933 | -0.083797 |  0.015455 | 6.341041 |  6.952862 | 0.050000 |   11 |  9.592113 |  7.968005 |  0.000000 |  6.532938 |  544 |  38.957031 |     90.656250 |        nan |  63.441406 | 244.000000 | 63.000000 |   0.000000 | 138.000000
 1452 | 1452 | Predict |  0.025139 | -0.719458 | -0.054625 | 6.341041 |  6.952862 | 0.050000 |   11 |  9.592113 |  7.968005 |  0.000000 |  6.532938 |  545 |  38.957031 |     90.656250 |        nan |  63.441406 | 244.000000 | 63.000000 |   0.000000 | 138.000000
 1453 | 1453 | Predict | -1.472434 | -0.199916 | -0.008793 | 6.341041 |  6.952862 | 0.050000 |   11 |  9.592113 |  7.968005 |  0.000000 |  6.532938 |  546 |  38.957031 |     90.656250 |        nan |  63.441406 | 244.000000 | 63.000000 |   0.000000 | 138.000000
 1454 | 1454 | Predict | -0.875081 | -1.110910 |  0.012524 | 6.341041 |  6.952862 | 0.051000 |   11 |  9.592113 |  7.968005 |  0.000000 |  6.532938 |  547 |  38.957031 |     90.656250 |        nan |  63.441406 | 244.000000 | 63.000000 |   0.000000 | 138.000000
 1455 | 1455 | Predict | -1.301249 |  0.436942 | -0.020384 | 6.341041 |  6.952862 | 0.050000 |   11 |  9.592113 |  7.968005 |  0.000000 |  6.532938 |  547 |  38.957031 |     90.656250 |        nan |  63.441406 | 244.000000 | 63.000000 |   0.000000 | 138.000000
 1456 | 1456 | Predict | -0.407014 | -1.096544 |  0.008527 | 6.341041 |  6.952862 | 0.050000 |   11 |  9.592113 |  7.968005 |  0.000000 |  6.532938 |  548 |  38.957031 |     90.656250 |        nan |  63.441406 | 244.000000 | 63.000000 |   0.000000 | 138.000000
 1457 | 1457 | Update  | -1.674744 | -0.985214 | -0.013323 | 6.010019 |  6.964192 | 0.050000 |   14 |  0.000000 |  8.018109 |  8.078476 |  6.572960 |  548 |  38.957031 |     66.683594 |  47.531250 |  59.058594 | 244.000000 | 63.000000 | 138.000000 | 138.000000
 1458 | 1458 | Predict | -0.290895 | -0.161609 | -0.067948 | 6.010019 |  6.964192 | 0.050000 |   14 |  0.000000 |  8.018109 |  8.078476 |  6.572960 |  548 |  38.957031 |     66.683594 |  47.531250 |  59.058594 | 244.000000 | 63.000000 | 138.000000 | 138.000000
 1459 | 1459 | Predict | -1.418565 | -0.466869 | -0.067282 | 6.010019 |  6.964192 | 0.050000 |   14 |  0.000000 |  8.018109 |  8.078476 |  6.572960 |  549 |  38.957031 |     66.683594 |  47.531250 |  59.058594 | 244.000000 | 63.000000 | 138.000000 | 138.000000
 1460 | 1460 | Update  | -1.069011 |  0.430956 | -0.091930 | 5.906045 |  6.927287 | 0.050000 |   14 |  0.000000 |  8.028149 |  8.018339 |  6.653221 |  549 |  38.957031 |     56.250000 |  46.675781 |  56.105469 | 244.000000 | 63.000000 | 138.000000 | 138.000000
 1461 | 1461 | Predict | -1.365892 | -0.818817 | -0.079406 | 5.906045 |  6.927287 | 0.050000 |   14 |  0.000000 |  8.028149 |  8.018339 |  6.653221 |  549 |  38.957031 |     56.250000 |  46.675781 |  56.105469 | 244.000000 | 63.000000 | 138.000000 | 138.000000
 1462 | 1462 | Predict | -1.337162 | -0.922965 | -0.114845 | 5.906045 |  6.927287 | 0.050000 |   14 |  0.000000 |  8.028149 |  8.018339 |  6.653221 |  550 |  38.957031 |     56.250000 |  46.675781 |  56.105469 | 244.000000 | 63.000000 | 138.000000 | 138.000000
 1463 | 1463 | Update  | -0.114922 |  0.082600 | -0.061953 | 5.694211 |  6.927330 | 0.050000 |   14 |  0.000000 |  8.078154 |  7.807886 |  6.713397 |  550 |  38.957031 |    113.078125 | 111.812500 |  90.527344 | 244.000000 | 63.000000 | 138.000000 | 138.000000
 1464 | 1464 | Predict | -1.920150 | -0.433351 | -0.012657 | 5.694211 |  6.927330 | 0.050000 |   14 |  0.000000 |  8.078154 |  7.807886 |  6.713397 |  550 |  38.957031 |    113.078125 | 111.812500 |  90.527344 | 244.000000 | 63.000000 | 138.000000 | 138.000000
 1465 | 1465 | Update  | -0.466869 | -0.697910 | -0.027712 | 5.796474 |  6.908587 | 0.050000 |   14 |  0.000000 |  8.058171 |  7.943185 |  6.723438 |  550 |  38.957031 |     25.277344 |  26.089844 |  32.875000 | 244.000000 | 63.000000 | 138.000000 | 138.000000
 1466 | 1466 | Predict | -0.207098 |  0.123301 |  0.059688 | 5.796474 |  6.908587 | 0.051000 |   14 |  0.000000 |  8.058171 |  7.943185 |  6.723438 |  551 |  38.957031 |     25.277344 |  26.089844 |  32.875000 | 244.000000 | 63.000000 | 138.000000 | 138.000000
 1467 | 1467 | Predict |  1.222240 |  0.017957 |  0.025447 | 5.796474 |  6.908587 | 0.050000 |   14 |  0.000000 |  8.058171 |  7.943185 |  6.723438 |  551 |  38.957031 |     25.277344 |  26.089844 |  32.875000 | 244.000000 | 63.000000 | 138.000000 | 138.000000
 1468 | 1468 | Predict | -1.237802 |  0.517148 |  0.046098 | 5.796474 |  6.908587 | 0.050000 |   14 |  0.000000 |  8.058171 |  7.943185 |  6.723438 |  552 |  38.957031 |     25.277344 |  26.089844 |  32.875000 | 244.000000 | 63.000000 | 138.000000 | 138.000000
 1469 | 1469 | Predict | -0.792481 |  0.026336 |  0.001466 | 5.796474 |  6.908587 | 0.050000 |   14 |  0.000000 |  8.058171 |  7.943185 |  6.723438 |  553 |  38.957031 |     25.277344 |  26.089844 |  32.875000 | 244.000000 | 63.000000 | 138.000000 | 138.000000
 1470 | 1470 | Predict | -1.124078 |  0.885855 |  0.023715 | 5.796474 |  6.908587 | 0.050000 |   14 |  0.000000 |  8.058171 |  7.943185 |  6.723438 |  553 |  38.957031 |     25.277344 |  26.089844 |  32.875000 | 244.000000 | 63.000000 | 138.000000 | 138.000000
 1471 | 1471 | Predict | -1.669956 |  0.277727 | -0.003464 | 5.796474 |  6.908587 | 0.050000 |   14 |  0.000000 |  8.058171 |  7.943185 |  6.723438 |  554 |  38.957031 |     25.277344 |  26.089844 |  32.875000 | 244.000000 | 63.000000 | 138.000000 | 138.000000
 1472 | 1472 | Predict | -0.347159 | -0.045490 | -0.015322 | 5.796474 |  6.908587 | 0.050000 |   14 |  0.000000 |  8.058171 |  7.943185 |  6.723438 |  555 |  38.957031 |     25.277344 |  26.089844 |  32.875000 | 244.000000 | 63.000000 | 138.000000 | 138.000000
 1473 | 1473 | Predict |  0.385466 |  0.976834 | -0.030643 | 5.796474 |  6.908587 | 0.050000 |   14 |  0.000000 |  8.058171 |  7.943185 |  6.723438 |  555 |  38.957031 |     25.277344 |  26.089844 |  32.875000 | 244.000000 | 63.000000 | 138.000000 | 138.000000
 1474 | 1474 | Update  | -0.471658 | -1.249773 | -0.055424 | 5.506297 |  7.212496 | 0.050000 |   13 |  9.336618 |  0.000000 |  7.747744 |  6.913916 |  555 |  47.964844 |     51.503906 | 118.695312 |  85.675781 | 244.000000 | 63.000000 | 138.000000 | 138.000000
 1475 | 1475 | Predict | -1.103727 |  0.433351 | -0.080605 | 5.506297 |  7.212496 | 0.050000 |   13 |  9.336618 |  0.000000 |  7.747744 |  6.913916 |  556 |  47.964844 |     51.503906 | 118.695312 |  85.675781 | 244.000000 | 63.000000 | 138.000000 | 138.000000
 1476 | 1476 | Predict |  0.254982 | -0.641646 | -0.065017 | 5.506297 |  7.212496 | 0.050000 |   13 |  9.336618 |  0.000000 |  7.747744 |  6.913916 |  556 |  47.964844 |     51.503906 | 118.695312 |  85.675781 | 244.000000 | 63.000000 | 138.000000 | 138.000000
 1477 | 1477 | Predict | -1.053449 |  0.203507 | -0.014922 | 5.506297 |  7.212496 | 0.050000 |   13 |  9.336618 |  0.000000 |  7.747744 |  6.913916 |  557 |  47.964844 |     51.503906 | 118.695312 |  85.675781 | 244.000000 | 63.000000 | 138.000000 | 138.000000
 1478 | 1478 | Update  | -0.210690 |  1.059434 |  0.010525 | 5.534611 |  6.938499 | 0.050000 |   14 |  0.000000 |  8.228542 |  7.747744 |  6.873830 |  557 |  47.964844 |     51.378906 |  73.656250 |  47.285156 | 244.000000 | 63.000000 | 138.000000 | 138.000000
 1479 | 1479 | Predict |  0.407014 |  0.608127 | -0.014389 | 5.534611 |  6.938499 | 0.050000 |   14 |  0.000000 |  8.228542 |  7.747744 |  6.873830 |  557 |  47.964844 |     51.378906 |  73.656250 |  47.285156 | 244.000000 | 63.000000 | 138.000000 | 138.000000
 1480 | 1480 | Predict | -1.230620 | -1.124078 | -0.041568 | 5.534611 |  6.938499 | 0.050000 |   14 |  0.000000 |  8.228542 |  7.747744 |  6.873830 |  558 |  47.964844 |     51.378906 |  73.656250 |  47.285156 | 244.000000 | 63.000000 | 138.000000 | 138.000000
 1481 | 1481 | Update  |  0.337582 | -0.123301 | -0.022783 | 5.801887 |  7.206594 | 0.050000 |    7 |  9.266575 |  8.238579 |  7.672582 |  6.843781 |  558 |  24.476562 |     48.253906 |  52.222656 |  64.375000 | 244.000000 | 63.000000 | 138.000000 | 138.000000
 1482 | 1482 | Predict | -0.454898 |  0.095768 | -0.061286 | 5.801887 |  7.206594 | 0.050000 |    7 |  9.266575 |  8.238579 |  7.672582 |  6.843781 |  558 |  24.476562 |     48.253906 |  52.222656 |  64.375000 | 244.000000 | 63.000000 | 138.000000 | 138.000000
 1483 | 1483 | Update  | -0.166397 |  1.356315 | -0.081138 | 5.783252 |  7.178146 | 0.050000 |    7 |  9.229046 |  8.218504 |  7.672582 |  6.873829 |  558 |  61.265625 |     98.296875 | 108.160156 |  70.464844 | 244.000000 | 63.000000 | 138.000000 | 138.000000
 1484 | 1484 | Update  |  0.219069 | -0.786495 | -0.122040 | 5.780144 |  7.202708 | 0.050000 |    7 |  9.261457 |  8.258558 |  7.672582 |  6.863863 |  558 |  25.000000 |     38.917969 |  56.109375 |  59.222656 | 244.000000 | 63.000000 | 138.000000 | 138.000000
 1485 | 1485 | Predict | -1.985990 | -0.387861 | -0.157346 | 5.780144 |  7.202708 | 0.050000 |    7 |  9.261457 |  8.258558 |  7.672582 |  6.863863 |  558 |  25.000000 |     38.917969 |  56.109375 |  59.222656 | 244.000000 | 63.000000 | 138.000000 | 138.000000
 1486 | 1486 | Predict | -1.155202 | -0.408211 | -0.184392 | 5.780144 |  7.202708 | 0.050000 |    7 |  9.261457 |  8.258558 |  7.672582 |  6.863863 |  559 |  25.000000 |     38.917969 |  56.109375 |  59.222656 | 244.000000 | 63.000000 | 138.000000 | 138.000000
 1487 | 1487 | Update  |  1.148020 | -0.204704 | -0.301636 | 5.337604 |  6.976837 | 0.050000 |   14 |  0.000000 |  8.268597 |  7.477118 |  6.853822 |  559 |  25.000000 |     49.847656 |  75.164062 |  70.726562 | 244.000000 | 63.000000 | 138.000000 | 138.000000
 1488 | 1488 | Predict | -0.812831 |  0.266953 | -0.374113 | 5.337604 |  6.976837 | 0.050000 |   14 |  0.000000 |  8.268597 |  7.477118 |  6.853822 |  559 |  25.000000 |     49.847656 |  75.164062 |  70.726562 | 244.000000 | 63.000000 | 138.000000 | 138.000000
 1489 | 1489 | Predict | -1.047463 | -0.016759 | -0.384106 | 5.337604 |  6.976837 | 0.050000 |   14 |  0.000000 |  8.268597 |  7.477118 |  6.853822 |  560 |  25.000000 |     49.847656 |  75.164062 |  70.726562 | 244.000000 | 63.000000 | 138.000000 | 138.000000
 1490 | 1490 | Update  |  0.380678 | -0.081403 | -0.359325 | 5.187484 |  7.312786 | 0.051000 |   13 |  9.246583 |  0.000000 |  7.477119 |  7.064364 |  560 |  34.734375 |     49.847656 |  68.257812 |  87.929688 | 244.000000 |  0.000000 | 138.000000 | 138.000000
 1491 | 1491 | Predict | -0.845153 |  0.013168 | -0.304833 | 5.187484 |  7.312786 | 0.050000 |   13 |  9.246583 |  0.000000 |  7.477119 |  7.064364 |  560 |  34.734375 |     49.847656 |  68.257812 |  87.929688 | 244.000000 |  0.000000 | 138.000000 | 138.000000
 1492 | 1492 | Update  | -0.405817 | -0.847547 | -0.325084 | 5.209388 |  7.022888 | 0.050000 |   14 |  0.000000 |  8.418886 |  7.401947 |  6.954076 |  560 |  34.734375 |     31.867188 |  27.980469 |  36.429688 | 244.000000 | 63.000000 | 138.000000 | 138.000000
 1493 | 1493 | Update  | -0.985214 |  0.677559 | -0.270593 | 5.490345 |  7.250436 | 0.051000 |    7 |  9.163948 |  8.489053 |  7.477118 |  6.933997 |  560 |  65.242188 |    116.757812 |  89.992188 | 102.773438 | 244.000000 | 63.000000 | 138.000000 | 138.000000
 1494 | 1494 | Predict | -0.308852 | -0.043096 | -0.335609 | 5.490345 |  7.250436 | 0.050000 |    7 |  9.163948 |  8.489053 |  7.477118 |  6.933997 |  560 |  65.242188 |    116.757812 |  89.992188 | 102.773438 | 244.000000 | 63.000000 | 138.000000 | 138.000000
 1495 | 1495 | Update  | -1.448492 | -0.019154 | -0.369850 | 5.451396 |  7.287512 | 0.050000 |    7 |  9.103694 |  8.468979 |  7.341795 |  6.974156 |  560 |  35.917969 |     47.437500 |  53.164062 |  73.707031 | 244.000000 | 63.000000 | 138.000000 | 138.000000
 1496 | 1496 | Update  | -0.451307 |  0.041899 | -0.387170 | 5.158389 |  6.991796 | 0.050000 |   14 |  0.000000 |  8.499000 |  7.477119 |  7.104447 |  560 |  35.917969 |     23.339844 |  31.476562 |  40.433594 | 244.000000 | 63.000000 | 138.000000 | 138.000000
 1497 | 1497 | Predict |  0.100556 | -0.083797 | -0.403691 | 5.158389 |  6.991796 | 0.050000 |   14 |  0.000000 |  8.499000 |  7.477119 |  7.104447 |  560 |  35.917969 |     23.339844 |  31.476562 |  40.433594 | 244.000000 | 63.000000 | 138.000000 | 138.000000
 1498 | 1498 | Update  | -0.404620 | -0.701501 | -0.377044 | 5.201994 |  7.012779 | 0.050000 |   14 |  0.000000 |  8.479020 |  7.477118 |  7.044286 |  560 |  35.917969 |     46.871094 |  42.480469 |  57.539062 | 244.000000 | 63.000000 | 138.000000 | 138.000000
 1499 | 1499 | Update  | -0.788889 |  0.295684 | -0.395164 | 5.077377 |  7.055068 | 0.050000 |   14 |  9.135136 |  8.448903 |  7.206463 |  6.933997 |  560 |  59.101562 |     48.656250 |  49.664062 |  40.718750 | 244.000000 | 63.000000 | 138.000000 | 138.000000
 1500 | 1500 | Predict | -0.080206 | -0.568623 | -0.349332 | 5.077377 |  7.055068 | 0.050000 |   14 |  9.135136 |  8.448903 |  7.206463 |  6.933997 |  560 |  59.101562 |     48.656250 |  49.664062 |  40.718750 | 244.000000 | 63.000000 | 138.000000 | 138.000000
 1501 | 1501 | Update  |  0.140061 | -0.389058 | -0.261799 | 5.501459 |  7.037978 | 0.050000 |   11 |  9.138734 |  8.448999 |  0.000000 |  6.964117 |  560 |  28.605469 |     36.968750 |        nan |  57.398438 | 244.000000 | 63.000000 |   0.000000 | 138.000000
 1502 | 1502 | Predict | -1.472434 |  0.262165 | -0.285248 | 5.501459 |  7.037978 | 0.050000 |   11 |  9.138734 |  8.448999 |  0.000000 |  6.964117 |  561 |  28.605469 |     36.968750 |        nan |  57.398438 | 244.000000 | 63.000000 |   0.000000 | 138.000000
 1503 | 1503 | Predict | -0.342371 |  0.359130 | -0.267528 | 5.501459 |  7.037978 | 0.050000 |   11 |  9.138734 |  8.448999 |  0.000000 |  6.964117 |  561 |  28.605469 |     36.968750 |        nan |  57.398438 | 244.000000 | 63.000000 |   0.000000 | 138.000000
 1504 | 1504 | Update  | -0.355539 |  0.047884 | -0.221297 | 5.092012 |  7.055944 | 0.050000 |   14 |  9.107568 |  8.549183 |  7.341796 |  7.054324 |  561 |  34.875000 |     50.046875 |  50.785156 |  63.765625 | 244.000000 | 63.000000 | 138.000000 | 138.000000
 1505 | 1505 | Update  | -0.507571 |  0.137667 | -0.233954 | 5.068614 |  7.052217 | 0.051000 |   14 |  0.000000 |  8.519073 |  7.281639 |  7.024281 |  561 |  34.875000 |     26.312500 |  22.007812 |  34.890625 | 244.000000 | 63.000000 | 138.000000 | 138.000000
 1506 | 1506 | Predict |  0.319626 | -0.322020 | -0.277387 | 5.068614 |  7.052217 | 0.050000 |   14 |  0.000000 |  8.519073 |  7.281639 |  7.024281 |  561 |  34.875000 |     26.312500 |  22.007812 |  34.890625 | 244.000000 | 63.000000 | 138.000000 | 138.000000
 1507 | 1507 | Predict | -0.186748 |  0.395043 | -0.341338 | 5.068614 |  7.052217 | 0.051000 |   14 |  0.000000 |  8.519073 |  7.281639 |  7.024281 |  562 |  34.875000 |     26.312500 |  22.007812 |  34.890625 | 244.000000 | 63.000000 | 138.000000 | 138.000000
 1508 | 1508 | Update  | -0.381875 | -0.433351 | -0.426606 | 5.515974 |  7.339174 | 0.051000 |    7 |  9.172666 |  8.468979 |  7.341794 |  6.984122 |  562 |  24.652344 |     44.570312 |  46.601562 |  62.316406 | 244.000000 | 63.000000 | 138.000000 | 138.000000
 1509 | 1509 | Predict | -0.474052 | -0.132878 | -0.453253 | 5.515974 |  7.339174 | 0.050000 |    7 |  9.172666 |  8.468979 |  7.341794 |  6.984122 |  562 |  24.652344 |     44.570312 |  46.601562 |  62.316406 | 244.000000 | 63.000000 | 138.000000 | 138.000000
 1510 | 1510 | Predict |  0.328006 |  0.005986 | -0.493622 | 5.515974 |  7.339174 | 0.050000 |    7 |  9.172666 |  8.468979 |  7.341794 |  6.984122 |  563 |  24.652344 |     44.570312 |  46.601562 |  62.316406 | 244.000000 | 63.000000 | 138.000000 | 138.000000
 1511 | 1511 | Predict | -2.155979 |  0.070629 | -0.498285 | 5.515974 |  7.339174 | 0.051000 |    7 |  9.172666 |  8.468979 |  7.341794 |  6.984122 |  564 |  24.652344 |     44.570312 |  46.601562 |  62.316406 | 244.000000 | 63.000000 | 138.000000 | 138.000000
 1512 | 1512 | Predict | -0.317232 | -0.344765 | -0.484562 | 5.515974 |  7.339174 | 0.050000 |    7 |  9.172666 |  8.468979 |  7.341794 |  6.984122 |  564 |  24.652344 |     44.570312 |  46.601562 |  62.316406 | 244.000000 | 63.000000 | 138.000000 | 138.000000
 1513 | 1513 | Predict |  0.283713 | -0.069432 | -0.526930 | 5.515974 |  7.339174 | 0.050000 |    7 |  9.172666 |  8.468979 |  7.341794 |  6.984122 |  565 |  24.652344 |     44.570312 |  46.601562 |  62.316406 | 244.000000 | 63.000000 | 138.000000 | 138.000000
 1514 | 1514 | Update  | -0.324414 | -0.837971 | -0.512541 | 5.041637 |  7.181132 | 0.051000 |   14 |  9.210298 |  8.669347 |  7.206463 |  6.984122 |  565 |  36.992188 |     42.273438 |  74.171875 |  61.292969 | 244.000000 | 63.000000 | 138.000000 | 138.000000
 1515 | 1515 | Predict | -0.489614 | -0.423774 | -0.419812 | 5.041637 |  7.181132 | 0.051000 |   14 |  9.210298 |  8.669347 |  7.206463 |  6.984122 |  565 |  36.992188 |     42.273438 |  74.171875 |  61.292969 | 244.000000 | 63.000000 | 138.000000 | 138.000000
 1516 | 1516 | Update  | -1.110910 | -0.196325 | -0.360657 | 5.084749 |  7.134928 | 0.050000 |   14 |  9.178856 |  8.669343 |  7.341795 |  7.064365 |  565 |  26.070312 |     53.792969 |  58.054688 |  92.769531 | 244.000000 | 63.000000 | 138.000000 | 138.000000
 1517 | 1517 | Update  | -0.329203 | -0.885855 | -0.312827 | 5.020091 |  7.199660 | 0.051000 |   14 |  0.000000 |  8.719532 |  7.206463 |  7.014166 |  565 |  26.070312 |     39.078125 |  28.296875 |  85.457031 | 244.000000 | 63.000000 | 138.000000 | 138.000000
 1518 | 1518 | Predict | -0.544681 |  0.424971 | -0.341205 | 5.020091 |  7.199660 | 0.050000 |   14 |  0.000000 |  8.719532 |  7.206463 |  7.014166 |  565 |  26.070312 |     39.078125 |  28.296875 |  85.457031 | 244.000000 | 63.000000 | 138.000000 | 138.000000
 1519 | 1519 | Update  |  0.168791 | -0.470461 | -0.339740 | 4.991147 |  7.176437 | 0.050000 |   14 |  0.000000 |  8.719437 |  7.206461 |  7.054325 |  565 |  26.070312 |     79.492188 |  91.781250 | 150.707031 | 244.000000 | 63.000000 | 138.000000 | 138.000000
 1520 | 1520 | Update  | -0.453701 |  0.313640 | -0.331080 | 4.921096 |  7.185330 | 0.051000 |   14 |  9.213897 |  8.699458 |  7.071119 |  7.014166 |  565 |  19.019531 |     38.132812 |  43.964844 |  93.476562 | 244.000000 | 63.000000 | 138.000000 | 138.000000
 1521 | 1521 | Predict | -0.805649 | -0.891840 | -0.309363 | 4.921096 |  7.185330 | 0.050000 |   14 |  9.213897 |  8.699458 |  7.071119 |  7.014166 |  565 |  19.019531 |     38.132812 |  43.964844 |  93.476562 | 244.000000 | 63.000000 | 138.000000 | 138.000000
 1522 | 1522 | Update  | -1.069011 | -0.002394 | -0.256204 | 5.061437 |  7.238382 | 0.050000 |   14 |  0.000000 |  8.789604 |  7.281639 |  7.034246 |  565 |  19.019531 |     45.890625 |  51.667969 |  95.921875 | 244.000000 | 63.000000 | 138.000000 | 138.000000
 1523 | 1523 | Update  |  0.319626 | -0.871489 | -0.201712 | 5.055984 |  7.264207 | 0.050000 |   14 |  9.261457 |  8.769524 |  7.206462 |  6.964042 |  565 |  37.238281 |     59.656250 |  71.941406 | 133.511719 | 244.000000 | 63.000000 | 138.000000 | 138.000000
 1524 | 1524 | Predict | -1.112107 |  0.596156 | -0.243547 | 5.055984 |  7.264207 | 0.050000 |   14 |  9.261457 |  8.769524 |  7.206462 |  6.964042 |  565 |  37.238281 |     59.656250 |  71.941406 | 133.511719 | 244.000000 | 63.000000 | 138.000000 | 138.000000
 1525 | 1525 | Update  | -1.327585 | -0.239420 | -0.197182 | 5.061438 |  7.224003 | 0.050000 |   14 |  0.000000 |  8.769623 |  7.281640 |  7.034246 |  565 |  37.238281 |     69.472656 |  78.722656 | 142.281250 | 244.000000 | 63.000000 | 138.000000 | 138.000000
 1526 | 1526 | Update  | -0.606930 | -0.464475 | -0.238617 | 4.939707 |  7.228255 | 0.050000 |   14 |  0.000000 |  8.799638 |  7.146305 |  7.064290 |  565 |  37.238281 |     48.613281 |  56.964844 | 115.855469 | 244.000000 | 63.000000 | 138.000000 | 138.000000
 1527 | 1527 | Predict | -0.081403 |  0.129287 | -0.217700 | 4.939707 |  7.228255 | 0.050000 |   14 |  0.000000 |  8.799638 |  7.146305 |  7.064290 |  565 |  37.238281 |     48.613281 |  56.964844 | 115.855469 | 244.000000 | 63.000000 | 138.000000 | 138.000000
 1528 | 1528 | Update  | -1.515530 | -1.090559 | -0.253406 | 4.848485 |  7.184621 | 0.050000 |   14 |  9.271523 |  8.779560 |  7.071120 |  7.114487 |  565 |  46.847656 |     71.656250 |  58.570312 | 134.476562 | 244.000000 | 63.000000 | 138.000000 | 138.000000
 1529 | 1529 | Update  |  0.231040 |  0.333991 | -0.226227 | 4.956937 |  7.264165 | 0.050000 |   14 |  0.000000 |  8.769524 |  7.071120 |  6.964117 |  565 |  46.847656 |     47.347656 |  44.707031 | 103.796875 | 244.000000 | 63.000000 | 138.000000 | 138.000000
 1530 | 1530 | Predict |  0.337582 | -0.168791 | -0.246078 | 4.956937 |  7.264165 | 0.050000 |   14 |  0.000000 |  8.769524 |  7.071120 |  6.964117 |  565 |  46.847656 |     47.347656 |  44.707031 | 103.796875 | 244.000000 | 63.000000 | 138.000000 | 138.000000
 1531 | 1531 | Update  | -0.786495 |  0.169988 | -0.271126 | 4.942643 |  7.339761 | 0.050000 |   14 |  9.206459 |  8.889777 |  7.071120 |  6.984122 |  565 |  47.800781 |     65.378906 |  47.492188 |  75.546875 | 244.000000 | 63.000000 | 138.000000 | 138.000000
 1532 | 1532 | Update  | -0.966060 | -0.465672 | -0.239816 | 4.947478 |  7.220771 | 0.050000 |   14 |  0.000000 |  8.829651 |  7.206462 |  7.114486 |  565 |  47.800781 |     50.984375 |  49.851562 | 102.558594 | 244.000000 | 63.000000 | 138.000000 | 138.000000
 1533 | 1533 | Predict | -0.369904 | -0.263362 | -0.237818 | 4.947478 |  7.220771 | 0.050000 |   14 |  0.000000 |  8.829651 |  7.206462 |  7.114486 |  565 |  47.800781 |     50.984375 |  49.851562 | 102.558594 | 244.000000 | 63.000000 | 138.000000 | 138.000000
 1534 | 1534 | Update  | -0.562637 | -0.551863 | -0.201312 | 4.949822 |  7.338263 | 0.050000 |   14 |  9.255265 |  8.879832 |  7.071121 |  6.974082 |  565 |  55.855469 |     47.886719 |  68.070312 | 148.148438 | 244.000000 | 63.000000 | 138.000000 | 138.000000
 1535 | 1535 | Predict |  0.134075 |  0.035913 | -0.228492 | 4.949822 |  7.338263 | 0.050000 |   14 |  9.255265 |  8.879832 |  7.071121 |  6.974082 |  566 |  55.855469 |     47.886719 |  68.070312 | 148.148438 | 244.000000 | 63.000000 | 138.000000 | 138.000000
 1536 | 1536 | Predict | -0.228646 | -0.652420 | -0.236352 | 4.949822 |  7.338263 | 0.050000 |   14 |  9.255265 |  8.879832 |  7.071121 |  6.974082 |  566 |  55.855469 |     47.886719 |  68.070312 | 148.148438 | 244.000000 | 63.000000 | 138.000000 | 138.000000
 1537 | 1537 | Predict | -0.362722 |  0.190339 | -0.313227 | 4.949822 |  7.338263 | 0.050000 |   14 |  9.255265 |  8.879832 |  7.071121 |  6.974082 |  567 |  55.855469 |     47.886719 |  68.070312 | 148.148438 | 244.000000 | 63.000000 | 138.000000 | 138.000000
 1538 | 1538 | Predict |  1.035492 |  0.071826 | -0.323752 | 4.949822 |  7.338263 | 0.050000 |   14 |  9.255265 |  8.879832 |  7.071121 |  6.974082 |  568 |  55.855469 |     47.886719 |  68.070312 | 148.148438 | 244.000000 | 63.000000 | 138.000000 | 138.000000
 1539 | 1539 | Predict | -0.265756 |  0.316035 | -0.314692 | 4.949822 |  7.338263 | 0.050000 |   14 |  9.255265 |  8.879832 |  7.071121 |  6.974082 |  568 |  55.855469 |     47.886719 |  68.070312 | 148.148438 | 244.000000 | 63.000000 | 138.000000 | 138.000000
 1540 | 1540 | Update  | -0.246603 |  0.430956 | -0.386637 | 4.892155 |  7.767810 | 0.050000 |   14 |  9.225206 |  9.510944 |  7.071121 |  7.054324 |  568 |  29.816406 |     23.015625 |  51.765625 | 116.464844 | 244.000000 | 63.000000 | 138.000000 | 138.000000
 1541 | 1541 | Predict | -0.148441 | -0.153229 | -0.350931 | 4.892155 |  7.767810 | 0.050000 |   14 |  9.225206 |  9.510944 |  7.071121 |  7.054324 |  569 |  29.816406 |     23.015625 |  51.765625 | 116.464844 | 244.000000 | 63.000000 | 138.000000 | 138.000000
 1542 | 1542 | Predict | -0.241814 | -0.045490 | -0.313760 | 4.892155 |  7.767810 | 0.050000 |   14 |  9.225206 |  9.510944 |  7.071121 |  7.054324 |  569 |  29.816406 |     23.015625 |  51.765625 | 116.464844 | 244.000000 | 63.000000 | 138.000000 | 138.000000
 1543 | 1543 | Update  | -0.652420 |  0.295684 | -0.337608 | 4.838688 |  7.587319 | 0.050000 |   13 |  9.141361 |  0.000000 |  6.875601 |  6.933996 |  569 |  11.164062 | 1.806300e+159 |  24.472656 |  69.531250 | 244.000000 |  0.000000 | 138.000000 | 138.000000
 1544 | 1544 | Predict | -0.979228 |  0.780510 | -0.338274 | 4.838688 |  7.587319 | 0.051000 |   13 |  9.141361 |  0.000000 |  6.875601 |  6.933996 |  570 |  11.164062 | 1.806300e+159 |  24.472656 |  69.531250 | 244.000000 |  0.000000 | 138.000000 | 138.000000
 1545 | 1545 | Predict | -0.381875 | -0.003591 | -0.302168 | 4.838688 |  7.587319 | 0.050000 |   13 |  9.141361 |  0.000000 |  6.875601 |  6.933996 |  570 |  11.164062 | 1.806300e+159 |  24.472656 |  69.531250 | 244.000000 |  0.000000 | 138.000000 | 138.000000
 1546 | 1546 | Update  | -0.678756 |  0.186748 | -0.297639 | 4.992576 |  7.599514 | 0.050000 |   13 |  9.305315 |  0.000000 |  7.071120 |  6.913990 |  570 |  40.503906 | 1.806300e+159 |  72.785156 | 125.781250 | 244.000000 |  0.000000 | 138.000000 | 138.000000
 1547 | 1547 | Update  | -0.296881 |  0.232238 | -0.280585 | 5.028010 |  7.481527 | 0.050000 |   14 |  9.246446 |  8.990042 |  7.071120 |  6.863788 |  570 |  23.800781 |     14.082031 |  46.304688 |  80.144531 | 244.000000 | 63.000000 | 138.000000 | 138.000000
 1548 | 1548 | Predict | -0.879869 | -0.525527 | -0.305632 | 5.028010 |  7.481527 | 0.050000 |   14 |  9.246446 |  8.990042 |  7.071120 |  6.863788 |  570 |  23.800781 |     14.082031 |  46.304688 |  80.144531 | 244.000000 | 63.000000 | 138.000000 | 138.000000
 1549 | 1549 | Update  | -0.368707 | -0.756568 | -0.300836 | 4.881249 |  7.587523 | 0.050000 |   14 |  9.222716 |  9.140300 |  6.875602 |  6.873828 |  570 |  41.187500 |     27.128906 |  82.945312 | 114.378906 | 244.000000 | 63.000000 | 138.000000 | 138.000000
 1550 | 1550 | Update  | -1.216254 |  1.793257 | -0.364787 | 5.020943 |  7.566246 | 0.051000 |   13 |  9.261595 |  9.130264 |  7.071120 |  6.873829 |  570 |  38.640625 |     21.738281 |  86.722656 | 111.839844 | 244.000000 | 63.000000 | 138.000000 | 138.000000
 1551 | 1551 | Update  | -0.793678 | -0.764947 | -0.360391 | 5.006781 |  7.542418 | 0.051000 |   13 |  9.230154 |  9.120227 |  7.071121 |  6.893909 |  570 |  31.929688 |     17.410156 |  55.750000 |  45.851562 | 244.000000 | 63.000000 | 138.000000 | 138.000000
 1552 | 1552 | Predict | -0.090980 | -1.329979 | -0.341072 | 5.006781 |  7.542418 | 0.051000 |   13 |  9.230154 |  9.120227 |  7.071121 |  6.893909 |  570 |  31.929688 |     17.410156 |  55.750000 |  45.851562 | 244.000000 | 63.000000 | 138.000000 | 138.000000
 1553 | 1553 | Predict |  0.241814 |  0.663194 | -0.285515 | 5.006781 |  7.542418 | 0.050000 |   13 |  9.230154 |  9.120227 |  7.071121 |  6.893909 |  571 |  31.929688 |     17.410156 |  55.750000 |  45.851562 | 244.000000 | 63.000000 | 138.000000 | 138.000000
 1554 | 1554 | Predict |  1.156399 | -1.273715 | -0.319489 | 5.006781 |  7.542418 | 0.050000 |   13 |  9.230154 |  9.120227 |  7.071121 |  6.893909 |  571 |  31.929688 |     17.410156 |  55.750000 |  45.851562 | 244.000000 | 63.000000 | 138.000000 | 138.000000
 1555 | 1555 | Update  | -0.100556 | -0.497994 | -0.287380 | 4.874172 |  7.507154 | 0.050000 |   14 |  9.216491 |  9.040034 |  6.875600 |  6.883869 |  571 |  45.617188 |     15.113281 | 102.949219 | 127.968750 | 244.000000 | 63.000000 | 138.000000 | 138.000000
 1556 | 1556 | Update  | -0.428562 |  1.194707 | -0.265663 | 4.852882 |  7.564758 | 0.050000 |   14 |  9.254020 |  9.140205 |  6.875602 |  6.913990 |  571 |  53.613281 |     16.925781 | 105.046875 |  99.179688 | 244.000000 | 63.000000 | 138.000000 | 138.000000
 1557 | 1557 | Predict | -0.803255 |  0.598550 | -0.257136 | 4.852882 |  7.564758 | 0.050000 |   14 |  9.254020 |  9.140205 |  6.875602 |  6.913990 |  572 |  53.613281 |     16.925781 | 105.046875 |  99.179688 | 244.000000 | 63.000000 | 138.000000 | 138.000000
 1558 | 1558 | Predict |  0.968455 | -0.098162 | -0.245279 | 4.852882 |  7.564758 | 0.050000 |   14 |  9.254020 |  9.140205 |  6.875602 |  6.913990 |  572 |  53.613281 |     16.925781 | 105.046875 |  99.179688 | 244.000000 | 63.000000 | 138.000000 | 138.000000
 1559 | 1559 | Update  | -0.300472 |  0.102951 | -0.288712 | 4.895371 |  7.674204 | 0.050000 |   14 |  0.000000 |  9.240370 |  6.875602 |  6.853747 |  572 |  53.613281 |     16.167969 |  85.250000 | 102.117188 | 244.000000 | 63.000000 | 138.000000 | 138.000000
 1560 | 1560 | Predict | -1.246182 |  0.377087 | -0.328548 | 4.895371 |  7.674204 | 0.050000 |   14 |  0.000000 |  9.240370 |  6.875602 |  6.853747 |  572 |  53.613281 |     16.167969 |  85.250000 | 102.117188 | 244.000000 | 63.000000 | 138.000000 | 138.000000
 1561 | 1561 | Predict | -0.418985 |  0.328006 | -0.282317 | 4.895371 |  7.674204 | 0.050000 |   14 |  0.000000 |  9.240370 |  6.875602 |  6.853747 |  573 |  53.613281 |     16.167969 |  85.250000 | 102.117188 | 244.000000 | 63.000000 | 138.000000 | 138.000000
 1562 | 1562 | Update  | -0.369904 | -0.038307 | -0.244479 | 4.772663 |  7.884875 | 0.050000 |   13 |  9.433014 |  9.621042 |  6.740236 |  6.893910 |  573 |  55.980469 |     11.042969 |  76.695312 |  88.792969 | 244.000000 | 63.000000 | 138.000000 | 138.000000
 1563 | 1563 | Update  |  0.393846 |  0.812831 | -0.271392 | 4.814977 |  7.617564 | 0.050000 |   14 |  9.317872 |  9.150332 |  6.740235 |  6.833741 |  573 |  39.796875 |      7.910156 |  57.281250 |  78.335938 | 244.000000 | 63.000000 | 138.000000 | 138.000000
 1564 | 1564 | Predict |  0.258574 | -0.614113 | -0.298838 | 4.814977 |  7.617564 | 0.050000 |   14 |  9.317872 |  9.150332 |  6.740235 |  6.833741 |  573 |  39.796875 |      7.910156 |  57.281250 |  78.335938 | 244.000000 | 63.000000 | 138.000000 | 138.000000
 1565 | 1565 | Update  | -0.614113 | -0.562637 | -0.300836 | 4.822002 |  7.744455 | 0.050000 |   14 |  9.385558 |  9.310617 |  6.740234 |  6.823700 |  573 |  44.953125 |     12.675781 |  51.667969 |  84.417969 | 244.000000 | 63.000000 | 138.000000 | 138.000000
 1566 | 1566 | Update  | -0.393846 |  0.379481 | -0.216900 | 4.863887 |  7.770308 | 0.052000 |   14 |  9.339108 |  9.300583 |  6.740237 |  6.763529 |  573 |  23.730469 |     10.800781 |  33.148438 |  46.187500 | 244.000000 | 63.000000 | 138.000000 | 138.000000
 1567 | 1567 | Predict | -0.314838 | -0.899023 | -0.142025 | 4.863887 |  7.770308 | 0.050000 |   14 |  9.339108 |  9.300583 |  6.740237 |  6.763529 |  573 |  23.730469 |     10.800781 |  33.148438 |  46.187500 | 244.000000 | 63.000000 | 138.000000 | 138.000000
 1568 | 1568 | Predict | -0.559046 |  0.354342 | -0.187323 | 4.863887 |  7.770308 | 0.050000 |   14 |  9.339108 |  9.300583 |  6.740237 |  6.763529 |  574 |  23.730469 |     10.800781 |  33.148438 |  46.187500 | 244.000000 | 63.000000 | 138.000000 | 138.000000
 1569 | 1569 | Update  |  0.026336 | -0.907402 | -0.151750 | 4.729450 |  7.736801 | 0.050000 |   14 |  9.509521 |  9.300581 |  6.604858 |  6.823700 |  574 |  53.738281 |     17.226562 |  61.863281 |  83.265625 | 244.000000 | 63.000000 | 138.000000 | 138.000000
 1570 | 1570 | Predict | -0.568623 |  0.924162 | -0.177597 | 4.729450 |  7.736801 | 0.050000 |   14 |  9.509521 |  9.300581 |  6.604858 |  6.823700 |  574 |  53.738281 |     17.226562 |  61.863281 |  83.265625 | 244.000000 | 63.000000 | 138.000000 | 138.000000
 1571 | 1571 | Update  | -0.755371 | -0.298078 | -0.181194 | 4.778286 |  7.814153 | 0.050000 |   14 |  9.525673 |  9.350664 |  6.604858 |  6.753488 |  574 |  51.636719 |     12.097656 |  63.769531 |  87.835938 | 244.000000 | 63.000000 | 138.000000 | 138.000000
 1572 | 1572 | Update  | -0.579397 | -0.411803 | -0.177064 | 4.708398 |  7.712313 | 0.050000 |   14 |  9.560814 |  9.290548 |  6.604860 |  6.853747 |  574 |  40.593750 |      5.976562 |  45.453125 |  63.003906 | 244.000000 | 63.000000 | 138.000000 | 138.000000
 1573 | 1573 | Predict | -1.079785 | -0.593762 | -0.174533 | 4.708398 |  7.712313 | 0.050000 |   14 |  9.560814 |  9.290548 |  6.604860 |  6.853747 |  574 |  40.593750 |      5.976562 |  45.453125 |  63.003906 | 244.000000 | 63.000000 | 138.000000 | 138.000000
 1574 | 1574 | Predict | -0.343568 |  0.415394 | -0.126170 | 4.708398 |  7.712313 | 0.050000 |   14 |  9.560814 |  9.290548 |  6.604860 |  6.853747 |  575 |  40.593750 |      5.976562 |  45.453125 |  63.003906 | 244.000000 | 63.000000 | 138.000000 | 138.000000
 1575 | 1575 | Predict | -0.903811 | -0.731429 | -0.147087 | 4.708398 |  7.712313 | 0.050000 |   14 |  9.560814 |  9.290548 |  6.604860 |  6.853747 |  576 |  40.593750 |      5.976562 |  45.453125 |  63.003906 | 244.000000 | 63.000000 | 138.000000 | 138.000000
 1576 | 1576 | Predict | -0.808043 |  0.896629 | -0.053559 | 4.708398 |  7.712313 | 0.050000 |   14 |  9.560814 |  9.290548 |  6.604860 |  6.853747 |  576 |  40.593750 |      5.976562 |  45.453125 |  63.003906 | 244.000000 | 63.000000 | 138.000000 | 138.000000
 1577 | 1577 | Predict | -1.066617 |  0.173580 | -0.080072 | 4.708398 |  7.712313 | 0.050000 |   14 |  9.560814 |  9.290548 |  6.604860 |  6.853747 |  577 |  40.593750 |      5.976562 |  45.453125 |  63.003906 | 244.000000 | 63.000000 | 138.000000 | 138.000000
 1578 | 1578 | Update  | -0.220267 | -1.034295 | -0.167871 | 4.778287 |  7.906824 | 0.053000 |   14 |  9.593358 |  9.470802 |  6.604859 |  6.753488 |  577 |  56.339844 |     28.933594 |  97.160156 |  76.453125 | 244.000000 | 63.000000 | 138.000000 | 138.000000
 1579 | 1579 | Predict | -1.675941 | -1.896208 | -0.147087 | 4.778287 |  7.906824 | 0.050000 |   14 |  9.593358 |  9.470802 |  6.604859 |  6.753488 |  577 |  56.339844 |     28.933594 |  97.160156 |  76.453125 | 244.000000 | 63.000000 | 138.000000 | 138.000000
 1580 | 1580 | Update  |  0.280122 |  0.444124 | -0.113113 | 4.815604 |  8.113169 | 0.050000 |   13 |  9.682177 |  0.000000 |  6.680062 |  6.773495 |  577 |  31.253906 |     28.933594 |  48.429688 |  56.554688 | 244.000000 | 63.000000 | 138.000000 | 138.000000
 1581 | 1581 | Update  | -0.563834 | -0.725443 | -0.116311 | 4.867642 |  8.025123 | 0.050000 |   14 |  9.651012 |  9.530917 |  6.604860 |  6.623096 |  577 |  46.988281 |     32.351562 | 135.796875 |  79.402344 | 244.000000 | 63.000000 | 138.000000 | 138.000000
 1582 | 1582 | Predict | -0.304064 | -0.064643 | -0.060887 | 4.867642 |  8.025123 | 0.050000 |   14 |  9.651012 |  9.530917 |  6.604860 |  6.623096 |  577 |  46.988281 |     32.351562 | 135.796875 |  79.402344 | 244.000000 | 63.000000 | 138.000000 | 138.000000
 1583 | 1583 | Update  | -0.958878 | -1.942895 | -0.024115 | 4.758495 |  7.970235 | 0.050000 |   14 |  9.690995 |  9.530916 |  6.544681 |  6.723438 |  577 |  35.000000 |     24.703125 | 111.550781 |  88.691406 | 244.000000 | 63.000000 | 138.000000 | 138.000000
 1584 | 1584 | Predict | -0.411803 | -0.878672 |  0.085268 | 4.758495 |  7.970235 | 0.050000 |   14 |  9.690995 |  9.530916 |  6.544681 |  6.723438 |  577 |  35.000000 |     24.703125 | 111.550781 |  88.691406 | 244.000000 | 63.000000 | 138.000000 | 138.000000
 1585 | 1585 | Predict | -0.128090 | -1.179144 |  0.123106 | 4.758495 |  7.970235 | 0.050000 |   14 |  9.690995 |  9.530916 |  6.544681 |  6.723438 |  578 |  35.000000 |     24.703125 | 111.550781 |  88.691406 | 244.000000 | 63.000000 | 138.000000 | 138.000000
 1586 | 1586 | Update  | -1.534683 |  1.442507 |  0.209573 | 4.881199 |  8.078975 | 0.050000 |   13 |  9.587029 |  9.591033 |  6.604858 |  6.603086 |  578 |  48.015625 |     30.042969 | 126.121094 |  90.175781 | 244.000000 | 63.000000 | 138.000000 | 138.000000
 1587 | 1587 | Update  | -0.574608 |  0.328006 |  0.100323 | 4.827101 |  8.111708 | 0.050000 |   14 |  0.000000 |  9.641113 |  6.544679 |  6.623096 |  578 |  48.015625 |     41.742188 | 134.433594 |  97.738281 | 244.000000 | 63.000000 | 138.000000 | 138.000000
 1588 | 1588 | Predict |  0.129287 |  0.428562 |  0.068614 | 4.827101 |  8.111708 | 0.050000 |   14 |  0.000000 |  9.641113 |  6.544679 |  6.623096 |  578 |  48.015625 |     41.742188 | 134.433594 |  97.738281 | 244.000000 | 63.000000 | 138.000000 | 138.000000
 1589 | 1589 | Predict | -0.296881 | -0.126893 |  0.007994 | 4.827101 |  8.111708 | 0.050000 |   14 |  0.000000 |  9.641113 |  6.544679 |  6.623096 |  579 |  48.015625 |     41.742188 | 134.433594 |  97.738281 | 244.000000 | 63.000000 | 138.000000 | 138.000000
 1590 | 1590 | Predict | -0.377087 |  0.593762 | -0.054358 | 4.827101 |  8.111708 | 0.050000 |   14 |  0.000000 |  9.641113 |  6.544679 |  6.623096 |  580 |  48.015625 |     41.742188 | 134.433594 |  97.738281 | 244.000000 | 63.000000 | 138.000000 | 138.000000
 1591 | 1591 | Predict | -0.932542 | -1.373075 | -0.125504 | 4.827101 |  8.111708 | 0.050000 |   14 |  0.000000 |  9.641113 |  6.544679 |  6.623096 |  580 |  48.015625 |     41.742188 | 134.433594 |  97.738281 | 244.000000 | 63.000000 | 138.000000 | 138.000000
 1592 | 1592 | Update  | -0.183156 |  0.781707 | -0.089132 | 4.797306 |  8.151733 | 0.050000 |   14 |  9.709876 |  9.671119 |  6.469470 |  6.593044 |  580 |  19.429688 |     21.011719 |  43.257812 |  51.812500 | 244.000000 | 63.000000 | 138.000000 | 138.000000
 1593 | 1593 | Update  | -1.118092 |  0.022745 | -0.124172 | 4.804085 |  8.196958 | 0.050000 |   14 |  9.768639 |  9.721197 |  6.469470 |  6.583002 |  580 |  41.414062 |     29.441406 |  63.312500 |  46.750000 | 244.000000 | 63.000000 | 138.000000 | 138.000000
 1594 | 1594 | Predict | -0.430956 | -1.327585 | -0.053426 | 4.804085 |  8.196958 | 0.050000 |   14 |  9.768639 |  9.721197 |  6.469470 |  6.583002 |  580 |  41.414062 |     29.441406 |  63.312500 |  46.750000 | 244.000000 | 63.000000 | 138.000000 | 138.000000
 1595 | 1595 | Update  |  0.263362 |  0.096965 | -0.021450 | 4.817611 |  8.323660 | 0.050000 |   13 |  9.803639 |  0.000000 |  6.469470 |  6.562917 |  580 |  25.144531 |     29.441406 |  86.210938 |  62.519531 | 244.000000 | 63.000000 | 138.000000 | 138.000000
 1596 | 1596 | Predict | -0.960075 | -0.961272 | -0.104720 | 4.817611 |  8.323660 | 0.050000 |   13 |  9.803639 |  0.000000 |  6.469470 |  6.562917 |  581 |  25.144531 |     29.441406 |  86.210938 |  62.519531 | 244.000000 | 63.000000 | 138.000000 | 138.000000
 1597 | 1597 | Predict | -0.699107 |  1.638831 | -0.066882 | 4.817611 |  8.323660 | 0.050000 |   13 |  9.803639 |  0.000000 |  6.469470 |  6.562917 |  581 |  25.144531 |     29.441406 |  86.210938 |  62.519531 | 244.000000 | 63.000000 | 138.000000 | 138.000000
 1598 | 1598 | Update  | -0.214281 |  0.392649 | -0.139093 | 4.790567 |  8.234190 | 0.050000 |   14 |  9.829991 |  9.781309 |  6.469469 |  6.603012 |  581 |  27.109375 |     19.230469 |  96.085938 |  54.339844 | 244.000000 | 63.000000 | 138.000000 | 138.000000
 1599 | 1599 | Update  | -0.150835 | -0.891840 | -0.171868 | 4.792159 |  8.355139 | 0.052000 |   14 |  9.863749 |  9.851452 |  6.349100 |  6.482725 |  581 |  26.527344 |     35.152344 |  95.429688 |  61.089844 | 244.000000 | 63.000000 | 138.000000 | 138.000000
 1600 | 1600 | Predict | -1.691504 | -0.232238 | -0.138960 | 4.792159 |  8.355139 | 0.050000 |   14 |  9.863749 |  9.851452 |  6.349100 |  6.482725 |  581 |  26.527344 |     35.152344 |  95.429688 |  61.089844 | 244.000000 | 63.000000 | 138.000000 | 138.000000
 1601 | 1601 | Update  | -0.019154 | -1.509544 | -0.103521 | 4.704722 |  8.479085 | 0.050000 |   13 |  9.917698 |  0.000000 |  6.349099 |  6.613054 |  581 |  26.824219 |      0.000000 | 100.613281 |  60.636719 | 244.000000 |  0.000000 | 138.000000 | 138.000000
 1602 | 1602 | Update  | -0.474052 | -0.215478 | -0.079139 | 4.672552 |  8.258364 | 0.050000 |   14 |  0.000000 |  9.811414 |  6.288909 |  6.603012 |  581 |  26.824219 |     15.746094 |  46.472656 |  28.832031 | 244.000000 | 63.000000 | 138.000000 | 138.000000
 1603 | 1603 | Predict | -1.300052 | -0.369904 | -0.160943 | 4.672552 |  8.258364 | 0.050000 |   14 |  0.000000 |  9.811414 |  6.288909 |  6.603012 |  581 |  26.824219 |     15.746094 |  46.472656 |  28.832031 | 244.000000 | 63.000000 | 138.000000 | 138.000000
 1604 | 1604 | Update  | -0.683545 |  0.378284 | -0.093928 | 4.738234 |  8.341387 | 0.050000 |   14 |  9.981505 |  9.801378 |  6.213686 |  6.432509 |  581 |  12.078125 |     15.414062 |  97.941406 |  49.808594 | 244.000000 | 63.000000 | 138.000000 | 138.000000
 1605 | 1605 | Update  |  0.228646 |  0.292093 | -0.125504 | 4.686068 |  8.358289 | 0.050000 |   14 |  0.000000 |  9.921600 |  6.288908 |  6.583002 |  581 |  12.078125 |     26.484375 | 101.488281 |  52.992188 | 244.000000 | 63.000000 | 138.000000 | 138.000000
 1606 | 1606 | Predict | -0.220267 | -0.889446 | -0.095527 | 4.686068 |  8.358289 | 0.050000 |   14 |  0.000000 |  9.921600 |  6.288908 |  6.583002 |  581 |  12.078125 |     26.484375 | 101.488281 |  52.992188 | 244.000000 | 63.000000 | 138.000000 | 138.000000
 1607 | 1607 | Update  | -0.711078 | -1.872266 | -0.017853 | 4.838551 |  8.440941 | 0.050000 |   14 |  9.941387 |  9.911563 |  6.349098 |  6.412498 |  581 |  15.867188 |     22.679688 | 113.660156 |  56.222656 | 244.000000 | 63.000000 | 138.000000 | 138.000000
 1608 | 1608 | Predict | -0.685939 |  0.410606 |  0.025447 | 4.838551 |  8.440941 | 0.050000 |   14 |  9.941387 |  9.911563 |  6.349098 |  6.412498 |  581 |  15.867188 |     22.679688 | 113.660156 |  56.222656 | 244.000000 | 63.000000 | 138.000000 | 138.000000
 1609 | 1609 | Predict | -0.355539 | -0.433351 |  0.059421 | 4.838551 |  8.440941 | 0.050000 |   14 |  9.941387 |  9.911563 |  6.349098 |  6.412498 |  582 |  15.867188 |     22.679688 | 113.660156 |  56.222656 | 244.000000 | 63.000000 | 138.000000 | 138.000000
 1610 | 1610 | Update  | -1.205481 |  0.669179 |  0.040636 | 4.751998 |  8.537238 | 0.050000 |   13 |  9.988976 |  0.000000 |  6.349097 |  6.542907 |  582 |  20.386719 |     22.679688 | 142.566406 |  74.351562 | 244.000000 |  0.000000 | 138.000000 | 138.000000
 1611 | 1611 | Update  | -0.721852 | -0.657208 | -0.028511 | 4.777665 |  8.519141 | 0.050000 |   14 |  9.970197 |  9.981709 |  6.213684 |  6.372397 |  582 |  17.480469 |     38.296875 |  59.621094 |  43.632812 | 244.000000 | 63.000000 | 138.000000 | 138.000000
 1612 | 1612 | Predict | -1.467646 | -0.632069 | -0.098591 | 4.777665 |  8.519141 | 0.050000 |   14 |  9.970197 |  9.981709 |  6.213684 |  6.372397 |  582 |  17.480469 |     38.296875 |  59.621094 |  43.632812 | 244.000000 | 63.000000 | 138.000000 | 138.000000
 1613 | 1613 | Predict | -0.511162 |  1.213860 | -0.129634 | 4.777665 |  8.519141 | 0.050000 |   14 |  9.970197 |  9.981709 |  6.213684 |  6.372397 |  583 |  17.480469 |     38.296875 |  59.621094 |  43.632812 | 244.000000 | 63.000000 | 138.000000 | 138.000000
 1614 | 1614 | Predict | -1.195904 | -1.115698 | -0.115911 | 4.777665 |  8.519141 | 0.050000 |   14 |  9.970197 |  9.981709 |  6.213684 |  6.372397 |  583 |  17.480469 |     38.296875 |  59.621094 |  43.632812 | 244.000000 | 63.000000 | 138.000000 | 138.000000
 1615 | 1615 | Predict | -0.992397 | -0.004788 | -0.080605 | 4.777665 |  8.519141 | 0.050000 |   14 |  9.970197 |  9.981709 |  6.213684 |  6.372397 |  584 |  17.480469 |     38.296875 |  59.621094 |  43.632812 | 244.000000 | 63.000000 | 138.000000 | 138.000000
 1616 | 1616 | Predict | -0.961272 |  0.749385 | -0.051427 | 4.777665 |  8.519141 | 0.050000 |   14 |  9.970197 |  9.981709 |  6.213684 |  6.372397 |  585 |  17.480469 |     38.296875 |  59.621094 |  43.632812 | 244.000000 | 63.000000 | 138.000000 | 138.000000
 1617 | 1617 | Update  | -0.260968 |  0.008380 | -0.017320 | 4.753238 |  9.002761 | 0.051000 |   13 | 10.506082 |  0.000000 |  6.288908 |  6.482651 |  585 |  18.160156 |     17.277344 | 116.105469 |  70.910156 | 244.000000 |  0.000000 | 138.000000 | 138.000000
 1618 | 1618 | Predict | -0.474052 |  0.293290 | -0.051827 | 4.753238 |  9.002761 | 0.050000 |   13 | 10.506082 |  0.000000 |  6.288908 |  6.482651 |  585 |  18.160156 |     17.277344 | 116.105469 |  70.910156 | 244.000000 |  0.000000 | 138.000000 | 138.000000
 1619 | 1619 | Update  |  0.002394 | -0.927753 | -0.014123 | 5.376271 |  9.039101 | 0.050000 |    7 | 10.503520 | 10.031786 |  6.213686 |  6.382441 |  585 |  25.515625 |     31.375000 | 138.617188 |  71.046875 | 244.000000 | 63.000000 | 138.000000 | 138.000000
 1620 | 1620 | Predict | -1.017536 |  0.702698 |  0.064617 | 5.376271 |  9.039101 | 0.050000 |    7 | 10.503520 | 10.031786 |  6.213686 |  6.382441 |  586 |  25.515625 |     31.375000 | 138.617188 |  71.046875 | 244.000000 | 63.000000 | 138.000000 | 138.000000
 1621 | 1621 | Predict | -0.709881 | -0.411803 | -0.000400 | 5.376271 |  9.039101 | 0.050000 |    7 | 10.503520 | 10.031786 |  6.213686 |  6.382441 |  586 |  25.515625 |     31.375000 | 138.617188 |  71.046875 | 244.000000 | 63.000000 | 138.000000 | 138.000000
 1622 | 1622 | Update  |  0.330400 | -0.311246 | -0.011591 | 4.849130 |  8.725103 | 0.050000 |   14 | 10.291988 | 10.161939 |  6.213686 |  6.261987 |  586 |  14.410156 |     28.292969 |  88.804688 |  53.796875 | 244.000000 | 63.000000 | 138.000000 | 138.000000
 1623 | 1623 | Update  |  0.266953 | -0.690727 |  0.008793 | 5.345717 |  9.210670 | 0.050000 |    7 | 10.657439 | 10.222045 |  6.138459 |  6.272105 |  586 |  26.972656 |     40.273438 | 148.175781 |  68.093750 | 244.000000 | 63.000000 | 138.000000 | 138.000000
 1624 | 1624 | Predict | -0.866701 | -0.659603 | -0.027712 | 5.345717 |  9.210670 | 0.050000 |    7 | 10.657439 | 10.222045 |  6.138459 |  6.272105 |  586 |  26.972656 |     40.273438 | 148.175781 |  68.093750 | 244.000000 | 63.000000 | 138.000000 | 138.000000
 1625 | 1625 | Update  | -1.319205 |  0.274136 |  0.015988 | 4.744470 |  9.200540 | 0.050000 |   13 | 10.611238 |  0.000000 |  6.078258 |  6.292120 |  586 |  22.640625 |     40.273438 | 146.632812 |  60.976562 | 244.000000 |  0.000000 | 138.000000 | 138.000000
 1626 | 1626 | Update  | -0.617704 | -0.762553 |  0.008260 | 5.694893 |  9.385015 | 0.050000 |    7 | 10.897902 | 10.141871 |  6.213686 |  6.272105 |  586 |  17.980469 |     21.757812 |  74.832031 |  46.175781 | 244.000000 | 63.000000 | 138.000000 | 138.000000
 1627 | 1627 | Predict |  0.181959 |  0.081403 |  0.068081 | 5.694893 |  9.385015 | 0.050000 |    7 | 10.897902 | 10.141871 |  6.213686 |  6.272105 |  586 |  17.980469 |     21.757812 |  74.832031 |  46.175781 | 244.000000 | 63.000000 | 138.000000 | 138.000000
 1628 | 1628 | Update  | -0.536301 |  0.186748 |  0.075809 | 4.710392 |  8.685612 | 0.050000 |   14 |  0.000000 | 10.201977 |  6.138458 |  6.402453 |  586 |  17.980469 |     39.234375 | 140.179688 |  61.644531 | 244.000000 | 63.000000 | 138.000000 | 138.000000
 1629 | 1629 | Update  | -1.334767 |  0.215478 |  0.131366 | 5.801151 |  9.562192 | 0.051000 |    7 | 11.094476 | 10.252147 |  6.213686 |  0.000000 |  586 |  27.960938 |     28.335938 |  90.617188 |   0.000000 | 244.000000 | 63.000000 | 138.000000 |   0.000000
 1630 | 1630 | Predict | -1.327585 | -0.187945 |  0.121240 | 5.801151 |  9.562192 | 0.050000 |    7 | 11.094476 | 10.252147 |  6.213686 |  0.000000 |  586 |  27.960938 |     28.335938 |  90.617188 |   0.000000 | 244.000000 | 63.000000 | 138.000000 |   0.000000
 1631 | 1631 | Update  | -1.029507 | -0.113725 |  0.043167 | 4.746080 |  8.773902 | 0.050000 |   14 |  0.000000 | 10.282157 |  6.153490 |  6.362354 |  586 |  27.960938 |     24.167969 |  77.136719 |  47.613281 | 244.000000 | 63.000000 | 138.000000 | 138.000000
 1632 | 1632 | Predict | -0.492008 | -0.398635 |  0.010792 | 4.746080 |  8.773902 | 0.050000 |   14 |  0.000000 | 10.282157 |  6.153490 |  6.362354 |  587 |  27.960938 |     24.167969 |  77.136719 |  47.613281 | 244.000000 | 63.000000 | 138.000000 | 138.000000
 1633 | 1633 | Predict | -0.857124 |  0.943315 | -0.125104 | 4.746080 |  8.773902 | 0.050000 |   14 |  0.000000 | 10.282157 |  6.153490 |  6.362354 |  587 |  27.960938 |     24.167969 |  77.136719 |  47.613281 | 244.000000 | 63.000000 | 138.000000 | 138.000000
 1634 | 1634 | Update  | -0.634463 | -0.159214 | -0.132032 | 5.048287 |  8.757039 | 0.050000 |   11 | 10.420908 | 10.262084 |  0.000000 |  6.362280 |  587 |  11.234375 |     25.453125 |   0.000000 |  54.843750 | 244.000000 | 63.000000 |   0.000000 | 138.000000
 1635 | 1635 | Predict | -0.241814 |  0.138864 | -0.116178 | 5.048287 |  8.757039 | 0.050000 |   11 | 10.420908 | 10.262084 |  0.000000 |  6.362280 |  588 |  11.234375 |     25.453125 |   0.000000 |  54.843750 | 244.000000 | 63.000000 |   0.000000 | 138.000000
 1636 | 1636 | Predict |  0.395043 | -0.401029 | -0.087933 | 5.048287 |  8.757039 | 0.051000 |   11 | 10.420908 | 10.262084 |  0.000000 |  6.362280 |  588 |  11.234375 |     25.453125 |   0.000000 |  54.843750 | 244.000000 | 63.000000 |   0.000000 | 138.000000
 1637 | 1637 | Update  | -0.810437 |  1.181539 | -0.089665 | 4.808616 |  8.886963 | 0.050000 |   14 |  0.000000 | 10.312155 |  6.078259 |  6.191822 |  588 |  11.234375 |     13.722656 |  42.628906 |  27.808594 | 244.000000 | 63.000000 | 138.000000 | 138.000000
 1638 | 1638 | Predict | -0.653617 |  0.764947 | -0.142824 | 4.808616 |  8.886963 | 0.050000 |   14 |  0.000000 | 10.312155 |  6.078259 |  6.191822 |  589 |  11.234375 |     13.722656 |  42.628906 |  27.808594 | 244.000000 | 63.000000 | 138.000000 | 138.000000
 1639 | 1639 | Predict | -0.384269 | -0.784101 | -0.182926 | 4.808616 |  8.886963 | 0.050000 |   14 |  0.000000 | 10.312155 |  6.078259 |  6.191822 |  589 |  11.234375 |     13.722656 |  42.628906 |  27.808594 | 244.000000 | 63.000000 | 138.000000 | 138.000000
 1640 | 1640 | Update  | -1.322796 |  1.326388 | -0.198648 | 5.830813 |  9.784397 | 0.050000 |    7 | 11.222103 | 10.362226 |  6.003024 |  6.252017 |  589 |  27.656250 |     32.437500 | 101.011719 |  73.324219 | 244.000000 | 63.000000 | 138.000000 | 138.000000
 1641 | 1641 | Update  | -0.772130 |  0.608127 | -0.156280 | 4.794634 |  8.985017 | 0.051000 |   14 | 11.123142 | 10.362327 |  5.942815 |  6.081397 |  589 |  42.218750 |     19.074219 |  53.781250 |  46.605469 | 244.000000 | 63.000000 | 138.000000 | 138.000000
 1642 | 1642 | Predict |  0.492008 |  0.237026 | -0.157346 | 4.794634 |  8.985017 | 0.050000 |   14 | 11.123142 | 10.362327 |  5.942815 |  6.081397 |  589 |  42.218750 |     19.074219 |  53.781250 |  46.605469 | 244.000000 | 63.000000 | 138.000000 | 138.000000
 1643 | 1643 | Update  | -0.125696 |  0.775721 | -0.215302 | 5.433902 |  9.496428 | 0.050000 |    7 | 10.871519 | 10.362324 |  5.942816 |  6.111534 |  589 |  24.199219 |     28.199219 | 100.335938 |  62.253906 | 244.000000 | 63.000000 | 138.000000 | 138.000000
 1644 | 1644 | Predict | -0.654814 | -1.319205 | -0.323219 | 5.433902 |  9.496428 | 0.050000 |    7 | 10.871519 | 10.362324 |  5.942816 |  6.111534 |  590 |  24.199219 |     28.199219 | 100.335938 |  62.253906 | 244.000000 | 63.000000 | 138.000000 | 138.000000
 1645 | 1645 | Predict |  0.094571 | -0.323217 | -0.268727 | 5.433902 |  9.496428 | 0.050000 |    7 | 10.871519 | 10.362324 |  5.942816 |  6.111534 |  590 |  24.199219 |     28.199219 | 100.335938 |  62.253906 | 244.000000 | 63.000000 | 138.000000 | 138.000000
 1646 | 1646 | Update  |  0.361524 | -1.526304 | -0.258069 | 4.915324 |  9.040363 | 0.050000 |   14 |  0.000000 | 10.392331 |  6.078257 |  6.021268 |  590 |  24.199219 |     25.066406 |  65.335938 |  76.636719 | 244.000000 | 63.000000 | 138.000000 | 138.000000
 1647 | 1647 | Update  | -0.102951 | -0.094571 | -0.217034 | 4.827685 |  8.995845 | 0.050000 |   14 |  0.000000 | 10.422332 |  6.078257 |  6.161687 |  590 |  24.199219 |     23.691406 |  75.820312 |  64.945312 | 244.000000 | 63.000000 | 138.000000 | 138.000000
 1648 | 1648 | Predict | -0.804452 | -0.264559 | -0.215035 | 4.827685 |  8.995845 | 0.050000 |   14 |  0.000000 | 10.422332 |  6.078257 |  6.161687 |  590 |  24.199219 |     23.691406 |  75.820312 |  64.945312 | 244.000000 | 63.000000 | 138.000000 | 138.000000
 1649 | 1649 | Update  | -0.064643 | -0.125696 | -0.217700 | 4.794634 |  9.036213 | 0.050000 |   14 | 10.504870 | 10.422427 |  5.942815 |  6.081397 |  590 |  22.710938 |     17.421875 |  72.886719 |  64.160156 | 244.000000 | 63.000000 | 138.000000 | 138.000000
 1650 | 1650 | Update  | -0.500388 |  0.051475 | -0.227559 | 4.818941 |  9.017614 | 0.050000 |   14 | 10.583714 | 10.412395 |  6.003023 |  6.101489 |  590 |  13.289062 |     13.691406 |  72.601562 |  65.085938 | 244.000000 | 63.000000 | 138.000000 | 138.000000
 1651 | 1651 | Predict | -1.186327 |  0.670376 | -0.251274 | 4.818941 |  9.017614 | 0.050000 |   14 | 10.583714 | 10.412395 |  6.003023 |  6.101489 |  590 |  13.289062 |     13.691406 |  72.601562 |  65.085938 | 244.000000 | 63.000000 | 138.000000 | 138.000000
 1652 | 1652 | Update  | -0.830788 | -0.616507 | -0.225694 | 4.769513 |  8.998989 | 0.051000 |   14 | 10.478521 | 10.402360 |  5.942814 |  6.121580 |  590 |  12.824219 |     15.617188 |  57.808594 |  48.574219 | 244.000000 | 63.000000 | 138.000000 | 138.000000
 1653 | 1653 | Update  | -1.842338 |  0.276530 | -0.215035 | 4.831915 |  9.212684 | 0.051000 |   14 |  0.000000 | 10.592693 |  5.942815 |  6.021268 |  590 |  12.824219 |     10.800781 |  31.917969 |  34.000000 | 244.000000 | 63.000000 | 138.000000 | 138.000000
 1654 | 1654 | Predict | -0.502782 |  0.252588 | -0.239683 | 4.831915 |  9.212684 | 0.050000 |   14 |  0.000000 | 10.592693 |  5.942815 |  6.021268 |  590 |  12.824219 |     10.800781 |  31.917969 |  34.000000 | 244.000000 | 63.000000 | 138.000000 | 138.000000
 1655 | 1655 | Update  | -0.353145 | -0.985214 | -0.315092 | 4.828198 |  8.789731 | 0.050000 |   14 |  0.000000 | 10.141873 |  6.018054 |  6.101489 |  590 |  12.824219 |     10.011719 |  60.152344 |  55.218750 | 244.000000 | 63.000000 | 138.000000 | 138.000000
 1656 | 1656 | Update  | -0.687136 | -0.428562 | -0.305100 | 4.844291 |  8.839567 | 0.051000 |   14 |  0.000000 | 10.141970 |  5.942816 |  6.001175 |  590 |  12.824219 |      6.335938 |  27.359375 |  32.929688 | 244.000000 | 63.000000 | 138.000000 | 138.000000
 1657 | 1657 | Predict | -0.026336 |  0.548272 | -0.361856 | 4.844291 |  8.839567 | 0.050000 |   14 |  0.000000 | 10.141970 |  5.942816 |  6.001175 |  590 |  12.824219 |      6.335938 |  27.359375 |  32.929688 | 244.000000 | 63.000000 | 138.000000 | 138.000000
 1658 | 1658 | Update  | -0.428562 |  0.723049 | -0.291510 | 4.825758 |  8.849720 | 0.050000 |   14 | 10.516006 | 10.171973 |  5.942816 |  6.031241 |  590 |   8.738281 |     12.183594 |  49.535156 |  54.636719 | 244.000000 | 63.000000 | 138.000000 | 138.000000
 1659 | 1659 | Update  | -0.173580 | -0.260968 | -0.280585 | 4.702362 |  8.844748 | 0.050000 |   14 | 10.582331 | 10.171971 |  5.747143 |  6.041286 |  590 |  11.460938 |     18.675781 |  59.750000 |  67.472656 | 244.000000 | 63.000000 | 138.000000 | 138.000000
 1660 | 1660 | Predict |  0.525527 | -0.888249 | -0.268461 | 4.702362 |  8.844748 | 0.050000 |   14 | 10.582331 | 10.171971 |  5.747143 |  6.041286 |  590 |  11.460938 |     18.675781 |  59.750000 |  67.472656 | 244.000000 | 63.000000 | 138.000000 | 138.000000
 1661 | 1661 | Update  | -0.411803 | -0.381875 | -0.385172 | 4.782095 |  8.898701 | 0.050000 |   14 |  0.000000 | 10.272120 |  5.942816 |  6.101489 |  590 |  11.460938 |     16.847656 |  39.136719 |  44.277344 | 244.000000 | 63.000000 | 138.000000 | 138.000000
 1662 | 1662 | Update  | -0.525527 | -0.111330 | -0.428205 | 4.899379 |  9.017828 | 0.050000 |   14 | 10.630050 | 10.302124 |  5.942815 |  5.910903 |  590 |  14.781250 |     27.691406 |  51.101562 |  55.988281 | 244.000000 | 63.000000 | 138.000000 | 138.000000
 1663 | 1663 | Predict | -1.053449 | -0.108936 | -0.468308 | 4.899379 |  9.017828 | 0.050000 |   14 | 10.630050 | 10.302124 |  5.942815 |  5.910903 |  590 |  14.781250 |     27.691406 |  51.101562 |  55.988281 | 244.000000 | 63.000000 | 138.000000 | 138.000000
 1664 | 1664 | Predict |  0.198719 | -0.046687 | -0.332945 | 4.899379 |  9.017828 | 0.050000 |   14 | 10.630050 | 10.302124 |  5.942815 |  5.910903 |  591 |  14.781250 |     27.691406 |  51.101562 |  55.988281 | 244.000000 | 63.000000 | 138.000000 | 138.000000
 1665 | 1665 | Update  | -0.043096 | -0.089783 | -0.285248 | 4.788277 |  8.989024 | 0.050000 |   14 | 10.670025 | 10.262177 |  5.747142 |  5.900854 |  591 |  15.949219 |     48.804688 |  82.066406 |  67.449219 | 244.000000 | 63.000000 | 138.000000 | 138.000000
 1666 | 1666 | Predict | -1.753753 | -0.469264 | -0.166806 | 4.788277 |  8.989024 | 0.050000 |   14 | 10.670025 | 10.262177 |  5.747142 |  5.900854 |  591 |  15.949219 |     48.804688 |  82.066406 |  67.449219 | 244.000000 | 63.000000 | 138.000000 | 138.000000
 1667 | 1667 | Update  | -1.100136 | -0.781707 | -0.173067 | 4.921106 |  9.049312 | 0.050000 |   14 |  0.000000 | 10.362326 |  6.018054 |  5.951016 |  591 |  15.949219 |     29.875000 |  62.636719 |  47.511719 | 244.000000 | 63.000000 | 138.000000 | 138.000000
 1668 | 1668 | Predict | -1.491588 | -0.338780 | -0.217966 | 4.921106 |  9.049312 | 0.051000 |   14 |  0.000000 | 10.362326 |  6.018054 |  5.951016 |  592 |  15.949219 |     29.875000 |  62.636719 |  47.511719 | 244.000000 | 63.000000 | 138.000000 | 138.000000
 1669 | 1669 | Predict | -0.180762 |  1.413776 | -0.257403 | 4.921106 |  9.049312 | 0.050000 |   14 |  0.000000 | 10.362326 |  6.018054 |  5.951016 |  592 |  15.949219 |     29.875000 |  62.636719 |  47.511719 | 244.000000 | 63.000000 | 138.000000 | 138.000000
 1670 | 1670 | Update  | -0.268151 |  0.677559 | -0.400093 | 4.808543 |  9.028680 | 0.051000 |   14 |  0.000000 | 10.332227 |  5.822394 |  5.940969 |  592 |  15.949219 |     20.691406 |  48.945312 |  44.132812 | 244.000000 | 63.000000 | 138.000000 | 138.000000
 1671 | 1671 | Predict | -0.582988 |  0.824802 | -0.536256 | 4.808543 |  9.028680 | 0.050000 |   14 |  0.000000 | 10.332227 |  5.822394 |  5.940969 |  593 |  15.949219 |     20.691406 |  48.945312 |  44.132812 | 244.000000 | 63.000000 | 138.000000 | 138.000000
 1672 | 1672 | Predict |  0.508768 | -1.118092 | -0.513873 | 4.808543 |  9.028680 | 0.050000 |   14 |  0.000000 | 10.332227 |  5.822394 |  5.940969 |  593 |  15.949219 |     20.691406 |  48.945312 |  44.132812 | 244.000000 | 63.000000 | 138.000000 | 138.000000
 1673 | 1673 | Predict | -0.562637 |  0.521936 | -0.418479 | 4.808543 |  9.028680 | 0.050000 |   14 |  0.000000 | 10.332227 |  5.822394 |  5.940969 |  594 |  15.949219 |     20.691406 |  48.945312 |  44.132812 | 244.000000 | 63.000000 | 138.000000 | 138.000000
 1674 | 1674 | Update  | -0.588974 |  0.061052 | -0.364654 | 4.866290 |  9.001024 | 0.050000 |   14 |  0.000000 | 10.202071 |  5.747142 |  5.770378 |  594 |  15.949219 |     26.648438 |  74.222656 |  44.656250 | 244.000000 | 63.000000 | 138.000000 | 138.000000
 1675 | 1675 | Predict | -0.848745 | -0.026336 | -0.385438 | 4.866290 |  9.001024 | 0.050000 |   14 |  0.000000 | 10.202071 |  5.747142 |  5.770378 |  594 |  15.949219 |     26.648438 |  74.222656 |  44.656250 | 244.000000 | 63.000000 | 138.000000 | 138.000000
 1676 | 1676 | Update  | -0.023942 | -0.985214 | -0.339074 | 4.863080 |  9.021552 | 0.051000 |   14 |  0.000000 | 10.272120 |  5.822395 |  5.850690 |  594 |  15.949219 |     12.195312 |  34.386719 |  27.238281 | 244.000000 | 63.000000 | 138.000000 | 138.000000
 1677 | 1677 | Update  | -1.073799 | -0.550666 | -0.383839 | 4.842487 |  9.023880 | 0.050000 |   14 | 11.626297 | 10.252050 |  5.747141 |  5.810497 |  594 |   3.738281 |     22.054688 |  57.253906 |  43.644531 | 244.000000 | 63.000000 | 138.000000 | 138.000000
 1678 | 1678 | Predict | -0.208296 | -1.491588 | -0.377444 | 4.842487 |  9.023880 | 0.050000 |   14 | 11.626297 | 10.252050 |  5.747141 |  5.810497 |  594 |   3.738281 |     22.054688 |  57.253906 |  43.644531 | 244.000000 | 63.000000 | 138.000000 | 138.000000
 1679 | 1679 | Update  | -0.497994 | -1.037886 | -0.373181 | 4.842486 |  9.023877 | 0.050000 |   14 |  0.000000 | 10.252048 |  5.747139 |  5.810497 |  594 |   3.738281 |     17.531250 |  37.132812 |  35.109375 | 244.000000 | 63.000000 | 138.000000 | 138.000000
 1680 | 1680 | Update  | -0.254982 |  0.407014 | -0.367718 | 4.895823 |  9.083428 | 0.050000 |   14 | 10.949182 | 10.272120 |  5.747142 |  5.720208 |  594 |   5.062500 |     41.765625 |  59.960938 |  55.945312 | 244.000000 | 63.000000 | 138.000000 | 138.000000
 1681 | 1681 | Predict | -0.497994 | -0.353145 | -0.408887 | 4.895823 |  9.083428 | 0.050000 |   14 | 10.949182 | 10.272120 |  5.747142 |  5.720208 |  594 |   5.062500 |     41.765625 |  59.960938 |  55.945312 | 244.000000 | 63.000000 | 138.000000 | 138.000000
 1682 | 1682 | Update  |  0.353145 |  0.470461 | -0.396230 | 4.916827 |  9.149282 | 0.050000 |   14 |  0.000000 | 10.372266 |  5.822392 |  5.760330 |  594 |   5.062500 |     16.230469 |  26.304688 |  18.714844 | 244.000000 | 63.000000 | 138.000000 | 138.000000
 1683 | 1683 | Update  | -0.812831 |  0.271742 | -0.399294 | 5.036440 |  9.178377 | 0.050000 |   14 | 11.069375 | 10.362228 |  5.942817 |  5.680085 |  594 |   6.425781 |     30.269531 |  51.406250 |  41.078125 | 244.000000 | 63.000000 | 138.000000 | 138.000000
 1684 | 1684 | Predict | -0.281319 | -0.667982 | -0.468841 | 5.036440 |  9.178377 | 0.050000 |   14 | 11.069375 | 10.362228 |  5.942817 |  5.680085 |  594 |   6.425781 |     30.269531 |  51.406250 |  41.078125 | 244.000000 | 63.000000 | 138.000000 | 138.000000
 1685 | 1685 | Update  | -0.508768 | -0.914585 | -0.478833 | 5.014880 |  9.714447 | 0.050000 |   13 | 11.089395 |  0.000000 |  5.897640 |  5.670035 |  594 |   7.933594 |     30.269531 |  56.980469 |  36.164062 | 244.000000 | 63.000000 | 138.000000 | 138.000000
 1686 | 1686 | Update  | -0.667982 | -0.809240 | -0.536123 | 5.134294 |  9.265185 | 0.050000 |   14 |  0.000000 | 10.372259 |  5.942815 |  5.509377 |  594 |   7.933594 |     44.562500 |  57.527344 |  25.218750 | 244.000000 | 63.000000 | 138.000000 | 138.000000
 1687 | 1687 | Predict | -0.041899 | -0.639252 | -0.448856 | 5.134294 |  9.265185 | 0.050000 |   14 |  0.000000 | 10.372259 |  5.942815 |  5.509377 |  594 |   7.933594 |     44.562500 |  57.527344 |  25.218750 | 244.000000 | 63.000000 | 138.000000 | 138.000000
 1688 | 1688 | Update  | -0.596156 | -0.272939 | -0.390101 | 5.065554 |  9.235822 | 0.050000 |   14 | 11.199524 | 10.402361 |  5.942817 |  5.629836 |  594 |  12.503906 |     92.562500 | 130.070312 |  35.574219 | 244.000000 | 63.000000 | 138.000000 | 138.000000
 1689 | 1689 | Update  |  0.260968 |  0.387861 | -0.391433 | 5.148963 |  9.569038 | 0.050000 |   13 | 11.026774 |  0.000000 |  6.078257 |  5.629836 |  594 |  10.722656 |     92.562500 | 116.324219 |  28.054688 | 244.000000 | 63.000000 | 138.000000 | 138.000000
 1690 | 1690 | Predict | -0.144849 | -0.629675 | -0.375046 | 5.148963 |  9.569038 | 0.050000 |   13 | 11.026774 |  0.000000 |  6.078257 |  5.629836 |  594 |  10.722656 |     92.562500 | 116.324219 |  28.054688 | 244.000000 | 63.000000 | 138.000000 | 138.000000
 1691 | 1691 | Update  | -0.087388 | -0.294487 | -0.342538 | 5.134253 |  9.316401 | 0.050000 |   14 |  0.000000 | 10.432366 |  5.942816 |  5.509451 |  594 |  10.722656 |    103.164062 | 112.609375 |  32.484375 | 244.000000 | 63.000000 | 138.000000 | 138.000000
 1692 | 1692 | Update  | -0.360327 |  0.258574 | -0.404090 | 5.169910 |  9.382771 | 0.050000 |   14 |  0.000000 | 10.562610 |  6.093288 |  5.609735 |  594 |  10.722656 |     59.828125 |  47.070312 |  25.429688 | 244.000000 | 63.000000 | 138.000000 | 138.000000
 1693 | 1693 | Predict |  1.132457 | -1.325191 | -0.415948 | 5.169910 |  9.382771 | 0.050000 |   14 |  0.000000 | 10.562610 |  6.093288 |  5.609735 |  594 |  10.722656 |     59.828125 |  47.070312 |  25.429688 | 244.000000 | 63.000000 | 138.000000 | 138.000000
 1694 | 1694 | Predict | -0.369904 | -0.872687 | -0.372515 | 5.169910 |  9.382771 | 0.050000 |   14 |  0.000000 | 10.562610 |  6.093288 |  5.609735 |  595 |  10.722656 |     59.828125 |  47.070312 |  25.429688 | 244.000000 | 63.000000 | 138.000000 | 138.000000
 1695 | 1695 | Update  | -1.775301 | -0.509965 | -0.393565 | 5.194927 |  9.246964 | 0.050000 |   14 |  0.000000 | 10.372259 |  6.078259 |  5.549582 |  595 |  10.722656 |     68.769531 | 100.687500 |  42.164062 | 244.000000 | 63.000000 | 138.000000 | 138.000000
 1696 | 1696 | Predict | -0.633266 | -0.610521 | -0.340006 | 5.194927 |  9.246964 | 0.050000 |   14 |  0.000000 | 10.372259 |  6.078259 |  5.549582 |  595 |  10.722656 |     68.769531 | 100.687500 |  42.164062 | 244.000000 | 63.000000 | 138.000000 | 138.000000
 1697 | 1697 | Update  | -0.298078 |  0.791284 | -0.381308 | 5.236349 |  9.268016 | 0.050000 |   14 |  0.000000 | 10.402360 |  6.153490 |  5.559632 |  595 |  10.722656 |     63.222656 |  68.398438 |  31.019531 | 244.000000 | 63.000000 | 138.000000 | 138.000000
 1698 | 1698 | Update  | -0.905008 | -0.167594 | -0.420345 | 5.223332 |  9.320937 | 0.050000 |   14 |  0.000000 | 10.432366 |  6.078259 |  5.499400 |  595 |  10.722656 |     76.933594 |  88.972656 |  41.062500 | 244.000000 | 63.000000 | 138.000000 | 138.000000
 1699 | 1699 | Predict |  0.780510 | -0.459687 | -0.379043 | 5.223332 |  9.320937 | 0.050000 |   14 |  0.000000 | 10.432366 |  6.078259 |  5.499400 |  595 |  10.722656 |     76.933594 |  88.972656 |  41.062500 | 244.000000 | 63.000000 | 138.000000 | 138.000000
 1700 | 1700 | Update  | -0.539892 |  1.714248 | -0.406222 | 5.322667 |  9.353820 | 0.050000 |   14 |  0.000000 | 10.502510 |  6.288908 |  5.559632 |  595 |  10.722656 |     38.500000 |  62.886719 |  36.265625 | 244.000000 | 63.000000 | 138.000000 | 138.000000
 1701 | 1701 | Predict |  0.252588 | -1.807622 | -0.432735 | 5.322667 |  9.353820 | 0.050000 |   14 |  0.000000 | 10.502510 |  6.288908 |  5.559632 |  596 |  10.722656 |     38.500000 |  62.886719 |  36.265625 | 244.000000 | 63.000000 | 138.000000 | 138.000000
 1702 | 1702 | Predict | -1.033098 |  0.039504 | -0.345069 | 5.322667 |  9.353820 | 0.050000 |   14 |  0.000000 | 10.502510 |  6.288908 |  5.559632 |  596 |  10.722656 |     38.500000 |  62.886719 |  36.265625 | 244.000000 | 63.000000 | 138.000000 | 138.000000
 1703 | 1703 | Predict | -0.452504 | -0.984017 | -0.317357 | 5.322667 |  9.353820 | 0.050000 |   14 |  0.000000 | 10.502510 |  6.288908 |  5.559632 |  597 |  10.722656 |     38.500000 |  62.886719 |  36.265625 | 244.000000 | 63.000000 | 138.000000 | 138.000000
 1704 | 1704 | Predict | -0.119710 | -0.847547 | -0.309096 | 5.322667 |  9.353820 | 0.050000 |   14 |  0.000000 | 10.502510 |  6.288908 |  5.559632 |  598 |  10.722656 |     38.500000 |  62.886719 |  36.265625 | 244.000000 | 63.000000 | 138.000000 | 138.000000
 1705 | 1705 | Predict | -0.435745 | -0.350751 | -0.266862 | 5.322667 |  9.353820 | 0.050000 |   14 |  0.000000 | 10.502510 |  6.288908 |  5.559632 |  598 |  10.722656 |     38.500000 |  62.886719 |  36.265625 | 244.000000 | 63.000000 | 138.000000 | 138.000000
 1706 | 1706 | Predict | -0.366313 | -0.940921 | -0.240482 | 5.322667 |  9.353820 | 0.050000 |   14 |  0.000000 | 10.502510 |  6.288908 |  5.559632 |  599 |  10.722656 |     38.500000 |  62.886719 |  36.265625 | 244.000000 | 63.000000 | 138.000000 | 138.000000
 1707 | 1707 | Update  | -0.314838 | -0.420182 | -0.259135 | 5.439312 |  9.324985 | 0.050000 |   14 |  0.000000 | 10.442399 |  6.424314 |  5.509451 |  599 |  10.722656 |     24.792969 |  31.687500 |  39.660156 | 244.000000 | 63.000000 | 138.000000 | 138.000000
 1708 | 1708 | Predict | -0.854730 |  0.052672 | -0.266329 | 5.439312 |  9.324985 | 0.050000 |   14 |  0.000000 | 10.442399 |  6.424314 |  5.509451 |  599 |  10.722656 |     24.792969 |  31.687500 |  39.660156 | 244.000000 | 63.000000 | 138.000000 | 138.000000
 1709 | 1709 | Predict | -0.071826 | -0.341174 | -0.260734 | 5.439312 |  9.324985 | 0.050000 |   14 |  0.000000 | 10.442399 |  6.424314 |  5.509451 |  600 |  10.722656 |     24.792969 |  31.687500 |  39.660156 | 244.000000 | 63.000000 | 138.000000 | 138.000000
 1710 | 1710 | Predict | -0.666785 | -0.691924 | -0.283116 | 5.439312 |  9.324985 | 0.050000 |   14 |  0.000000 | 10.442399 |  6.424314 |  5.509451 |  601 |  10.722656 |     24.792969 |  31.687500 |  39.660156 | 244.000000 | 63.000000 | 138.000000 | 138.000000
 1711 | 1711 | Predict | -0.307655 | -0.870292 | -0.296972 | 5.439312 |  9.324985 | 0.050000 |   14 |  0.000000 | 10.442399 |  6.424314 |  5.509451 |  601 |  10.722656 |     24.792969 |  31.687500 |  39.660156 | 244.000000 | 63.000000 | 138.000000 | 138.000000
 1712 | 1712 | Update  | -1.480814 | -0.136469 | -0.257936 | 5.461160 |  9.388099 | 0.050000 |   14 |  0.000000 | 10.422331 |  6.303936 |  5.328731 |  601 |  10.722656 |     73.582031 |  57.457031 |  65.277344 | 244.000000 | 63.000000 | 138.000000 | 138.000000
 1713 | 1713 | Update  |  0.003591 | -0.033519 | -0.223429 | 5.445971 |  9.298563 | 0.050000 |   14 |  0.000000 | 10.322188 |  6.288909 |  5.338784 |  601 |  10.722656 |     29.917969 |  29.074219 |  38.312500 | 244.000000 | 63.000000 | 138.000000 | 138.000000
 1714 | 1714 | Predict |  0.445322 |  0.678756 | -0.241548 | 5.445971 |  9.298563 | 0.050000 |   14 |  0.000000 | 10.322188 |  6.288909 |  5.338784 |  601 |  10.722656 |     29.917969 |  29.074219 |  38.312500 | 244.000000 | 63.000000 | 138.000000 | 138.000000
 1715 | 1715 | Update  |  1.119289 | -0.118513 | -0.215035 | 5.793937 |  9.353705 | 0.050000 |   14 | 11.151945 | 10.392328 |  6.815432 |  5.348838 |  601 |  21.843750 |     65.367188 |  72.480469 |  52.894531 | 244.000000 | 63.000000 | 138.000000 | 138.000000
 1716 | 1716 | Predict | -0.112527 | -0.132878 | -0.169737 | 5.793937 |  9.353705 | 0.050000 |   14 | 11.151945 | 10.392328 |  6.815432 |  5.348838 |  602 |  21.843750 |     65.367188 |  72.480469 |  52.894531 | 244.000000 | 63.000000 | 138.000000 | 138.000000
 1717 | 1717 | Predict | -0.466869 | -0.088585 | -0.176531 | 5.793937 |  9.353705 | 0.050000 |   14 | 11.151945 | 10.392328 |  6.815432 |  5.348838 |  602 |  21.843750 |     65.367188 |  72.480469 |  52.894531 | 244.000000 | 63.000000 | 138.000000 | 138.000000
 1718 | 1718 | Predict | -0.600945 | -0.776918 | -0.148420 | 5.793937 |  9.353705 | 0.050000 |   14 | 11.151945 | 10.392328 |  6.815432 |  5.348838 |  603 |  21.843750 |     65.367188 |  72.480469 |  52.894531 | 244.000000 | 63.000000 | 138.000000 | 138.000000
 1719 | 1719 | Predict | -0.699107 |  0.592565 | -0.102322 | 5.793937 |  9.353705 | 0.050000 |   14 | 11.151945 | 10.392328 |  6.815432 |  5.348838 |  604 |  21.843750 |     65.367188 |  72.480469 |  52.894531 | 244.000000 | 63.000000 | 138.000000 | 138.000000
 1720 | 1720 | Predict | -0.804452 | -0.120907 | -0.184658 | 5.793937 |  9.353705 | 0.050000 |   14 | 11.151945 | 10.392328 |  6.815432 |  5.348838 |  604 |  21.843750 |     65.367188 |  72.480469 |  52.894531 | 244.000000 | 63.000000 | 138.000000 | 138.000000
 1721 | 1721 | Update  | -0.823605 | -0.175974 | -0.223828 | 5.781712 |  9.388380 | 0.050000 |   11 | 11.225835 | 10.412395 |  0.000000 |  5.308624 |  604 |  14.125000 |     38.164062 |        nan |  39.933594 | 244.000000 | 63.000000 |   0.000000 | 138.000000
 1722 | 1722 | Predict | -0.925359 | -0.350751 | -0.257802 | 5.781712 |  9.388380 | 0.050000 |   11 | 11.225835 | 10.412395 |  0.000000 |  5.308624 |  605 |  14.125000 |     38.164062 |        nan |  39.933594 | 244.000000 | 63.000000 |   0.000000 | 138.000000
 1723 | 1723 | Predict | -0.682347 |  0.621295 | -0.237418 | 5.781712 |  9.388380 | 0.050000 |   11 | 11.225835 | 10.412395 |  0.000000 |  5.308624 |  605 |  14.125000 |     38.164062 |        nan |  39.933594 | 244.000000 | 63.000000 |   0.000000 | 138.000000
 1724 | 1724 | Predict |  0.071826 |  0.283713 | -0.244746 | 5.781712 |  9.388380 | 0.050000 |   11 | 11.225835 | 10.412395 |  0.000000 |  5.308624 |  606 |  14.125000 |     38.164062 |        nan |  39.933594 | 244.000000 | 63.000000 |   0.000000 | 138.000000
 1725 | 1725 | Update  |  0.047884 | -0.064643 | -0.257936 | 5.949003 |  9.613556 | 0.050000 |    7 | 11.269543 | 10.302216 |  6.424314 |  5.057612 |  606 |  39.777344 |     53.410156 |  79.187500 |  65.417969 | 244.000000 | 63.000000 | 138.000000 | 138.000000
 1726 | 1726 | Predict | -0.119710 | -0.101754 | -0.233421 | 5.949003 |  9.613556 | 0.050000 |    7 | 11.269543 | 10.302216 |  6.424314 |  5.057612 |  606 |  39.777344 |     53.410156 |  79.187500 |  65.417969 | 244.000000 | 63.000000 | 138.000000 | 138.000000
 1727 | 1727 | Update  | -0.438139 | -1.387440 | -0.195051 | 5.550611 |  9.227407 | 0.050000 |   14 |  0.000000 | 10.222047 |  6.424314 |  5.308624 |  606 |  39.777344 |     21.710938 |  32.007812 |  39.320312 | 244.000000 | 63.000000 | 138.000000 | 138.000000
 1728 | 1728 | Update  | -0.656011 | -1.332373 | -0.155081 | 5.990375 |  9.499842 | 0.050000 |    7 | 11.259619 | 10.252048 |  6.619884 |  5.107821 |  606 |  26.988281 |     40.179688 |  55.113281 |  49.316406 | 244.000000 | 63.000000 | 138.000000 | 138.000000
 1729 | 1729 | Predict | -0.080206 |  0.013168 | -0.144156 | 5.990375 |  9.499842 | 0.050000 |    7 | 11.259619 | 10.252048 |  6.619884 |  5.107821 |  606 |  26.988281 |     40.179688 |  55.113281 |  49.316406 | 244.000000 | 63.000000 | 138.000000 | 138.000000
 1730 | 1730 | Predict |  0.112527 | -0.599748 | -0.107251 | 5.990375 |  9.499842 | 0.050000 |    7 | 11.259619 | 10.252048 |  6.619884 |  5.107821 |  607 |  26.988281 |     40.179688 |  55.113281 |  49.316406 | 244.000000 | 63.000000 | 138.000000 | 138.000000
 1731 | 1731 | Update  | -0.112527 |  1.343147 | -0.110715 | 5.652535 |  9.308944 | 0.050000 |   14 |  0.000000 | 10.222042 |  6.424313 |  5.117804 |  607 |  26.988281 |     49.800781 |  83.269531 |  73.648438 | 244.000000 | 63.000000 | 138.000000 | 138.000000
 1732 | 1732 | Predict | -0.738611 | -0.128090 | -0.119642 | 5.652535 |  9.308944 | 0.050000 |   14 |  0.000000 | 10.222042 |  6.424313 |  5.117804 |  607 |  26.988281 |     49.800781 |  83.269531 |  73.648438 | 244.000000 | 63.000000 | 138.000000 | 138.000000
 1733 | 1733 | Predict | -0.421380 | -1.484405 | -0.164141 | 5.652535 |  9.308944 | 0.050000 |   14 |  0.000000 | 10.222042 |  6.424313 |  5.117804 |  608 |  26.988281 |     49.800781 |  83.269531 |  73.648438 | 244.000000 | 63.000000 | 138.000000 | 138.000000
 1734 | 1734 | Predict | -0.597353 |  0.579397 | -0.121374 | 5.652535 |  9.308944 | 0.050000 |   14 |  0.000000 | 10.222042 |  6.424313 |  5.117804 |  609 |  26.988281 |     49.800781 |  83.269531 |  73.648438 | 244.000000 | 63.000000 | 138.000000 | 138.000000
 1735 | 1735 | Predict | -0.268151 | -0.307655 | -0.123106 | 5.652535 |  9.308944 | 0.050000 |   14 |  0.000000 | 10.222042 |  6.424313 |  5.117804 |  609 |  26.988281 |     49.800781 |  83.269531 |  73.648438 | 244.000000 | 63.000000 | 138.000000 | 138.000000
 1736 | 1736 | Predict | -0.323217 | -1.179144 | -0.088332 | 5.652535 |  9.308944 | 0.050000 |   14 |  0.000000 | 10.222042 |  6.424313 |  5.117804 |  610 |  26.988281 |     49.800781 |  83.269531 |  73.648438 | 244.000000 | 63.000000 | 138.000000 | 138.000000
 1737 | 1737 | Update  | -1.249773 | -1.363498 | -0.060887 | 6.111490 |  9.505275 | 0.050000 |    7 | 11.300971 | 10.182007 |  6.680063 |  5.067670 |  610 |  25.328125 |     48.425781 |  76.902344 |  73.835938 | 244.000000 | 63.000000 | 138.000000 | 138.000000
 1738 | 1738 | Predict | -0.239420 |  0.482432 | -0.049296 | 6.111490 |  9.505275 | 0.050000 |    7 | 11.300971 | 10.182007 |  6.680063 |  5.067670 |  610 |  25.328125 |     48.425781 |  76.902344 |  73.835938 | 244.000000 | 63.000000 | 138.000000 | 138.000000
 1739 | 1739 | Update  |  0.003591 |  1.069011 | -0.088066 | 5.871104 |  9.509827 | 0.050000 |   13 | 11.314766 |  0.000000 |  6.695086 |  5.047555 |  610 |  36.289062 |     48.425781 | 110.296875 |  89.007812 | 244.000000 |  0.000000 | 138.000000 | 138.000000
 1740 | 1740 | Update  | -0.762553 | -0.071826 | -0.128302 | 6.093884 |  9.490559 | 0.050000 |    7 | 11.249557 | 10.141870 |  6.619886 |  5.007401 |  610 |  15.187500 |     23.027344 |  37.835938 |  48.066406 | 244.000000 | 63.000000 | 138.000000 | 138.000000
 1741 | 1741 | Predict | -1.167173 | -0.480037 | -0.125371 | 6.093884 |  9.490559 | 0.050000 |    7 | 11.249557 | 10.141870 |  6.619886 |  5.007401 |  610 |  15.187500 |     23.027344 |  37.835938 |  48.066406 | 244.000000 | 63.000000 | 138.000000 | 138.000000
 1742 | 1742 | Update  |  0.508768 |  1.860295 | -0.018919 | 6.097576 |  9.325748 | 0.050000 |   11 | 11.352248 | 10.252143 |  0.000000 |  5.137916 |  610 |  24.820312 |     43.828125 |   0.000000 |  67.937500 | 244.000000 | 63.000000 |   0.000000 | 138.000000
 1743 | 1743 | Update  | -1.217452 | -0.101754 | -0.052493 | 6.148468 |  9.485058 | 0.050000 |    7 | 11.359821 | 10.212006 |  6.815434 |  4.997343 |  610 |  20.695312 |     36.566406 |  57.132812 |  69.542969 | 244.000000 | 63.000000 | 138.000000 | 138.000000
 1744 | 1744 | Predict | -0.312443 | -0.816423 | -0.002665 | 6.148468 |  9.485058 | 0.050000 |    7 | 11.359821 | 10.212006 |  6.815434 |  4.997343 |  610 |  20.695312 |     36.566406 |  57.132812 |  69.542969 | 244.000000 | 63.000000 | 138.000000 | 138.000000
 1745 | 1745 | Update  | -1.290475 | -0.190339 | -0.026247 | 6.177428 |  9.491611 | 0.050000 |    7 | 11.330880 | 10.151997 |  6.755260 |  4.916949 |  610 |  14.195312 |     25.472656 |  28.542969 |  47.312500 | 244.000000 | 63.000000 | 138.000000 | 138.000000
 1746 | 1746 | Predict | -0.495600 | -1.097741 |  0.002398 | 6.177428 |  9.491611 | 0.050000 |    7 | 11.330880 | 10.151997 |  6.755260 |  4.916949 |  611 |  14.195312 |     25.472656 |  28.542969 |  47.312500 | 244.000000 | 63.000000 | 138.000000 | 138.000000
 1747 | 1747 | Predict | -0.627281 | -1.332373 |  0.079006 | 6.177428 |  9.491611 | 0.050000 |    7 | 11.330880 | 10.151997 |  6.755260 |  4.916949 |  611 |  14.195312 |     25.472656 |  28.542969 |  47.312500 | 244.000000 | 63.000000 | 138.000000 | 138.000000
 1748 | 1748 | Update  | -0.063446 | -0.147243 |  0.161876 | 6.004413 |  9.286746 | 0.050000 |   14 | 11.439933 | 10.071823 |  6.755262 |  4.866725 |  611 |  22.371094 |     29.339844 |  65.519531 |  60.429688 | 244.000000 | 63.000000 | 138.000000 | 138.000000
 1749 | 1749 | Predict | -0.439336 | -2.177526 |  0.197582 | 6.004413 |  9.286746 | 0.050000 |   14 | 11.439933 | 10.071823 |  6.755262 |  4.866725 |  612 |  22.371094 |     29.339844 |  65.519531 |  60.429688 | 244.000000 | 63.000000 | 138.000000 | 138.000000
 1750 | 1750 | Predict | -0.689530 |  1.061828 |  0.164807 | 6.004413 |  9.286746 | 0.050000 |   14 | 11.439933 | 10.071823 |  6.755262 |  4.866725 |  612 |  22.371094 |     29.339844 |  65.519531 |  60.429688 | 244.000000 | 63.000000 | 138.000000 | 138.000000
 1751 | 1751 | Predict |  0.477643 | -0.729034 |  0.008660 | 6.004413 |  9.286746 | 0.050000 |   14 | 11.439933 | 10.071823 |  6.755262 |  4.866725 |  613 |  22.371094 |     29.339844 |  65.519531 |  60.429688 | 244.000000 | 63.000000 | 138.000000 | 138.000000
 1752 | 1752 | Predict |  0.146046 | -0.355539 |  0.043300 | 6.004413 |  9.286746 | 0.050000 |   14 | 11.439933 | 10.071823 |  6.755262 |  4.866725 |  614 |  22.371094 |     29.339844 |  65.519531 |  60.429688 | 244.000000 | 63.000000 | 138.000000 | 138.000000
 1753 | 1753 | Predict | -0.166397 | -1.455675 | -0.022649 | 6.004413 |  9.286746 | 0.050000 |   14 | 11.439933 | 10.071823 |  6.755262 |  4.866725 |  614 |  22.371094 |     29.339844 |  65.519531 |  60.429688 | 244.000000 | 63.000000 | 138.000000 | 138.000000
 1754 | 1754 | Predict | -0.435745 |  1.303643 |  0.017853 | 6.004413 |  9.286746 | 0.050000 |   14 | 11.439933 | 10.071823 |  6.755262 |  4.866725 |  615 |  22.371094 |     29.339844 |  65.519531 |  60.429688 | 244.000000 | 63.000000 | 138.000000 | 138.000000
 1755 | 1755 | Update  |  0.132878 |  0.134075 |  0.067548 | 6.310536 |  9.589750 | 0.050000 |    7 | 11.436060 | 10.141963 |  6.755262 |  4.776328 |  615 |  16.363281 |     27.218750 |  50.695312 |  61.226562 | 244.000000 | 63.000000 | 138.000000 | 138.000000
 1756 | 1756 | Predict | -0.835576 |  1.049857 |  0.076475 | 6.310536 |  9.589750 | 0.050000 |    7 | 11.436060 | 10.141963 |  6.755262 |  4.776328 |  615 |  16.363281 |     27.218750 |  50.695312 |  61.226562 | 244.000000 | 63.000000 | 138.000000 | 138.000000
 1757 | 1757 | Update  | -0.532710 |  0.256180 | -0.022250 | 6.157429 |  9.373843 | 0.050000 |   14 |  0.000000 | 10.171970 |  6.965816 |  4.856665 |  615 |  16.363281 |     44.386719 |  81.250000 |  88.308594 | 244.000000 | 63.000000 | 138.000000 | 138.000000
 1758 | 1758 | Update  | -0.129287 | -0.080206 | -0.026380 | 6.100729 |  9.396785 | 0.050000 |   14 |  0.000000 | 10.151997 |  6.815433 |  4.756205 |  615 |  16.363281 |     25.113281 |  40.242188 |  62.460938 | 244.000000 | 63.000000 | 138.000000 | 138.000000
 1759 | 1759 | Predict | -0.317232 |  0.993594 | -0.050361 | 6.100729 |  9.396785 | 0.050000 |   14 |  0.000000 | 10.151997 |  6.815433 |  4.756205 |  615 |  16.363281 |     25.113281 |  40.242188 |  62.460938 | 244.000000 | 63.000000 | 138.000000 | 138.000000
 1760 | 1760 | Predict | -0.426168 |  0.658405 | -0.126570 | 6.100729 |  9.396785 | 0.050000 |   14 |  0.000000 | 10.151997 |  6.815433 |  4.756205 |  616 |  16.363281 |     25.113281 |  40.242188 |  62.460938 | 244.000000 | 63.000000 | 138.000000 | 138.000000
 1761 | 1761 | Predict |  0.831985 | -0.810437 | -0.099790 | 6.100729 |  9.396785 | 0.050000 |   14 |  0.000000 | 10.151997 |  6.815433 |  4.756205 |  617 |  16.363281 |     25.113281 |  40.242188 |  62.460938 | 244.000000 | 63.000000 | 138.000000 | 138.000000
 1762 | 1762 | Predict | -0.341174 | -0.502782 | -0.086867 | 6.100729 |  9.396785 | 0.050000 |   14 |  0.000000 | 10.151997 |  6.815433 |  4.756205 |  617 |  16.363281 |     25.113281 |  40.242188 |  62.460938 | 244.000000 | 63.000000 | 138.000000 | 138.000000
 1763 | 1763 | Predict |  0.007183 |  0.717063 | -0.091530 | 6.100729 |  9.396785 | 0.050000 |   14 |  0.000000 | 10.151997 |  6.815433 |  4.756205 |  618 |  16.363281 |     25.113281 |  40.242188 |  62.460938 | 244.000000 | 63.000000 | 138.000000 | 138.000000
 1764 | 1764 | Predict | -0.276530 |  0.113725 | -0.151484 | 6.100729 |  9.396785 | 0.050000 |   14 |  0.000000 | 10.151997 |  6.815433 |  4.756205 |  619 |  16.363281 |     25.113281 |  40.242188 |  62.460938 | 244.000000 | 63.000000 | 138.000000 | 138.000000
 1765 | 1765 | Predict |  0.219069 | -0.798466 | -0.083403 | 6.100729 |  9.396785 | 0.050000 |   14 |  0.000000 | 10.151997 |  6.815433 |  4.756205 |  620 |  16.363281 |     25.113281 |  40.242188 |  62.460938 | 244.000000 | 63.000000 | 138.000000 | 138.000000
 1766 | 1766 | Predict | -1.242591 |  1.083376 | -0.173067 | 6.100729 |  9.396785 | 0.050000 |   14 |  0.000000 | 10.151997 |  6.815433 |  4.756205 |  620 |  16.363281 |     25.113281 |  40.242188 |  62.460938 | 244.000000 | 63.000000 | 138.000000 | 138.000000
 1767 | 1767 | Predict | -0.634463 | -0.039504 | -0.216368 | 6.100729 |  9.396785 | 0.050000 |   14 |  0.000000 | 10.151997 |  6.815433 |  4.756205 |  621 |  16.363281 |     25.113281 |  40.242188 |  62.460938 | 244.000000 | 63.000000 | 138.000000 | 138.000000
 1768 | 1768 | Predict | -0.949301 | -0.551863 | -0.256470 | 6.100729 |  9.396785 | 0.050000 |   14 |  0.000000 | 10.151997 |  6.815433 |  4.756205 |  621 |  16.363281 |     25.113281 |  40.242188 |  62.460938 | 244.000000 | 63.000000 | 138.000000 | 138.000000
 1769 | 1769 | Predict |  0.116119 |  0.476446 | -0.239150 | 6.100729 |  9.396785 | 0.050000 |   14 |  0.000000 | 10.151997 |  6.815433 |  4.756205 |  622 |  16.363281 |     25.113281 |  40.242188 |  62.460938 | 244.000000 | 63.000000 | 138.000000 | 138.000000
 1770 | 1770 | Predict | -0.205901 |  0.578200 | -0.227692 | 6.100729 |  9.396785 | 0.050000 |   14 |  0.000000 | 10.151997 |  6.815433 |  4.756205 |  623 |  16.363281 |     25.113281 |  40.242188 |  62.460938 | 244.000000 | 63.000000 | 138.000000 | 138.000000
 1771 | 1771 | Predict |  0.276530 | -0.337582 | -0.185858 | 6.100729 |  9.396785 | 0.050000 |   14 |  0.000000 | 10.151997 |  6.815433 |  4.756205 |  623 |  16.363281 |     25.113281 |  40.242188 |  62.460938 | 244.000000 | 63.000000 | 138.000000 | 138.000000
 1772 | 1772 | Predict | -0.181959 |  0.790087 | -0.132432 | 6.100729 |  9.396785 | 0.050000 |   14 |  0.000000 | 10.151997 |  6.815433 |  4.756205 |  624 |  16.363281 |     25.113281 |  40.242188 |  62.460938 | 244.000000 | 63.000000 | 138.000000 | 138.000000
 1773 | 1773 | Predict | -0.180762 | -0.533907 | -0.194518 | 6.100729 |  9.396785 | 0.050000 |   14 |  0.000000 | 10.151997 |  6.815433 |  4.756205 |  625 |  16.363281 |     25.113281 |  40.242188 |  62.460938 | 244.000000 | 63.000000 | 138.000000 | 138.000000
 1774 | 1774 | Predict | -1.096544 |  0.717063 | -0.274989 | 6.100729 |  9.396785 | 0.050000 |   14 |  0.000000 | 10.151997 |  6.815433 |  4.756205 |  625 |  16.363281 |     25.113281 |  40.242188 |  62.460938 | 244.000000 | 63.000000 | 138.000000 | 138.000000
 1775 | 1775 | Update  | -0.843956 |  0.059855 | -0.379576 | 6.536640 |  9.584513 | 0.050000 |    7 | 11.592519 | 10.101924 |  7.025979 |  4.625536 |  625 |  26.820312 |     40.019531 |  91.734375 |  75.964844 | 244.000000 | 63.000000 | 138.000000 | 138.000000
 1776 | 1776 | Update  | -0.742203 |  1.347936 | -0.515205 | 6.293667 |  9.533542 | 0.050000 |   13 | 11.538753 |  0.000000 |  7.025980 |  4.665792 |  625 |  24.207031 |     40.019531 |  86.589844 |  67.386719 | 244.000000 |  0.000000 | 138.000000 | 138.000000
 1777 | 1777 | Predict | -0.247800 |  0.132878 | -0.586084 | 6.293667 |  9.533542 | 0.050000 |   13 | 11.538753 |  0.000000 |  7.025980 |  4.665792 |  626 |  24.207031 |     40.019531 |  86.589844 |  67.386719 | 244.000000 |  0.000000 | 138.000000 | 138.000000
 1778 | 1778 | Predict | -0.896629 |  0.463278 | -0.555175 | 6.293667 |  9.533542 | 0.050000 |   13 | 11.538753 |  0.000000 |  7.025980 |  4.665792 |  626 |  24.207031 |     40.019531 |  86.589844 |  67.386719 | 244.000000 |  0.000000 | 138.000000 | 138.000000
 1779 | 1779 | Update  | -0.041899 | -0.930147 | -0.493755 | 6.298509 |  9.610725 | 0.050000 |   13 | 11.620073 |  0.000000 |  7.025980 |  4.655653 |  626 |  39.957031 |     35.835938 |  58.589844 |  52.195312 | 244.000000 | 63.000000 | 138.000000 | 138.000000
 1780 | 1780 | Predict | -0.447716 | -0.809240 | -0.426340 | 6.298509 |  9.610725 | 0.050000 |   13 | 11.620073 |  0.000000 |  7.025980 |  4.655653 |  626 |  39.957031 |     35.835938 |  58.589844 |  52.195312 | 244.000000 | 63.000000 | 138.000000 | 138.000000
 1781 | 1781 | Update  | -1.344344 |  0.274136 | -0.329348 | 6.769162 |  9.549218 | 0.050000 |    7 | 11.675219 |  9.971674 |  7.221482 |  4.575288 |  626 |  62.187500 |     45.046875 |  61.687500 |  79.269531 | 244.000000 | 63.000000 | 138.000000 | 138.000000
 1782 | 1782 | Predict | -0.679953 | -0.661997 | -0.310828 | 6.769162 |  9.549218 | 0.050000 |    7 | 11.675219 |  9.971674 |  7.221482 |  4.575288 |  627 |  62.187500 |     45.046875 |  61.687500 |  79.269531 | 244.000000 | 63.000000 | 138.000000 | 138.000000
 1783 | 1783 | Predict | -1.134852 | -0.415394 | -0.316957 | 6.769162 |  9.549218 | 0.050000 |    7 | 11.675219 |  9.971674 |  7.221482 |  4.575288 |  628 |  62.187500 |     45.046875 |  61.687500 |  79.269531 | 244.000000 | 63.000000 | 138.000000 | 138.000000
 1784 | 1784 | Predict | -0.708684 |  0.766145 | -0.390368 | 6.769162 |  9.549218 | 0.050000 |    7 | 11.675219 |  9.971674 |  7.221482 |  4.575288 |  628 |  62.187500 |     45.046875 |  61.687500 |  79.269531 | 244.000000 | 63.000000 | 138.000000 | 138.000000
 1785 | 1785 | Update  |  0.057461 |  0.569820 | -0.446858 | 6.445965 |  9.176876 | 0.050000 |   14 | 11.641304 |  9.831478 |  7.221484 |  4.645664 |  628 |  38.628906 |     28.242188 |  54.488281 |  55.910156 | 244.000000 | 63.000000 | 138.000000 | 138.000000
 1786 | 1786 | Predict | -0.338780 |  0.329203 | -0.449922 | 6.445965 |  9.176876 | 0.050000 |   14 | 11.641304 |  9.831478 |  7.221484 |  4.645664 |  628 |  38.628906 |     28.242188 |  54.488281 |  55.910156 | 244.000000 | 63.000000 | 138.000000 | 138.000000
 1787 | 1787 | Update  |  0.135272 | -1.477222 | -0.472172 | 6.775118 |  9.286825 | 0.050000 |   11 | 11.680199 |  9.971677 |  0.000000 |  4.655728 |  628 |  56.640625 |     31.011719 |   0.000000 |  60.167969 | 244.000000 | 63.000000 |   0.000000 | 138.000000
 1788 | 1788 | Predict | -0.975637 | -0.676362 | -0.451654 | 6.775118 |  9.286825 | 0.050000 |   11 | 11.680199 |  9.971677 |  0.000000 |  4.655728 |  629 |  56.640625 |     31.011719 |   0.000000 |  60.167969 | 244.000000 | 63.000000 |   0.000000 | 138.000000
 1789 | 1789 | Predict | -0.769736 | -0.354342 | -0.446191 | 6.775118 |  9.286825 | 0.050000 |   11 | 11.680199 |  9.971677 |  0.000000 |  4.655728 |  630 |  56.640625 |     31.011719 |   0.000000 |  60.167969 | 244.000000 | 63.000000 |   0.000000 | 138.000000
 1790 | 1790 | Predict | -0.691924 |  0.630872 | -0.542384 | 6.775118 |  9.286825 | 0.050000 |   11 | 11.680199 |  9.971677 |  0.000000 |  4.655728 |  630 |  56.640625 |     31.011719 |   0.000000 |  60.167969 | 244.000000 | 63.000000 |   0.000000 | 138.000000
 1791 | 1791 | Predict |  0.089783 | -0.330400 | -0.568364 | 6.775118 |  9.286825 | 0.050000 |   11 | 11.680199 |  9.971677 |  0.000000 |  4.655728 |  631 |  56.640625 |     31.011719 |   0.000000 |  60.167969 | 244.000000 | 63.000000 |   0.000000 | 138.000000
 1792 | 1792 | Predict | -0.192733 | -0.615310 | -0.427939 | 6.775118 |  9.286825 | 0.050000 |   11 | 11.680199 |  9.971677 |  0.000000 |  4.655728 |  631 |  56.640625 |     31.011719 |   0.000000 |  60.167969 | 244.000000 | 63.000000 |   0.000000 | 138.000000
 1793 | 1793 | Predict | -1.679533 | -0.505177 | -0.278187 | 6.775118 |  9.286825 | 0.050000 |   11 | 11.680199 |  9.971677 |  0.000000 |  4.655728 |  632 |  56.640625 |     31.011719 |   0.000000 |  60.167969 | 244.000000 | 63.000000 |   0.000000 | 138.000000
 1794 | 1794 | Predict | -0.642843 |  0.008380 | -0.336542 | 6.775118 |  9.286825 | 0.050000 |   11 | 11.680199 |  9.971677 |  0.000000 |  4.655728 |  633 |  56.640625 |     31.011719 |   0.000000 |  60.167969 | 244.000000 | 63.000000 |   0.000000 | 138.000000
 1795 | 1795 | Predict | -0.130484 | -1.024718 | -0.322020 | 6.775118 |  9.286825 | 0.050000 |   11 | 11.680199 |  9.971677 |  0.000000 |  4.655728 |  633 |  56.640625 |     31.011719 |   0.000000 |  60.167969 | 244.000000 | 63.000000 |   0.000000 | 138.000000
 1796 | 1796 | Update  |  0.330400 |  0.050278 | -0.252473 | 7.050162 |  9.103817 | 0.050000 |   11 | 11.698939 |  9.721296 |  0.000000 |  4.605482 |  633 |  48.109375 |     12.507812 |   0.000000 |  62.136719 | 244.000000 | 63.000000 |   0.000000 | 138.000000
 1797 | 1797 | Predict | -0.409408 |  0.075417 | -0.282983 | 7.050162 |  9.103817 | 0.050000 |   11 | 11.698939 |  9.721296 |  0.000000 |  4.605482 |  634 |  48.109375 |     12.507812 |   0.000000 |  62.136719 | 244.000000 | 63.000000 |   0.000000 | 138.000000
 1798 | 1798 | Predict |  0.064643 | -0.808043 | -0.336142 | 7.050162 |  9.103817 | 0.050000 |   11 | 11.698939 |  9.721296 |  0.000000 |  4.605482 |  635 |  48.109375 |     12.507812 |   0.000000 |  62.136719 | 244.000000 | 63.000000 |   0.000000 | 138.000000
 1799 | 1799 | Predict | -0.517148 |  0.448913 | -0.275655 | 7.050162 |  9.103817 | 0.050000 |   11 | 11.698939 |  9.721296 |  0.000000 |  4.605482 |  635 |  48.109375 |     12.507812 |   0.000000 |  62.136719 | 244.000000 | 63.000000 |   0.000000 | 138.000000
 1800 | 1800 | Predict | -0.458490 | -0.040701 | -0.247677 | 7.050162 |  9.103817 | 0.050000 |   11 | 11.698939 |  9.721296 |  0.000000 |  4.605482 |  636 |  48.109375 |     12.507812 |   0.000000 |  62.136719 | 244.000000 | 63.000000 |   0.000000 | 138.000000
 1801 | 1801 | Predict | -0.362722 | -0.949301 | -0.260201 | 7.050162 |  9.103817 | 0.050000 |   11 | 11.698939 |  9.721296 |  0.000000 |  4.605482 |  637 |  48.109375 |     12.507812 |   0.000000 |  62.136719 | 244.000000 | 63.000000 |   0.000000 | 138.000000
 1802 | 1802 | Predict | -0.580594 | -0.208296 | -0.272058 | 7.050162 |  9.103817 | 0.050000 |   11 | 11.698939 |  9.721296 |  0.000000 |  4.605482 |  637 |  48.109375 |     12.507812 |   0.000000 |  62.136719 | 244.000000 | 63.000000 |   0.000000 | 138.000000
 1803 | 1803 | Update  | -0.627281 |  1.127669 | -0.375845 | 6.611605 |  8.992826 | 0.050000 |   14 | 11.618828 |  9.580993 |  7.416967 |  4.605483 |  637 |  26.984375 |      8.042969 |  19.171875 |  31.742188 | 244.000000 | 63.000000 | 138.000000 | 138.000000
 1804 | 1804 | Predict | -1.045069 |  0.737414 | -0.426740 | 6.611605 |  8.992826 | 0.050000 |   14 | 11.618828 |  9.580993 |  7.416967 |  4.605483 |  637 |  26.984375 |      8.042969 |  19.171875 |  31.742188 | 244.000000 | 63.000000 | 138.000000 | 138.000000
 1805 | 1805 | Update  |  0.793678 | -0.310049 | -0.500950 | 6.498692 |  9.400243 | 0.050000 |   13 | 11.603822 |  0.000000 |  7.356816 |  4.746143 |  637 |  37.664062 |      8.042969 |  16.382812 |  57.558594 | 244.000000 |  0.000000 | 138.000000 | 138.000000
 1806 | 1806 | Update  | -0.430956 | -1.716643 | -0.464844 | 6.938010 |  9.060442 | 0.050000 |   13 | 11.551303 |  0.000000 |  7.822903 |  4.585353 |  637 |  37.015625 |      8.042969 |  39.007812 |  52.027344 | 244.000000 |  0.000000 | 138.000000 | 138.000000
 1807 | 1807 | Predict | -0.549469 | -0.345962 | -0.407954 | 6.938010 |  9.060442 | 0.050000 |   13 | 11.551303 |  0.000000 |  7.822903 |  4.585353 |  637 |  37.015625 |      8.042969 |  39.007812 |  52.027344 | 244.000000 |  0.000000 | 138.000000 | 138.000000
 1808 | 1808 | Update  | -0.275333 |  0.073023 | -0.425141 | 7.015937 |  9.181897 | 0.050000 |    7 | 11.578721 |  9.611102 |  7.672579 |  4.655728 |  637 |  40.625000 |     14.296875 |  58.671875 |  52.480469 | 244.000000 | 63.000000 | 138.000000 | 138.000000
 1809 | 1809 | Predict |  0.295684 | -0.888249 | -0.391700 | 7.015937 |  9.181897 | 0.050000 |    7 | 11.578721 |  9.611102 |  7.672579 |  4.655728 |  638 |  40.625000 |     14.296875 |  58.671875 |  52.480469 | 244.000000 | 63.000000 | 138.000000 | 138.000000
 1810 | 1810 | Predict | -0.890643 | -0.987608 | -0.352930 | 7.015937 |  9.181897 | 0.050000 |    7 | 11.578721 |  9.611102 |  7.672579 |  4.655728 |  638 |  40.625000 |     14.296875 |  58.671875 |  52.480469 | 244.000000 | 63.000000 | 138.000000 | 138.000000
 1811 | 1811 | Predict |  1.132457 |  0.001197 | -0.370516 | 7.015937 |  9.181897 | 0.050000 |    7 | 11.578721 |  9.611102 |  7.672579 |  4.655728 |  639 |  40.625000 |     14.296875 |  58.671875 |  52.480469 | 244.000000 | 63.000000 | 138.000000 | 138.000000
 1812 | 1812 | Update  | -0.137667 |  0.496797 | -0.387170 | 6.950740 |  8.974525 | 0.050000 |   11 | 11.548675 |  9.641111 |  0.000000 |  4.776254 |  639 |  33.515625 |     21.511719 |        nan |  51.507812 | 244.000000 | 63.000000 |   0.000000 | 138.000000
 1813 | 1813 | Predict | -1.942895 | -0.365116 | -0.382240 | 6.950740 |  8.974525 | 0.050000 |   11 | 11.548675 |  9.641111 |  0.000000 |  4.776254 |  639 |  33.515625 |     21.511719 |        nan |  51.507812 | 244.000000 | 63.000000 |   0.000000 | 138.000000
 1814 | 1814 | Update  | -0.073023 |  1.265336 | -0.455784 | 6.994158 |  8.927013 | 0.050000 |   11 | 11.568694 |  9.621140 |  0.000000 |  4.856666 |  639 |  36.156250 |     23.406250 |   0.000000 |  57.351562 | 244.000000 | 63.000000 |   0.000000 | 138.000000
 1815 | 1815 | Update  |  0.196325 | -0.781707 | -0.497086 | 6.958602 |  9.049179 | 0.051000 |    7 | 11.488582 |  9.561025 |  7.747744 |  4.806437 |  639 |  40.562500 |     31.882812 |  22.789062 |  79.828125 | 244.000000 | 63.000000 | 138.000000 | 138.000000
 1816 | 1816 | Predict | -0.559046 |  0.499191 | -0.432202 | 6.958602 |  9.049179 | 0.050000 |    7 | 11.488582 |  9.561025 |  7.747744 |  4.806437 |  639 |  40.562500 |     31.882812 |  22.789062 |  79.828125 | 244.000000 | 63.000000 | 138.000000 | 138.000000
 1817 | 1817 | Update  | -2.406173 | -0.290895 | -0.415149 | 6.887245 |  8.933990 | 0.050000 |   13 | 11.468596 |  0.000000 |  7.898060 |  4.816423 |  639 |  54.640625 |     31.882812 |  16.773438 |  86.707031 | 244.000000 | 63.000000 | 138.000000 | 138.000000
 1818 | 1818 | Update  | -0.016759 | -0.270545 | -0.501482 | 6.951862 |  9.248094 | 0.051000 |    7 | 11.491210 |  9.571058 |  7.431986 |  4.716032 |  639 |  32.777344 |     22.054688 |   5.332031 |  65.644531 | 244.000000 | 63.000000 | 138.000000 | 138.000000
 1819 | 1819 | Predict |  0.508768 | -0.593762 | -0.472838 | 6.951862 |  9.248094 | 0.050000 |    7 | 11.491210 |  9.571058 |  7.431986 |  4.716032 |  639 |  32.777344 |     22.054688 |   5.332031 |  65.644531 | 244.000000 | 63.000000 | 138.000000 | 138.000000
 1820 | 1820 | Predict |  0.061052 | -0.621295 | -0.318689 | 6.951862 |  9.248094 | 0.050000 |    7 | 11.491210 |  9.571058 |  7.431986 |  4.716032 |  640 |  32.777344 |     22.054688 |   5.332031 |  65.644531 | 244.000000 | 63.000000 | 138.000000 | 138.000000
 1821 | 1821 | Update  | -0.761356 |  0.136469 | -0.264597 | 6.814825 |  8.784904 | 0.050000 |   14 |  0.000000 |  9.480839 |  7.883045 |  4.937067 |  640 |  18.457031 |     15.917969 |  33.445312 |  41.234375 | 244.000000 | 63.000000 | 138.000000 | 138.000000
 1822 | 1822 | Predict | -0.439336 |  0.141258 | -0.251141 | 6.814825 |  8.784904 | 0.050000 |   14 |  0.000000 |  9.480839 |  7.883045 |  4.937067 |  640 |  18.457031 |     15.917969 |  33.445312 |  41.234375 | 244.000000 | 63.000000 | 138.000000 | 138.000000
 1823 | 1823 | Update  | -0.907402 |  0.598550 | -0.326816 | 6.766725 |  8.825304 | 0.050000 |   14 |  0.000000 |  9.470802 |  7.747743 |  4.816498 |  640 |  18.457031 |     13.617188 |  47.398438 |  45.230469 | 244.000000 | 63.000000 | 138.000000 | 138.000000
 1824 | 1824 | Update  | -1.250970 |  0.995988 | -0.435400 | 7.076628 |  9.048669 | 0.051000 |    7 | 11.407259 |  9.340631 |  7.627453 |  4.906889 |  640 |  22.335938 |     10.777344 |  19.984375 |  42.171875 | 244.000000 | 63.000000 | 138.000000 | 138.000000
 1825 | 1825 | Predict | -0.902614 | -1.343147 | -0.437531 | 7.076628 |  9.048669 | 0.051000 |    7 | 11.407259 |  9.340631 |  7.627453 |  4.906889 |  640 |  22.335938 |     10.777344 |  19.984375 |  42.171875 | 244.000000 | 63.000000 | 138.000000 | 138.000000
 1826 | 1826 | Update  | -1.126472 |  0.124498 | -0.361456 | 7.160373 |  9.009271 | 0.050000 |    7 | 11.446123 |  9.300583 |  7.747743 |  4.826559 |  640 |  11.453125 |      6.792969 |  15.109375 |  23.730469 | 244.000000 | 63.000000 | 138.000000 | 138.000000
 1827 | 1827 | Predict | -0.922965 | -0.016759 | -0.336809 | 7.160373 |  9.009271 | 0.051000 |    7 | 11.446123 |  9.300583 |  7.747743 |  4.826559 |  641 |  11.453125 |      6.792969 |  15.109375 |  23.730469 | 244.000000 | 63.000000 | 138.000000 | 138.000000
 1828 | 1828 | Predict | -0.632069 | -0.779313 | -0.347201 | 7.160373 |  9.009271 | 0.050000 |    7 | 11.446123 |  9.300583 |  7.747743 |  4.826559 |  641 |  11.453125 |      6.792969 |  15.109375 |  23.730469 | 244.000000 | 63.000000 | 138.000000 | 138.000000
 1829 | 1829 | Predict | -0.197522 |  0.468066 | -0.332412 | 7.160373 |  9.009271 | 0.050000 |    7 | 11.446123 |  9.300583 |  7.747743 |  4.826559 |  642 |  11.453125 |      6.792969 |  15.109375 |  23.730469 | 244.000000 | 63.000000 | 138.000000 | 138.000000
 1830 | 1830 | Update  | -0.772130 | -0.481235 | -0.341338 | 6.993944 |  8.805255 | 0.051000 |   14 |  0.000000 |  9.270483 |  7.822904 |  4.464710 |  642 |  11.453125 |      3.949219 |  19.214844 |  11.335938 | 244.000000 | 63.000000 | 138.000000 | 138.000000
 1831 | 1831 | Predict |  0.450110 | -0.602142 | -0.327749 | 6.993944 |  8.805255 | 0.050000 |   14 |  0.000000 |  9.270483 |  7.822904 |  4.464710 |  642 |  11.453125 |      3.949219 |  19.214844 |  11.335938 | 244.000000 | 63.000000 | 138.000000 | 138.000000
 1832 | 1832 | Predict | -0.831985 |  0.027533 | -0.304966 | 6.993944 |  8.805255 | 0.050000 |   14 |  0.000000 |  9.270483 |  7.822904 |  4.464710 |  643 |  11.453125 |      3.949219 |  19.214844 |  11.335938 | 244.000000 | 63.000000 | 138.000000 | 138.000000
 1833 | 1833 | Predict | -0.891840 |  0.169988 | -0.329881 | 6.993944 |  8.805255 | 0.050000 |   14 |  0.000000 |  9.270483 |  7.822904 |  4.464710 |  644 |  11.453125 |      3.949219 |  19.214844 |  11.335938 | 244.000000 | 63.000000 | 138.000000 | 138.000000
 1834 | 1834 | Update  | -0.135272 | -0.020351 | -0.271126 | 7.007141 |  8.886613 | 0.054000 |    7 | 11.314631 |  9.300488 |  7.747743 |  4.545166 |  644 |  20.886719 |     14.011719 |  54.023438 |  30.992188 | 244.000000 | 63.000000 | 138.000000 | 138.000000
 1835 | 1835 | Predict |  0.274136 |  0.347159 | -0.231289 | 7.007141 |  8.886613 | 0.050000 |    7 | 11.314631 |  9.300488 |  7.747743 |  4.545166 |  644 |  20.886719 |     14.011719 |  54.023438 |  30.992188 | 244.000000 | 63.000000 | 138.000000 | 138.000000
 1836 | 1836 | Predict |  0.396240 |  0.086191 | -0.227559 | 7.007141 |  8.886613 | 0.050000 |    7 | 11.314631 |  9.300488 |  7.747743 |  4.545166 |  645 |  20.886719 |     14.011719 |  54.023438 |  30.992188 | 244.000000 | 63.000000 | 138.000000 | 138.000000
 1837 | 1837 | Predict | -1.491588 |  0.077812 | -0.276455 | 7.007141 |  8.886613 | 0.050000 |    7 | 11.314631 |  9.300488 |  7.747743 |  4.545166 |  645 |  20.886719 |     14.011719 |  54.023438 |  30.992188 | 244.000000 | 63.000000 | 138.000000 | 138.000000
 1838 | 1838 | Predict |  0.432153 |  0.420182 | -0.249142 | 7.007141 |  8.886613 | 0.050000 |    7 | 11.314631 |  9.300488 |  7.747743 |  4.545166 |  646 |  20.886719 |     14.011719 |  54.023438 |  30.992188 | 244.000000 | 63.000000 | 138.000000 | 138.000000
 1839 | 1839 | Predict | -0.519542 |  0.125696 | -0.149086 | 7.007141 |  8.886613 | 0.050000 |    7 | 11.314631 |  9.300488 |  7.747743 |  4.545166 |  647 |  20.886719 |     14.011719 |  54.023438 |  30.992188 | 244.000000 | 63.000000 | 138.000000 | 138.000000
 1840 | 1840 | Update  | -1.100136 | -0.457293 | -0.202645 | 6.667480 |  8.653932 | 0.053000 |   14 | 11.283339 |  9.190287 |  7.552288 |  4.705894 |  647 |  23.304688 |     15.273438 |  32.261719 |  38.058594 | 244.000000 | 63.000000 | 138.000000 | 138.000000
 1841 | 1841 | Predict | -0.508768 |  0.146046 | -0.269127 | 6.667480 |  8.653932 | 0.050000 |   14 | 11.283339 |  9.190287 |  7.552288 |  4.705894 |  647 |  23.304688 |     15.273438 |  32.261719 |  38.058594 | 244.000000 | 63.000000 | 138.000000 | 138.000000
 1842 | 1842 | Predict |  0.823605 | -1.487996 | -0.197848 | 6.667480 |  8.653932 | 0.050000 |   14 | 11.283339 |  9.190287 |  7.552288 |  4.705894 |  648 |  23.304688 |     15.273438 |  32.261719 |  38.058594 | 244.000000 | 63.000000 | 138.000000 | 138.000000
 1843 | 1843 | Update  | -0.094571 |  0.256180 | -0.165740 | 6.839934 |  8.646765 | 0.050000 |   14 | 11.242121 |  9.160277 |  7.747743 |  4.665792 |  648 |  32.964844 |     16.671875 |  77.562500 |  58.996094 | 244.000000 | 63.000000 | 138.000000 | 138.000000
 1844 | 1844 | Predict | -0.265756 | -1.300052 | -0.160410 | 6.839934 |  8.646765 | 0.050000 |   14 | 11.242121 |  9.160277 |  7.747743 |  4.665792 |  648 |  32.964844 |     16.671875 |  77.562500 |  58.996094 | 244.000000 | 63.000000 | 138.000000 | 138.000000
 1845 | 1845 | Update  |  0.196325 |  1.078588 | -0.192253 | 6.914620 |  8.714052 | 0.050000 |    7 | 11.127013 |  9.170313 |  7.747744 |  4.736081 |  648 |  22.113281 |     13.320312 |  65.343750 |  59.339844 | 244.000000 | 63.000000 | 138.000000 | 138.000000
 1846 | 1846 | Predict | -0.817620 |  0.148441 | -0.283250 | 6.914620 |  8.714052 | 0.050000 |    7 | 11.127013 |  9.170313 |  7.747744 |  4.736081 |  649 |  22.113281 |     13.320312 |  65.343750 |  59.339844 | 244.000000 | 63.000000 | 138.000000 | 138.000000
 1847 | 1847 | Predict | -1.004368 |  0.411803 | -0.319489 | 6.914620 |  8.714052 | 0.050000 |    7 | 11.127013 |  9.170313 |  7.747744 |  4.736081 |  649 |  22.113281 |     13.320312 |  65.343750 |  59.339844 | 244.000000 | 63.000000 | 138.000000 | 138.000000
 1848 | 1848 | Update  | -0.123301 |  0.487220 | -0.333211 | 6.981057 |  8.692317 | 0.050000 |    7 | 11.103156 |  9.070141 |  7.747744 |  4.826484 |  649 |  11.816406 |     11.554688 |  48.425781 |  54.648438 | 244.000000 | 63.000000 | 138.000000 | 138.000000
 1849 | 1849 | Predict | -1.644817 |  0.345962 | -0.299904 | 6.981057 |  8.692317 | 0.050000 |    7 | 11.103156 |  9.070141 |  7.747744 |  4.826484 |  649 |  11.816406 |     11.554688 |  48.425781 |  54.648438 | 244.000000 | 63.000000 | 138.000000 | 138.000000
 1850 | 1850 | Predict | -0.363919 | -0.187945 | -0.322686 | 6.981057 |  8.692317 | 0.050000 |    7 | 11.103156 |  9.070141 |  7.747744 |  4.826484 |  650 |  11.816406 |     11.554688 |  48.425781 |  54.648438 | 244.000000 | 63.000000 | 138.000000 | 138.000000
 1851 | 1851 | Update  | -0.741005 | -1.349133 | -0.304567 | 6.835096 |  8.570458 | 0.050000 |   13 | 11.064429 |  9.621041 |  7.883045 |  4.896830 |  650 |  18.640625 |     19.023438 |  96.781250 |  70.093750 | 244.000000 | 63.000000 | 138.000000 | 138.000000
 1852 | 1852 | Predict |  0.509965 | -0.043096 | -0.258202 | 6.835096 |  8.570458 | 0.051000 |   13 | 11.064429 |  9.621041 |  7.883045 |  4.896830 |  651 |  18.640625 |     19.023438 |  96.781250 |  70.093750 | 244.000000 | 63.000000 | 138.000000 | 138.000000
 1853 | 1853 | Predict |  0.140061 | -1.395820 | -0.217034 | 6.835096 |  8.570458 | 0.050000 |   13 | 11.064429 |  9.621041 |  7.883045 |  4.896830 |  651 |  18.640625 |     19.023438 |  96.781250 |  70.093750 | 244.000000 | 63.000000 | 138.000000 | 138.000000
 1854 | 1854 | Update  | -0.895431 |  0.102951 | -0.161609 | 6.741846 |  8.582402 | 0.050000 |   13 | 10.981719 |  0.000000 |  7.747743 |  4.866651 |  651 |  22.679688 |     19.023438 | 113.226562 |  68.882812 | 244.000000 |  0.000000 | 138.000000 | 138.000000
 1855 | 1855 | Update  |  0.278924 | -0.457293 | -0.132832 | 6.880899 |  8.476727 | 0.050000 |   14 |  0.000000 |  9.070145 |  7.958200 |  4.927008 |  651 |  22.679688 |      6.882812 |  63.328125 |  33.542969 | 244.000000 | 63.000000 | 138.000000 | 138.000000
 1856 | 1856 | Predict |  0.555455 |  0.027533 | -0.027979 | 6.880899 |  8.476727 | 0.050000 |   14 |  0.000000 |  9.070145 |  7.958200 |  4.927008 |  651 |  22.679688 |      6.882812 |  63.328125 |  33.542969 | 244.000000 | 63.000000 | 138.000000 | 138.000000
 1857 | 1857 | Update  | -1.742979 | -0.861913 |  0.072478 | 6.870427 |  8.554481 | 0.050000 |    7 | 11.046796 |  9.120229 |  7.883043 |  4.916948 |  651 |  23.804688 |     13.164062 | 129.828125 |  70.445312 | 244.000000 | 63.000000 | 138.000000 | 138.000000
 1858 | 1858 | Update  | -1.107318 | -1.987187 |  0.102055 | 6.935138 |  8.450790 | 0.050000 |    7 | 10.931683 |  8.909847 |  7.883044 |  4.987284 |  651 |  11.429688 |      7.921875 |  54.941406 |  44.617188 | 244.000000 | 63.000000 | 138.000000 | 138.000000
 1859 | 1859 | Predict | -0.901417 |  0.578200 |  0.075809 | 6.935138 |  8.450790 | 0.050000 |    7 | 10.931683 |  8.909847 |  7.883044 |  4.987284 |  651 |  11.429688 |      7.921875 |  54.941406 |  44.617188 | 244.000000 | 63.000000 | 138.000000 | 138.000000
 1860 | 1860 | Update  | -0.945710 | -0.549469 | -0.081138 | 6.706519 |  8.450409 | 0.050000 |   14 |  0.000000 |  9.040126 |  7.747744 |  4.936992 |  651 |  11.429688 |     16.101562 | 109.218750 |  56.781250 | 244.000000 | 63.000000 | 138.000000 | 138.000000
 1861 | 1861 | Update  |  0.305261 | -0.057461 | -0.163475 | 6.720300 |  8.458102 | 0.050000 |   14 |  0.000000 |  9.100157 |  7.822903 |  5.027442 |  651 |  11.429688 |     12.710938 |  68.179688 |  48.128906 | 244.000000 | 63.000000 | 138.000000 | 138.000000
 1862 | 1862 | Predict |  0.158017 | -1.394622 | -0.105786 | 6.720300 |  8.458102 | 0.050000 |   14 |  0.000000 |  9.100157 |  7.822903 |  5.027442 |  651 |  11.429688 |     12.710938 |  68.179688 |  48.128906 | 244.000000 | 63.000000 | 138.000000 | 138.000000
 1863 | 1863 | Update  | -0.008380 | -0.375890 | -0.036772 | 6.942082 |  8.470953 | 0.050000 |    7 | 10.954161 |  8.929825 |  7.883044 |  4.957109 |  651 |  31.695312 |     23.269531 | 150.976562 |  77.730469 | 244.000000 | 63.000000 | 138.000000 | 138.000000
 1864 | 1864 | Update  |  0.604536 | -0.853533 |  0.011991 | 6.772152 |  8.367381 | 0.050000 |   14 |  0.000000 |  9.040038 |  7.958202 |  5.137916 |  651 |  31.695312 |     14.832031 | 108.300781 |  71.730469 | 244.000000 | 63.000000 | 138.000000 | 138.000000
 1865 | 1865 | Predict | -0.597353 |  0.302867 |  0.029178 | 6.772152 |  8.367381 | 0.050000 |   14 |  0.000000 |  9.040038 |  7.958202 |  5.137916 |  651 |  31.695312 |     14.832031 | 108.300781 |  71.730469 | 244.000000 | 63.000000 | 138.000000 | 138.000000
 1866 | 1866 | Update  | -1.140837 | -0.348356 |  0.000133 | 6.834536 |  8.421679 | 0.050000 |    7 | 10.899145 |  8.979913 |  7.883044 |  5.057539 |  651 |  31.351562 |     21.941406 | 136.523438 |  74.574219 | 244.000000 | 63.000000 | 138.000000 | 138.000000
 1867 | 1867 | Predict | -0.256180 | -0.772130 |  0.015721 | 6.834536 |  8.421679 | 0.050000 |    7 | 10.899145 |  8.979913 |  7.883044 |  5.057539 |  652 |  31.351562 |     21.941406 | 136.523438 |  74.574219 | 244.000000 | 63.000000 | 138.000000 | 138.000000
 1868 | 1868 | Predict |  0.638055 |  0.474052 |  0.014922 | 6.834536 |  8.421679 | 0.050000 |    7 | 10.899145 |  8.979913 |  7.883044 |  5.057539 |  652 |  31.351562 |     21.941406 | 136.523438 |  74.574219 | 244.000000 | 63.000000 | 138.000000 | 138.000000
 1869 | 1869 | Predict | -0.905008 | -0.511162 | -0.017720 | 6.834536 |  8.421679 | 0.050000 |    7 | 10.899145 |  8.979913 |  7.883044 |  5.057539 |  653 |  31.351562 |     21.941406 | 136.523438 |  74.574219 | 244.000000 | 63.000000 | 138.000000 | 138.000000
 1870 | 1870 | Update  | -0.902614 | -0.282516 | -0.078207 | 6.786965 |  8.383696 | 0.050000 |    7 | 10.856544 |  8.980011 |  7.883044 |  4.987284 |  653 |  19.703125 |     20.597656 | 109.363281 |  56.953125 | 244.000000 | 63.000000 | 138.000000 | 138.000000
 1871 | 1871 | Predict |  0.418985 |  1.095347 | -0.104453 | 6.786965 |  8.383696 | 0.050000 |    7 | 10.856544 |  8.980011 |  7.883044 |  4.987284 |  653 |  19.703125 |     20.597656 | 109.363281 |  56.953125 | 244.000000 | 63.000000 | 138.000000 | 138.000000
 1872 | 1872 | Update  |  0.008380 | -0.047884 | -0.083936 | 6.783493 |  8.302706 | 0.050000 |    7 | 10.820305 |  8.939957 |  7.958202 |  0.000000 |  653 |  20.117188 |     18.691406 |  70.886719 |   0.000000 | 244.000000 | 63.000000 | 138.000000 |   0.000000
 1873 | 1873 | Update  | -0.656011 |  0.040701 | -0.002132 | 6.812865 |  8.311514 | 0.050000 |    7 | 10.830230 |  8.919885 |  7.958199 |  5.067596 |  653 |  22.355469 |     23.089844 | 110.378906 |  54.410156 | 244.000000 | 63.000000 | 138.000000 | 138.000000
 1874 | 1874 | Predict | -0.199916 | -0.786495 |  0.020784 | 6.812865 |  8.311514 | 0.050000 |    7 | 10.830230 |  8.919885 |  7.958199 |  5.067596 |  653 |  22.355469 |     23.089844 | 110.378906 |  54.410156 | 244.000000 | 63.000000 | 138.000000 | 138.000000
 1875 | 1875 | Update  | -1.048660 | -0.264559 |  0.095260 | 6.835216 |  8.378188 | 0.050000 |    7 | 10.850353 |  8.919885 |  7.883044 |  4.987284 |  653 |  18.640625 |     19.093750 |  89.621094 |  42.289062 | 244.000000 | 63.000000 | 138.000000 | 138.000000
 1876 | 1876 | Update  | -1.104924 | -0.063446 |  0.029844 | 6.715655 |  8.319262 | 0.051000 |    7 | 10.783895 |  8.969972 |  7.883045 |  5.057612 |  653 |  20.468750 |     16.484375 |  99.726562 |  53.625000 | 244.000000 | 63.000000 | 138.000000 | 138.000000
 1877 | 1877 | Predict | -0.430956 | -0.557849 |  0.046231 | 6.715655 |  8.319262 | 0.050000 |    7 | 10.783895 |  8.969972 |  7.883045 |  5.057612 |  653 |  20.468750 |     16.484375 |  99.726562 |  53.625000 | 244.000000 | 63.000000 | 138.000000 | 138.000000
 1878 | 1878 | Predict | -0.758962 |  0.177171 |  0.038904 | 6.715655 |  8.319262 | 0.050000 |    7 | 10.783895 |  8.969972 |  7.883045 |  5.057612 |  654 |  20.468750 |     16.484375 |  99.726562 |  53.625000 | 244.000000 | 63.000000 | 138.000000 | 138.000000
 1879 | 1879 | Predict | -0.897826 |  0.591368 |  0.097126 | 6.715655 |  8.319262 | 0.050000 |    7 | 10.783895 |  8.969972 |  7.883045 |  5.057612 |  655 |  20.468750 |     16.484375 |  99.726562 |  53.625000 | 244.000000 | 63.000000 | 138.000000 | 138.000000
 1880 | 1880 | Predict | -1.025915 |  0.742203 |  0.030243 | 6.715655 |  8.319262 | 0.050000 |    7 | 10.783895 |  8.969972 |  7.883045 |  5.057612 |  655 |  20.468750 |     16.484375 |  99.726562 |  53.625000 | 244.000000 | 63.000000 | 138.000000 | 138.000000
 1881 | 1881 | Update  | -0.447716 | -1.039083 |  0.023315 | 6.837207 |  8.165997 | 0.050000 |   13 | 10.709999 |  8.859761 |  8.018339 |  5.107747 |  655 |  13.500000 |     15.359375 |  67.710938 |  32.636719 | 244.000000 | 63.000000 | 138.000000 | 138.000000
 1882 | 1882 | Update  |  0.380678 |  0.122104 |  0.031043 | 6.724169 |  8.255016 | 0.050000 |   13 | 10.766398 |  0.000000 |  7.958199 |  5.228264 |  655 |  18.652344 |     15.359375 |  89.593750 |  37.085938 | 244.000000 | 63.000000 | 138.000000 | 138.000000
 1883 | 1883 | Predict | -0.068235 |  0.934936 |  0.049695 | 6.724169 |  8.255016 | 0.050000 |   13 | 10.766398 |  0.000000 |  7.958199 |  5.228264 |  655 |  18.652344 |     15.359375 |  89.593750 |  37.085938 | 244.000000 | 63.000000 | 138.000000 | 138.000000
 1884 | 1884 | Update  | -0.592565 | -0.550666 |  0.047031 | 6.842465 |  8.208489 | 0.050000 |   14 | 10.692639 |  8.799636 |  8.018339 |  5.097691 |  655 |   6.703125 |     12.835938 |  40.457031 |  22.824219 | 244.000000 | 63.000000 | 138.000000 | 138.000000
 1885 | 1885 | Update  | -0.505177 |  0.398635 |  0.045565 | 6.740000 |  8.250920 | 0.050000 |    7 | 10.706299 |  8.849725 |  7.883044 |  5.168008 |  655 |   7.878906 |     12.722656 |  47.160156 |  18.312500 | 244.000000 | 63.000000 | 138.000000 | 138.000000
 1886 | 1886 | Predict |  0.000000 | -1.452083 |  0.050761 | 6.740000 |  8.250920 | 0.050000 |    7 | 10.706299 |  8.849725 |  7.883044 |  5.168008 |  655 |   7.878906 |     12.722656 |  47.160156 |  18.312500 | 244.000000 | 63.000000 | 138.000000 | 138.000000
 1887 | 1887 | Update  | -0.280122 | -0.495600 |  0.047564 | 6.697325 |  8.085142 | 0.050000 |    7 | 10.617496 |  8.789599 |  8.018339 |  5.238319 |  655 |  20.421875 |     24.031250 |  68.085938 |  39.296875 | 244.000000 | 63.000000 | 138.000000 | 138.000000
 1888 | 1888 | Update  | -0.578200 | -0.043096 |  0.056757 | 6.665602 |  8.095955 | 0.050000 |    7 | 10.629912 |  8.839688 |  8.018338 |  5.258429 |  655 |  13.593750 |     18.988281 |  81.500000 |  41.964844 | 244.000000 | 63.000000 | 138.000000 | 138.000000
 1889 | 1889 | Predict |  0.130484 |  0.735020 |  0.132965 | 6.665602 |  8.095955 | 0.050000 |    7 | 10.629912 |  8.839688 |  8.018338 |  5.258429 |  655 |  13.593750 |     18.988281 |  81.500000 |  41.964844 | 244.000000 | 63.000000 | 138.000000 | 138.000000
 1890 | 1890 | Update  |  0.300472 | -1.723825 |  0.027979 | 6.784103 |  8.111394 | 0.050000 |   14 |  0.000000 |  8.729472 |  8.018339 |  5.208230 |  655 |  13.593750 |     13.683594 |  49.132812 |  28.644531 | 244.000000 | 63.000000 | 138.000000 | 138.000000
 1891 | 1891 | Predict | -1.252167 |  0.456095 |  0.011724 | 6.784103 |  8.111394 | 0.051000 |   14 |  0.000000 |  8.729472 |  8.018339 |  5.208230 |  656 |  13.593750 |     13.683594 |  49.132812 |  28.644531 | 244.000000 | 63.000000 | 138.000000 | 138.000000
 1892 | 1892 | Predict | -0.549469 | -1.115698 | -0.027179 | 6.784103 |  8.111394 | 0.051000 |   14 |  0.000000 |  8.729472 |  8.018339 |  5.208230 |  656 |  13.593750 |     13.683594 |  49.132812 |  28.644531 | 244.000000 | 63.000000 | 138.000000 | 138.000000
 1893 | 1893 | Predict | -0.502782 | -1.649605 | -0.013190 | 6.784103 |  8.111394 | 0.050000 |   14 |  0.000000 |  8.729472 |  8.018339 |  5.208230 |  657 |  13.593750 |     13.683594 |  49.132812 |  28.644531 | 244.000000 | 63.000000 | 138.000000 | 138.000000
 1894 | 1894 | Update  |  1.194707 | -1.145625 |  0.011724 | 6.736619 |  8.044815 | 0.050000 |    7 | 10.571056 |  8.689422 |  8.018339 |  5.248374 |  657 |  11.441406 |     17.613281 |  49.566406 |  30.167969 | 244.000000 | 63.000000 | 138.000000 | 138.000000
 1895 | 1895 | Predict | -0.518345 | -0.870292 |  0.017853 | 6.736619 |  8.044815 | 0.050000 |    7 | 10.571056 |  8.689422 |  8.018339 |  5.248374 |  657 |  11.441406 |     17.613281 |  49.566406 |  30.167969 | 244.000000 | 63.000000 | 138.000000 | 138.000000
 1896 | 1896 | Predict | -1.212663 |  0.368707 |  0.030110 | 6.736619 |  8.044815 | 0.050000 |    7 | 10.571056 |  8.689422 |  8.018339 |  5.248374 |  658 |  11.441406 |     17.613281 |  49.566406 |  30.167969 | 244.000000 | 63.000000 | 138.000000 | 138.000000
 1897 | 1897 | Update  | -1.189918 |  0.794875 | -0.009326 | 6.846134 |  8.054340 | 0.050000 |   14 |  0.000000 |  8.649367 |  8.093492 |  5.208230 |  658 |  11.441406 |     22.128906 |  65.308594 |  41.152344 | 244.000000 | 63.000000 | 138.000000 | 138.000000
 1898 | 1898 | Predict |  0.397437 | -0.798466 |  0.017853 | 6.846134 |  8.054340 | 0.050000 |   14 |  0.000000 |  8.649367 |  8.093492 |  5.208230 |  658 |  11.441406 |     22.128906 |  65.308594 |  41.152344 | 244.000000 | 63.000000 | 138.000000 | 138.000000
 1899 | 1899 | Update  | -1.218649 |  0.049081 |  0.042900 | 6.751764 |  7.986455 | 0.050000 |   13 | 10.503488 |  0.000000 |  8.018338 |  5.268483 |  658 |  13.906250 |     22.128906 |  63.515625 |  37.707031 | 244.000000 | 63.000000 | 138.000000 | 138.000000
 1900 | 1900 | Update  | -0.256180 | -0.076614 |  0.014123 | 6.736928 |  7.903398 | 0.052000 |   14 |  0.000000 |  8.559220 |  8.093491 |  5.409006 |  658 |  13.906250 |     23.800781 |  54.347656 |  40.687500 | 244.000000 | 63.000000 | 138.000000 | 138.000000
 1901 | 1901 | Predict | -0.177171 | -0.258574 | -0.021051 | 6.736928 |  7.903398 | 0.050000 |   14 |  0.000000 |  8.559220 |  8.093491 |  5.409006 |  658 |  13.906250 |     23.800781 |  54.347656 |  40.687500 | 244.000000 | 63.000000 | 138.000000 | 138.000000
 1902 | 1902 | Update  | -0.022745 | -0.988805 | -0.013989 | 6.773479 |  7.892529 | 0.050000 |    7 | 10.498541 |  8.559127 |  8.153627 |  5.318677 |  658 |  10.316406 |     20.867188 |  38.621094 |  44.363281 | 244.000000 | 63.000000 | 138.000000 | 138.000000
 1903 | 1903 | Predict |  0.481235 | -1.254562 |  0.025980 | 6.773479 |  7.892529 | 0.051000 |    7 | 10.498541 |  8.559127 |  8.153627 |  5.318677 |  659 |  10.316406 |     20.867188 |  38.621094 |  44.363281 | 244.000000 | 63.000000 | 138.000000 | 138.000000
 1904 | 1904 | Predict | -1.436521 | -0.314838 |  0.004130 | 6.773479 |  7.892529 | 0.050000 |    7 | 10.498541 |  8.559127 |  8.153627 |  5.318677 |  659 |  10.316406 |     20.867188 |  38.621094 |  44.363281 | 244.000000 | 63.000000 | 138.000000 | 138.000000
 1905 | 1905 | Predict | -1.052252 |  0.780510 | -0.008527 | 6.773479 |  7.892529 | 0.050000 |    7 | 10.498541 |  8.559127 |  8.153627 |  5.318677 |  660 |  10.316406 |     20.867188 |  38.621094 |  44.363281 | 244.000000 | 63.000000 | 138.000000 | 138.000000
 1906 | 1906 | Predict |  0.699107 | -0.936133 |  0.030243 | 6.773479 |  7.892529 | 0.050000 |    7 | 10.498541 |  8.559127 |  8.153627 |  5.318677 |  661 |  10.316406 |     20.867188 |  38.621094 |  44.363281 | 244.000000 | 63.000000 | 138.000000 | 138.000000
 1907 | 1907 | Predict | -0.002394 | -0.748188 | -0.002931 | 6.773479 |  7.892529 | 0.050000 |    7 | 10.498541 |  8.559127 |  8.153627 |  5.318677 |  661 |  10.316406 |     20.867188 |  38.621094 |  44.363281 | 244.000000 | 63.000000 | 138.000000 | 138.000000
 1908 | 1908 | Update  |  0.533907 | -0.714669 |  0.030243 | 6.730840 |  7.830384 | 0.050000 |   14 |  0.000000 |  8.519073 |  8.153626 |  5.509377 |  661 |  10.316406 |     18.566406 |  33.484375 |  27.054688 | 244.000000 | 63.000000 | 138.000000 | 138.000000
 1909 | 1909 | Predict |  0.757765 | -0.430956 |  0.015588 | 6.730840 |  7.830384 | 0.051000 |   14 |  0.000000 |  8.519073 |  8.153626 |  5.509377 |  662 |  10.316406 |     18.566406 |  33.484375 |  27.054688 | 244.000000 | 63.000000 | 138.000000 | 138.000000
 1910 | 1910 | Predict | -0.815226 | -1.146823 |  0.076342 | 6.730840 |  7.830384 | 0.050000 |   14 |  0.000000 |  8.519073 |  8.153626 |  5.509377 |  662 |  10.316406 |     18.566406 |  33.484375 |  27.054688 | 244.000000 | 63.000000 | 138.000000 | 138.000000
 1911 | 1911 | Predict | -0.241814 | -0.307655 |  0.093928 | 6.730840 |  7.830384 | 0.050000 |   14 |  0.000000 |  8.519073 |  8.153626 |  5.509377 |  663 |  10.316406 |     18.566406 |  33.484375 |  27.054688 | 244.000000 | 63.000000 | 138.000000 | 138.000000
 1912 | 1912 | Predict |  0.805649 | -1.090559 |  0.119508 | 6.730840 |  7.830384 | 0.050000 |   14 |  0.000000 |  8.519073 |  8.153626 |  5.509377 |  664 |  10.316406 |     18.566406 |  33.484375 |  27.054688 | 244.000000 | 63.000000 | 138.000000 | 138.000000
 1913 | 1913 | Predict | -0.128090 | -0.053870 |  0.159744 | 6.730840 |  7.830384 | 0.050000 |   14 |  0.000000 |  8.519073 |  8.153626 |  5.509377 |  664 |  10.316406 |     18.566406 |  33.484375 |  27.054688 | 244.000000 | 63.000000 | 138.000000 | 138.000000
 1914 | 1914 | Update  |  0.519542 | -0.772130 |  0.259135 | 6.689518 |  7.693312 | 0.050000 |    7 | 10.264426 |  8.368791 |  8.153626 |  5.589710 |  664 |  10.707031 |     28.625000 |  53.597656 |  50.207031 | 244.000000 | 63.000000 | 138.000000 | 138.000000
 1915 | 1915 | Predict |  0.685939 | -0.739808 |  0.276721 | 6.689518 |  7.693312 | 0.050000 |    7 | 10.264426 |  8.368791 |  8.153626 |  5.589710 |  665 |  10.707031 |     28.625000 |  53.597656 |  50.207031 | 244.000000 | 63.000000 | 138.000000 | 138.000000
 1916 | 1916 | Predict | -0.161609 |  1.431733 |  0.327882 | 6.689518 |  7.693312 | 0.050000 |    7 | 10.264426 |  8.368791 |  8.153626 |  5.589710 |  665 |  10.707031 |     28.625000 |  53.597656 |  50.207031 | 244.000000 | 63.000000 | 138.000000 | 138.000000
 1917 | 1917 | Predict | -0.192733 | -0.515950 |  0.373447 | 6.689518 |  7.693312 | 0.050000 |    7 | 10.264426 |  8.368791 |  8.153626 |  5.589710 |  666 |  10.707031 |     28.625000 |  53.597656 |  50.207031 | 244.000000 | 63.000000 | 138.000000 | 138.000000
 1918 | 1918 | Update  | -0.158017 |  0.307655 |  0.327482 | 6.668519 |  7.752425 | 0.050000 |    7 | 10.228046 |  8.348716 |  8.018339 |  5.649935 |  666 |  10.878906 |     31.257812 |  31.929688 |  63.753906 | 244.000000 | 63.000000 | 138.000000 | 138.000000
 1919 | 1919 | Predict | -1.699883 | -0.251391 |  0.199047 | 6.668519 |  7.752425 | 0.050000 |    7 | 10.228046 |  8.348716 |  8.018339 |  5.649935 |  666 |  10.878906 |     31.257812 |  31.929688 |  63.753906 | 244.000000 | 63.000000 | 138.000000 | 138.000000
 1920 | 1920 | Predict | -0.893037 | -0.474052 |  0.153349 | 6.668519 |  7.752425 | 0.050000 |    7 | 10.228046 |  8.348716 |  8.018339 |  5.649935 |  667 |  10.878906 |     31.257812 |  31.929688 |  63.753906 | 244.000000 | 63.000000 | 138.000000 | 138.000000
 1921 | 1921 | Update  | -0.407014 |  0.117316 |  0.189322 | 6.660647 |  7.656528 | 0.050000 |    7 | 10.220612 |  8.348813 |  8.153627 |  5.599685 |  667 |  10.972656 |     37.257812 |  19.082031 |  42.324219 | 244.000000 | 63.000000 | 138.000000 | 138.000000
 1922 | 1922 | Predict | -1.242591 | -0.144849 |  0.210239 | 6.660647 |  7.656528 | 0.050000 |    7 | 10.220612 |  8.348813 |  8.153627 |  5.599685 |  667 |  10.972656 |     37.257812 |  19.082031 |  42.324219 | 244.000000 | 63.000000 | 138.000000 | 138.000000
 1923 | 1923 | Update  | -0.707487 | -0.961272 |  0.228092 | 6.723604 |  7.665891 | 0.050000 |    7 | 10.231782 |  8.288679 |  8.153626 |  5.499400 |  667 |  11.281250 |     27.554688 |  19.820312 |  48.808594 | 244.000000 | 63.000000 | 138.000000 | 138.000000
 1924 | 1924 | Update  |  0.199916 |  0.104148 |  0.331479 | 6.693558 |  7.641851 | 0.050000 |    7 | 10.203078 |  8.288676 |  8.153627 |  5.549581 |  667 |  13.375000 |     36.011719 |  32.757812 |  53.871094 | 244.000000 | 63.000000 | 138.000000 | 138.000000
 1925 | 1925 | Predict |  0.009577 | -0.421380 |  0.371449 | 6.693558 |  7.641851 | 0.050000 |    7 | 10.203078 |  8.288676 |  8.153627 |  5.549581 |  667 |  13.375000 |     36.011719 |  32.757812 |  53.871094 | 244.000000 | 63.000000 | 138.000000 | 138.000000
 1926 | 1926 | Update  | -0.396240 | -0.108936 |  0.351597 | 6.829155 |  7.508662 | 0.050000 |    7 | 10.275768 |  8.218511 |  8.439198 |  0.000000 |  667 |   6.593750 |     19.125000 |  25.085938 |   0.000000 | 244.000000 | 63.000000 | 138.000000 |   0.000000
 1927 | 1927 | Update  | -0.403423 |  0.845153 |  0.336276 | 6.995634 |  7.431039 | 0.050000 |   13 | 10.220612 |  8.318694 |  8.484312 |  5.539530 |  667 |   9.750000 |     16.578125 |  37.328125 |  48.039062 | 244.000000 | 63.000000 | 138.000000 | 138.000000
 1928 | 1928 | Predict | -0.665588 |  0.114922 |  0.177464 | 6.995634 |  7.431039 | 0.050000 |   13 | 10.220612 |  8.318694 |  8.484312 |  5.539530 |  667 |   9.750000 |     16.578125 |  37.328125 |  48.039062 | 244.000000 | 63.000000 | 138.000000 | 138.000000
 1929 | 1929 | Predict | -0.999579 | -0.106542 |  0.195184 | 6.995634 |  7.431039 | 0.050000 |   13 | 10.220612 |  8.318694 |  8.484312 |  5.539530 |  668 |   9.750000 |     16.578125 |  37.328125 |  48.039062 | 244.000000 | 63.000000 | 138.000000 | 138.000000
 1930 | 1930 | Update  | -0.764947 |  0.841562 |  0.196383 | 6.992174 |  7.350293 | 0.050000 |   13 | 10.186824 |  8.148329 |  8.559453 |  5.659912 |  668 |  12.652344 |     26.257812 |  52.964844 |  68.925781 | 244.000000 | 63.000000 | 138.000000 | 138.000000
 1931 | 1931 | Predict | -0.280122 | -0.857124 |  0.235020 | 6.992174 |  7.350293 | 0.050000 |   13 | 10.186824 |  8.148329 |  8.559453 |  5.659912 |  668 |  12.652344 |     26.257812 |  52.964844 |  68.925781 | 244.000000 | 63.000000 | 138.000000 | 138.000000
 1932 | 1932 | Update  |  0.116119 | -1.906982 |  0.334011 | 7.074016 |  7.341407 | 0.050000 |   13 | 10.226802 |  8.148328 |  8.619579 |  5.609810 |  668 |  14.519531 |     18.957031 |  49.363281 |  76.171875 | 244.000000 | 63.000000 | 138.000000 | 138.000000
 1933 | 1933 | Update  | -0.641646 |  0.080206 |  0.455518 | 6.986341 |  7.306919 | 0.051000 |   13 | 10.185578 |  8.258560 |  8.619580 |  5.760330 |  668 |   8.511719 |      8.140625 |  25.074219 |  46.949219 | 244.000000 | 63.000000 | 138.000000 | 138.000000
 1934 | 1934 | Predict | -0.462081 |  0.906205 |  0.460980 | 6.986341 |  7.306919 | 0.050000 |   13 | 10.185578 |  8.258560 |  8.619580 |  5.760330 |  668 |   8.511719 |      8.140625 |  25.074219 |  46.949219 | 244.000000 | 63.000000 | 138.000000 | 138.000000
 1935 | 1935 | Update  | -0.477643 | -0.826000 |  0.395963 | 6.980497 |  7.376466 | 0.050000 |   13 | 10.218122 |  8.188388 |  8.559453 |  5.680011 |  668 |  21.097656 |     15.574219 |  42.687500 |  94.199219 | 244.000000 | 63.000000 | 138.000000 | 138.000000
 1936 | 1936 | Update  | -0.508768 |  0.056264 |  0.373181 | 6.949794 |  7.411150 | 0.050000 |   13 | 10.246927 |  8.248620 |  8.544439 |  5.710085 |  668 |  18.898438 |     11.421875 |  10.828125 |  71.562500 | 244.000000 | 63.000000 | 138.000000 | 138.000000
 1937 | 1937 | Predict | -1.689109 |  0.371101 |  0.295107 | 6.949794 |  7.411150 | 0.050000 |   13 | 10.246927 |  8.248620 |  8.544439 |  5.710085 |  668 |  18.898438 |     11.421875 |  10.828125 |  71.562500 | 244.000000 | 63.000000 | 138.000000 | 138.000000
 1938 | 1938 | Update  | -1.375469 | -0.974440 |  0.340539 | 6.792825 |  7.013546 | 0.050000 |    7 | 10.305683 |  8.298719 |  9.160599 |  0.000000 |  668 |  10.875000 |      7.351562 |  15.343750 |   0.000000 | 244.000000 | 63.000000 | 138.000000 |   0.000000
 1939 | 1939 | Update  | -0.061052 |  0.245406 |  0.430870 | 7.258482 |  7.148438 | 0.050000 |   13 | 10.228184 |  8.168409 |  8.890100 |  5.710159 |  668 |  16.128906 |     12.070312 |  20.984375 |  58.457031 | 244.000000 | 63.000000 | 138.000000 | 138.000000
 1940 | 1940 | Predict | -0.555455 | -1.162385 |  0.499217 | 7.258482 |  7.148438 | 0.050000 |   13 | 10.228184 |  8.168409 |  8.890100 |  5.710159 |  668 |  16.128906 |     12.070312 |  20.984375 |  58.457031 | 244.000000 | 63.000000 | 138.000000 | 138.000000
 1941 | 1941 | Update  | -0.682347 |  1.116895 |  0.579156 | 7.123329 |  7.297573 | 0.050000 |   13 | 10.238110 |  8.168409 |  8.694716 |  5.639886 |  668 |  26.011719 |     14.882812 |  21.453125 |  73.304688 | 244.000000 | 63.000000 | 138.000000 | 138.000000
 1942 | 1942 | Predict | -0.083797 | -1.569399 |  0.475769 | 7.123329 |  7.297573 | 0.051000 |   13 | 10.238110 |  8.168409 |  8.694716 |  5.639886 |  669 |  26.011719 |     14.882812 |  21.453125 |  73.304688 | 244.000000 | 63.000000 | 138.000000 | 138.000000
 1943 | 1943 | Predict | -0.263362 | -0.549469 |  0.454452 | 7.123329 |  7.297573 | 0.050000 |   13 | 10.238110 |  8.168409 |  8.694716 |  5.639886 |  670 |  26.011719 |     14.882812 |  21.453125 |  73.304688 | 244.000000 | 63.000000 | 138.000000 | 138.000000
 1944 | 1944 | Predict | -1.193510 |  1.265336 |  0.377178 | 7.123329 |  7.297573 | 0.050000 |   13 | 10.238110 |  8.168409 |  8.694716 |  5.639886 |  670 |  26.011719 |     14.882812 |  21.453125 |  73.304688 | 244.000000 | 63.000000 | 138.000000 | 138.000000
 1945 | 1945 | Predict | -0.527921 | -0.377087 |  0.335743 | 7.123329 |  7.297573 | 0.051000 |   13 | 10.238110 |  8.168409 |  8.694716 |  5.639886 |  671 |  26.011719 |     14.882812 |  21.453125 |  73.304688 | 244.000000 | 63.000000 | 138.000000 | 138.000000
 1946 | 1946 | Predict | -0.483629 |  0.707487 |  0.359724 | 7.123329 |  7.297573 | 0.050000 |   13 | 10.238110 |  8.168409 |  8.694716 |  5.639886 |  671 |  26.011719 |     14.882812 |  21.453125 |  73.304688 | 244.000000 | 63.000000 | 138.000000 | 138.000000
 1947 | 1947 | Update  | -0.694318 |  1.179144 |  0.333078 | 7.039097 |  7.390888 | 0.050000 |    7 | 10.285660 |  7.978046 |  8.619578 |  5.659986 |  671 |  35.234375 |     22.210938 |  22.207031 |  56.847656 | 244.000000 | 63.000000 | 138.000000 | 138.000000
 1948 | 1948 | Update  | -0.854730 | -0.372298 |  0.334544 | 7.049606 |  7.356020 | 0.051000 |    7 | 10.256854 |  7.927947 |  8.634591 |  5.669960 |  671 |  33.937500 |     22.761719 |  23.335938 |  59.273438 | 244.000000 | 63.000000 | 138.000000 | 138.000000
 1949 | 1949 | Predict | -0.222661 | -0.604536 |  0.361057 | 7.049606 |  7.356020 | 0.050000 |    7 | 10.256854 |  7.927947 |  8.634591 |  5.669960 |  672 |  33.937500 |     22.761719 |  23.335938 |  59.273438 | 244.000000 | 63.000000 | 138.000000 | 138.000000
 1950 | 1950 | Predict | -1.128866 |  0.337582 |  0.354129 | 7.049606 |  7.356020 | 0.050000 |    7 | 10.256854 |  7.927947 |  8.634591 |  5.669960 |  672 |  33.937500 |     22.761719 |  23.335938 |  59.273438 | 244.000000 | 63.000000 | 138.000000 | 138.000000
 1951 | 1951 | Update  | -1.254562 | -0.872687 |  0.354795 | 7.097406 |  7.493174 | 0.050000 |    7 | 10.294512 |  7.917905 |  8.484311 |  5.649861 |  672 |  30.406250 |     16.781250 |  20.433594 |  28.988281 | 244.000000 | 63.000000 | 138.000000 | 138.000000
 1952 | 1952 | Predict | -0.192733 |  0.232238 |  0.334943 | 7.097406 |  7.493174 | 0.050000 |    7 | 10.294512 |  7.917905 |  8.484311 |  5.649861 |  672 |  30.406250 |     16.781250 |  20.433594 |  28.988281 | 244.000000 | 63.000000 | 138.000000 | 138.000000
 1953 | 1953 | Update  | -0.743400 |  0.247800 |  0.292443 | 7.224517 |  7.471322 | 0.050000 |    7 | 10.330755 |  7.807660 |  8.559454 |  5.710159 |  672 |  51.042969 |     30.429688 |  30.433594 |  44.757812 | 244.000000 | 63.000000 | 138.000000 | 138.000000
 1954 | 1954 | Update  | -2.012326 |  1.066617 |  0.297505 | 7.009981 |  7.155790 | 0.051000 |   14 | 10.332000 |  7.647300 |  8.619579 |  5.720134 |  672 |  57.210938 |     30.582031 |  47.273438 |  39.425781 | 244.000000 | 63.000000 | 138.000000 | 138.000000
 1955 | 1955 | Predict |  0.011971 | -0.660800 |  0.295107 | 7.009981 |  7.155790 | 0.051000 |   14 | 10.332000 |  7.647300 |  8.619579 |  5.720134 |  672 |  57.210938 |     30.582031 |  47.273438 |  39.425781 | 244.000000 | 63.000000 | 138.000000 | 138.000000
 1956 | 1956 | Update  |  0.695516 |  0.660800 |  0.322420 | 7.058957 |  7.423444 | 0.050000 |   13 | 10.387018 |  0.000000 |  8.694717 |  5.750206 |  672 |  34.433594 |     30.582031 |  32.132812 |  35.550781 | 244.000000 | 63.000000 | 138.000000 | 138.000000
 1957 | 1957 | Update  |  0.855927 | -0.149638 |  0.324685 | 7.047096 |  7.088369 | 0.050000 |   14 | 10.323319 |  7.577111 |  8.694717 |  5.770304 |  672 |  45.000000 |     20.148438 |  47.371094 |  50.332031 | 244.000000 | 63.000000 | 138.000000 | 138.000000
 1958 | 1958 | Predict | -0.160412 |  1.042675 |  0.391966 | 7.047096 |  7.088369 | 0.050000 |   14 | 10.323319 |  7.577111 |  8.694717 |  5.770304 |  672 |  45.000000 |     20.148438 |  47.371094 |  50.332031 | 244.000000 | 63.000000 | 138.000000 | 138.000000
 1959 | 1959 | Update  | -1.319205 |  0.228646 |  0.349732 | 7.383125 |  7.345420 | 0.050000 |    7 | 10.345798 |  7.627223 |  8.754843 |  5.770379 |  672 |  42.359375 |     17.914062 |  48.523438 |  57.851562 | 244.000000 | 63.000000 | 138.000000 | 138.000000
 1960 | 1960 | Predict | -0.056264 | -0.417788 |  0.324418 | 7.383125 |  7.345420 | 0.051000 |    7 | 10.345798 |  7.627223 |  8.754843 |  5.770379 |  673 |  42.359375 |     17.914062 |  48.523438 |  57.851562 | 244.000000 | 63.000000 | 138.000000 | 138.000000
 1961 | 1961 | Predict | -1.041478 |  0.600945 |  0.384106 | 7.383125 |  7.345420 | 0.050000 |    7 | 10.345798 |  7.627223 |  8.754843 |  5.770379 |  673 |  42.359375 |     17.914062 |  48.523438 |  57.851562 | 244.000000 | 63.000000 | 138.000000 | 138.000000
 1962 | 1962 | Update  |  0.566229 | -1.458069 |  0.348533 | 7.331343 |  7.297722 | 0.050000 |    7 | 10.289395 |  7.617180 |  8.754841 |  5.780353 |  673 |  49.058594 |     22.539062 |  20.480469 |  47.304688 | 244.000000 | 63.000000 | 138.000000 | 138.000000
 1963 | 1963 | Update  |  0.172383 | -0.811634 |  0.440596 | 7.376101 |  7.217216 | 0.050000 |    7 | 10.258098 |  7.516960 |  8.829977 |  5.850617 |  673 |  63.121094 |     28.894531 |  25.566406 |  68.730469 | 244.000000 | 63.000000 | 138.000000 | 138.000000
 1964 | 1964 | Update  | -1.946486 |  1.092953 |  0.430870 | 7.467471 |  6.943397 | 0.050000 |   11 | 10.308311 |  7.466849 |  0.000000 |  5.930848 |  673 |  49.917969 |     15.445312 |   0.000000 |  48.355469 | 244.000000 | 63.000000 |   0.000000 | 138.000000
 1965 | 1965 | Predict | -0.418985 | -1.039083 |  0.452054 | 7.467471 |  6.943397 | 0.052000 |   11 | 10.308311 |  7.466849 |  0.000000 |  5.930848 |  673 |  49.917969 |     15.445312 |   0.000000 |  48.355469 | 244.000000 | 63.000000 |   0.000000 | 138.000000
 1966 | 1966 | Update  | -0.566229 |  1.170765 |  0.414216 | 7.542703 |  6.922546 | 0.050000 |   11 | 10.343307 |  7.416739 |  0.000000 |  5.910829 |  673 |  36.687500 |      8.757812 |   0.000000 |  40.250000 | 244.000000 | 63.000000 |   0.000000 | 138.000000
 1967 | 1967 | Predict | -1.423353 |  0.375890 |  0.389168 | 7.542703 |  6.922546 | 0.050000 |   11 | 10.343307 |  7.416739 |  0.000000 |  5.910829 |  673 |  36.687500 |      8.757812 |   0.000000 |  40.250000 | 244.000000 | 63.000000 |   0.000000 | 138.000000
 1968 | 1968 | Predict |  0.017957 | -0.257377 |  0.350531 | 7.542703 |  6.922546 | 0.050000 |   11 | 10.343307 |  7.416739 |  0.000000 |  5.910829 |  674 |  36.687500 |      8.757812 |   0.000000 |  40.250000 | 244.000000 | 63.000000 |   0.000000 | 138.000000
 1969 | 1969 | Predict | -0.435745 | -0.861913 |  0.376911 | 7.542703 |  6.922546 | 0.050000 |   11 | 10.343307 |  7.416739 |  0.000000 |  5.910829 |  675 |  36.687500 |      8.757812 |   0.000000 |  40.250000 | 244.000000 | 63.000000 |   0.000000 | 138.000000
 1970 | 1970 | Predict | -0.002394 | -0.003591 |  0.358925 | 7.542703 |  6.922546 | 0.050000 |   11 | 10.343307 |  7.416739 |  0.000000 |  5.910829 |  675 |  36.687500 |      8.757812 |   0.000000 |  40.250000 | 244.000000 | 63.000000 |   0.000000 | 138.000000
 1971 | 1971 | Update  | -0.213084 | -0.462081 |  0.374646 | 7.377593 |  7.123247 | 0.050000 |   11 | 10.429622 |  7.747516 |  0.000000 |  5.920876 |  675 |  31.304688 |     14.820312 |   0.000000 |  28.972656 | 244.000000 | 63.000000 |   0.000000 | 138.000000
 1972 | 1972 | Predict | -0.064643 | -0.423774 |  0.344136 | 7.377593 |  7.123247 | 0.051000 |   11 | 10.429622 |  7.747516 |  0.000000 |  5.920876 |  676 |  31.304688 |     14.820312 |   0.000000 |  28.972656 | 244.000000 | 63.000000 |   0.000000 | 138.000000
 1973 | 1973 | Predict | -1.092953 |  0.044293 |  0.330413 | 7.377593 |  7.123247 | 0.050000 |   11 | 10.429622 |  7.747516 |  0.000000 |  5.920876 |  677 |  31.304688 |     14.820312 |   0.000000 |  28.972656 | 244.000000 | 63.000000 |   0.000000 | 138.000000
 1974 | 1974 | Predict |  0.756568 | -0.511162 |  0.391300 | 7.377593 |  7.123247 | 0.050000 |   11 | 10.429622 |  7.747516 |  0.000000 |  5.920876 |  677 |  31.304688 |     14.820312 |   0.000000 |  28.972656 | 244.000000 | 63.000000 |   0.000000 | 138.000000
 1975 | 1975 | Update  | -0.729034 |  0.003591 |  0.313893 | 7.488247 |  7.144093 | 0.050000 |    7 | 10.393347 |  7.557027 |  9.085471 |  5.750281 |  677 |  47.746094 |     40.105469 |  44.402344 |  37.214844 | 244.000000 | 63.000000 | 138.000000 | 138.000000
 1976 | 1976 | Predict | -0.130484 |  0.296881 |  0.328548 | 7.488247 |  7.144093 | 0.050000 |    7 | 10.393347 |  7.557027 |  9.085471 |  5.750281 |  677 |  47.746094 |     40.105469 |  44.402344 |  37.214844 | 244.000000 | 63.000000 | 138.000000 | 138.000000
 1977 | 1977 | Predict | -1.115698 |  0.483629 |  0.335343 | 7.488247 |  7.144093 | 0.050000 |    7 | 10.393347 |  7.557027 |  9.085471 |  5.750281 |  678 |  47.746094 |     40.105469 |  44.402344 |  37.214844 | 244.000000 | 63.000000 | 138.000000 | 138.000000
 1978 | 1978 | Update  | -0.853533 | -0.023942 |  0.337208 | 7.537066 |  7.065980 | 0.050000 |   11 | 10.460918 |  7.587153 |  0.000000 |  5.830521 |  678 |  19.363281 |     29.851562 |   0.000000 |  25.593750 | 244.000000 | 63.000000 |   0.000000 | 138.000000
 1979 | 1979 | Update  | -0.416591 |  0.673968 |  0.229024 | 7.555325 |  7.053509 | 0.050000 |   11 | 10.463408 |  7.567072 |  0.000000 |  5.830521 |  678 |  24.476562 |     56.339844 |   0.000000 |  34.062500 | 244.000000 | 63.000000 |   0.000000 | 138.000000
 1980 | 1980 | Predict |  0.459687 |  0.356736 |  0.296040 | 7.555325 |  7.053509 | 0.051000 |   11 | 10.463408 |  7.567072 |  0.000000 |  5.830521 |  678 |  24.476562 |     56.339844 |   0.000000 |  34.062500 | 244.000000 | 63.000000 |   0.000000 | 138.000000
 1981 | 1981 | Update  | -0.013168 | -0.755371 |  0.349732 | 7.359619 |  7.109986 | 0.050000 |    7 | 10.353233 |  7.667286 |  9.085470 |  5.790401 |  678 |  43.132812 |     89.644531 |  34.410156 |  43.726562 | 244.000000 | 63.000000 | 138.000000 | 138.000000
 1982 | 1982 | Update  | -1.157596 | -0.940921 |  0.277787 | 7.515159 |  7.203032 | 0.052000 |    7 | 10.462300 |  7.617180 |  9.085469 |  5.810424 |  678 |  33.261719 |     79.285156 |  25.683594 |  35.449219 | 244.000000 | 63.000000 | 138.000000 | 138.000000
 1983 | 1983 | Predict | -0.259771 | -0.587777 |  0.357060 | 7.515159 |  7.203032 | 0.050000 |    7 | 10.462300 |  7.617180 |  9.085469 |  5.810424 |  678 |  33.261719 |     79.285156 |  25.683594 |  35.449219 | 244.000000 | 63.000000 | 138.000000 | 138.000000
 1984 | 1984 | Update  | -0.542287 | -0.517148 |  0.290977 | 7.508563 |  7.096323 | 0.050000 |   11 | 10.419697 |  7.567070 |  0.000000 |  5.740232 |  678 |  26.335938 |     72.671875 |        nan |  36.578125 | 244.000000 | 63.000000 |   0.000000 | 138.000000
 1985 | 1985 | Update  | -0.471658 | -0.199916 |  0.355994 | 7.484919 |  7.105027 | 0.050000 |   11 | 10.463408 |  7.657343 |  0.000000 |  5.840568 |  678 |  27.824219 |     79.726562 |   0.000000 |  41.214844 | 244.000000 | 63.000000 |   0.000000 | 138.000000
 1986 | 1986 | Predict |  0.889446 | -0.096965 |  0.279652 | 7.484919 |  7.105027 | 0.050000 |   11 | 10.463408 |  7.657343 |  0.000000 |  5.840568 |  678 |  27.824219 |     79.726562 |   0.000000 |  41.214844 | 244.000000 | 63.000000 |   0.000000 | 138.000000
 1987 | 1987 | Update  |  0.366313 | -0.616507 |  0.322553 | 7.539255 |  7.135525 | 0.050000 |    7 | 10.383284 |  7.476893 |  9.085469 |  5.790401 |  678 |  33.156250 |    113.671875 |  56.785156 |  50.757812 | 244.000000 | 63.000000 | 138.000000 | 138.000000
 1988 | 1988 | Predict | -0.268151 | -0.865504 |  0.309230 | 7.539255 |  7.135525 | 0.050000 |    7 | 10.383284 |  7.476893 |  9.085469 |  5.790401 |  678 |  33.156250 |    113.671875 |  56.785156 |  50.757812 | 244.000000 | 63.000000 | 138.000000 | 138.000000
 1989 | 1989 | Update  | -1.019930 | -0.114922 |  0.336809 | 7.571147 |  7.071893 | 0.050000 |   14 |  0.000000 |  7.496973 |  9.220716 |  5.700035 |  678 |  33.156250 |     99.164062 |  54.914062 |  49.925781 | 244.000000 | 63.000000 | 138.000000 | 138.000000
 1990 | 1990 | Update  | -1.004368 | -0.999579 |  0.297772 | 7.391117 |  7.054028 | 0.050000 |   14 |  0.000000 |  7.537043 |  9.085469 |  5.790401 |  678 |  33.156250 |     70.007812 |  48.000000 |  39.515625 | 244.000000 | 63.000000 | 138.000000 | 138.000000
 1991 | 1991 | Predict |  0.451307 | -0.367510 |  0.368518 | 7.391117 |  7.054028 | 0.050000 |   14 |  0.000000 |  7.537043 |  9.085469 |  5.790401 |  679 |  33.156250 |     70.007812 |  48.000000 |  39.515625 | 244.000000 | 63.000000 | 138.000000 | 138.000000
 1992 | 1992 | Predict | -0.500388 | -0.384269 |  0.331213 | 7.391117 |  7.054028 | 0.050000 |   14 |  0.000000 |  7.537043 |  9.085469 |  5.790401 |  679 |  33.156250 |     70.007812 |  48.000000 |  39.515625 | 244.000000 | 63.000000 | 138.000000 | 138.000000
 1993 | 1993 | Update  |  0.557849 |  0.052672 |  0.305499 | 7.534209 |  7.137644 | 0.050000 |    7 | 10.385774 |  7.486931 |  9.085470 |  5.700111 |  679 |  10.226562 |     50.390625 |  24.718750 |  33.613281 | 244.000000 | 63.000000 | 138.000000 | 138.000000
 1994 | 1994 | Predict | -0.696713 |  1.236605 |  0.282051 | 7.534209 |  7.137644 | 0.050000 |    7 | 10.385774 |  7.486931 |  9.085470 |  5.700111 |  679 |  10.226562 |     50.390625 |  24.718750 |  33.613281 | 244.000000 | 63.000000 | 138.000000 | 138.000000
 1995 | 1995 | Predict | -1.072602 |  0.440533 |  0.289512 | 7.534209 |  7.137644 | 0.050000 |    7 | 10.385774 |  7.486931 |  9.085470 |  5.700111 |  680 |  10.226562 |     50.390625 |  24.718750 |  33.613281 | 244.000000 | 63.000000 | 138.000000 | 138.000000
 1996 | 1996 | Predict | -0.396240 | -0.093374 |  0.273790 | 7.534209 |  7.137644 | 0.050000 |    7 | 10.385774 |  7.486931 |  9.085470 |  5.700111 |  681 |  10.226562 |     50.390625 |  24.718750 |  33.613281 | 244.000000 | 63.000000 | 138.000000 | 138.000000
 1997 | 1997 | Predict | -0.708684 | -0.359130 |  0.233554 | 7.534209 |  7.137644 | 0.050000 |    7 | 10.385774 |  7.486931 |  9.085470 |  5.700111 |  682 |  10.226562 |     50.390625 |  24.718750 |  33.613281 | 244.000000 | 63.000000 | 138.000000 | 138.000000
 1998 | 1998 | Predict |  1.035492 |  0.415394 |  0.255671 | 7.534209 |  7.137644 | 0.050000 |    7 | 10.385774 |  7.486931 |  9.085470 |  5.700111 |  682 |  10.226562 |     50.390625 |  24.718750 |  33.613281 | 244.000000 | 63.000000 | 138.000000 | 138.000000
 1999 | 1999 | Update  |  0.010774 | -0.110133 |  0.255138 | 7.661434 |  7.169923 | 0.050000 |    7 | 10.476063 |  7.446765 |  9.145588 |  5.710084 |  682 |  24.289062 |     72.996094 |  43.125000 |  34.480469 | 244.000000 | 63.000000 | 138.000000 | 138.000000
 2000 | 2000 | Predict | -0.426168 | -0.687136 |  0.193452 | 7.661434 |  7.169923 | 0.050000 |    7 | 10.476063 |  7.446765 |  9.145588 |  5.710084 |  682 |  24.289062 |     72.996094 |  43.125000 |  34.480469 | 244.000000 | 63.000000 | 138.000000 | 138.000000
 2001 | 2001 | Update  | -1.441309 | -0.434548 |  0.227692 | 7.719273 |  7.101315 | 0.050000 |   11 | 10.572439 |  7.506921 |  0.000000 |  5.649935 |  682 |  29.894531 |     83.371094 |        nan |  47.613281 | 244.000000 | 63.000000 |   0.000000 | 138.000000
 2002 | 2002 | Predict | -1.314417 |  0.964863 |  0.259668 | 7.719273 |  7.101315 | 0.050000 |   11 | 10.572439 |  7.506921 |  0.000000 |  5.649935 |  683 |  29.894531 |     83.371094 |        nan |  47.613281 | 244.000000 | 63.000000 |   0.000000 | 138.000000
 2003 | 2003 | Predict | -0.052672 |  0.415394 |  0.232489 | 7.719273 |  7.101315 | 0.050000 |   11 | 10.572439 |  7.506921 |  0.000000 |  5.649935 |  683 |  29.894531 |     83.371094 |        nan |  47.613281 | 244.000000 | 63.000000 |   0.000000 | 138.000000
 2004 | 2004 | Predict | -0.005986 | -0.326809 |  0.184792 | 7.719273 |  7.101315 | 0.050000 |   11 | 10.572439 |  7.506921 |  0.000000 |  5.649935 |  684 |  29.894531 |     83.371094 |        nan |  47.613281 | 244.000000 | 63.000000 |   0.000000 | 138.000000
 2005 | 2005 | Predict | -0.857124 | -0.424971 |  0.223296 | 7.719273 |  7.101315 | 0.050000 |   11 | 10.572439 |  7.506921 |  0.000000 |  5.649935 |  685 |  29.894531 |     83.371094 |        nan |  47.613281 | 244.000000 | 63.000000 |   0.000000 | 138.000000
 2006 | 2006 | Predict | -0.575805 |  0.323217 |  0.229824 | 7.719273 |  7.101315 | 0.050000 |   11 | 10.572439 |  7.506921 |  0.000000 |  5.649935 |  686 |  29.894531 |     83.371094 |        nan |  47.613281 | 244.000000 | 63.000000 |   0.000000 | 138.000000
 2007 | 2007 | Predict |  0.363919 |  0.191536 |  0.203577 | 7.719273 |  7.101315 | 0.051000 |   11 | 10.572439 |  7.506921 |  0.000000 |  5.649935 |  686 |  29.894531 |     83.371094 |        nan |  47.613281 | 244.000000 | 63.000000 |   0.000000 | 138.000000
 2008 | 2008 | Update  | -0.047884 | -0.484826 |  0.169737 | 7.778437 |  7.015632 | 0.050000 |   11 | 10.598651 |  7.466855 |  0.000000 |  5.780354 |  686 |  14.828125 |     43.820312 |   0.000000 |  32.328125 | 244.000000 | 63.000000 |   0.000000 | 138.000000
 2009 | 2009 | Predict |  0.586579 |  0.466869 |  0.148020 | 7.778437 |  7.015632 | 0.050000 |   11 | 10.598651 |  7.466855 |  0.000000 |  5.780354 |  686 |  14.828125 |     43.820312 |   0.000000 |  32.328125 | 244.000000 | 63.000000 |   0.000000 | 138.000000
 2010 | 2010 | Predict | -0.912191 | -0.095768 |  0.174000 | 7.778437 |  7.015632 | 0.050000 |   11 | 10.598651 |  7.466855 |  0.000000 |  5.780354 |  687 |  14.828125 |     43.820312 |   0.000000 |  32.328125 | 244.000000 | 63.000000 |   0.000000 | 138.000000
 2011 | 2011 | Update  | -0.482432 |  0.165200 |  0.147221 | 8.009295 |  6.976293 | 0.050000 |   11 | 10.753879 |  7.386615 |  0.000000 |  5.760255 |  687 |  21.953125 |     70.750000 |   0.000000 |  30.921875 | 244.000000 | 63.000000 |   0.000000 | 138.000000
 2012 | 2012 | Predict |  0.039504 |  0.462081 |  0.179462 | 8.009295 |  6.976293 | 0.050000 |   11 | 10.753879 |  7.386615 |  0.000000 |  5.760255 |  687 |  21.953125 |     70.750000 |   0.000000 |  30.921875 | 244.000000 | 63.000000 |   0.000000 | 138.000000
 2013 | 2013 | Predict |  0.156820 | -0.639252 |  0.190387 | 8.009295 |  6.976293 | 0.050000 |   11 | 10.753879 |  7.386615 |  0.000000 |  5.760255 |  688 |  21.953125 |     70.750000 |   0.000000 |  30.921875 | 244.000000 | 63.000000 |   0.000000 | 138.000000
 2014 | 2014 | Update  | -0.046687 | -0.210690 |  0.214103 | 8.137753 |  7.431353 | 0.050000 |    7 | 10.904022 |  7.436824 |  9.295843 |  0.000000 |  688 |  23.164062 |     53.121094 |  23.019531 |   0.000000 | 244.000000 | 63.000000 | 138.000000 |   0.000000
 2015 | 2015 | Update  | -0.408211 |  0.263362 |  0.172135 | 7.600279 |  6.985637 | 0.050000 |   14 | 10.925389 |  7.316510 |  9.220716 |  5.649936 |  688 |  14.582031 |     45.378906 |  22.785156 |  37.832031 | 244.000000 | 63.000000 | 138.000000 | 138.000000
 2016 | 2016 | Predict | -0.476446 | -0.292093 |  0.164541 | 7.600279 |  6.985637 | 0.050000 |   14 | 10.925389 |  7.316510 |  9.220716 |  5.649936 |  688 |  14.582031 |     45.378906 |  22.785156 |  37.832031 | 244.000000 | 63.000000 | 138.000000 | 138.000000
 2017 | 2017 | Predict | -0.319626 | -0.512359 |  0.174933 | 7.600279 |  6.985637 | 0.050000 |   14 | 10.925389 |  7.316510 |  9.220716 |  5.649936 |  689 |  14.582031 |     45.378906 |  22.785156 |  37.832031 | 244.000000 | 63.000000 | 138.000000 | 138.000000
 2018 | 2018 | Predict | -0.168791 | -0.080206 |  0.159744 | 7.600279 |  6.985637 | 0.050000 |   14 | 10.925389 |  7.316510 |  9.220716 |  5.649936 |  689 |  14.582031 |     45.378906 |  22.785156 |  37.832031 | 244.000000 | 63.000000 | 138.000000 | 138.000000
 2019 | 2019 | Update  | -0.667982 |  0.197522 |  0.130833 | 7.691978 |  7.043570 | 0.050000 |   14 |  0.000000 |  7.366622 |  9.280831 |  5.589635 |  689 |  14.582031 |     69.339844 |  47.007812 |  58.375000 | 244.000000 | 63.000000 | 138.000000 | 138.000000
 2020 | 2020 | Predict | -0.559046 |  0.444124 |  0.067282 | 7.691978 |  7.043570 | 0.050000 |   14 |  0.000000 |  7.366622 |  9.280831 |  5.589635 |  690 |  14.582031 |     69.339844 |  47.007812 |  58.375000 | 244.000000 | 63.000000 | 138.000000 | 138.000000
 2021 | 2021 | Predict |  0.362722 |  0.135272 |  0.004130 | 7.691978 |  7.043570 | 0.050000 |   14 |  0.000000 |  7.366622 |  9.280831 |  5.589635 |  691 |  14.582031 |     69.339844 |  47.007812 |  58.375000 | 244.000000 | 63.000000 | 138.000000 | 138.000000
 2022 | 2022 | Predict | -0.075417 | -0.058658 | -0.013456 | 7.691978 |  7.043570 | 0.050000 |   14 |  0.000000 |  7.366622 |  9.280831 |  5.589635 |  691 |  14.582031 |     69.339844 |  47.007812 |  58.375000 | 244.000000 | 63.000000 | 138.000000 | 138.000000
 2023 | 2023 | Predict | -0.900220 | -0.237026 | -0.012657 | 7.691978 |  7.043570 | 0.050000 |   14 |  0.000000 |  7.366622 |  9.280831 |  5.589635 |  692 |  14.582031 |     69.339844 |  47.007812 |  58.375000 | 244.000000 | 63.000000 | 138.000000 | 138.000000
 2024 | 2024 | Predict |  0.021548 | -0.913388 |  0.035173 | 7.691978 |  7.043570 | 0.050000 |   14 |  0.000000 |  7.366622 |  9.280831 |  5.589635 |  693 |  14.582031 |     69.339844 |  47.007812 |  58.375000 | 244.000000 | 63.000000 | 138.000000 | 138.000000
 2025 | 2025 | Predict | -0.677559 | -0.045490 |  0.089398 | 7.691978 |  7.043570 | 0.051000 |   14 |  0.000000 |  7.366622 |  9.280831 |  5.589635 |  693 |  14.582031 |     69.339844 |  47.007812 |  58.375000 | 244.000000 | 63.000000 | 138.000000 | 138.000000
 2026 | 2026 | Predict | -0.150835 | -0.749385 |  0.121107 | 7.691978 |  7.043570 | 0.050000 |   14 |  0.000000 |  7.366622 |  9.280831 |  5.589635 |  694 |  14.582031 |     69.339844 |  47.007812 |  58.375000 | 244.000000 | 63.000000 | 138.000000 | 138.000000
 2027 | 2027 | Predict | -1.358709 |  0.506374 |  0.106185 | 7.691978 |  7.043570 | 0.050000 |   14 |  0.000000 |  7.366622 |  9.280831 |  5.589635 |  694 |  14.582031 |     69.339844 |  47.007812 |  58.375000 | 244.000000 | 63.000000 | 138.000000 | 138.000000
 2028 | 2028 | Predict | -1.106121 |  0.339977 |  0.006395 | 7.691978 |  7.043570 | 0.050000 |   14 |  0.000000 |  7.366622 |  9.280831 |  5.589635 |  695 |  14.582031 |     69.339844 |  47.007812 |  58.375000 | 244.000000 | 63.000000 | 138.000000 | 138.000000
 2029 | 2029 | Predict | -0.476446 | -0.682347 | -0.006795 | 7.691978 |  7.043570 | 0.050000 |   14 |  0.000000 |  7.366622 |  9.280831 |  5.589635 |  696 |  14.582031 |     69.339844 |  47.007812 |  58.375000 | 244.000000 | 63.000000 | 138.000000 | 138.000000
 2030 | 2030 | Predict | -0.001197 | -0.859518 | -0.046098 | 7.691978 |  7.043570 | 0.050000 |   14 |  0.000000 |  7.366622 |  9.280831 |  5.589635 |  696 |  14.582031 |     69.339844 |  47.007812 |  58.375000 | 244.000000 | 63.000000 | 138.000000 | 138.000000
 2031 | 2031 | Predict |  0.316035 |  1.207875 | -0.019052 | 7.691978 |  7.043570 | 0.050000 |   14 |  0.000000 |  7.366622 |  9.280831 |  5.589635 |  697 |  14.582031 |     69.339844 |  47.007812 |  58.375000 | 244.000000 | 63.000000 | 138.000000 | 138.000000
 2032 | 2032 | Predict | -0.104148 | -1.823185 | -0.019052 | 7.691978 |  7.043570 | 0.050000 |   14 |  0.000000 |  7.366622 |  9.280831 |  5.589635 |  698 |  14.582031 |     69.339844 |  47.007812 |  58.375000 | 244.000000 | 63.000000 | 138.000000 | 138.000000
 2033 | 2033 | Predict | -0.338780 |  0.465672 | -0.008127 | 7.691978 |  7.043570 | 0.050000 |   14 |  0.000000 |  7.366622 |  9.280831 |  5.589635 |  698 |  14.582031 |     69.339844 |  47.007812 |  58.375000 | 244.000000 | 63.000000 | 138.000000 | 138.000000
 2034 | 2034 | Predict | -0.304064 |  0.073023 | -0.017187 | 7.691978 |  7.043570 | 0.050000 |   14 |  0.000000 |  7.366622 |  9.280831 |  5.589635 |  699 |  14.582031 |     69.339844 |  47.007812 |  58.375000 | 244.000000 | 63.000000 | 138.000000 | 138.000000
 2035 | 2035 | Predict | -0.615310 | -0.125696 |  0.027446 | 7.691978 |  7.043570 | 0.050000 |   14 |  0.000000 |  7.366622 |  9.280831 |  5.589635 |  700 |  14.582031 |     69.339844 |  47.007812 |  58.375000 | 244.000000 | 63.000000 | 138.000000 | 138.000000
 2036 | 2036 | Predict | -0.418985 |  0.067038 |  0.059288 | 7.691978 |  7.043570 | 0.050000 |   14 |  0.000000 |  7.366622 |  9.280831 |  5.589635 |  700 |  14.582031 |     69.339844 |  47.007812 |  58.375000 | 244.000000 | 63.000000 | 138.000000 | 138.000000
 2037 | 2037 | Predict | -0.469264 | -1.078588 |  0.104187 | 7.691978 |  7.043570 | 0.050000 |   14 |  0.000000 |  7.366622 |  9.280831 |  5.589635 |  701 |  14.582031 |     69.339844 |  47.007812 |  58.375000 | 244.000000 | 63.000000 | 138.000000 | 138.000000
 2038 | 2038 | Predict | -0.942118 |  0.512359 |  0.116311 | 7.691978 |  7.043570 | 0.050000 |   14 |  0.000000 |  7.366622 |  9.280831 |  5.589635 |  702 |  14.582031 |     69.339844 |  47.007812 |  58.375000 | 244.000000 | 63.000000 | 138.000000 | 138.000000
 2039 | 2039 | Predict | -2.215834 |  1.000776 |  0.016254 | 7.691978 |  7.043570 | 0.050000 |   14 |  0.000000 |  7.366622 |  9.280831 |  5.589635 |  703 |  14.582031 |     69.339844 |  47.007812 |  58.375000 | 244.000000 | 63.000000 | 138.000000 | 138.000000
 2040 | 2040 | Predict | -0.883460 | -0.415394 |  0.028378 | 7.691978 |  7.043570 | 0.050000 |   14 |  0.000000 |  7.366622 |  9.280831 |  5.589635 |  703 |  14.582031 |     69.339844 |  47.007812 |  58.375000 | 244.000000 | 63.000000 | 138.000000 | 138.000000
 2041 | 2041 | Update  | -0.272939 |  0.380678 |  0.031309 | 8.604187 |  6.950306 | 0.050000 |   11 | 11.222033 |  7.296429 |  0.000000 |  5.700036 |  703 |  13.378906 |     47.453125 |   0.000000 |  42.148438 | 244.000000 | 63.000000 |   0.000000 | 138.000000
 2042 | 2042 | Update  | -0.591368 |  0.099359 |  0.027312 | 8.334411 |  6.976081 | 0.052000 |   11 | 10.951671 |  7.246309 |  0.000000 |  5.579660 |  703 |  14.164062 |     52.820312 |        nan |  56.980469 | 244.000000 | 63.000000 |   0.000000 | 138.000000
 2043 | 2043 | Predict |  0.380678 | -0.591368 | -0.020651 | 8.334411 |  6.976081 | 0.050000 |   11 | 10.951671 |  7.246309 |  0.000000 |  5.579660 |  703 |  14.164062 |     52.820312 |        nan |  56.980469 | 244.000000 | 63.000000 |   0.000000 | 138.000000
 2044 | 2044 | Predict | -0.175974 |  0.435745 | -0.074876 | 8.334411 |  6.976081 | 0.050000 |   11 | 10.951671 |  7.246309 |  0.000000 |  5.579660 |  704 |  14.164062 |     52.820312 |        nan |  56.980469 | 244.000000 | 63.000000 |   0.000000 | 138.000000
 2045 | 2045 | Predict | -1.363498 |  0.875081 | -0.057956 | 8.334411 |  6.976081 | 0.050000 |   11 | 10.951671 |  7.246309 |  0.000000 |  5.579660 |  704 |  14.164062 |     52.820312 |        nan |  56.980469 | 244.000000 | 63.000000 |   0.000000 | 138.000000
 2046 | 2046 | Predict |  0.310049 | -0.988805 | -0.113513 | 8.334411 |  6.976081 | 0.050000 |   11 | 10.951671 |  7.246309 |  0.000000 |  5.579660 |  705 |  14.164062 |     52.820312 |        nan |  56.980469 | 244.000000 | 63.000000 |   0.000000 | 138.000000
 2047 | 2047 | Predict | -1.304840 |  0.032322 | -0.063951 | 8.334411 |  6.976081 | 0.050000 |   11 | 10.951671 |  7.246309 |  0.000000 |  5.579660 |  706 |  14.164062 |     52.820312 |        nan |  56.980469 | 244.000000 | 63.000000 |   0.000000 | 138.000000
 2048 | 2048 | Predict |  0.590171 | -0.331597 |  0.029844 | 8.334411 |  6.976081 | 0.050000 |   11 | 10.951671 |  7.246309 |  0.000000 |  5.579660 |  707 |  14.164062 |     52.820312 |        nan |  56.980469 | 244.000000 | 63.000000 |   0.000000 | 138.000000
 2049 | 2049 | Predict | -0.074220 |  1.571793 | -0.018519 | 8.334411 |  6.976081 | 0.050000 |   11 | 10.951671 |  7.246309 |  0.000000 |  5.579660 |  707 |  14.164062 |     52.820312 |        nan |  56.980469 | 244.000000 | 63.000000 |   0.000000 | 138.000000
 2050 | 2050 | Predict | -1.941698 | -0.026336 |  0.011858 | 8.334411 |  6.976081 | 0.050000 |   11 | 10.951671 |  7.246309 |  0.000000 |  5.579660 |  708 |  14.164062 |     52.820312 |        nan |  56.980469 | 244.000000 | 63.000000 |   0.000000 | 138.000000
 2051 | 2051 | Predict | -1.464054 |  0.082600 | -0.057956 | 8.334411 |  6.976081 | 0.050000 |   11 | 10.951671 |  7.246309 |  0.000000 |  5.579660 |  708 |  14.164062 |     52.820312 |        nan |  56.980469 | 244.000000 | 63.000000 |   0.000000 | 138.000000
 2052 | 2052 | Predict | -1.017536 |  0.480037 | -0.094861 | 8.334411 |  6.976081 | 0.050000 |   11 | 10.951671 |  7.246309 |  0.000000 |  5.579660 |  709 |  14.164062 |     52.820312 |        nan |  56.980469 | 244.000000 | 63.000000 |   0.000000 | 138.000000
 2053 | 2053 | Predict | -0.205901 | -0.703895 | -0.068747 | 8.334411 |  6.976081 | 0.050000 |   11 | 10.951671 |  7.246309 |  0.000000 |  5.579660 |  710 |  14.164062 |     52.820312 |        nan |  56.980469 | 244.000000 | 63.000000 |   0.000000 | 138.000000
 2054 | 2054 | Predict | -0.645237 |  0.005986 | -0.028378 | 8.334411 |  6.976081 | 0.050000 |   11 | 10.951671 |  7.246309 |  0.000000 |  5.579660 |  710 |  14.164062 |     52.820312 |        nan |  56.980469 | 244.000000 | 63.000000 |   0.000000 | 138.000000
 2055 | 2055 | Predict |  1.037886 |  0.244209 | -0.011458 | 8.334411 |  6.976081 | 0.050000 |   11 | 10.951671 |  7.246309 |  0.000000 |  5.579660 |  711 |  14.164062 |     52.820312 |        nan |  56.980469 | 244.000000 | 63.000000 |   0.000000 | 138.000000
 2056 | 2056 | Predict | -0.480037 |  1.182736 |  0.017587 | 8.334411 |  6.976081 | 0.050000 |   11 | 10.951671 |  7.246309 |  0.000000 |  5.579660 |  712 |  14.164062 |     52.820312 |        nan |  56.980469 | 244.000000 | 63.000000 |   0.000000 | 138.000000
 2057 | 2057 | Predict | -1.098939 | -0.377087 |  0.015455 | 8.334411 |  6.976081 | 0.050000 |   11 | 10.951671 |  7.246309 |  0.000000 |  5.579660 |  713 |  14.164062 |     52.820312 |        nan |  56.980469 | 244.000000 | 63.000000 |   0.000000 | 138.000000
 2058 | 2058 | Predict | -0.667982 |  0.780510 |  0.007328 | 8.334411 |  6.976081 | 0.050000 |   11 | 10.951671 |  7.246309 |  0.000000 |  5.579660 |  713 |  14.164062 |     52.820312 |        nan |  56.980469 | 244.000000 | 63.000000 |   0.000000 | 138.000000
 2059 | 2059 | Predict | -1.480814 |  0.416591 |  0.026646 | 8.334411 |  6.976081 | 0.050000 |   11 | 10.951671 |  7.246309 |  0.000000 |  5.579660 |  714 |  14.164062 |     52.820312 |        nan |  56.980469 | 244.000000 | 63.000000 |   0.000000 | 138.000000
 2060 | 2060 | Predict | -0.612916 | -0.014365 | -0.073144 | 8.334411 |  6.976081 | 0.050000 |   11 | 10.951671 |  7.246309 |  0.000000 |  5.579660 |  715 |  14.164062 |     52.820312 |        nan |  56.980469 | 244.000000 | 63.000000 |   0.000000 | 138.000000
 2061 | 2061 | Predict | -0.988805 | -0.357933 |  0.022783 | 8.334411 |  6.976081 | 0.050000 |   11 | 10.951671 |  7.246309 |  0.000000 |  5.579660 |  715 |  14.164062 |     52.820312 |        nan |  56.980469 | 244.000000 | 63.000000 |   0.000000 | 138.000000
 2062 | 2062 | Update  | -0.555455 | -0.319626 |  0.018786 | 8.607120 |  7.263700 | 0.050000 |    7 | 11.108169 |  7.116042 |  9.746648 |  0.000000 |  715 |  18.308594 |     79.769531 |  32.777344 |   0.000000 | 244.000000 | 63.000000 | 138.000000 |   0.000000
 2063 | 2063 | Predict | -0.623690 | -0.745794 |  0.079406 | 8.607120 |  7.263700 | 0.051000 |    7 | 11.108169 |  7.116042 |  9.746648 |  0.000000 |  716 |  18.308594 |     79.769531 |  32.777344 |   0.000000 | 244.000000 | 63.000000 | 138.000000 |   0.000000
 2064 | 2064 | Predict |  0.709881 | -0.379481 |  0.094461 | 8.607120 |  7.263700 | 0.050000 |    7 | 11.108169 |  7.116042 |  9.746648 |  0.000000 |  716 |  18.308594 |     79.769531 |  32.777344 |   0.000000 | 244.000000 | 63.000000 | 138.000000 |   0.000000
 2065 | 2065 | Predict | -1.070208 | -0.577003 |  0.024648 | 8.607120 |  7.263700 | 0.050000 |    7 | 11.108169 |  7.116042 |  9.746648 |  0.000000 |  717 |  18.308594 |     79.769531 |  32.777344 |   0.000000 | 244.000000 | 63.000000 | 138.000000 |   0.000000
 2066 | 2066 | Predict | -0.323217 |  0.335188 |  0.046631 | 8.607120 |  7.263700 | 0.050000 |    7 | 11.108169 |  7.116042 |  9.746648 |  0.000000 |  717 |  18.308594 |     79.769531 |  32.777344 |   0.000000 | 244.000000 | 63.000000 | 138.000000 |   0.000000
 2067 | 2067 | Predict | -0.372298 | -0.456095 | -0.010259 | 8.607120 |  7.263700 | 0.050000 |    7 | 11.108169 |  7.116042 |  9.746648 |  0.000000 |  718 |  18.308594 |     79.769531 |  32.777344 |   0.000000 | 244.000000 | 63.000000 | 138.000000 |   0.000000
 2068 | 2068 | Predict | -0.587777 | -0.179565 |  0.031842 | 8.607120 |  7.263700 | 0.050000 |    7 | 11.108169 |  7.116042 |  9.746648 |  0.000000 |  719 |  18.308594 |     79.769531 |  32.777344 |   0.000000 | 244.000000 | 63.000000 | 138.000000 |   0.000000
 2069 | 2069 | Predict | -0.673968 | -0.123301 |  0.136296 | 8.607120 |  7.263700 | 0.050000 |    7 | 11.108169 |  7.116042 |  9.746648 |  0.000000 |  720 |  18.308594 |     79.769531 |  32.777344 |   0.000000 | 244.000000 | 63.000000 | 138.000000 |   0.000000
 2070 | 2070 | Predict | -0.903811 |  0.952892 |  0.106585 | 8.607120 |  7.263700 | 0.050000 |    7 | 11.108169 |  7.116042 |  9.746648 |  0.000000 |  720 |  18.308594 |     79.769531 |  32.777344 |   0.000000 | 244.000000 | 63.000000 | 138.000000 |   0.000000
 2071 | 2071 | Predict | -1.363498 |  0.240617 |  0.136029 | 8.607120 |  7.263700 | 0.050000 |    7 | 11.108169 |  7.116042 |  9.746648 |  0.000000 |  721 |  18.308594 |     79.769531 |  32.777344 |   0.000000 | 244.000000 | 63.000000 | 138.000000 |   0.000000
 2072 | 2072 | Predict |  0.107739 |  0.124498 |  0.071812 | 8.607120 |  7.263700 | 0.050000 |    7 | 11.108169 |  7.116042 |  9.746648 |  0.000000 |  721 |  18.308594 |     79.769531 |  32.777344 |   0.000000 | 244.000000 | 63.000000 | 138.000000 |   0.000000
 2073 | 2073 | Predict | -0.665588 |  0.936133 |  0.045698 | 8.607120 |  7.263700 | 0.050000 |    7 | 11.108169 |  7.116042 |  9.746648 |  0.000000 |  722 |  18.308594 |     79.769531 |  32.777344 |   0.000000 | 244.000000 | 63.000000 | 138.000000 |   0.000000
 2074 | 2074 | Predict |  0.061052 |  0.559046 |  0.089531 | 8.607120 |  7.263700 | 0.050000 |    7 | 11.108169 |  7.116042 |  9.746648 |  0.000000 |  723 |  18.308594 |     79.769531 |  32.777344 |   0.000000 | 244.000000 | 63.000000 | 138.000000 |   0.000000
 2075 | 2075 | Predict | -0.083797 |  0.102951 |  0.044499 | 8.607120 |  7.263700 | 0.050000 |    7 | 11.108169 |  7.116042 |  9.746648 |  0.000000 |  723 |  18.308594 |     79.769531 |  32.777344 |   0.000000 | 244.000000 | 63.000000 | 138.000000 |   0.000000
 2076 | 2076 | Update  | -0.369904 | -1.375469 |  0.037305 | 8.521686 |  7.023307 | 0.050000 |   14 |  0.000000 |  7.196197 | 10.017097 |  5.408932 |  723 |  18.308594 |     90.308594 |  30.914062 |  46.886719 | 244.000000 | 63.000000 | 138.000000 | 138.000000
 2077 | 2077 | Predict | -0.430956 |  0.032322 |  0.058089 | 8.521686 |  7.023307 | 0.050000 |   14 |  0.000000 |  7.196197 | 10.017097 |  5.408932 |  724 |  18.308594 |     90.308594 |  30.914062 |  46.886719 | 244.000000 | 63.000000 | 138.000000 | 138.000000
 2078 | 2078 | Predict | -1.993173 | -0.888249 |  0.099790 | 8.521686 |  7.023307 | 0.050000 |   14 |  0.000000 |  7.196197 | 10.017097 |  5.408932 |  725 |  18.308594 |     90.308594 |  30.914062 |  46.886719 | 244.000000 | 63.000000 | 138.000000 | 138.000000
 2079 | 2079 | Predict |  0.246603 | -1.114501 |  0.091930 | 8.521686 |  7.023307 | 0.050000 |   14 |  0.000000 |  7.196197 | 10.017097 |  5.408932 |  725 |  18.308594 |     90.308594 |  30.914062 |  46.886719 | 244.000000 | 63.000000 | 138.000000 | 138.000000
 2080 | 2080 | Update  | -1.782483 | -0.864307 |  0.105519 | 8.444417 |  7.054091 | 0.050000 |   14 | 11.552582 |  7.166162 |  9.881876 |  5.298495 |  725 |   8.699219 |     59.253906 |  15.394531 |  27.222656 | 244.000000 | 63.000000 | 138.000000 | 138.000000
 2081 | 2081 | Predict |  0.912191 | -0.561440 |  0.117910 | 8.444417 |  7.054091 | 0.050000 |   14 | 11.552582 |  7.166162 |  9.881876 |  5.298495 |  726 |   8.699219 |     59.253906 |  15.394531 |  27.222656 | 244.000000 | 63.000000 | 138.000000 | 138.000000
 2082 | 2082 | Predict |  0.205901 |  0.359130 |  0.060221 | 8.444417 |  7.054091 | 0.050000 |   14 | 11.552582 |  7.166162 |  9.881876 |  5.298495 |  726 |   8.699219 |     59.253906 |  15.394531 |  27.222656 | 244.000000 | 63.000000 | 138.000000 | 138.000000
 2083 | 2083 | Update  |  0.013168 |  0.058658 |  0.075809 | 8.746269 |  7.029261 | 0.050000 |   14 |  0.000000 |  7.176207 | 10.212421 |  5.368795 |  726 |   8.699219 |     61.824219 |  19.355469 |  27.546875 | 244.000000 | 63.000000 | 138.000000 | 138.000000
 2084 | 2084 | Predict | -1.444901 | -0.396240 |  0.115511 | 8.746269 |  7.029261 | 0.050000 |   14 |  0.000000 |  7.176207 | 10.212421 |  5.368795 |  727 |   8.699219 |     61.824219 |  19.355469 |  27.546875 | 244.000000 | 63.000000 | 138.000000 | 138.000000
 2085 | 2085 | Predict |  0.694318 |  0.375890 |  0.134963 | 8.746269 |  7.029261 | 0.050000 |   14 |  0.000000 |  7.176207 | 10.212421 |  5.368795 |  727 |   8.699219 |     61.824219 |  19.355469 |  27.546875 | 244.000000 | 63.000000 | 138.000000 | 138.000000
 2086 | 2086 | Update  |  0.993594 |  1.140837 |  0.153083 | 8.527210 |  6.963175 | 0.050000 |   14 |  0.000000 |  7.085914 | 10.017097 |  5.398954 |  727 |   8.699219 |     97.304688 |  20.078125 |  49.019531 | 244.000000 | 63.000000 | 138.000000 | 138.000000
 2087 | 2087 | Predict | -0.952892 | -0.500388 |  0.162809 | 8.527210 |  6.963175 | 0.050000 |   14 |  0.000000 |  7.085914 | 10.017097 |  5.398954 |  728 |   8.699219 |     97.304688 |  20.078125 |  49.019531 | 244.000000 | 63.000000 | 138.000000 | 138.000000
 2088 | 2088 | Predict | -0.168791 | -1.567005 |  0.176931 | 8.527210 |  6.963175 | 0.050000 |   14 |  0.000000 |  7.085914 | 10.017097 |  5.398954 |  728 |   8.699219 |     97.304688 |  20.078125 |  49.019531 | 244.000000 | 63.000000 | 138.000000 | 138.000000
 2089 | 2089 | Predict | -0.703895 | -1.096544 |  0.286181 | 8.527210 |  6.963175 | 0.050000 |   14 |  0.000000 |  7.085914 | 10.017097 |  5.398954 |  729 |   8.699219 |     97.304688 |  20.078125 |  49.019531 | 244.000000 | 63.000000 | 138.000000 | 138.000000
 2090 | 2090 | Update  | -0.641646 |  1.120486 |  0.328149 | 8.790099 |  7.058366 | 0.050000 |   14 | 11.913024 |  7.166069 | 10.212421 |  5.288517 |  729 |   9.500000 |    109.707031 |  22.742188 |  44.746094 | 244.000000 | 63.000000 | 138.000000 | 138.000000
 2091 | 2091 | Predict |  1.064223 | -1.110910 |  0.290444 | 8.790099 |  7.058366 | 0.050000 |   14 | 11.913024 |  7.166069 | 10.212421 |  5.288517 |  729 |   9.500000 |    109.707031 |  22.742188 |  44.746094 | 244.000000 | 63.000000 | 138.000000 | 138.000000
 2092 | 2092 | Update  | -1.016339 |  0.225055 |  0.317224 | 8.620138 |  7.078495 | 0.050000 |   14 | 11.834159 |  7.156119 | 10.017098 |  5.228265 |  729 |  18.789062 |    133.539062 |  28.183594 |  63.460938 | 244.000000 | 63.000000 | 138.000000 | 138.000000
 2093 | 2093 | Predict | -0.621295 |  0.293290 |  0.258602 | 8.620138 |  7.078495 | 0.050000 |   14 | 11.834159 |  7.156119 | 10.017098 |  5.228265 |  729 |  18.789062 |    133.539062 |  28.183594 |  63.460938 | 244.000000 | 63.000000 | 138.000000 | 138.000000
 2094 | 2094 | Update  | -0.780510 | -0.530316 |  0.219965 | 8.853175 |  7.034890 | 0.050000 |   14 |  0.000000 |  7.125989 | 10.272526 |  5.288517 |  729 |  18.789062 |     72.984375 |  17.800781 |  43.207031 | 244.000000 | 63.000000 | 138.000000 | 138.000000
 2095 | 2095 | Predict | -0.067038 | -0.118513 |  0.265130 | 8.853175 |  7.034890 | 0.050000 |   14 |  0.000000 |  7.125989 | 10.272526 |  5.288517 |  730 |  18.789062 |     72.984375 |  17.800781 |  43.207031 | 244.000000 | 63.000000 | 138.000000 | 138.000000
 2096 | 2096 | Update  | -0.727837 | -0.264559 |  0.345069 | 8.565845 |  7.040955 | 0.050000 |   14 | 11.755329 |  7.166162 | 10.017098 |  5.328657 |  730 |  17.457031 |    136.347656 |  22.929688 |  63.109375 | 244.000000 | 63.000000 | 138.000000 | 138.000000
 2097 | 2097 | Predict | -0.460884 |  0.272939 |  0.330946 | 8.565845 |  7.040955 | 0.050000 |   14 | 11.755329 |  7.166162 | 10.017098 |  5.328657 |  730 |  17.457031 |    136.347656 |  22.929688 |  63.109375 | 244.000000 | 63.000000 | 138.000000 | 138.000000
 2098 | 2098 | Predict |  0.861913 | -0.142455 |  0.327083 | 8.565845 |  7.040955 | 0.050000 |   14 | 11.755329 |  7.166162 | 10.017098 |  5.328657 |  731 |  17.457031 |    136.347656 |  22.929688 |  63.109375 | 244.000000 | 63.000000 | 138.000000 | 138.000000
 2099 | 2099 | Predict |  0.368707 | -0.615310 |  0.314426 | 8.565845 |  7.040955 | 0.050000 |   14 | 11.755329 |  7.166162 | 10.017098 |  5.328657 |  731 |  17.457031 |    136.347656 |  22.929688 |  63.109375 | 244.000000 | 63.000000 | 138.000000 | 138.000000
 2100 | 2100 | Predict | -0.717063 | -0.468066 |  0.285914 | 8.565845 |  7.040955 | 0.050000 |   14 | 11.755329 |  7.166162 | 10.017098 |  5.328657 |  732 |  17.457031 |    136.347656 |  22.929688 |  63.109375 | 244.000000 | 63.000000 | 138.000000 | 138.000000
 2101 | 2101 | Predict | -0.481235 | -0.495600 |  0.339606 | 8.565845 |  7.040955 | 0.050000 |   14 | 11.755329 |  7.166162 | 10.017098 |  5.328657 |  733 |  17.457031 |    136.347656 |  22.929688 |  63.109375 | 244.000000 | 63.000000 | 138.000000 | 138.000000
 2102 | 2102 | Update  |  0.191536 | -0.069432 |  0.332812 | 8.614788 |  7.080110 | 0.050000 |   14 | 11.632657 |  7.166162 | 10.017098 |  5.238244 |  733 |  11.781250 |    139.816406 |  18.593750 |  48.468750 | 244.000000 | 63.000000 | 138.000000 | 138.000000
 2103 | 2103 | Predict | -0.724246 | -0.343568 |  0.321753 | 8.614788 |  7.080110 | 0.050000 |   14 | 11.632657 |  7.166162 | 10.017098 |  5.238244 |  733 |  11.781250 |    139.816406 |  18.593750 |  48.468750 | 244.000000 | 63.000000 | 138.000000 | 138.000000
 2104 | 2104 | Predict |  0.272939 | -0.104148 |  0.303900 | 8.614788 |  7.080110 | 0.050000 |   14 | 11.632657 |  7.166162 | 10.017098 |  5.238244 |  734 |  11.781250 |    139.816406 |  18.593750 |  48.468750 | 244.000000 | 63.000000 | 138.000000 | 138.000000
 2105 | 2105 | Predict | -1.304840 |  0.039504 |  0.300969 | 8.614788 |  7.080110 | 0.050000 |   14 | 11.632657 |  7.166162 | 10.017098 |  5.238244 |  735 |  11.781250 |    139.816406 |  18.593750 |  48.468750 | 244.000000 | 63.000000 | 138.000000 | 138.000000
 2106 | 2106 | Predict | -0.818817 | -0.338780 |  0.272458 | 8.614788 |  7.080110 | 0.050000 |   14 | 11.632657 |  7.166162 | 10.017098 |  5.238244 |  735 |  11.781250 |    139.816406 |  18.593750 |  48.468750 | 244.000000 | 63.000000 | 138.000000 | 138.000000
 2107 | 2107 | Predict | -0.748188 | -0.124498 |  0.294441 | 8.614788 |  7.080110 | 0.050000 |   14 | 11.632657 |  7.166162 | 10.017098 |  5.238244 |  736 |  11.781250 |    139.816406 |  18.593750 |  48.468750 | 244.000000 | 63.000000 | 138.000000 | 138.000000
 2108 | 2108 | Predict |  0.001197 |  0.065841 |  0.324818 | 8.614788 |  7.080110 | 0.051000 |   14 | 11.632657 |  7.166162 | 10.017098 |  5.238244 |  737 |  11.781250 |    139.816406 |  18.593750 |  48.468750 | 244.000000 | 63.000000 | 138.000000 | 138.000000
 2109 | 2109 | Predict | -0.003591 | -0.646434 |  0.280185 | 8.614788 |  7.080110 | 0.050000 |   14 | 11.632657 |  7.166162 | 10.017098 |  5.238244 |  737 |  11.781250 |    139.816406 |  18.593750 |  48.468750 | 244.000000 | 63.000000 | 138.000000 | 138.000000
 2110 | 2110 | Predict |  0.022745 |  0.414197 |  0.299904 | 8.614788 |  7.080110 | 0.050000 |   14 | 11.632657 |  7.166162 | 10.017098 |  5.238244 |  738 |  11.781250 |    139.816406 |  18.593750 |  48.468750 | 244.000000 | 63.000000 | 138.000000 | 138.000000
 2111 | 2111 | Predict | -0.446519 |  0.112527 |  0.268328 | 8.614788 |  7.080110 | 0.050000 |   14 | 11.632657 |  7.166162 | 10.017098 |  5.238244 |  738 |  11.781250 |    139.816406 |  18.593750 |  48.468750 | 244.000000 | 63.000000 | 138.000000 | 138.000000
 2112 | 2112 | Update  |  0.084994 | -0.797269 |  0.280319 | 8.795544 |  7.074535 | 0.050000 |   14 |  0.000000 |  7.186154 | 10.212422 |  5.278461 |  738 |  11.781250 |    162.500000 |  26.222656 |  71.222656 | 244.000000 | 63.000000 | 138.000000 | 138.000000
 2113 | 2113 | Predict | -0.287304 | -0.003591 |  0.260600 | 8.795544 |  7.074535 | 0.050000 |   14 |  0.000000 |  7.186154 | 10.212422 |  5.278461 |  739 |  11.781250 |    162.500000 |  26.222656 |  71.222656 | 244.000000 | 63.000000 | 138.000000 | 138.000000
 2114 | 2114 | Update  | -0.496797 |  0.003591 |  0.301103 | 9.274866 |  7.412617 | 0.050000 |    7 | 11.741430 |  7.216191 | 10.287533 |  0.000000 |  739 |  28.414062 |    155.000000 |  39.578125 |   0.000000 | 244.000000 | 63.000000 | 138.000000 |   0.000000
 2115 | 2115 | Predict | -1.473631 |  0.429759 |  0.341205 | 9.274866 |  7.412617 | 0.050000 |    7 | 11.741430 |  7.216191 | 10.287533 |  0.000000 |  739 |  28.414062 |    155.000000 |  39.578125 |   0.000000 | 244.000000 | 63.000000 | 138.000000 |   0.000000
 2116 | 2116 | Update  | -0.665588 | -0.969652 |  0.410752 | 8.811808 |  7.064006 | 0.050000 |   14 | 11.824099 |  7.146077 | 10.212421 |  5.248300 |  739 |  33.515625 |    169.242188 |  36.519531 |  84.835938 | 244.000000 | 63.000000 | 138.000000 | 138.000000
 2117 | 2117 | Predict | -0.717063 |  0.277727 |  0.439930 | 8.811808 |  7.064006 | 0.050000 |   14 | 11.824099 |  7.146077 | 10.212421 |  5.248300 |  739 |  33.515625 |    169.242188 |  36.519531 |  84.835938 | 244.000000 | 63.000000 | 138.000000 | 138.000000
 2118 | 2118 | Predict | -0.571017 |  0.514753 |  0.392233 | 8.811808 |  7.064006 | 0.050000 |   14 | 11.824099 |  7.146077 | 10.212421 |  5.248300 |  740 |  33.515625 |    169.242188 |  36.519531 |  84.835938 | 244.000000 | 63.000000 | 138.000000 | 138.000000
 2119 | 2119 | Predict | -1.368286 |  0.456095 |  0.380508 | 8.811808 |  7.064006 | 0.050000 |   14 | 11.824099 |  7.146077 | 10.212421 |  5.248300 |  741 |  33.515625 |    169.242188 |  36.519531 |  84.835938 | 244.000000 | 63.000000 | 138.000000 | 138.000000
 2120 | 2120 | Predict | -0.247800 |  0.009577 |  0.275123 | 8.811808 |  7.064006 | 0.050000 |   14 | 11.824099 |  7.146077 | 10.212421 |  5.248300 |  742 |  33.515625 |    169.242188 |  36.519531 |  84.835938 | 244.000000 | 63.000000 | 138.000000 | 138.000000
 2121 | 2121 | Predict | -0.750582 | -1.067814 |  0.295640 | 8.811808 |  7.064006 | 0.050000 |   14 | 11.824099 |  7.146077 | 10.212421 |  5.248300 |  742 |  33.515625 |    169.242188 |  36.519531 |  84.835938 | 244.000000 | 63.000000 | 138.000000 | 138.000000
 2122 | 2122 | Update  | -0.191536 | -0.480037 |  0.365187 | 8.843985 |  7.125134 | 0.050000 |   14 | 11.906662 |  7.206238 | 10.212422 |  5.188120 |  742 |  17.855469 |    126.308594 |  46.378906 |  92.101562 | 244.000000 | 63.000000 | 138.000000 | 138.000000
 2123 | 2123 | Predict | -0.322020 | -1.860295 |  0.417014 | 8.843985 |  7.125134 | 0.051000 |   14 | 11.906662 |  7.206238 | 10.212422 |  5.188120 |  743 |  17.855469 |    126.308594 |  46.378906 |  92.101562 | 244.000000 | 63.000000 | 138.000000 | 138.000000
 2124 | 2124 | Predict | -0.912191 |  0.542287 |  0.395564 | 8.843985 |  7.125134 | 0.050000 |   14 | 11.906662 |  7.206238 | 10.212422 |  5.188120 |  743 |  17.855469 |    126.308594 |  46.378906 |  92.101562 | 244.000000 | 63.000000 | 138.000000 | 138.000000
 2125 | 2125 | Predict | -0.287304 |  0.720655 |  0.312560 | 8.843985 |  7.125134 | 0.050000 |   14 | 11.906662 |  7.206238 | 10.212422 |  5.188120 |  744 |  17.855469 |    126.308594 |  46.378906 |  92.101562 | 244.000000 | 63.000000 | 138.000000 | 138.000000
 2126 | 2126 | Predict | -0.369904 |  0.110133 |  0.276322 | 8.843985 |  7.125134 | 0.050000 |   14 | 11.906662 |  7.206238 | 10.212422 |  5.188120 |  745 |  17.855469 |    126.308594 |  46.378906 |  92.101562 | 244.000000 | 63.000000 | 138.000000 | 138.000000
 2127 | 2127 | Predict | -1.185130 |  0.524330 |  0.265930 | 8.843985 |  7.125134 | 0.050000 |   14 | 11.906662 |  7.206238 | 10.212422 |  5.188120 |  745 |  17.855469 |    126.308594 |  46.378906 |  92.101562 | 244.000000 | 63.000000 | 138.000000 | 138.000000
 2128 | 2128 | Predict |  0.245406 | -0.876278 |  0.333478 | 8.843985 |  7.125134 | 0.050000 |   14 | 11.906662 |  7.206238 | 10.212422 |  5.188120 |  746 |  17.855469 |    126.308594 |  46.378906 |  92.101562 | 244.000000 | 63.000000 | 138.000000 | 138.000000
 2129 | 2129 | Predict | -1.321599 | -0.284910 |  0.325084 | 8.843985 |  7.125134 | 0.050000 |   14 | 11.906662 |  7.206238 | 10.212422 |  5.188120 |  747 |  17.855469 |    126.308594 |  46.378906 |  92.101562 | 244.000000 | 63.000000 | 138.000000 | 138.000000
 2130 | 2130 | Predict | -0.609324 | -0.384269 |  0.319888 | 8.843985 |  7.125134 | 0.050000 |   14 | 11.906662 |  7.206238 | 10.212422 |  5.188120 |  747 |  17.855469 |    126.308594 |  46.378906 |  92.101562 | 244.000000 | 63.000000 | 138.000000 | 138.000000
 2131 | 2131 | Predict | -1.092953 | -0.805649 |  0.307764 | 8.843985 |  7.125134 | 0.050000 |   14 | 11.906662 |  7.206238 | 10.212422 |  5.188120 |  748 |  17.855469 |    126.308594 |  46.378906 |  92.101562 | 244.000000 | 63.000000 | 138.000000 | 138.000000
 2132 | 2132 | Update  | -0.175974 | -0.641646 |  0.359991 | 8.986444 |  7.190804 | 0.050000 |   14 |  0.000000 |  7.316518 | 10.347637 |  5.188045 |  748 |  17.855469 |     61.433594 |  10.542969 |  47.636719 | 244.000000 | 63.000000 | 138.000000 | 138.000000
 2133 | 2133 | Predict |  0.301669 | -0.074220 |  0.340539 | 8.986444 |  7.190804 | 0.050000 |   14 |  0.000000 |  7.316518 | 10.347637 |  5.188045 |  748 |  17.855469 |     61.433594 |  10.542969 |  47.636719 | 244.000000 | 63.000000 | 138.000000 | 138.000000
 2134 | 2134 | Predict | -0.513556 | -0.272939 |  0.344136 | 8.986444 |  7.190804 | 0.050000 |   14 |  0.000000 |  7.316518 | 10.347637 |  5.188045 |  749 |  17.855469 |     61.433594 |  10.542969 |  47.636719 | 244.000000 | 63.000000 | 138.000000 | 138.000000
 2135 | 2135 | Predict |  0.215478 |  0.566229 |  0.301636 | 8.986444 |  7.190804 | 0.050000 |   14 |  0.000000 |  7.316518 | 10.347637 |  5.188045 |  750 |  17.855469 |     61.433594 |  10.542969 |  47.636719 | 244.000000 | 63.000000 | 138.000000 | 138.000000
 2136 | 2136 | Predict |  0.084994 | -0.816423 |  0.300969 | 8.986444 |  7.190804 | 0.050000 |   14 |  0.000000 |  7.316518 | 10.347637 |  5.188045 |  750 |  17.855469 |     61.433594 |  10.542969 |  47.636719 | 244.000000 | 63.000000 | 138.000000 | 138.000000
 2137 | 2137 | Predict | -1.323994 |  0.943315 |  0.318023 | 8.986444 |  7.190804 | 0.050000 |   14 |  0.000000 |  7.316518 | 10.347637 |  5.188045 |  751 |  17.855469 |     61.433594 |  10.542969 |  47.636719 | 244.000000 | 63.000000 | 138.000000 | 138.000000
 2138 | 2138 | Predict | -0.362722 | -0.453701 |  0.329747 | 8.986444 |  7.190804 | 0.051000 |   14 |  0.000000 |  7.316518 | 10.347637 |  5.188045 |  752 |  17.855469 |     61.433594 |  10.542969 |  47.636719 | 244.000000 | 63.000000 | 138.000000 | 138.000000
 2139 | 2139 | Predict | -1.205481 | -1.814805 |  0.342937 | 8.986444 |  7.190804 | 0.050000 |   14 |  0.000000 |  7.316518 | 10.347637 |  5.188045 |  752 |  17.855469 |     61.433594 |  10.542969 |  47.636719 | 244.000000 | 63.000000 | 138.000000 | 138.000000
 2140 | 2140 | Predict |  0.657208 | -0.017957 |  0.436865 | 8.986444 |  7.190804 | 0.050000 |   14 |  0.000000 |  7.316518 | 10.347637 |  5.188045 |  753 |  17.855469 |     61.433594 |  10.542969 |  47.636719 | 244.000000 | 63.000000 | 138.000000 | 138.000000
 2141 | 2141 | Predict | -1.501164 | -0.627281 |  0.420478 | 8.986444 |  7.190804 | 0.050000 |   14 |  0.000000 |  7.316518 | 10.347637 |  5.188045 |  753 |  17.855469 |     61.433594 |  10.542969 |  47.636719 | 244.000000 | 63.000000 | 138.000000 | 138.000000
 2142 | 2142 | Predict | -1.210269 |  0.198719 |  0.445792 | 8.986444 |  7.190804 | 0.050000 |   14 |  0.000000 |  7.316518 | 10.347637 |  5.188045 |  754 |  17.855469 |     61.433594 |  10.542969 |  47.636719 | 244.000000 | 63.000000 | 138.000000 | 138.000000
 2143 | 2143 | Predict |  0.565032 |  1.187524 |  0.447923 | 8.986444 |  7.190804 | 0.050000 |   14 |  0.000000 |  7.316518 | 10.347637 |  5.188045 |  755 |  17.855469 |     61.433594 |  10.542969 |  47.636719 | 244.000000 | 63.000000 | 138.000000 | 138.000000
 2144 | 2144 | Update  | -0.514753 | -0.360327 |  0.401559 | 9.538688 |  7.369733 | 0.050000 |   11 | 12.086965 |  7.426785 |  0.000000 |  4.916874 |  755 |   8.191406 |     26.230469 |        nan |  68.203125 | 244.000000 | 63.000000 |   0.000000 | 138.000000
 2145 | 2145 | Predict | -1.563414 | -0.120907 |  0.433135 | 9.538688 |  7.369733 | 0.050000 |   11 | 12.086965 |  7.426785 |  0.000000 |  4.916874 |  755 |   8.191406 |     26.230469 |        nan |  68.203125 | 244.000000 | 63.000000 |   0.000000 | 138.000000
 2146 | 2146 | Predict |  0.165200 | -1.553837 |  0.442861 | 9.538688 |  7.369733 | 0.050000 |   11 | 12.086965 |  7.426785 |  0.000000 |  4.916874 |  756 |   8.191406 |     26.230469 |        nan |  68.203125 | 244.000000 | 63.000000 |   0.000000 | 138.000000
 2147 | 2147 | Predict | -0.040701 | -0.447716 |  0.442727 | 9.538688 |  7.369733 | 0.050000 |   11 | 12.086965 |  7.426785 |  0.000000 |  4.916874 |  757 |   8.191406 |     26.230469 |        nan |  68.203125 | 244.000000 | 63.000000 |   0.000000 | 138.000000
 2148 | 2148 | Predict | -0.514753 | -0.130484 |  0.419545 | 9.538688 |  7.369733 | 0.051000 |   11 | 12.086965 |  7.426785 |  0.000000 |  4.916874 |  757 |   8.191406 |     26.230469 |        nan |  68.203125 | 244.000000 | 63.000000 |   0.000000 | 138.000000
 2149 | 2149 | Update  |  0.099359 | -0.581791 |  0.416614 | 9.427757 |  7.429542 | 0.050000 |   11 | 12.090698 |  7.577120 |  0.000000 |  4.997192 |  757 |   8.953125 |     32.992188 |   0.000000 |  90.062500 | 244.000000 | 63.000000 |   0.000000 | 138.000000
 2150 | 2150 | Update  | -0.226252 |  1.265336 |  0.402625 | 9.082661 |  7.434587 | 0.051000 |   14 | 12.193381 |  7.486841 | 10.272526 |  4.846530 |  757 |  12.582031 |     28.554688 |  13.292969 |  97.140625 | 244.000000 | 63.000000 | 138.000000 | 138.000000
 2151 | 2151 | Predict | -0.712275 |  0.293290 |  0.434067 | 9.082661 |  7.434587 | 0.050000 |   14 | 12.193381 |  7.486841 | 10.272526 |  4.846530 |  757 |  12.582031 |     28.554688 |  13.292969 |  97.140625 | 244.000000 | 63.000000 | 138.000000 | 138.000000
 2152 | 2152 | Update  |  0.392649 |  0.000000 |  0.383972 | 9.024539 |  7.371438 | 0.050000 |   14 | 12.100760 |  7.376669 | 10.212422 |  4.836545 |  757 |   6.800781 |      8.996094 |   9.238281 |  81.503906 | 244.000000 | 63.000000 | 138.000000 | 138.000000
 2153 | 2153 | Predict | -0.301669 |  0.582988 |  0.372914 | 9.024539 |  7.371438 | 0.050000 |   14 | 12.100760 |  7.376669 | 10.212422 |  4.836545 |  758 |   6.800781 |      8.996094 |   9.238281 |  81.503906 | 244.000000 | 63.000000 | 138.000000 | 138.000000
 2154 | 2154 | Predict |  0.650026 | -0.615310 |  0.361590 | 9.024539 |  7.371438 | 0.050000 |   14 | 12.100760 |  7.376669 | 10.212422 |  4.836545 |  758 |   6.800781 |      8.996094 |   9.238281 |  81.503906 | 244.000000 | 63.000000 | 138.000000 | 138.000000
 2155 | 2155 | Update  | -0.269348 | -0.628478 |  0.415681 | 9.483537 |  7.854817 | 0.050000 |    7 | 12.179586 |  7.647306 | 10.272526 |  4.826485 |  758 |  13.296875 |     22.796875 |  13.753906 | 128.343750 | 244.000000 | 63.000000 | 138.000000 | 138.000000
 2156 | 2156 | Predict | -0.657208 |  0.444124 |  0.335743 | 9.483537 |  7.854817 | 0.051000 |    7 | 12.179586 |  7.647306 | 10.272526 |  4.826485 |  759 |  13.296875 |     22.796875 |  13.753906 | 128.343750 | 244.000000 | 63.000000 | 138.000000 | 138.000000
 2157 | 2157 | Predict | -0.845153 |  0.089783 |  0.366919 | 9.483537 |  7.854817 | 0.050000 |    7 | 12.179586 |  7.647306 | 10.272526 |  4.826485 |  759 |  13.296875 |     22.796875 |  13.753906 | 128.343750 | 244.000000 | 63.000000 | 138.000000 | 138.000000
 2158 | 2158 | Update  | -0.209493 |  0.293290 |  0.383040 | 9.331754 |  7.923999 | 0.050000 |    7 | 12.198325 |  7.867714 | 10.212422 |  4.665716 |  759 |   7.148438 |     15.878906 |   5.980469 |  85.734375 | 244.000000 | 63.000000 | 138.000000 | 138.000000
 2159 | 2159 | Update  |  0.566229 | -0.418985 |  0.258335 | 9.298419 |  8.064496 | 0.050000 |    7 | 12.275942 |  8.028151 | 10.137309 |  4.695831 |  759 |  13.578125 |     15.546875 |  11.320312 | 104.015625 | 244.000000 | 63.000000 | 138.000000 | 138.000000
 2160 | 2160 | Predict |  0.002394 | -0.542287 |  0.236485 | 9.298419 |  8.064496 | 0.050000 |    7 | 12.275942 |  8.028151 | 10.137309 |  4.695831 |  759 |  13.578125 |     15.546875 |  11.320312 | 104.015625 | 244.000000 | 63.000000 | 138.000000 | 138.000000
 2161 | 2161 | Predict | -0.337582 | -0.015562 |  0.277920 | 9.298419 |  8.064496 | 0.051000 |    7 | 12.275942 |  8.028151 | 10.137309 |  4.695831 |  760 |  13.578125 |     15.546875 |  11.320312 | 104.015625 | 244.000000 | 63.000000 | 138.000000 | 138.000000
 2162 | 2162 | Predict | -0.598550 | -0.075417 |  0.273790 | 9.298419 |  8.064496 | 0.051000 |    7 | 12.275942 |  8.028151 | 10.137309 |  4.695831 |  761 |  13.578125 |     15.546875 |  11.320312 | 104.015625 | 244.000000 | 63.000000 | 138.000000 | 138.000000
 2163 | 2163 | Predict |  0.172383 | -0.408211 |  0.252207 | 9.298419 |  8.064496 | 0.050000 |    7 | 12.275942 |  8.028151 | 10.137309 |  4.695831 |  761 |  13.578125 |     15.546875 |  11.320312 | 104.015625 | 244.000000 | 63.000000 | 138.000000 | 138.000000
 2164 | 2164 | Update  | -1.443704 |  0.017957 |  0.277521 | 9.572387 |  7.649548 | 0.050000 |   11 | 12.325970 |  7.767505 |  0.000000 |  4.746069 |  761 |  15.777344 |     47.753906 |   0.000000 | 110.359375 | 244.000000 | 63.000000 |   0.000000 | 138.000000
 2165 | 2165 | Predict | -0.490811 | -1.485602 |  0.294441 | 9.572387 |  7.649548 | 0.050000 |   11 | 12.325970 |  7.767505 |  0.000000 |  4.746069 |  762 |  15.777344 |     47.753906 |   0.000000 | 110.359375 | 244.000000 | 63.000000 |   0.000000 | 138.000000
 2166 | 2166 | Predict | -0.843956 | -0.045490 |  0.262066 | 9.572387 |  7.649548 | 0.050000 |   11 | 12.325970 |  7.767505 |  0.000000 |  4.746069 |  762 |  15.777344 |     47.753906 |   0.000000 | 110.359375 | 244.000000 | 63.000000 |   0.000000 | 138.000000
 2167 | 2167 | Predict | -0.575805 |  0.991199 |  0.307231 | 9.572387 |  7.649548 | 0.050000 |   11 | 12.325970 |  7.767505 |  0.000000 |  4.746069 |  763 |  15.777344 |     47.753906 |   0.000000 | 110.359375 | 244.000000 | 63.000000 |   0.000000 | 138.000000
 2168 | 2168 | Predict | -0.141258 | -0.337582 |  0.263265 | 9.572387 |  7.649548 | 0.050000 |   11 | 12.325970 |  7.767505 |  0.000000 |  4.746069 |  764 |  15.777344 |     47.753906 |   0.000000 | 110.359375 | 244.000000 | 63.000000 |   0.000000 | 138.000000
 2169 | 2169 | Predict | -1.115698 |  0.955287 |  0.264997 | 9.572387 |  7.649548 | 0.050000 |   11 | 12.325970 |  7.767505 |  0.000000 |  4.746069 |  764 |  15.777344 |     47.753906 |   0.000000 | 110.359375 | 244.000000 | 63.000000 |   0.000000 | 138.000000
 2170 | 2170 | Predict | -0.899023 | -0.365116 |  0.301103 | 9.572387 |  7.649548 | 0.050000 |   11 | 12.325970 |  7.767505 |  0.000000 |  4.746069 |  765 |  15.777344 |     47.753906 |   0.000000 | 110.359375 | 244.000000 | 63.000000 |   0.000000 | 138.000000
 2171 | 2171 | Predict |  0.195127 | -0.141258 |  0.292043 | 9.572387 |  7.649548 | 0.050000 |   11 | 12.325970 |  7.767505 |  0.000000 |  4.746069 |  766 |  15.777344 |     47.753906 |   0.000000 | 110.359375 | 244.000000 | 63.000000 |   0.000000 | 138.000000
 2172 | 2172 | Predict | -0.697910 | -0.362722 |  0.234354 | 9.572387 |  7.649548 | 0.050000 |   11 | 12.325970 |  7.767505 |  0.000000 |  4.746069 |  766 |  15.777344 |     47.753906 |   0.000000 | 110.359375 | 244.000000 | 63.000000 |   0.000000 | 138.000000
 2173 | 2173 | Predict | -0.057461 | -0.263362 |  0.238884 | 9.572387 |  7.649548 | 0.050000 |   11 | 12.325970 |  7.767505 |  0.000000 |  4.746069 |  767 |  15.777344 |     47.753906 |   0.000000 | 110.359375 | 244.000000 | 63.000000 |   0.000000 | 138.000000
 2174 | 2174 | Update  |  0.227449 |  0.798466 |  0.267795 | 8.957499 |  7.741536 | 0.050000 |   14 | 12.419971 |  7.797625 | 10.017097 |  4.555158 |  767 |  27.828125 |     16.937500 |   9.222656 | 109.316406 | 244.000000 | 63.000000 | 138.000000 | 138.000000
 2175 | 2175 | Predict | -1.152808 | -0.999579 |  0.255138 | 8.957499 |  7.741536 | 0.050000 |   14 | 12.419971 |  7.797625 | 10.017097 |  4.555158 |  767 |  27.828125 |     16.937500 |   9.222656 | 109.316406 | 244.000000 | 63.000000 | 138.000000 | 138.000000
 2176 | 2176 | Predict | -1.853112 |  0.628478 |  0.265397 | 8.957499 |  7.741536 | 0.050000 |   14 | 12.419971 |  7.797625 | 10.017097 |  4.555158 |  768 |  27.828125 |     16.937500 |   9.222656 | 109.316406 | 244.000000 | 63.000000 | 138.000000 | 138.000000
 2177 | 2177 | Predict |  0.114922 | -0.647632 |  0.232089 | 8.957499 |  7.741536 | 0.050000 |   14 | 12.419971 |  7.797625 | 10.017097 |  4.555158 |  769 |  27.828125 |     16.937500 |   9.222656 | 109.316406 | 244.000000 | 63.000000 | 138.000000 | 138.000000
 2178 | 2178 | Predict | -0.011971 |  0.020351 |  0.203577 | 8.957499 |  7.741536 | 0.050000 |   14 | 12.419971 |  7.797625 | 10.017097 |  4.555158 |  769 |  27.828125 |     16.937500 |   9.222656 | 109.316406 | 244.000000 | 63.000000 | 138.000000 | 138.000000
 2179 | 2179 | Update  | -2.088941 |  1.798046 |  0.214636 | 9.691310 |  7.794120 | 0.050000 |   11 | 12.432347 |  7.787585 |  0.000000 |  4.394308 |  769 |  13.007812 |      7.277344 |        nan |  50.640625 | 244.000000 | 63.000000 |   0.000000 | 138.000000
 2180 | 2180 | Predict | -0.304064 |  0.330400 |  0.224228 | 9.691310 |  7.794120 | 0.050000 |   11 | 12.432347 |  7.787585 |  0.000000 |  4.394308 |  770 |  13.007812 |      7.277344 |        nan |  50.640625 | 244.000000 | 63.000000 |   0.000000 | 138.000000
 2181 | 2181 | Predict | -1.763330 |  0.695516 |  0.203311 | 9.691310 |  7.794120 | 0.050000 |   11 | 12.432347 |  7.787585 |  0.000000 |  4.394308 |  770 |  13.007812 |      7.277344 |        nan |  50.640625 | 244.000000 | 63.000000 |   0.000000 | 138.000000
 2182 | 2182 | Predict | -0.422577 | -1.248576 |  0.242481 | 9.691310 |  7.794120 | 0.050000 |   11 | 12.432347 |  7.787585 |  0.000000 |  4.394308 |  771 |  13.007812 |      7.277344 |        nan |  50.640625 | 244.000000 | 63.000000 |   0.000000 | 138.000000
 2183 | 2183 | Predict | -0.444124 |  1.284489 |  0.202511 | 9.691310 |  7.794120 | 0.050000 |   11 | 12.432347 |  7.787585 |  0.000000 |  4.394308 |  772 |  13.007812 |      7.277344 |        nan |  50.640625 | 244.000000 | 63.000000 |   0.000000 | 138.000000
 2184 | 2184 | Predict | -1.230620 | -0.990002 |  0.188522 | 9.691310 |  7.794120 | 0.050000 |   11 | 12.432347 |  7.787585 |  0.000000 |  4.394308 |  772 |  13.007812 |      7.277344 |        nan |  50.640625 | 244.000000 | 63.000000 |   0.000000 | 138.000000
 2185 | 2185 | Predict | -1.887828 | -0.056264 |  0.210772 | 9.691310 |  7.794120 | 0.050000 |   11 | 12.432347 |  7.787585 |  0.000000 |  4.394308 |  773 |  13.007812 |      7.277344 |        nan |  50.640625 | 244.000000 | 63.000000 |   0.000000 | 138.000000
 2186 | 2186 | Predict |  0.760159 | -1.304840 |  0.190121 | 9.691310 |  7.794120 | 0.050000 |   11 | 12.432347 |  7.787585 |  0.000000 |  4.394308 |  774 |  13.007812 |      7.277344 |        nan |  50.640625 | 244.000000 | 63.000000 |   0.000000 | 138.000000
 2187 | 2187 | Predict | -0.657208 | -0.732626 |  0.097925 | 9.691310 |  7.794120 | 0.050000 |   11 | 12.432347 |  7.787585 |  0.000000 |  4.394308 |  774 |  13.007812 |      7.277344 |        nan |  50.640625 | 244.000000 | 63.000000 |   0.000000 | 138.000000
 2188 | 2188 | Update  | -0.803255 | -0.488417 |  0.081804 | 9.270797 |  8.037218 | 0.051000 |   14 | 12.513835 |  8.058179 | 10.167325 |  4.203110 |  774 |  22.460938 |      6.941406 |   8.125000 |  50.421875 | 244.000000 | 63.000000 | 138.000000 | 138.000000
 2189 | 2189 | Predict | -0.453701 | -0.792481 |  0.024914 | 9.270797 |  8.037218 | 0.050000 |   14 | 12.513835 |  8.058179 | 10.167325 |  4.203110 |  775 |  22.460938 |      6.941406 |   8.125000 |  50.421875 | 244.000000 | 63.000000 | 138.000000 | 138.000000
 2190 | 2190 | Predict |  0.328006 | -0.895431 |  0.016387 | 9.270797 |  8.037218 | 0.050000 |   14 | 12.513835 |  8.058179 | 10.167325 |  4.203110 |  775 |  22.460938 |      6.941406 |   8.125000 |  50.421875 | 244.000000 | 63.000000 | 138.000000 | 138.000000
 2191 | 2191 | Predict | -1.204283 | -0.517148 |  0.090597 | 9.270797 |  8.037218 | 0.050000 |   14 | 12.513835 |  8.058179 | 10.167325 |  4.203110 |  776 |  22.460938 |      6.941406 |   8.125000 |  50.421875 | 244.000000 | 63.000000 | 138.000000 | 138.000000
 2192 | 2192 | Predict | -0.393846 | -0.802058 |  0.112314 | 9.270797 |  8.037218 | 0.050000 |   14 | 12.513835 |  8.058179 | 10.167325 |  4.203110 |  777 |  22.460938 |      6.941406 |   8.125000 |  50.421875 | 244.000000 | 63.000000 | 138.000000 | 138.000000
 2193 | 2193 | Predict |  1.267730 |  0.076614 |  0.091530 | 9.270797 |  8.037218 | 0.050000 |   14 | 12.513835 |  8.058179 | 10.167325 |  4.203110 |  777 |  22.460938 |      6.941406 |   8.125000 |  50.421875 | 244.000000 | 63.000000 | 138.000000 | 138.000000
 2194 | 2194 | Update  | -0.106542 | -1.009156 |  0.106052 | 9.862137 |  7.864777 | 0.050000 |   13 | 12.558881 |  0.000000 | 10.708172 |  4.172963 |  777 |  20.062500 |      6.941406 |  10.695312 |  37.281250 | 244.000000 |  0.000000 | 138.000000 | 138.000000
 2195 | 2195 | Update  | -1.719037 |  0.720655 |  0.090864 | 9.075480 |  8.087634 | 0.050000 |   14 |  0.000000 |  8.108277 |  9.956990 |  4.152815 |  777 |  20.062500 |      6.218750 |   7.359375 |  45.945312 | 244.000000 | 63.000000 | 138.000000 | 138.000000
 2196 | 2196 | Predict | -1.067814 | -0.208296 |  0.117377 | 9.075480 |  8.087634 | 0.050000 |   14 |  0.000000 |  8.108277 |  9.956990 |  4.152815 |  777 |  20.062500 |      6.218750 |   7.359375 |  45.945312 | 244.000000 | 63.000000 | 138.000000 | 138.000000
 2197 | 2197 | Predict | -0.314838 |  0.134075 |  0.049162 | 9.075480 |  8.087634 | 0.050000 |   14 |  0.000000 |  8.108277 |  9.956990 |  4.152815 |  778 |  20.062500 |      6.218750 |   7.359375 |  45.945312 | 244.000000 | 63.000000 | 138.000000 | 138.000000
 2198 | 2198 | Update  | -0.700304 | -0.826000 |  0.066083 | 9.587146 |  8.137974 | 0.050000 |   11 | 12.593904 |  8.168409 |  0.000000 |  4.122665 |  778 |  18.488281 |      8.585938 |        nan |  52.914062 | 244.000000 | 63.000000 |   0.000000 | 138.000000
 2199 | 2199 | Predict | -0.609324 |  0.316035 |  0.068348 | 9.587146 |  8.137974 | 0.050000 |   11 | 12.593904 |  8.168409 |  0.000000 |  4.122665 |  778 |  18.488281 |      8.585938 |        nan |  52.914062 | 244.000000 | 63.000000 |   0.000000 | 138.000000
 2200 | 2200 | Predict | -1.100136 |  0.387861 |  0.028378 | 9.587146 |  8.137974 | 0.050000 |   11 | 12.593904 |  8.168409 |  0.000000 |  4.122665 |  779 |  18.488281 |      8.585938 |        nan |  52.914062 | 244.000000 | 63.000000 |   0.000000 | 138.000000
 2201 | 2201 | Predict | -0.385466 | -0.002394 | -0.002398 | 9.587146 |  8.137974 | 0.050000 |   11 | 12.593904 |  8.168409 |  0.000000 |  4.122665 |  780 |  18.488281 |      8.585938 |        nan |  52.914062 | 244.000000 | 63.000000 |   0.000000 | 138.000000
 2202 | 2202 | Predict | -0.330400 | -0.776918 | -0.007328 | 9.587146 |  8.137974 | 0.050000 |   11 | 12.593904 |  8.168409 |  0.000000 |  4.122665 |  780 |  18.488281 |      8.585938 |        nan |  52.914062 | 244.000000 | 63.000000 |   0.000000 | 138.000000
 2203 | 2203 | Predict |  0.574608 | -0.653617 | -0.022916 | 9.587146 |  8.137974 | 0.050000 |   11 | 12.593904 |  8.168409 |  0.000000 |  4.122665 |  781 |  18.488281 |      8.585938 |        nan |  52.914062 | 244.000000 | 63.000000 |   0.000000 | 138.000000
 2204 | 2204 | Predict | -0.040701 |  1.720234 |  0.009992 | 9.587146 |  8.137974 | 0.050000 |   11 | 12.593904 |  8.168409 |  0.000000 |  4.122665 |  782 |  18.488281 |      8.585938 |        nan |  52.914062 | 244.000000 | 63.000000 |   0.000000 | 138.000000
 2205 | 2205 | Predict | -1.314417 | -0.171185 |  0.030910 | 9.587146 |  8.137974 | 0.050000 |   11 | 12.593904 |  8.168409 |  0.000000 |  4.122665 |  782 |  18.488281 |      8.585938 |        nan |  52.914062 | 244.000000 | 63.000000 |   0.000000 | 138.000000
 2206 | 2206 | Predict | -1.763330 |  0.781707 |  0.044499 | 9.587146 |  8.137974 | 0.050000 |   11 | 12.593904 |  8.168409 |  0.000000 |  4.122665 |  783 |  18.488281 |      8.585938 |        nan |  52.914062 | 244.000000 | 63.000000 |   0.000000 | 138.000000
 2207 | 2207 | Predict | -0.490811 | -1.034295 | -0.011325 | 9.587146 |  8.137974 | 0.050000 |   11 | 12.593904 |  8.168409 |  0.000000 |  4.122665 |  784 |  18.488281 |      8.585938 |        nan |  52.914062 | 244.000000 | 63.000000 |   0.000000 | 138.000000
 2208 | 2208 | Predict | -2.746149 |  1.547851 | -0.028911 | 9.587146 |  8.137974 | 0.050000 |   11 | 12.593904 |  8.168409 |  0.000000 |  4.122665 |  784 |  18.488281 |      8.585938 |        nan |  52.914062 | 244.000000 | 63.000000 |   0.000000 | 138.000000
 2209 | 2209 | Predict | -0.579397 | -0.726640 | -0.029711 | 9.587146 |  8.137974 | 0.050000 |   11 | 12.593904 |  8.168409 |  0.000000 |  4.122665 |  785 |  18.488281 |      8.585938 |        nan |  52.914062 | 244.000000 | 63.000000 |   0.000000 | 138.000000
 2210 | 2210 | Predict |  0.317232 | -0.454898 | -0.057156 | 9.587146 |  8.137974 | 0.050000 |   11 | 12.593904 |  8.168409 |  0.000000 |  4.122665 |  786 |  18.488281 |      8.585938 |        nan |  52.914062 | 244.000000 | 63.000000 |   0.000000 | 138.000000
 2211 | 2211 | Predict | -0.420182 |  0.991199 | -0.069547 | 9.587146 |  8.137974 | 0.050000 |   11 | 12.593904 |  8.168409 |  0.000000 |  4.122665 |  786 |  18.488281 |      8.585938 |        nan |  52.914062 | 244.000000 | 63.000000 |   0.000000 | 138.000000
 2212 | 2212 | Predict | -0.502782 | -1.487996 | -0.103920 | 9.587146 |  8.137974 | 0.050000 |   11 | 12.593904 |  8.168409 |  0.000000 |  4.122665 |  787 |  18.488281 |      8.585938 |        nan |  52.914062 | 244.000000 | 63.000000 |   0.000000 | 138.000000
 2213 | 2213 | Predict | -2.293645 | -0.164003 | -0.081138 | 9.587146 |  8.137974 | 0.050000 |   11 | 12.593904 |  8.168409 |  0.000000 |  4.122665 |  788 |  18.488281 |      8.585938 |        nan |  52.914062 | 244.000000 | 63.000000 |   0.000000 | 138.000000
 2214 | 2214 | Predict |  1.357512 | -0.171185 | -0.045032 | 9.587146 |  8.137974 | 0.050000 |   11 | 12.593904 |  8.168409 |  0.000000 |  4.122665 |  788 |  18.488281 |      8.585938 |        nan |  52.914062 | 244.000000 | 63.000000 |   0.000000 | 138.000000
 2215 | 2215 | Predict | -0.630872 | -2.075773 |  0.038637 | 9.587146 |  8.137974 | 0.050000 |   11 | 12.593904 |  8.168409 |  0.000000 |  4.122665 |  789 |  18.488281 |      8.585938 |        nan |  52.914062 | 244.000000 | 63.000000 |   0.000000 | 138.000000
 2216 | 2216 | Predict |  0.154426 |  0.306458 |  0.123505 | 9.587146 |  8.137974 | 0.050000 |   11 | 12.593904 |  8.168409 |  0.000000 |  4.122665 |  790 |  18.488281 |      8.585938 |        nan |  52.914062 | 244.000000 | 63.000000 |   0.000000 | 138.000000
 2217 | 2217 | Predict |  0.221464 | -1.237802 |  0.123106 | 9.587146 |  8.137974 | 0.050000 |   11 | 12.593904 |  8.168409 |  0.000000 |  4.122665 |  790 |  18.488281 |      8.585938 |        nan |  52.914062 | 244.000000 | 63.000000 |   0.000000 | 138.000000
 2218 | 2218 | Predict | -1.647211 | -1.788469 |  0.079139 | 9.587146 |  8.137974 | 0.050000 |   11 | 12.593904 |  8.168409 |  0.000000 |  4.122665 |  791 |  18.488281 |      8.585938 |        nan |  52.914062 | 244.000000 | 63.000000 |   0.000000 | 138.000000
 2219 | 2219 | Predict | -0.800860 | -0.263362 | -0.032242 | 9.587146 |  8.137974 | 0.050000 |   11 | 12.593904 |  8.168409 |  0.000000 |  4.122665 |  792 |  18.488281 |      8.585938 |        nan |  52.914062 | 244.000000 | 63.000000 |   0.000000 | 138.000000
 2220 | 2220 | Predict |  0.472855 |  1.017536 | -0.009326 | 9.587146 |  8.137974 | 0.050000 |   11 | 12.593904 |  8.168409 |  0.000000 |  4.122665 |  792 |  18.488281 |      8.585938 |        nan |  52.914062 | 244.000000 | 63.000000 |   0.000000 | 138.000000
 2221 | 2221 | Update  |  1.731008 |  0.539892 | -0.030110 | 9.671322 |  8.448217 | 0.050000 |   11 | 12.861590 |  8.479027 |  0.000000 |  3.820652 |  792 |  38.167969 |     13.164062 |   0.000000 |  66.210938 | 244.000000 | 63.000000 |   0.000000 | 138.000000
 2222 | 2222 | Predict | -0.360327 | -0.816423 |  0.053959 | 9.671322 |  8.448217 | 0.050000 |   11 | 12.861590 |  8.479027 |  0.000000 |  3.820652 |  793 |  38.167969 |     13.164062 |   0.000000 |  66.210938 | 244.000000 | 63.000000 |   0.000000 | 138.000000
 2223 | 2223 | Predict | -1.288081 |  1.092953 |  0.113247 | 9.671322 |  8.448217 | 0.050000 |   11 | 12.861590 |  8.479027 |  0.000000 |  3.820652 |  793 |  38.167969 |     13.164062 |   0.000000 |  66.210938 | 244.000000 | 63.000000 |   0.000000 | 138.000000
 2224 | 2224 | Predict |  0.120907 | -0.761356 |  0.074476 | 9.671322 |  8.448217 | 0.050000 |   11 | 12.861590 |  8.479027 |  0.000000 |  3.820652 |  794 |  38.167969 |     13.164062 |   0.000000 |  66.210938 | 244.000000 | 63.000000 |   0.000000 | 138.000000
 2225 | 2225 | Predict | -2.406173 |  0.175974 |  0.026913 | 9.671322 |  8.448217 | 0.050000 |   11 | 12.861590 |  8.479027 |  0.000000 |  3.820652 |  795 |  38.167969 |     13.164062 |   0.000000 |  66.210938 | 244.000000 | 63.000000 |   0.000000 | 138.000000
 2226 | 2226 | Predict | -0.827197 | -0.626084 |  0.090864 | 9.671322 |  8.448217 | 0.050000 |   11 | 12.861590 |  8.479027 |  0.000000 |  3.820652 |  795 |  38.167969 |     13.164062 |   0.000000 |  66.210938 | 244.000000 | 63.000000 |   0.000000 | 138.000000
 2227 | 2227 | Update  | -0.648829 |  0.960075 |  0.094194 | 9.166042 |  8.642656 | 0.050000 |   14 |  0.000000 |  8.719446 |  9.881876 |  3.740042 |  795 |  38.167969 |     18.542969 |  20.062500 |  74.824219 | 244.000000 | 63.000000 | 138.000000 | 138.000000
 2228 | 2228 | Predict | -0.656011 | -0.690727 |  0.060620 | 9.166042 |  8.642656 | 0.050000 |   14 |  0.000000 |  8.719446 |  9.881876 |  3.740042 |  796 |  38.167969 |     18.542969 |  20.062500 |  74.824219 | 244.000000 | 63.000000 | 138.000000 | 138.000000
 2229 | 2229 | Predict | -1.234211 |  0.010774 |  0.058755 | 9.166042 |  8.642656 | 0.050000 |   14 |  0.000000 |  8.719446 |  9.881876 |  3.740042 |  796 |  38.167969 |     18.542969 |  20.062500 |  74.824219 | 244.000000 | 63.000000 | 138.000000 | 138.000000
 2230 | 2230 | Predict | -0.942118 | -0.533907 |  0.044499 | 9.166042 |  8.642656 | 0.050000 |   14 |  0.000000 |  8.719446 |  9.881876 |  3.740042 |  797 |  38.167969 |     18.542969 |  20.062500 |  74.824219 | 244.000000 | 63.000000 | 138.000000 | 138.000000
 2231 | 2231 | Predict |  0.209493 |  0.094571 | -0.009992 | 9.166042 |  8.642656 | 0.050000 |   14 |  0.000000 |  8.719446 |  9.881876 |  3.740042 |  798 |  38.167969 |     18.542969 |  20.062500 |  74.824219 | 244.000000 | 63.000000 | 138.000000 | 138.000000
 2232 | 2232 | Predict | -0.314838 | -0.922965 | -0.091796 | 9.166042 |  8.642656 | 0.050000 |   14 |  0.000000 |  8.719446 |  9.881876 |  3.740042 |  798 |  38.167969 |     18.542969 |  20.062500 |  74.824219 | 244.000000 | 63.000000 | 138.000000 | 138.000000
 2233 | 2233 | Predict | -1.019930 | -0.472855 | -0.096193 | 9.166042 |  8.642656 | 0.051000 |   14 |  0.000000 |  8.719446 |  9.881876 |  3.740042 |  799 |  38.167969 |     18.542969 |  20.062500 |  74.824219 | 244.000000 | 63.000000 | 138.000000 | 138.000000
 2234 | 2234 | Update  |  0.614113 |  0.052672 | -0.010392 | 9.237515 |  8.728596 | 0.050000 |   14 | 12.966856 |  8.759593 |  9.881874 |  3.548624 |  799 |  30.964844 |     16.210938 |  15.894531 |  67.804688 | 244.000000 | 63.000000 | 138.000000 | 138.000000
 2235 | 2235 | Predict | -1.485602 | -1.984793 | -0.028778 | 9.237515 |  8.728596 | 0.050000 |   14 | 12.966856 |  8.759593 |  9.881874 |  3.548624 |  799 |  30.964844 |     16.210938 |  15.894531 |  67.804688 | 244.000000 | 63.000000 | 138.000000 | 138.000000
 2236 | 2236 | Predict |  1.814805 | -4.045004 | -0.032242 | 9.237515 |  8.728596 | 0.050000 |   14 | 12.966856 |  8.759593 |  9.881874 |  3.548624 |  800 |  30.964844 |     16.210938 |  15.894531 |  67.804688 | 244.000000 | 63.000000 | 138.000000 | 138.000000
 2237 | 2237 | Update  | -0.568623 |  1.203086 |  0.047830 | 9.295791 |  8.818032 | 0.050000 |   14 |  0.000000 |  8.919895 |  9.971999 |  3.639305 |  800 |  30.964844 |     13.734375 |   8.878906 |  68.621094 | 244.000000 | 63.000000 | 138.000000 | 138.000000
 2238 | 2238 | Predict |  0.480037 |  0.679953 |  0.099790 | 9.295791 |  8.818032 | 0.050000 |   14 |  0.000000 |  8.919895 |  9.971999 |  3.639305 |  800 |  30.964844 |     13.734375 |   8.878906 |  68.621094 | 244.000000 | 63.000000 | 138.000000 | 138.000000
 2239 | 2239 | Update  | -1.741782 | -0.256180 |  0.047031 | 9.244836 |  9.138649 | 0.050000 |   13 | 13.107039 |  0.000000 |  9.881875 |  3.528434 |  800 |  16.347656 |     13.734375 |   8.695312 |  41.738281 | 244.000000 |  0.000000 | 138.000000 | 138.000000
 2240 | 2240 | Predict | -0.678756 | -0.034716 |  0.077274 | 9.244836 |  9.138649 | 0.050000 |   13 | 13.107039 |  0.000000 |  9.881875 |  3.528434 |  801 |  16.347656 |     13.734375 |   8.695312 |  41.738281 | 244.000000 |  0.000000 | 138.000000 | 138.000000
 2241 | 2241 | Predict | -0.650026 | -0.597353 |  0.056757 | 9.244836 |  9.138649 | 0.050000 |   13 | 13.107039 |  0.000000 |  9.881875 |  3.528434 |  801 |  16.347656 |     13.734375 |   8.695312 |  41.738281 | 244.000000 |  0.000000 | 138.000000 | 138.000000
 2242 | 2242 | Predict | -0.367510 |  0.517148 |  0.052093 | 9.244836 |  9.138649 | 0.050000 |   13 | 13.107039 |  0.000000 |  9.881875 |  3.528434 |  802 |  16.347656 |     13.734375 |   8.695312 |  41.738281 | 244.000000 |  0.000000 | 138.000000 | 138.000000
 2243 | 2243 | Predict |  0.490811 | -0.930147 |  0.052093 | 9.244836 |  9.138649 | 0.050000 |   13 | 13.107039 |  0.000000 |  9.881875 |  3.528434 |  803 |  16.347656 |     13.734375 |   8.695312 |  41.738281 | 244.000000 |  0.000000 | 138.000000 | 138.000000
 2244 | 2244 | Predict | -1.001973 |  1.425747 |  0.017320 | 9.244836 |  9.138649 | 0.050000 |   13 | 13.107039 |  0.000000 |  9.881875 |  3.528434 |  803 |  16.347656 |     13.734375 |   8.695312 |  41.738281 | 244.000000 |  0.000000 | 138.000000 | 138.000000
 2245 | 2245 | Predict | -0.106542 | -2.094927 | -0.007861 | 9.244836 |  9.138649 | 0.050000 |   13 | 13.107039 |  0.000000 |  9.881875 |  3.528434 |  804 |  16.347656 |     13.734375 |   8.695312 |  41.738281 | 244.000000 |  0.000000 | 138.000000 | 138.000000
 2246 | 2246 | Predict |  0.278924 |  1.259350 | -0.017453 | 9.244836 |  9.138649 | 0.050000 |   13 | 13.107039 |  0.000000 |  9.881875 |  3.528434 |  805 |  16.347656 |     13.734375 |   8.695312 |  41.738281 | 244.000000 |  0.000000 | 138.000000 | 138.000000
 2247 | 2247 | Predict | -0.949301 | -1.289278 |  0.005862 | 9.244836 |  9.138649 | 0.050000 |   13 | 13.107039 |  0.000000 |  9.881875 |  3.528434 |  805 |  16.347656 |     13.734375 |   8.695312 |  41.738281 | 244.000000 |  0.000000 | 138.000000 | 138.000000
 2248 | 2248 | Predict |  0.985214 | -0.197522 | -0.001865 | 9.244836 |  9.138649 | 0.050000 |   13 | 13.107039 |  0.000000 |  9.881875 |  3.528434 |  806 |  16.347656 |     13.734375 |   8.695312 |  41.738281 | 244.000000 |  0.000000 | 138.000000 | 138.000000
 2249 | 2249 | Predict | -0.682347 |  1.476025 |  0.043034 | 9.244836 |  9.138649 | 0.050000 |   13 | 13.107039 |  0.000000 |  9.881875 |  3.528434 |  807 |  16.347656 |     13.734375 |   8.695312 |  41.738281 | 244.000000 |  0.000000 | 138.000000 | 138.000000
 2250 | 2250 | Predict | -0.162806 | -0.612916 | -0.040103 | 9.244836 |  9.138649 | 0.050000 |   13 | 13.107039 |  0.000000 |  9.881875 |  3.528434 |  807 |  16.347656 |     13.734375 |   8.695312 |  41.738281 | 244.000000 |  0.000000 | 138.000000 | 138.000000
 2251 | 2251 | Predict |  0.266953 | -0.839168 | -0.023848 | 9.244836 |  9.138649 | 0.050000 |   13 | 13.107039 |  0.000000 |  9.881875 |  3.528434 |  808 |  16.347656 |     13.734375 |   8.695312 |  41.738281 | 244.000000 |  0.000000 | 138.000000 | 138.000000
 2252 | 2252 | Update  | -0.972046 |  0.165200 | -0.017453 | 9.179715 |  9.055409 | 0.050000 |   14 |  0.000000 |  9.120236 |  9.746649 |  3.326668 |  808 |  16.347656 |      9.937500 |  10.292969 |  78.527344 | 244.000000 | 63.000000 | 138.000000 | 138.000000
 2253 | 2253 | Predict | -0.289698 | -0.343568 |  0.031842 | 9.179715 |  9.055409 | 0.050000 |   14 |  0.000000 |  9.120236 |  9.746649 |  3.326668 |  808 |  16.347656 |      9.937500 |  10.292969 |  78.527344 | 244.000000 | 63.000000 | 138.000000 | 138.000000
 2254 | 2254 | Predict | -1.517924 |  1.903390 | -0.082603 | 9.179715 |  9.055409 | 0.050000 |   14 |  0.000000 |  9.120236 |  9.746649 |  3.326668 |  809 |  16.347656 |      9.937500 |  10.292969 |  78.527344 | 244.000000 | 63.000000 | 138.000000 | 138.000000
 2255 | 2255 | Predict | -0.458490 |  0.732626 | -0.060887 | 9.179715 |  9.055409 | 0.050000 |   14 |  0.000000 |  9.120236 |  9.746649 |  3.326668 |  810 |  16.347656 |      9.937500 |  10.292969 |  78.527344 | 244.000000 | 63.000000 | 138.000000 | 138.000000
 2256 | 2256 | Predict | -1.659182 | -0.314838 | -0.043300 | 9.179715 |  9.055409 | 0.050000 |   14 |  0.000000 |  9.120236 |  9.746649 |  3.326668 |  810 |  16.347656 |      9.937500 |  10.292969 |  78.527344 | 244.000000 | 63.000000 | 138.000000 | 138.000000
 2257 | 2257 | Predict | -0.426168 | -1.295263 | -0.044233 | 9.179715 |  9.055409 | 0.050000 |   14 |  0.000000 |  9.120236 |  9.746649 |  3.326668 |  811 |  16.347656 |      9.937500 |  10.292969 |  78.527344 | 244.000000 | 63.000000 | 138.000000 | 138.000000
 2258 | 2258 | Predict | -1.416170 |  0.201113 | -0.041435 | 9.179715 |  9.055409 | 0.050000 |   14 |  0.000000 |  9.120236 |  9.746649 |  3.326668 |  812 |  16.347656 |      9.937500 |  10.292969 |  78.527344 | 244.000000 | 63.000000 | 138.000000 | 138.000000
 2259 | 2259 | Predict |  0.471658 | -0.486023 | -0.075675 | 9.179715 |  9.055409 | 0.050000 |   14 |  0.000000 |  9.120236 |  9.746649 |  3.326668 |  812 |  16.347656 |      9.937500 |  10.292969 |  78.527344 | 244.000000 | 63.000000 | 138.000000 | 138.000000
 2260 | 2260 | Predict | -1.210269 |  0.477643 | -0.034640 | 9.179715 |  9.055409 | 0.050000 |   14 |  0.000000 |  9.120236 |  9.746649 |  3.326668 |  813 |  16.347656 |      9.937500 |  10.292969 |  78.527344 | 244.000000 | 63.000000 | 138.000000 | 138.000000
 2261 | 2261 | Predict | -0.361524 | -0.617704 | -0.030910 | 9.179715 |  9.055409 | 0.050000 |   14 |  0.000000 |  9.120236 |  9.746649 |  3.326668 |  814 |  16.347656 |      9.937500 |  10.292969 |  78.527344 | 244.000000 | 63.000000 | 138.000000 | 138.000000
 2262 | 2262 | Predict | -1.024718 |  0.190339 | -0.039703 | 9.179715 |  9.055409 | 0.050000 |   14 |  0.000000 |  9.120236 |  9.746649 |  3.326668 |  814 |  16.347656 |      9.937500 |  10.292969 |  78.527344 | 244.000000 | 63.000000 | 138.000000 | 138.000000
 2263 | 2263 | Predict | -1.329979 |  1.296460 | -0.005995 | 9.179715 |  9.055409 | 0.050000 |   14 |  0.000000 |  9.120236 |  9.746649 |  3.326668 |  815 |  16.347656 |      9.937500 |  10.292969 |  78.527344 | 244.000000 | 63.000000 | 138.000000 | 138.000000
 2264 | 2264 | Predict | -2.487576 | -0.502782 | -0.049429 | 9.179715 |  9.055409 | 0.050000 |   14 |  0.000000 |  9.120236 |  9.746649 |  3.326668 |  816 |  16.347656 |      9.937500 |  10.292969 |  78.527344 | 244.000000 | 63.000000 | 138.000000 | 138.000000
 2265 | 2265 | Predict |  0.081403 | -1.547851 | -0.024115 | 9.179715 |  9.055409 | 0.050000 |   14 |  0.000000 |  9.120236 |  9.746649 |  3.326668 |  816 |  16.347656 |      9.937500 |  10.292969 |  78.527344 | 244.000000 | 63.000000 | 138.000000 | 138.000000
 2266 | 2266 | Predict | -0.736217 |  0.506374 | -0.037704 | 9.179715 |  9.055409 | 0.050000 |   14 |  0.000000 |  9.120236 |  9.746649 |  3.326668 |  817 |  16.347656 |      9.937500 |  10.292969 |  78.527344 | 244.000000 | 63.000000 | 138.000000 | 138.000000
 2267 | 2267 | Predict | -0.240617 | -0.210690 | -0.047430 | 9.179715 |  9.055409 | 0.050000 |   14 |  0.000000 |  9.120236 |  9.746649 |  3.326668 |  818 |  16.347656 |      9.937500 |  10.292969 |  78.527344 | 244.000000 | 63.000000 | 138.000000 | 138.000000
 2268 | 2268 | Predict |  0.404620 |  0.763750 |  0.025714 | 9.179715 |  9.055409 | 0.050000 |   14 |  0.000000 |  9.120236 |  9.746649 |  3.326668 |  818 |  16.347656 |      9.937500 |  10.292969 |  78.527344 | 244.000000 | 63.000000 | 138.000000 | 138.000000
 2269 | 2269 | Update  |  0.846350 | -0.591368 |  0.076874 | 9.287604 |  9.587407 | 0.050000 |   13 | 13.419758 |  0.000000 |  9.746649 |  2.993448 |  818 |  21.742188 |     10.519531 |  12.687500 |  91.718750 | 244.000000 | 63.000000 | 138.000000 | 138.000000
 2270 | 2270 | Predict | -1.315614 | -0.281319 |  0.079006 | 9.287604 |  9.587407 | 0.050000 |   13 | 13.419758 |  0.000000 |  9.746649 |  2.993448 |  819 |  21.742188 |     10.519531 |  12.687500 |  91.718750 | 244.000000 | 63.000000 | 138.000000 | 138.000000
 2271 | 2271 | Predict | -0.037110 | -1.155202 |  0.156280 | 9.287604 |  9.587407 | 0.050000 |   13 | 13.419758 |  0.000000 |  9.746649 |  2.993448 |  819 |  21.742188 |     10.519531 |  12.687500 |  91.718750 | 244.000000 | 63.000000 | 138.000000 | 138.000000
 2272 | 2272 | Predict |  1.066617 | -1.288081 |  0.169870 | 9.287604 |  9.587407 | 0.050000 |   13 | 13.419758 |  0.000000 |  9.746649 |  2.993448 |  820 |  21.742188 |     10.519531 |  12.687500 |  91.718750 | 244.000000 | 63.000000 | 138.000000 | 138.000000
 2273 | 2273 | Predict | -0.192733 | -1.254562 |  0.261933 | 9.287604 |  9.587407 | 0.050000 |   13 | 13.419758 |  0.000000 |  9.746649 |  2.993448 |  821 |  21.742188 |     10.519531 |  12.687500 |  91.718750 | 244.000000 | 63.000000 | 138.000000 | 138.000000
 2274 | 2274 | Predict | -1.003170 | -2.712631 |  0.296440 | 9.287604 |  9.587407 | 0.050000 |   13 | 13.419758 |  0.000000 |  9.746649 |  2.993448 |  821 |  21.742188 |     10.519531 |  12.687500 |  91.718750 | 244.000000 | 63.000000 | 138.000000 | 138.000000
 2275 | 2275 | Update  | -0.885855 | -0.125696 |  0.436599 | 9.476212 |  9.543551 | 0.050000 |   11 | 13.501204 |  9.621042 |  0.000000 |  2.922637 |  821 |  17.675781 |      6.093750 |        nan |  87.816406 | 244.000000 | 63.000000 |   0.000000 | 138.000000
 2276 | 2276 | Predict | -0.500388 |  1.013944 |  0.482963 | 9.476212 |  9.543551 | 0.050000 |   11 | 13.501204 |  9.621042 |  0.000000 |  2.922637 |  822 |  17.675781 |      6.093750 |        nan |  87.816406 | 244.000000 | 63.000000 |   0.000000 | 138.000000
 2277 | 2277 | Predict | -0.357933 | -0.987608 |  0.394764 | 9.476212 |  9.543551 | 0.050000 |   11 | 13.501204 |  9.621042 |  0.000000 |  2.922637 |  822 |  17.675781 |      6.093750 |        nan |  87.816406 | 244.000000 | 63.000000 |   0.000000 | 138.000000
 2278 | 2278 | Update  | -1.188721 |  1.195904 |  0.420478 | 9.594001 |  9.466698 | 0.050000 |   11 | 13.543653 |  9.561028 |  0.000000 |  3.043984 |  822 |  32.683594 |      6.093750 |   0.000000 | 119.339844 | 244.000000 | 63.000000 |   0.000000 | 138.000000
 2279 | 2279 | Predict | -0.478840 |  1.138443 |  0.343470 | 9.594001 |  9.466698 | 0.050000 |   11 | 13.543653 |  9.561028 |  0.000000 |  3.043984 |  823 |  32.683594 |      6.093750 |   0.000000 | 119.339844 | 244.000000 | 63.000000 |   0.000000 | 138.000000
 2280 | 2280 | Predict | -0.015562 | -1.030704 |  0.319355 | 9.594001 |  9.466698 | 0.050000 |   11 | 13.543653 |  9.561028 |  0.000000 |  3.043984 |  823 |  32.683594 |      6.093750 |   0.000000 | 119.339844 | 244.000000 | 63.000000 |   0.000000 | 138.000000
 2281 | 2281 | Update  |  0.351948 |  1.253365 |  0.350265 | 9.350915 |  9.411312 | 0.050000 |   14 |  0.000000 |  9.470810 |  9.806757 |  2.983324 |  823 |  32.683594 |      8.730469 |  10.894531 |  94.054688 | 244.000000 | 63.000000 | 138.000000 | 138.000000
 2282 | 2282 | Predict | -0.463278 |  0.597353 |  0.316424 | 9.350915 |  9.411312 | 0.050000 |   14 |  0.000000 |  9.470810 |  9.806757 |  2.983324 |  824 |  32.683594 |      8.730469 |  10.894531 |  94.054688 | 244.000000 | 63.000000 | 138.000000 | 138.000000
 2283 | 2283 | Predict |  0.325611 |  0.169988 |  0.376245 | 9.350915 |  9.411312 | 0.050000 |   14 |  0.000000 |  9.470810 |  9.806757 |  2.983324 |  824 |  32.683594 |      8.730469 |  10.894531 |  94.054688 | 244.000000 | 63.000000 | 138.000000 | 138.000000
 2284 | 2284 | Update  | -1.179144 | -0.737414 |  0.374513 | 9.309065 |  9.527816 | 0.050000 |   14 |  0.000000 |  9.601068 |  9.746649 |  2.922639 |  824 |  32.683594 |     13.148438 |  12.421875 |  79.160156 | 244.000000 | 63.000000 | 138.000000 | 138.000000
 2285 | 2285 | Update  | -0.860716 | -0.143652 |  0.384505 | 9.341762 |  9.522452 | 0.050000 |   14 | 14.476089 |  9.560930 |  9.746648 |  2.811326 |  824 |  28.566406 |     32.269531 |  26.972656 |  77.941406 | 244.000000 | 63.000000 | 138.000000 | 138.000000
 2286 | 2286 | Predict |  0.038307 | -0.299275 |  0.353596 | 9.341762 |  9.522452 | 0.050000 |   14 | 14.476089 |  9.560930 |  9.746648 |  2.811326 |  824 |  28.566406 |     32.269531 |  26.972656 |  77.941406 | 244.000000 | 63.000000 | 138.000000 | 138.000000
 2287 | 2287 | Predict | -0.468066 | -0.116119 |  0.262199 | 9.341762 |  9.522452 | 0.050000 |   14 | 14.476089 |  9.560930 |  9.746648 |  2.811326 |  825 |  28.566406 |     32.269531 |  26.972656 |  77.941406 | 244.000000 | 63.000000 | 138.000000 | 138.000000
 2288 | 2288 | Update  | -0.068235 | -0.409408 |  0.314159 | 9.216346 |  9.529483 | 0.050000 |   14 | 13.431063 |  9.561028 |  9.611418 |  2.780986 |  825 |  21.503906 |     27.664062 |  22.363281 |  71.406250 | 244.000000 | 63.000000 | 138.000000 | 138.000000
 2289 | 2289 | Predict | -1.256956 | -0.215478 |  0.314292 | 9.216346 |  9.529483 | 0.050000 |   14 | 13.431063 |  9.561028 |  9.611418 |  2.780986 |  825 |  21.503906 |     27.664062 |  22.363281 |  71.406250 | 244.000000 | 63.000000 | 138.000000 | 138.000000
 2290 | 2290 | Update  | -0.166397 |  1.012747 |  0.304966 | 9.216368 |  9.513789 | 0.050000 |   14 |  0.000000 |  9.540960 |  9.611418 |  2.780908 |  825 |  21.503906 |     34.625000 |  27.433594 |  70.707031 | 244.000000 | 63.000000 | 138.000000 | 138.000000
 2291 | 2291 | Predict |  0.520739 | -0.713472 |  0.247810 | 9.216368 |  9.513789 | 0.050000 |   14 |  0.000000 |  9.540960 |  9.611418 |  2.780908 |  826 |  21.503906 |     34.625000 |  27.433594 |  70.707031 | 244.000000 | 63.000000 | 138.000000 | 138.000000
 2292 | 2292 | Predict | -0.062249 | -1.205481 |  0.248876 | 9.216368 |  9.513789 | 0.050000 |   14 |  0.000000 |  9.540960 |  9.611418 |  2.780908 |  826 |  21.503906 |     34.625000 |  27.433594 |  70.707031 | 244.000000 | 63.000000 | 138.000000 | 138.000000
 2293 | 2293 | Update  | -0.175974 | -0.287304 |  0.250608 | 9.250237 |  9.603851 | 0.050000 |   14 | 13.426085 |  9.621140 |  9.611419 |  2.659391 |  826 |   8.148438 |     28.386719 |  19.562500 |  57.679688 | 244.000000 | 63.000000 | 138.000000 | 138.000000
 2294 | 2294 | Predict |  0.138864 | -0.854730 |  0.241149 | 9.250237 |  9.603851 | 0.051000 |   14 | 13.426085 |  9.621140 |  9.611419 |  2.659391 |  827 |   8.148438 |     28.386719 |  19.562500 |  57.679688 | 244.000000 | 63.000000 | 138.000000 | 138.000000
 2295 | 2295 | Predict | -0.104148 |  0.259771 |  0.299904 | 9.250237 |  9.603851 | 0.050000 |   14 | 13.426085 |  9.621140 |  9.611419 |  2.659391 |  827 |   8.148438 |     28.386719 |  19.562500 |  57.679688 | 244.000000 | 63.000000 | 138.000000 | 138.000000
 2296 | 2296 | Predict | -1.077391 | -0.985214 |  0.314959 | 9.250237 |  9.603851 | 0.050000 |   14 | 13.426085 |  9.621140 |  9.611419 |  2.659391 |  828 |   8.148438 |     28.386719 |  19.562500 |  57.679688 | 244.000000 | 63.000000 | 138.000000 | 138.000000
 2297 | 2297 | Predict | -0.714669 | -0.764947 |  0.341871 | 9.250237 |  9.603851 | 0.050000 |   14 | 13.426085 |  9.621140 |  9.611419 |  2.659391 |  829 |   8.148438 |     28.386719 |  19.562500 |  57.679688 | 244.000000 | 63.000000 | 138.000000 | 138.000000
 2298 | 2298 | Predict | -1.367089 |  0.189142 |  0.365453 | 9.250237 |  9.603851 | 0.050000 |   14 | 13.426085 |  9.621140 |  9.611419 |  2.659391 |  829 |   8.148438 |     28.386719 |  19.562500 |  57.679688 | 244.000000 | 63.000000 | 138.000000 | 138.000000
 2299 | 2299 | Predict |  0.280122 | -0.301669 |  0.396363 | 9.250237 |  9.603851 | 0.050000 |   14 | 13.426085 |  9.621140 |  9.611419 |  2.659391 |  830 |   8.148438 |     28.386719 |  19.562500 |  57.679688 | 244.000000 | 63.000000 | 138.000000 | 138.000000
 2300 | 2300 | Predict |  0.033519 | -1.053449 |  0.371848 | 9.250237 |  9.603851 | 0.050000 |   14 | 13.426085 |  9.621140 |  9.611419 |  2.659391 |  831 |   8.148438 |     28.386719 |  19.562500 |  57.679688 | 244.000000 | 63.000000 | 138.000000 | 138.000000
 2301 | 2301 | Predict | -0.573411 | -0.955287 |  0.346534 | 9.250237 |  9.603851 | 0.050000 |   14 | 13.426085 |  9.621140 |  9.611419 |  2.659391 |  831 |   8.148438 |     28.386719 |  19.562500 |  57.679688 | 244.000000 | 63.000000 | 138.000000 | 138.000000
 2302 | 2302 | Predict | -0.921768 | -0.818817 |  0.328815 | 9.250237 |  9.603851 | 0.050000 |   14 | 13.426085 |  9.621140 |  9.611419 |  2.659391 |  832 |   8.148438 |     28.386719 |  19.562500 |  57.679688 | 244.000000 | 63.000000 | 138.000000 | 138.000000
 2303 | 2303 | Update  | -0.554258 | -0.592565 |  0.359724 | 9.775137 |  9.612604 | 0.050000 |   11 | 13.779033 |  9.711266 |  0.000000 |  2.932767 |  832 |   4.632812 |     29.804688 |        nan |  80.742188 | 244.000000 | 63.000000 |   0.000000 | 138.000000
 2304 | 2304 | Predict | -1.386243 |  0.342371 |  0.378243 | 9.775137 |  9.612604 | 0.050000 |   11 | 13.779033 |  9.711266 |  0.000000 |  2.932767 |  832 |   4.632812 |     29.804688 |        nan |  80.742188 | 244.000000 | 63.000000 |   0.000000 | 138.000000
 2305 | 2305 | Predict | -2.097321 |  0.214281 |  0.309896 | 9.775137 |  9.612604 | 0.050000 |   11 | 13.779033 |  9.711266 |  0.000000 |  2.932767 |  833 |   4.632812 |     29.804688 |        nan |  80.742188 | 244.000000 | 63.000000 |   0.000000 | 138.000000
 2306 | 2306 | Update  |  0.271742 |  0.025139 |  0.357992 | 9.425782 |  9.696084 | 0.050000 |   14 | 13.966739 |  9.771279 |  9.821768 |  2.780908 |  833 |  19.652344 |     45.476562 |  31.531250 | 101.812500 | 244.000000 | 63.000000 | 138.000000 | 138.000000
 2307 | 2307 | Predict | -0.356736 |  1.412579 |  0.315225 | 9.425782 |  9.696084 | 0.050000 |   14 | 13.966739 |  9.771279 |  9.821768 |  2.780908 |  833 |  19.652344 |     45.476562 |  31.531250 | 101.812500 | 244.000000 | 63.000000 | 138.000000 | 138.000000
 2308 | 2308 | Update  | -0.548272 | -0.199916 |  0.316957 | 9.292877 |  9.669858 | 0.050000 |   14 |  0.000000 |  9.721298 |  9.671529 |  2.720128 |  833 |  19.652344 |     17.570312 |  10.933594 |  72.765625 | 244.000000 | 63.000000 | 138.000000 | 138.000000
 2309 | 2309 | Predict | -0.079009 |  0.314838 |  0.274856 | 9.292877 |  9.669858 | 0.051000 |   14 |  0.000000 |  9.721298 |  9.671529 |  2.720128 |  834 |  19.652344 |     17.570312 |  10.933594 |  72.765625 | 244.000000 | 63.000000 | 138.000000 | 138.000000
 2310 | 2310 | Predict | -0.202310 | -0.786495 |  0.301769 | 9.292877 |  9.669858 | 0.050000 |   14 |  0.000000 |  9.721298 |  9.671529 |  2.720128 |  834 |  19.652344 |     17.570312 |  10.933594 |  72.765625 | 244.000000 | 63.000000 | 138.000000 | 138.000000
 2311 | 2311 | Predict | -0.021548 |  0.086191 |  0.316957 | 9.292877 |  9.669858 | 0.050000 |   14 |  0.000000 |  9.721298 |  9.671529 |  2.720128 |  835 |  19.652344 |     17.570312 |  10.933594 |  72.765625 | 244.000000 | 63.000000 | 138.000000 | 138.000000
 2312 | 2312 | Update  | -0.229843 | -0.252588 |  0.322020 | 9.302088 |  9.705323 | 0.050000 |   14 |  0.000000 |  9.771376 |  9.686539 |  2.740417 |  835 |  19.652344 |     25.878906 |  14.226562 | 111.132812 | 244.000000 | 63.000000 | 138.000000 | 138.000000
 2313 | 2313 | Predict | -1.198298 | -0.371101 |  0.414216 | 9.302088 |  9.705323 | 0.051000 |   14 |  0.000000 |  9.771376 |  9.686539 |  2.740417 |  835 |  19.652344 |     25.878906 |  14.226562 | 111.132812 | 244.000000 | 63.000000 | 138.000000 | 138.000000
 2314 | 2314 | Predict |  0.177171 |  1.349133 |  0.352397 | 9.302088 |  9.705323 | 0.050000 |   14 |  0.000000 |  9.771376 |  9.686539 |  2.740417 |  836 |  19.652344 |     25.878906 |  14.226562 | 111.132812 | 244.000000 | 63.000000 | 138.000000 | 138.000000
 2315 | 2315 | Update  | -0.505177 | -0.851139 |  0.312827 | 9.135345 |  9.685382 | 0.050000 |   14 |  0.000000 |  9.721203 |  9.491196 |  2.649239 |  836 |  19.652344 |     29.980469 |  23.917969 | 141.019531 | 244.000000 | 63.000000 | 138.000000 | 138.000000
 2316 | 2316 | Predict | -0.039504 | -0.258574 |  0.309363 | 9.135345 |  9.685382 | 0.050000 |   14 |  0.000000 |  9.721203 |  9.491196 |  2.649239 |  836 |  19.652344 |     29.980469 |  23.917969 | 141.019531 | 244.000000 | 63.000000 | 138.000000 | 138.000000
 2317 | 2317 | Update  | -1.285686 | -1.096544 |  0.299504 | 9.089601 |  9.683125 | 0.051000 |   14 | 13.782766 |  9.691193 |  9.416071 |  2.547741 |  836 |  13.550781 |     27.765625 |  23.734375 | 135.328125 | 244.000000 | 63.000000 | 138.000000 | 138.000000
 2318 | 2318 | Predict | -0.379481 |  0.096965 |  0.322686 | 9.089601 |  9.683125 | 0.050000 |   14 | 13.782766 |  9.691193 |  9.416071 |  2.547741 |  837 |  13.550781 |     27.765625 |  23.734375 | 135.328125 | 244.000000 | 63.000000 | 138.000000 | 138.000000
 2319 | 2319 | Predict | -0.282516 |  0.226252 |  0.344936 | 9.089601 |  9.683125 | 0.050000 |   14 | 13.782766 |  9.691193 |  9.416071 |  2.547741 |  837 |  13.550781 |     27.765625 |  23.734375 | 135.328125 | 244.000000 | 63.000000 | 138.000000 | 138.000000
 2320 | 2320 | Predict |  0.264559 | -0.385466 |  0.395564 | 9.089601 |  9.683125 | 0.050000 |   14 | 13.782766 |  9.691193 |  9.416071 |  2.547741 |  838 |  13.550781 |     27.765625 |  23.734375 | 135.328125 | 244.000000 | 63.000000 | 138.000000 | 138.000000
 2321 | 2321 | Update  | -0.672771 | -0.439336 |  0.412617 | 8.982436 |  9.715565 | 0.051000 |   14 |  0.000000 |  9.781318 |  9.355958 |  2.730273 |  838 |  13.550781 |     15.531250 |  16.011719 | 110.281250 | 244.000000 | 63.000000 | 138.000000 | 138.000000
 2322 | 2322 | Predict | -0.292093 |  0.593762 |  0.407688 | 8.982436 |  9.715565 | 0.050000 |   14 |  0.000000 |  9.781318 |  9.355958 |  2.730273 |  839 |  13.550781 |     15.531250 |  16.011719 | 110.281250 | 244.000000 | 63.000000 | 138.000000 | 138.000000
 2323 | 2323 | Predict | -1.371878 |  0.621295 |  0.396363 | 8.982436 |  9.715565 | 0.050000 |   14 |  0.000000 |  9.781318 |  9.355958 |  2.730273 |  839 |  13.550781 |     15.531250 |  16.011719 | 110.281250 | 244.000000 | 63.000000 | 138.000000 | 138.000000
 2324 | 2324 | Predict | -1.017536 | -0.520739 |  0.473237 | 8.982436 |  9.715565 | 0.050000 |   14 |  0.000000 |  9.781318 |  9.355958 |  2.730273 |  840 |  13.550781 |     15.531250 |  16.011719 | 110.281250 | 244.000000 | 63.000000 | 138.000000 | 138.000000
 2325 | 2325 | Predict |  0.792481 |  0.860716 |  0.512541 | 8.982436 |  9.715565 | 0.050000 |   14 |  0.000000 |  9.781318 |  9.355958 |  2.730273 |  840 |  13.550781 |     15.531250 |  16.011719 | 110.281250 | 244.000000 | 63.000000 | 138.000000 | 138.000000
 2326 | 2326 | Update  |  0.969652 | -0.294487 |  0.443527 | 8.960045 |  9.795283 | 0.051000 |   14 |  0.000000 |  9.831393 |  9.280832 |  2.547818 |  840 |  13.550781 |     15.824219 |  10.871094 | 146.578125 | 244.000000 | 63.000000 | 138.000000 | 138.000000
 2327 | 2327 | Predict | -1.076194 | -0.883460 |  0.438464 | 8.960045 |  9.795283 | 0.050000 |   14 |  0.000000 |  9.831393 |  9.280832 |  2.547818 |  841 |  13.550781 |     15.824219 |  10.871094 | 146.578125 | 244.000000 | 63.000000 | 138.000000 | 138.000000
 2328 | 2328 | Predict | -0.009577 |  0.362722 |  0.436332 | 8.960045 |  9.795283 | 0.050000 |   14 |  0.000000 |  9.831393 |  9.280832 |  2.547818 |  841 |  13.550781 |     15.824219 |  10.871094 | 146.578125 | 244.000000 | 63.000000 | 138.000000 | 138.000000
 2329 | 2329 | Update  | -0.269348 |  0.758962 |  0.405956 | 8.962712 |  9.829824 | 0.050000 |   14 | 13.479839 |  9.871526 |  9.280831 |  2.537578 |  841 |  10.378906 |     41.480469 |  28.214844 | 187.195312 | 244.000000 | 63.000000 | 138.000000 | 138.000000
 2330 | 2330 | Update  | -1.935712 |  0.335188 |  0.401293 | 8.950099 |  9.832630 | 0.050000 |   14 |  0.000000 |  9.901543 |  9.295843 |  2.639010 |  841 |  10.378906 |     33.972656 |  21.113281 | 159.761719 | 244.000000 | 63.000000 | 138.000000 | 138.000000
 2331 | 2331 | Predict | -0.566229 | -0.548272 |  0.403691 | 8.950099 |  9.832630 | 0.050000 |   14 |  0.000000 |  9.901543 |  9.295843 |  2.639010 |  841 |  10.378906 |     33.972656 |  21.113281 | 159.761719 | 244.000000 | 63.000000 | 138.000000 | 138.000000
 2332 | 2332 | Update  |  0.001197 | -0.602142 |  0.370916 | 8.938533 |  9.818532 | 0.050000 |   14 |  0.000000 |  9.881471 |  9.280832 |  2.628933 |  841 |  10.378906 |     37.625000 |  28.277344 | 162.632812 | 244.000000 | 63.000000 | 138.000000 | 138.000000
 2333 | 2333 | Update  |  0.058658 | -0.932542 |  0.378910 | 8.903066 |  9.803373 | 0.051000 |   14 |  0.000000 |  9.841426 |  9.220716 |  2.547817 |  841 |  10.378906 |     17.878906 |  18.273438 | 103.507812 | 244.000000 | 63.000000 | 138.000000 | 138.000000
 2334 | 2334 | Predict | -1.794454 |  1.167173 |  0.415282 | 8.903066 |  9.803373 | 0.050000 |   14 |  0.000000 |  9.841426 |  9.220716 |  2.547817 |  841 |  10.378906 |     17.878906 |  18.273438 | 103.507812 | 244.000000 | 63.000000 | 138.000000 | 138.000000
 2335 | 2335 | Predict | -0.646434 |  0.700304 |  0.371848 | 8.903066 |  9.803373 | 0.050000 |   14 |  0.000000 |  9.841426 |  9.220716 |  2.547817 |  842 |  10.378906 |     17.878906 |  18.273438 | 103.507812 | 244.000000 | 63.000000 | 138.000000 | 138.000000
 2336 | 2336 | Update  | -0.480037 | -0.876278 |  0.397562 | 8.765555 |  9.811039 | 0.050000 |   14 |  0.000000 |  9.861494 |  9.085470 |  2.588384 |  842 |  10.378906 |     27.308594 |  20.015625 | 133.066406 | 244.000000 | 63.000000 | 138.000000 | 138.000000
 2337 | 2337 | Predict | -0.299275 | -0.660800 |  0.384905 | 8.765555 |  9.811039 | 0.050000 |   14 |  0.000000 |  9.861494 |  9.085470 |  2.588384 |  842 |  10.378906 |     27.308594 |  20.015625 | 133.066406 | 244.000000 | 63.000000 | 138.000000 | 138.000000
 2338 | 2338 | Predict |  0.429759 |  0.010774 |  0.447124 | 8.765555 |  9.811039 | 0.050000 |   14 |  0.000000 |  9.861494 |  9.085470 |  2.588384 |  843 |  10.378906 |     27.308594 |  20.015625 | 133.066406 | 244.000000 | 63.000000 | 138.000000 | 138.000000
 2339 | 2339 | Update  | -0.474052 |  0.772130 |  0.368384 | 8.762857 |  9.873876 | 0.050000 |   14 | 13.474862 |  9.941579 |  9.085471 |  2.598541 |  843 |  17.675781 |     31.406250 |  35.687500 | 138.609375 | 244.000000 | 63.000000 | 138.000000 | 138.000000
 2340 | 2340 | Predict | -0.189142 |  0.184354 |  0.311495 | 8.762857 |  9.873876 | 0.050000 |   14 | 13.474862 |  9.941579 |  9.085471 |  2.598541 |  843 |  17.675781 |     31.406250 |  35.687500 | 138.609375 | 244.000000 | 63.000000 | 138.000000 | 138.000000
 2341 | 2341 | Predict | -0.087388 |  0.371101 |  0.207708 | 8.762857 |  9.873876 | 0.050000 |   14 | 13.474862 |  9.941579 |  9.085471 |  2.598541 |  844 |  17.675781 |     31.406250 |  35.687500 | 138.609375 | 244.000000 | 63.000000 | 138.000000 | 138.000000
 2342 | 2342 | Predict |  0.532710 | -0.566229 |  0.216368 | 8.762857 |  9.873876 | 0.050000 |   14 | 13.474862 |  9.941579 |  9.085471 |  2.598541 |  845 |  17.675781 |     31.406250 |  35.687500 | 138.609375 | 244.000000 | 63.000000 | 138.000000 | 138.000000
 2343 | 2343 | Update  |  1.705869 | -1.271321 |  0.254871 | 8.654367 |  9.786744 | 0.051000 |   14 | 13.399776 |  9.831393 |  8.965232 |  2.588384 |  845 |  31.140625 |     38.585938 |  67.785156 | 181.570312 | 244.000000 | 63.000000 | 138.000000 | 138.000000
 2344 | 2344 | Predict |  0.096965 | -0.556652 |  0.386504 | 8.654367 |  9.786744 | 0.050000 |   14 | 13.399776 |  9.831393 |  8.965232 |  2.588384 |  845 |  31.140625 |     38.585938 |  67.785156 | 181.570312 | 244.000000 | 63.000000 | 138.000000 | 138.000000
 2345 | 2345 | Predict | -0.256180 |  0.231040 |  0.393032 | 8.654367 |  9.786744 | 0.050000 |   14 | 13.399776 |  9.831393 |  8.965232 |  2.588384 |  846 |  31.140625 |     38.585938 |  67.785156 | 181.570312 | 244.000000 | 63.000000 | 138.000000 | 138.000000
 2346 | 2346 | Predict |  0.547075 | -0.648829 |  0.373714 | 8.654367 |  9.786744 | 0.050000 |   14 | 13.399776 |  9.831393 |  8.965232 |  2.588384 |  846 |  31.140625 |     38.585938 |  67.785156 | 181.570312 | 244.000000 | 63.000000 | 138.000000 | 138.000000
 2347 | 2347 | Update  |  1.659182 |  0.160412 |  0.323352 | 8.729728 |  9.839203 | 0.050000 |   14 |  0.000000 |  9.931548 |  9.085471 |  2.720128 |  846 |  31.140625 |     16.488281 |  21.863281 | 167.492188 | 244.000000 | 63.000000 | 138.000000 | 138.000000
 2348 | 2348 | Update  |  0.964863 | -1.266533 |  0.349599 | 8.612864 |  9.867401 | 0.051000 |   14 |  0.000000 |  9.971684 |  8.965232 |  2.740418 |  846 |  31.140625 |     27.328125 |  44.984375 | 171.160156 | 244.000000 | 63.000000 | 138.000000 | 138.000000
 2349 | 2349 | Predict | -2.209848 | -0.031125 |  0.415815 | 8.612864 |  9.867401 | 0.050000 |   14 |  0.000000 |  9.971684 |  8.965232 |  2.740418 |  846 |  31.140625 |     27.328125 |  44.984375 | 171.160156 | 244.000000 | 63.000000 | 138.000000 | 138.000000
 2350 | 2350 | Predict | -0.624887 |  0.231040 |  0.304966 | 8.612864 |  9.867401 | 0.050000 |   14 |  0.000000 |  9.971684 |  8.965232 |  2.740418 |  847 |  31.140625 |     27.328125 |  44.984375 | 171.160156 | 244.000000 | 63.000000 | 138.000000 | 138.000000
 2351 | 2351 | Update  | -1.140837 | -0.137667 |  0.317357 | 8.503652 |  9.805272 | 0.050000 |   14 |  0.000000 |  9.881471 |  8.829978 |  2.689764 |  847 |  31.140625 |     21.277344 |  31.546875 | 177.175781 | 244.000000 | 63.000000 | 138.000000 | 138.000000
 2352 | 2352 | Predict | -0.471658 | -0.859518 |  0.344136 | 8.503652 |  9.805272 | 0.050000 |   14 |  0.000000 |  9.881471 |  8.829978 |  2.689764 |  847 |  31.140625 |     21.277344 |  31.546875 | 177.175781 | 244.000000 | 63.000000 | 138.000000 | 138.000000
 2353 | 2353 | Predict | -0.573411 |  0.082600 |  0.320288 | 8.503652 |  9.805272 | 0.050000 |   14 |  0.000000 |  9.881471 |  8.829978 |  2.689764 |  848 |  31.140625 |     21.277344 |  31.546875 | 177.175781 | 244.000000 | 63.000000 | 138.000000 | 138.000000
 2354 | 2354 | Predict | -0.004788 | -1.283292 |  0.258735 | 8.503652 |  9.805272 | 0.050000 |   14 |  0.000000 |  9.881471 |  8.829978 |  2.689764 |  849 |  31.140625 |     21.277344 |  31.546875 | 177.175781 | 244.000000 | 63.000000 | 138.000000 | 138.000000
 2355 | 2355 | Predict | -0.453701 | -0.503979 |  0.257536 | 8.503652 |  9.805272 | 0.050000 |   14 |  0.000000 |  9.881471 |  8.829978 |  2.689764 |  849 |  31.140625 |     21.277344 |  31.546875 | 177.175781 | 244.000000 | 63.000000 | 138.000000 | 138.000000
 2356 | 2356 | Update  | -0.372298 |  0.349553 |  0.282583 | 8.463552 |  9.805770 | 0.050000 |   14 |  0.000000 |  9.921608 |  8.829976 |  2.831523 |  849 |  31.140625 |     14.425781 |  28.046875 | 127.937500 | 244.000000 | 63.000000 | 138.000000 | 138.000000
 2357 | 2357 | Update  | -0.095768 | -0.276530 |  0.251940 | 8.503652 |  9.821541 | 0.050000 |   14 |  0.000000 |  9.901536 |  8.829978 |  2.689764 |  849 |  31.140625 |     22.207031 |  39.761719 | 165.878906 | 244.000000 | 63.000000 | 138.000000 | 138.000000
 2358 | 2358 | Predict |  0.399832 |  0.058658 |  0.296573 | 8.503652 |  9.821541 | 0.050000 |   14 |  0.000000 |  9.901536 |  8.829978 |  2.689764 |  849 |  31.140625 |     22.207031 |  39.761719 | 165.878906 | 244.000000 | 63.000000 | 138.000000 | 138.000000
 2359 | 2359 | Predict | -0.298078 | -0.275333 |  0.256470 | 8.503652 |  9.821541 | 0.050000 |   14 |  0.000000 |  9.901536 |  8.829978 |  2.689764 |  850 |  31.140625 |     22.207031 |  39.761719 | 165.878906 | 244.000000 | 63.000000 | 138.000000 | 138.000000
 2360 | 2360 | Update  | -0.204704 |  1.116895 |  0.218100 | 8.480989 |  9.754781 | 0.050000 |   14 |  0.000000 |  9.841433 |  8.829976 |  2.770769 |  850 |  31.140625 |     10.160156 |  22.214844 | 105.464844 | 244.000000 | 63.000000 | 138.000000 | 138.000000
 2361 | 2361 | Predict |  0.158017 | -1.561020 |  0.170669 | 8.480989 |  9.754781 | 0.050000 |   14 |  0.000000 |  9.841433 |  8.829976 |  2.770769 |  850 |  31.140625 |     10.160156 |  22.214844 | 105.464844 | 244.000000 | 63.000000 | 138.000000 | 138.000000
 2362 | 2362 | Predict | -0.741005 |  1.308431 |  0.198115 | 8.480989 |  9.754781 | 0.050000 |   14 |  0.000000 |  9.841433 |  8.829976 |  2.770769 |  851 |  31.140625 |     10.160156 |  22.214844 | 105.464844 | 244.000000 | 63.000000 | 138.000000 | 138.000000
 2363 | 2363 | Predict | -0.835576 |  0.014365 |  0.168271 | 8.480989 |  9.754781 | 0.050000 |   14 |  0.000000 |  9.841433 |  8.829976 |  2.770769 |  852 |  31.140625 |     10.160156 |  22.214844 | 105.464844 | 244.000000 | 63.000000 | 138.000000 | 138.000000
 2364 | 2364 | Update  |  0.165200 |  0.470461 |  0.113113 | 8.406399 |  9.803336 | 0.050000 |   14 |  0.000000 |  9.921514 |  8.769854 |  2.841659 |  852 |  31.140625 |     19.906250 |  48.808594 | 167.390625 | 244.000000 | 63.000000 | 138.000000 | 138.000000
 2365 | 2365 | Predict | -1.029507 | -0.349553 |  0.063951 | 8.406399 |  9.803336 | 0.051000 |   14 |  0.000000 |  9.921514 |  8.769854 |  2.841659 |  852 |  31.140625 |     19.906250 |  48.808594 | 167.390625 | 244.000000 | 63.000000 | 138.000000 | 138.000000
 2366 | 2366 | Predict |  0.207098 | -0.426168 |  0.053159 | 8.406399 |  9.803336 | 0.050000 |   14 |  0.000000 |  9.921514 |  8.769854 |  2.841659 |  853 |  31.140625 |     19.906250 |  48.808594 | 167.390625 | 244.000000 | 63.000000 | 138.000000 | 138.000000
 2367 | 2367 | Update  | -0.639252 | -0.812831 |  0.091530 | 8.333253 |  9.717636 | 0.050000 |   14 | 13.183267 |  9.821453 |  8.694718 |  2.861928 |  853 |  13.902344 |     18.710938 |  64.753906 | 142.222656 | 244.000000 | 63.000000 | 138.000000 | 138.000000
 2368 | 2368 | Predict | -0.644040 |  0.149638 |  0.167738 | 8.333253 |  9.717636 | 0.050000 |   14 | 13.183267 |  9.821453 |  8.694718 |  2.861928 |  853 |  13.902344 |     18.710938 |  64.753906 | 142.222656 | 244.000000 | 63.000000 | 138.000000 | 138.000000
 2369 | 2369 | Update  | -0.360327 |  1.795651 |  0.157613 | 8.406398 |  9.811580 | 0.050000 |   14 |  0.000000 |  9.931645 |  8.769853 |  2.841659 |  853 |  13.902344 |     10.546875 |  21.714844 |  84.750000 | 244.000000 | 63.000000 | 138.000000 | 138.000000
 2370 | 2370 | Update  | -0.210690 | -0.381875 |  0.082470 | 8.347960 |  9.810439 | 0.050000 |   14 | 13.085675 |  9.921606 |  8.694717 |  2.811326 |  853 |  16.996094 |     29.285156 |  63.128906 | 162.980469 | 244.000000 | 63.000000 | 138.000000 | 138.000000
 2371 | 2371 | Predict | -1.108515 | -1.106121 |  0.084335 | 8.347960 |  9.810439 | 0.050000 |   14 | 13.085675 |  9.921606 |  8.694717 |  2.811326 |  853 |  16.996094 |     29.285156 |  63.128906 | 162.980469 | 244.000000 | 63.000000 | 138.000000 | 138.000000
 2372 | 2372 | Update  | -0.980426 |  0.664391 |  0.167205 | 8.353780 |  9.815096 | 0.050000 |   14 |  0.000000 |  9.921608 |  8.694718 |  2.791049 |  853 |  16.996094 |     22.750000 |  72.691406 | 164.980469 | 244.000000 | 63.000000 | 138.000000 | 138.000000
 2373 | 2373 | Predict | -0.568623 | -0.715866 |  0.100590 | 8.353780 |  9.815096 | 0.051000 |   14 |  0.000000 |  9.921608 |  8.694718 |  2.791049 |  853 |  16.996094 |     22.750000 |  72.691406 | 164.980469 | 244.000000 | 63.000000 | 138.000000 | 138.000000
 2374 | 2374 | Update  | -0.258574 |  1.642422 |  0.211571 | 8.333252 |  9.975412 | 0.050000 |   13 | 13.044468 |  0.000000 |  8.694716 |  2.861928 |  853 |  13.316406 |     22.750000 |  63.851562 | 162.625000 | 244.000000 | 63.000000 | 138.000000 | 138.000000
 2375 | 2375 | Update  | -0.581791 | -1.215057 |  0.104453 | 8.342098 |  9.781309 | 0.050000 |   14 |  0.000000 |  9.891506 |  8.694716 |  2.831599 |  853 |  13.316406 |     15.441406 |  41.660156 | 135.722656 | 244.000000 | 63.000000 | 138.000000 | 138.000000
 2376 | 2376 | Predict | -0.914585 | -1.596933 |  0.145355 | 8.342098 |  9.781309 | 0.050000 |   14 |  0.000000 |  9.891506 |  8.694716 |  2.831599 |  854 |  13.316406 |     15.441406 |  41.660156 | 135.722656 | 244.000000 | 63.000000 | 138.000000 | 138.000000
 2377 | 2377 | Predict | -1.254562 |  1.771709 |  0.109250 | 8.342098 |  9.781309 | 0.050000 |   14 |  0.000000 |  9.891506 |  8.694716 |  2.831599 |  854 |  13.316406 |     15.441406 |  41.660156 | 135.722656 | 244.000000 | 63.000000 | 138.000000 | 138.000000
 2378 | 2378 | Predict | -0.793678 |  0.148441 |  0.043034 | 8.342098 |  9.781309 | 0.050000 |   14 |  0.000000 |  9.891506 |  8.694716 |  2.831599 |  855 |  13.316406 |     15.441406 |  41.660156 | 135.722656 | 244.000000 | 63.000000 | 138.000000 | 138.000000
 2379 | 2379 | Predict | -0.401029 | -0.343568 | -0.002665 | 8.342098 |  9.781309 | 0.050000 |   14 |  0.000000 |  9.891506 |  8.694716 |  2.831599 |  855 |  13.316406 |     15.441406 |  41.660156 | 135.722656 | 244.000000 | 63.000000 | 138.000000 | 138.000000
 2380 | 2380 | Predict | -0.462081 | -0.102951 |  0.071412 | 8.342098 |  9.781309 | 0.050000 |   14 |  0.000000 |  9.891506 |  8.694716 |  2.831599 |  856 |  13.316406 |     15.441406 |  41.660156 | 135.722656 | 244.000000 | 63.000000 | 138.000000 | 138.000000
 2381 | 2381 | Predict | -2.116474 |  0.160412 |  0.049429 | 8.342098 |  9.781309 | 0.051000 |   14 |  0.000000 |  9.891506 |  8.694716 |  2.831599 |  857 |  13.316406 |     15.441406 |  41.660156 | 135.722656 | 244.000000 | 63.000000 | 138.000000 | 138.000000
 2382 | 2382 | Predict | -0.861913 | -0.513556 |  0.062885 | 8.342098 |  9.781309 | 0.050000 |   14 |  0.000000 |  9.891506 |  8.694716 |  2.831599 |  857 |  13.316406 |     15.441406 |  41.660156 | 135.722656 | 244.000000 | 63.000000 | 138.000000 | 138.000000
 2383 | 2383 | Predict | -0.837971 |  0.723049 |  0.074210 | 8.342098 |  9.781309 | 0.050000 |   14 |  0.000000 |  9.891506 |  8.694716 |  2.831599 |  858 |  13.316406 |     15.441406 |  41.660156 | 135.722656 | 244.000000 | 63.000000 | 138.000000 | 138.000000
 2384 | 2384 | Update  | -1.228225 | -0.956484 |  0.057822 | 7.989222 |  9.714006 | 0.050000 |   14 |  0.000000 |  9.871531 |  8.364053 |  3.043907 |  858 |  13.316406 |     18.609375 |  79.378906 | 111.109375 | 244.000000 | 63.000000 | 138.000000 | 138.000000
 2385 | 2385 | Update  | -0.884658 |  1.216254 |  0.075809 | 8.004854 |  9.694099 | 0.050000 |   14 | 12.951715 |  9.831393 |  8.364055 |  2.993372 |  858 |  14.632812 |     16.355469 |  58.195312 | 111.125000 | 244.000000 | 63.000000 | 138.000000 | 138.000000
 2386 | 2386 | Predict | -1.567005 |  0.834379 |  0.016121 | 8.004854 |  9.694099 | 0.050000 |   14 | 12.951715 |  9.831393 |  8.364055 |  2.993372 |  858 |  14.632812 |     16.355469 |  58.195312 | 111.125000 | 244.000000 | 63.000000 | 138.000000 | 138.000000
 2387 | 2387 | Update  | -1.418565 | -1.628057 |  0.042501 | 8.041201 |  9.760723 | 0.050000 |   14 |  0.000000 |  9.941584 |  8.439198 |  3.084385 |  858 |  14.632812 |      9.292969 |  32.816406 |  72.761719 | 244.000000 | 63.000000 | 138.000000 | 138.000000
 2388 | 2388 | Update  | -1.297657 |  1.231817 |  0.076608 | 7.989199 |  9.713912 | 0.050000 |   14 | 12.841608 |  9.871438 |  8.364054 |  3.043984 |  858 |  15.003906 |     21.796875 |  78.617188 | 113.171875 | 244.000000 | 63.000000 | 138.000000 | 138.000000
 2389 | 2389 | Predict | -2.664747 | -0.047884 |  0.049296 | 7.989199 |  9.713912 | 0.050000 |   14 | 12.841608 |  9.871438 |  8.364054 |  3.043984 |  858 |  15.003906 |     21.796875 |  78.617188 | 113.171875 | 244.000000 | 63.000000 | 138.000000 | 138.000000
 2390 | 2390 | Update  | -0.725443 |  0.361524 |  0.091530 | 7.915599 |  9.673984 | 0.050000 |   14 | 12.859237 |  9.831393 |  8.288909 |  3.074266 |  858 |  14.609375 |     16.218750 |  49.542969 |  87.644531 | 244.000000 | 63.000000 | 138.000000 | 138.000000
 2391 | 2391 | Predict | -0.629675 | -0.009577 |  0.012257 | 7.915599 |  9.673984 | 0.050000 |   14 | 12.859237 |  9.831393 |  8.288909 |  3.074266 |  858 |  14.609375 |     16.218750 |  49.542969 |  87.644531 | 244.000000 | 63.000000 | 138.000000 | 138.000000
 2392 | 2392 | Predict |  0.550666 |  1.850718 |  0.023848 | 7.915599 |  9.673984 | 0.050000 |   14 | 12.859237 |  9.831393 |  8.288909 |  3.074266 |  859 |  14.609375 |     16.218750 |  49.542969 |  87.644531 | 244.000000 | 63.000000 | 138.000000 | 138.000000
 2393 | 2393 | Update  |  0.300472 | -0.811634 | -0.041968 | 7.896024 |  9.794768 | 0.051000 |   14 |  0.000000 | 10.011727 |  8.303923 |  3.175270 |  859 |  14.609375 |     20.367188 |  71.136719 |  75.636719 | 244.000000 | 63.000000 | 138.000000 | 138.000000
 2394 | 2394 | Predict | -1.082179 |  0.330400 | -0.029311 | 7.896024 |  9.794768 | 0.050000 |   14 |  0.000000 | 10.011727 |  8.303923 |  3.175270 |  859 |  14.609375 |     20.367188 |  71.136719 |  75.636719 | 244.000000 | 63.000000 | 138.000000 | 138.000000
 2395 | 2395 | Predict |  0.001197 | -1.058237 |  0.009992 | 7.896024 |  9.794768 | 0.050000 |   14 |  0.000000 | 10.011727 |  8.303923 |  3.175270 |  860 |  14.609375 |     20.367188 |  71.136719 |  75.636719 | 244.000000 | 63.000000 | 138.000000 | 138.000000
 2396 | 2396 | Update  |  0.539892 | -0.691924 |  0.035173 | 7.858320 |  9.676956 | 0.050000 |   14 | 12.850423 |  9.841426 |  8.228775 |  3.094503 |  860 |  15.554688 |     20.125000 |  71.730469 |  61.609375 | 244.000000 | 63.000000 | 138.000000 | 138.000000
 2397 | 2397 | Update  |  0.058658 | -0.149638 |  0.043966 | 7.829082 |  9.661665 | 0.051000 |   14 | 12.800260 |  9.851460 |  8.228775 |  3.185381 |  860 |  12.460938 |     19.773438 |  59.031250 |  80.378906 | 244.000000 | 63.000000 | 138.000000 | 138.000000
 2398 | 2398 | Predict |  0.259771 |  0.348356 |  0.040769 | 7.829082 |  9.661665 | 0.050000 |   14 | 12.800260 |  9.851460 |  8.228775 |  3.185381 |  860 |  12.460938 |     19.773438 |  59.031250 |  80.378906 | 244.000000 | 63.000000 | 138.000000 | 138.000000
 2399 | 2399 | Update  | -0.251391 | -0.751779 | -0.043966 | 7.819135 |  9.702394 | 0.050000 |   14 | 12.768974 |  9.911572 |  8.228775 |  3.215715 |  860 |   8.656250 |     17.214844 |  48.335938 |  69.945312 | 244.000000 | 63.000000 | 138.000000 | 138.000000
 2400 | 2400 | Update  | -0.614113 | -0.217872 | -0.100057 | 7.832377 |  9.753772 | 0.053000 |   14 | 12.796528 |  9.961645 |  8.228774 |  3.175269 |  860 |   7.699219 |     13.125000 |  38.523438 |  59.632812 | 244.000000 | 63.000000 | 138.000000 | 138.000000
 2401 | 2401 | Predict | -1.435324 | -0.888249 | -0.013057 | 7.832377 |  9.753772 | 0.050000 |   14 | 12.796528 |  9.961645 |  8.228774 |  3.175269 |  860 |   7.699219 |     13.125000 |  38.523438 |  59.632812 | 244.000000 | 63.000000 | 138.000000 | 138.000000
 2402 | 2402 | Update  |  0.763750 | -1.011550 |  0.011591 | 7.771948 |  9.737653 | 0.050000 |   14 | 12.687764 |  9.951614 |  8.168643 |  3.205605 |  860 |  14.761719 |     24.121094 |  65.921875 |  91.855469 | 244.000000 | 63.000000 | 138.000000 | 138.000000
 2403 | 2403 | Update  | -0.244209 |  0.208296 | -0.005596 | 7.749409 |  9.737854 | 0.050000 |   14 | 12.698932 |  9.961648 |  8.153627 |  3.235859 |  860 |  11.394531 |     18.585938 |  61.742188 |  70.230469 | 244.000000 | 63.000000 | 138.000000 | 138.000000
 2404 | 2404 | Predict | -0.708684 |  0.025139 |  0.011058 | 7.749409 |  9.737854 | 0.050000 |   14 | 12.698932 |  9.961648 |  8.153627 |  3.235859 |  860 |  11.394531 |     18.585938 |  61.742188 |  70.230469 | 244.000000 | 63.000000 | 138.000000 | 138.000000
 2405 | 2405 | Predict |  0.010774 |  0.588974 | -0.106452 | 7.749409 |  9.737854 | 0.050000 |   14 | 12.698932 |  9.961648 |  8.153627 |  3.235859 |  861 |  11.394531 |     18.585938 |  61.742188 |  70.230469 | 244.000000 | 63.000000 | 138.000000 | 138.000000
 2406 | 2406 | Update  | -0.586579 |  0.153229 | -0.129101 | 7.695998 |  9.661918 | 0.050000 |   14 | 12.662700 |  9.871529 |  8.093491 |  3.245967 |  861 |   9.468750 |     15.394531 |  49.800781 |  48.644531 | 244.000000 | 63.000000 | 138.000000 | 138.000000
 2407 | 2407 | Predict | -0.772130 | -0.114922 | -0.115645 | 7.695998 |  9.661918 | 0.050000 |   14 | 12.662700 |  9.871529 |  8.093491 |  3.245967 |  861 |   9.468750 |     15.394531 |  49.800781 |  48.644531 | 244.000000 | 63.000000 | 138.000000 | 138.000000
 2408 | 2408 | Update  | -0.885855 | -1.006762 | -0.079139 | 7.709363 |  9.713232 | 0.050000 |   14 | 12.715215 |  9.921606 |  8.093491 |  3.205528 |  861 |  20.757812 |     27.457031 | 100.437500 |  68.105469 | 244.000000 | 63.000000 | 138.000000 | 138.000000
 2409 | 2409 | Predict |  0.146046 | -0.654814 | -0.072611 | 7.709363 |  9.713232 | 0.050000 |   14 | 12.715215 |  9.921606 |  8.093491 |  3.205528 |  862 |  20.757812 |     27.457031 | 100.437500 |  68.105469 | 244.000000 | 63.000000 | 138.000000 | 138.000000
 2410 | 2410 | Predict |  0.117316 |  0.509965 |  0.000933 | 7.709363 |  9.713232 | 0.050000 |   14 | 12.715215 |  9.921606 |  8.093491 |  3.205528 |  862 |  20.757812 |     27.457031 | 100.437500 |  68.105469 | 244.000000 | 63.000000 | 138.000000 | 138.000000
 2411 | 2411 | Update  | -1.687912 |  0.158017 | -0.071145 | 7.734846 |  9.740701 | 0.050000 |   14 |  0.000000 |  9.991656 |  8.168641 |  3.316639 |  862 |  20.757812 |     14.613281 |  31.843750 |  28.160156 | 244.000000 | 63.000000 | 138.000000 | 138.000000
 2412 | 2412 | Predict | -1.951274 | -0.016759 | -0.089665 | 7.734846 |  9.740701 | 0.050000 |   14 |  0.000000 |  9.991656 |  8.168641 |  3.316639 |  862 |  20.757812 |     14.613281 |  31.843750 |  28.160156 | 244.000000 | 63.000000 | 138.000000 | 138.000000
 2413 | 2413 | Update  | -0.806846 | -1.444901 | -0.135763 | 7.581380 |  9.748799 | 0.050000 |   14 |  0.000000 |  9.981621 |  7.958201 |  3.256076 |  862 |  20.757812 |     17.242188 |  46.628906 |  41.460938 | 244.000000 | 63.000000 | 138.000000 | 138.000000
 2414 | 2414 | Update  |  0.089783 | -0.300472 | -0.158412 | 7.695997 |  9.743364 | 0.050000 |   14 | 12.596392 |  9.971680 |  8.093490 |  3.245968 |  862 |  20.414062 |     23.976562 |  65.953125 |  56.519531 | 244.000000 | 63.000000 | 138.000000 | 138.000000
 2415 | 2415 | Update  | -1.370680 |  0.603339 | -0.174666 | 7.601795 |  9.707754 | 0.051000 |   14 |  0.000000 |  9.971688 |  8.033356 |  3.377184 |  862 |  20.414062 |     18.066406 |  54.195312 |  48.472656 | 244.000000 | 63.000000 | 138.000000 | 138.000000
 2416 | 2416 | Predict |  1.701080 | -0.225055 | -0.166006 | 7.601795 |  9.707754 | 0.050000 |   14 |  0.000000 |  9.971688 |  8.033356 |  3.377184 |  862 |  20.414062 |     18.066406 |  54.195312 |  48.472656 | 244.000000 | 63.000000 | 138.000000 | 138.000000
 2417 | 2417 | Update  | -1.270124 | -0.803255 | -0.177464 | 7.560986 |  9.724359 | 0.050000 |   14 |  0.000000 |  9.971683 |  7.958199 |  3.316639 |  862 |  20.414062 |     16.800781 |  50.933594 |  43.296875 | 244.000000 | 63.000000 | 138.000000 | 138.000000
 2418 | 2418 | Update  |  0.119710 |  0.349553 | -0.101522 | 7.519093 |  9.764834 | 0.050000 |   14 | 12.607559 | 10.061800 |  7.958200 |  3.437712 |  862 |  15.500000 |     18.851562 |  53.164062 |  56.484375 | 244.000000 | 63.000000 | 138.000000 | 138.000000
 2419 | 2419 | Predict | -0.727837 |  0.232238 | -0.037438 | 7.519093 |  9.764834 | 0.050000 |   14 | 12.607559 | 10.061800 |  7.958200 |  3.437712 |  862 |  15.500000 |     18.851562 |  53.164062 |  56.484375 | 244.000000 | 63.000000 | 138.000000 | 138.000000
 2420 | 2420 | Update  |  0.073023 | -0.195127 | -0.051427 | 7.497619 |  9.755937 | 0.050000 |   14 | 12.595147 | 10.071836 |  7.958200 |  3.498146 |  862 |  12.070312 |     16.167969 |  48.636719 |  47.718750 | 244.000000 | 63.000000 | 138.000000 | 138.000000
 2421 | 2421 | Update  | -0.395043 | -0.075417 | -0.059155 | 7.508401 |  9.781144 | 0.050000 |   14 | 12.592555 | 10.091901 |  7.958199 |  3.467931 |  862 |  17.613281 |     23.523438 |  61.398438 |  51.070312 | 244.000000 | 63.000000 | 138.000000 | 138.000000
 2422 | 2422 | Predict | -0.050278 | -0.490811 | -0.069813 | 7.508401 |  9.781144 | 0.050000 |   14 | 12.592555 | 10.091901 |  7.958199 |  3.467931 |  862 |  17.613281 |     23.523438 |  61.398438 |  51.070312 | 244.000000 | 63.000000 | 138.000000 | 138.000000
 2423 | 2423 | Update  | -0.847547 |  0.184354 | -0.048896 | 7.434208 |  9.702976 | 0.050000 |   14 |  0.000000 | 10.021667 |  7.898059 |  3.538530 |  862 |  17.613281 |     12.250000 |  36.906250 |  46.566406 | 244.000000 | 63.000000 | 138.000000 | 138.000000
 2424 | 2424 | Update  |  0.275333 |  0.630872 |  0.021317 | 7.459550 |  9.739823 | 0.050000 |   14 | 12.565104 | 10.041825 |  7.898060 |  3.467931 |  862 |  25.964844 |     32.507812 |  93.402344 |  98.300781 | 244.000000 | 63.000000 | 138.000000 | 138.000000
 2425 | 2425 | Predict |  0.223858 | -1.404199 | -0.022516 | 7.459550 |  9.739823 | 0.050000 |   14 | 12.565104 | 10.041825 |  7.898060 |  3.467931 |  862 |  25.964844 |     32.507812 |  93.402344 |  98.300781 | 244.000000 | 63.000000 | 138.000000 | 138.000000
 2426 | 2426 | Update  | -0.779313 | -0.444124 |  0.020784 | 7.274342 |  9.708288 | 0.050000 |   14 | 12.543738 | 10.031698 |  7.702616 |  3.548624 |  862 |  22.667969 |     27.214844 |  90.316406 |  68.003906 | 244.000000 | 63.000000 | 138.000000 | 138.000000
 2427 | 2427 | Update  | -0.435745 | -0.908600 |  0.029711 | 7.274370 |  9.766186 | 0.050000 |   14 | 12.521302 | 10.101838 |  7.702616 |  3.548548 |  862 |  21.476562 |     24.035156 |  73.785156 |  60.671875 | 244.000000 | 63.000000 | 138.000000 | 138.000000
 2428 | 2428 | Predict | -0.653617 |  0.519542 |  0.029444 | 7.274370 |  9.766186 | 0.050000 |   14 | 12.521302 | 10.101838 |  7.702616 |  3.548548 |  862 |  21.476562 |     24.035156 |  73.785156 |  60.671875 | 244.000000 | 63.000000 | 138.000000 | 138.000000
 2429 | 2429 | Predict |  0.415394 |  0.538695 |  0.123505 | 7.274370 |  9.766186 | 0.050000 |   14 | 12.521302 | 10.101838 |  7.702616 |  3.548548 |  863 |  21.476562 |     24.035156 |  73.785156 |  60.671875 | 244.000000 | 63.000000 | 138.000000 | 138.000000
 2430 | 2430 | Predict | -1.600524 | -1.261744 |  0.187989 | 7.274370 |  9.766186 | 0.050000 |   14 | 12.521302 | 10.101838 |  7.702616 |  3.548548 |  864 |  21.476562 |     24.035156 |  73.785156 |  60.671875 | 244.000000 | 63.000000 | 138.000000 | 138.000000
 2431 | 2431 | Predict |  0.842759 |  2.047042 |  0.183726 | 7.274370 |  9.766186 | 0.050000 |   14 | 12.521302 | 10.101838 |  7.702616 |  3.548548 |  864 |  21.476562 |     24.035156 |  73.785156 |  60.671875 | 244.000000 | 63.000000 | 138.000000 | 138.000000
 2432 | 2432 | Update  |  0.166397 | -0.062249 |  0.118976 | 7.215313 |  9.716542 | 0.050000 |   14 | 12.516323 | 10.041731 |  7.627453 |  3.548624 |  864 |  12.535156 |     17.812500 |  53.789062 |  26.644531 | 244.000000 | 63.000000 | 138.000000 | 138.000000
 2433 | 2433 | Update  |  0.401029 | -0.454898 |  0.037704 | 7.193163 |  9.748444 | 0.051000 |   14 | 12.496203 | 10.101838 |  7.627453 |  3.609031 |  864 |  12.847656 |     16.378906 |  48.726562 |  40.968750 | 244.000000 | 63.000000 | 138.000000 | 138.000000
 2434 | 2434 | Predict |  2.427721 | -0.586579 |  0.011325 | 7.193163 |  9.748444 | 0.050000 |   14 | 12.496203 | 10.101838 |  7.627453 |  3.609031 |  864 |  12.847656 |     16.378906 |  48.726562 |  40.968750 | 244.000000 | 63.000000 | 138.000000 | 138.000000
 2435 | 2435 | Update  | -1.370680 |  0.647632 |  0.023182 | 7.138858 |  9.792374 | 0.050000 |   14 | 12.485036 | 10.161945 |  7.567305 |  3.629214 |  864 |  18.750000 |     13.175781 |  46.335938 |  37.371094 | 244.000000 | 63.000000 | 138.000000 | 138.000000
 2436 | 2436 | Update  |  0.410606 | -0.946907 |  0.043700 | 7.054376 |  9.771184 | 0.050000 |   14 | 12.463670 | 10.161947 |  7.492136 |  3.699768 |  864 |  25.152344 |     20.812500 |  66.515625 |  56.906250 | 244.000000 | 63.000000 | 138.000000 | 138.000000
 2437 | 2437 | Predict | -0.737414 | -0.460884 |  0.022383 | 7.054376 |  9.771184 | 0.050000 |   14 | 12.463670 | 10.161947 |  7.492136 |  3.699768 |  864 |  25.152344 |     20.812500 |  66.515625 |  56.906250 | 244.000000 | 63.000000 | 138.000000 | 138.000000
 2438 | 2438 | Update  |  0.389058 | -0.474052 | -0.025447 | 7.343261 | 10.048168 | 0.050000 |    7 | 12.393522 | 10.272125 |  7.567306 |  3.659486 |  864 |  29.835938 |     35.250000 | 109.781250 |  77.750000 | 244.000000 | 63.000000 | 138.000000 | 138.000000
 2439 | 2439 | Update  | -1.279701 | -1.313220 | -0.000266 | 7.046707 |  9.806862 | 0.050000 |   14 |  0.000000 | 10.212023 |  7.492136 |  3.719944 |  864 |  29.835938 |     19.976562 |  33.945312 |  28.226562 | 244.000000 | 63.000000 | 138.000000 | 138.000000
 2440 | 2440 | Predict | -0.208296 |  1.256956 |  0.013057 | 7.046707 |  9.806862 | 0.050000 |   14 |  0.000000 | 10.212023 |  7.492136 |  3.719944 |  864 |  29.835938 |     19.976562 |  33.945312 |  28.226562 | 244.000000 | 63.000000 | 138.000000 | 138.000000
 2441 | 2441 | Update  | -0.021548 | -0.067038 | -0.009992 | 7.027383 |  9.836590 | 0.050000 |   14 | 12.427439 | 10.222052 |  7.431988 |  3.649321 |  864 |  10.597656 |     18.128906 |  51.621094 |  53.500000 | 244.000000 | 63.000000 | 138.000000 | 138.000000
 2442 | 2442 | Predict |  1.237802 | -0.174777 |  0.017187 | 7.027383 |  9.836590 | 0.050000 |   14 | 12.427439 | 10.222052 |  7.431988 |  3.649321 |  864 |  10.597656 |     18.128906 |  51.621094 |  53.500000 | 244.000000 | 63.000000 | 138.000000 | 138.000000
 2443 | 2443 | Update  | -0.350751 |  0.269348 | -0.057156 | 6.981425 | 10.078116 | 0.050000 |   13 | 12.341007 |  0.000000 |  7.431986 |  3.770227 |  864 |  15.187500 |     18.128906 |  69.113281 |  42.375000 | 244.000000 | 63.000000 | 138.000000 | 138.000000
 2444 | 2444 | Update  | -1.646014 | -0.605733 |  0.006795 | 6.949956 |  9.842011 | 0.050000 |   14 |  0.000000 | 10.302134 |  7.431986 |  3.850830 |  864 |  15.187500 |     34.628906 |  37.734375 |  26.300781 | 244.000000 | 63.000000 | 138.000000 | 138.000000
 2445 | 2445 | Update  | -1.043872 |  0.506374 |  0.088732 | 6.961845 |  9.758979 | 0.050000 |   14 | 12.292227 | 10.191953 |  7.431986 |  3.820577 |  864 |  18.945312 |     28.000000 |  81.593750 |  48.261719 | 244.000000 | 63.000000 | 138.000000 | 138.000000
 2446 | 2446 | Predict | -1.610101 |  0.007183 |  0.073144 | 6.961845 |  9.758979 | 0.050000 |   14 | 12.292227 | 10.191953 |  7.431986 |  3.820577 |  864 |  18.945312 |     28.000000 |  81.593750 |  48.261719 | 244.000000 | 63.000000 | 138.000000 | 138.000000
 2447 | 2447 | Predict |  0.014365 |  0.833182 |  0.101655 | 6.961845 |  9.758979 | 0.050000 |   14 | 12.292227 | 10.191953 |  7.431986 |  3.820577 |  865 |  18.945312 |     28.000000 |  81.593750 |  48.261719 | 244.000000 | 63.000000 | 138.000000 | 138.000000
 2448 | 2448 | Predict |  0.360327 | -0.252588 |  0.067815 | 6.961845 |  9.758979 | 0.050000 |   14 | 12.292227 | 10.191953 |  7.431986 |  3.820577 |  866 |  18.945312 |     28.000000 |  81.593750 |  48.261719 | 244.000000 | 63.000000 | 138.000000 | 138.000000
 2449 | 2449 | Predict |  0.055067 |  0.215478 |  0.069946 | 6.961845 |  9.758979 | 0.050000 |   14 | 12.292227 | 10.191953 |  7.431986 |  3.820577 |  866 |  18.945312 |     28.000000 |  81.593750 |  48.261719 | 244.000000 | 63.000000 | 138.000000 | 138.000000
 2450 | 2450 | Update  | -1.711854 |  0.659603 |  0.085002 | 6.839869 |  9.835626 | 0.050000 |   14 | 12.250876 | 10.302129 |  7.296660 |  3.870995 |  866 |  21.367188 |     39.558594 |  85.953125 |  62.320312 | 244.000000 | 63.000000 | 138.000000 | 138.000000
 2451 | 2451 | Update  | -0.693121 | -0.222661 |  0.027845 | 6.730571 |  9.785809 | 0.051000 |   14 |  0.000000 | 10.262093 |  7.176347 |  3.921329 |  866 |  21.367188 |     34.500000 |  89.714844 |  68.953125 | 244.000000 | 63.000000 | 138.000000 | 138.000000
 2452 | 2452 | Predict | -0.187945 |  0.609324 |  0.140026 | 6.730571 |  9.785809 | 0.050000 |   14 |  0.000000 | 10.262093 |  7.176347 |  3.921329 |  866 |  21.367188 |     34.500000 |  89.714844 |  68.953125 | 244.000000 | 63.000000 | 138.000000 | 138.000000
 2453 | 2453 | Update  |  0.250194 | -0.009577 |  0.126037 | 7.048944 | 10.053871 | 0.050000 |    7 | 12.235838 | 10.362333 |  7.296661 |  3.991738 |  866 |  22.832031 |     39.304688 |  95.531250 |  79.210938 | 244.000000 | 63.000000 | 138.000000 | 138.000000
 2454 | 2454 | Update  | -0.969652 | -1.842338 |  0.200513 | 6.677107 |  9.768318 | 0.050000 |   14 | 12.176993 | 10.292102 |  7.176344 |  4.052208 |  866 |  16.945312 |     32.445312 |  87.578125 |  67.597656 | 244.000000 | 63.000000 | 138.000000 | 138.000000
 2455 | 2455 | Predict | -2.098518 | -0.446519 |  0.193319 | 6.677107 |  9.768318 | 0.050000 |   14 | 12.176993 | 10.292102 |  7.176344 |  4.052208 |  866 |  16.945312 |     32.445312 |  87.578125 |  67.597656 | 244.000000 | 63.000000 | 138.000000 | 138.000000
 2456 | 2456 | Update  | -0.665588 |  0.446519 |  0.105519 | 6.622118 |  9.836213 | 0.050000 |   14 | 12.145844 | 10.372271 |  7.101164 |  4.052207 |  866 |  16.230469 |     32.156250 |  64.242188 |  75.187500 | 244.000000 | 63.000000 | 138.000000 | 138.000000
 2457 | 2457 | Update  | -2.031480 |  0.238223 |  0.036772 | 6.578533 |  9.802241 | 0.051000 |   14 | 12.195870 | 10.332234 |  7.041004 |  4.052207 |  866 |  14.679688 |     27.226562 |  64.960938 |  56.511719 | 244.000000 | 63.000000 | 138.000000 | 138.000000
 2458 | 2458 | Predict | -0.180762 |  0.869095 |  0.064750 | 6.578533 |  9.802241 | 0.050000 |   14 | 12.195870 | 10.332234 |  7.041004 |  4.052207 |  866 |  14.679688 |     27.226562 |  64.960938 |  56.511719 | 244.000000 | 63.000000 | 138.000000 | 138.000000
 2459 | 2459 | Update  |  0.529119 | -0.079009 |  0.053292 | 6.519044 |  9.822813 | 0.051000 |   14 |  0.000000 | 10.412406 |  7.041002 |  4.193038 |  866 |  14.679688 |     18.855469 |  46.066406 |  42.199219 | 244.000000 | 63.000000 | 138.000000 | 138.000000
 2460 | 2460 | Update  | -0.786495 |  1.231817 |  0.062885 | 6.503596 |  9.853613 | 0.050000 |   14 | 12.113310 | 10.412404 |  6.965817 |  4.102439 |  866 |  10.648438 |     21.691406 |  52.062500 |  40.550781 | 244.000000 | 63.000000 | 138.000000 | 138.000000
 2461 | 2461 | Predict |  0.245406 |  0.119710 |  0.057289 | 6.503596 |  9.853613 | 0.050000 |   14 | 12.113310 | 10.412404 |  6.965817 |  4.102439 |  866 |  10.648438 |     21.691406 |  52.062500 |  40.550781 | 244.000000 | 63.000000 | 138.000000 | 138.000000
 2462 | 2462 | Predict | -1.157596 | -0.409408 |  0.008793 | 6.503596 |  9.853613 | 0.050000 |   14 | 12.113310 | 10.412404 |  6.965817 |  4.102439 |  867 |  10.648438 |     21.691406 |  52.062500 |  40.550781 | 244.000000 | 63.000000 | 138.000000 | 138.000000
 2463 | 2463 | Predict |  0.134075 | -0.556652 | -0.012391 | 6.503596 |  9.853613 | 0.050000 |   14 | 12.113310 | 10.412404 |  6.965817 |  4.102439 |  868 |  10.648438 |     21.691406 |  52.062500 |  40.550781 | 244.000000 | 63.000000 | 138.000000 | 138.000000
 2464 | 2464 | Predict | -0.180762 |  0.347159 | -0.050095 | 6.503596 |  9.853613 | 0.050000 |   14 | 12.113310 | 10.412404 |  6.965817 |  4.102439 |  868 |  10.648438 |     21.691406 |  52.062500 |  40.550781 | 244.000000 | 63.000000 | 138.000000 | 138.000000
 2465 | 2465 | Update  | -2.084153 | -1.164779 | -0.123106 | 6.430974 |  9.821160 | 0.050000 |   14 | 12.094432 | 10.402370 |  6.905649 |  4.172888 |  868 |   7.550781 |     15.343750 |  39.910156 |  29.371094 | 244.000000 | 63.000000 | 138.000000 | 138.000000
 2466 | 2466 | Update  | -0.553061 |  0.646434 |  0.008127 | 6.435243 |  9.824577 | 0.051000 |   14 | 12.034344 | 10.402372 |  6.905650 |  4.162890 |  868 |  13.308594 |     27.226562 |  56.550781 |  42.699219 | 244.000000 | 63.000000 | 138.000000 | 138.000000
 2467 | 2467 | Predict | -0.869095 |  0.184354 |  0.019718 | 6.435243 |  9.824577 | 0.050000 |   14 | 12.034344 | 10.402372 |  6.905650 |  4.162890 |  868 |  13.308594 |     27.226562 |  56.550781 |  42.699219 | 244.000000 | 63.000000 | 138.000000 | 138.000000
 2468 | 2468 | Predict | -1.954866 |  0.009577 |  0.020784 | 6.435243 |  9.824577 | 0.050000 |   14 | 12.034344 | 10.402372 |  6.905650 |  4.162890 |  869 |  13.308594 |     27.226562 |  56.550781 |  42.699219 | 244.000000 | 63.000000 | 138.000000 | 138.000000
 2469 | 2469 | Predict | -0.864307 |  0.246603 |  0.020518 | 6.435243 |  9.824577 | 0.050000 |   14 | 12.034344 | 10.402372 |  6.905650 |  4.162890 |  870 |  13.308594 |     27.226562 |  56.550781 |  42.699219 | 244.000000 | 63.000000 | 138.000000 | 138.000000
 2470 | 2470 | Predict | -1.993173 | -0.611719 |  0.028778 | 6.435243 |  9.824577 | 0.050000 |   14 | 12.034344 | 10.402372 |  6.905650 |  4.162890 |  870 |  13.308594 |     27.226562 |  56.550781 |  42.699219 | 244.000000 | 63.000000 | 138.000000 | 138.000000
 2471 | 2471 | Predict | -0.778116 |  0.027533 |  0.025714 | 6.435243 |  9.824577 | 0.050000 |   14 | 12.034344 | 10.402372 |  6.905650 |  4.162890 |  871 |  13.308594 |     27.226562 |  56.550781 |  42.699219 | 244.000000 | 63.000000 | 138.000000 | 138.000000
 2472 | 2472 | Predict | -0.772130 |  0.749385 |  0.019985 | 6.435243 |  9.824577 | 0.051000 |   14 | 12.034344 | 10.402372 |  6.905650 |  4.162890 |  872 |  13.308594 |     27.226562 |  56.550781 |  42.699219 | 244.000000 | 63.000000 | 138.000000 | 138.000000
 2473 | 2473 | Predict | -0.727837 | -0.223858 | -0.013723 | 6.435243 |  9.824577 | 0.050000 |   14 | 12.034344 | 10.402372 |  6.905650 |  4.162890 |  872 |  13.308594 |     27.226562 |  56.550781 |  42.699219 | 244.000000 | 63.000000 | 138.000000 | 138.000000
 2474 | 2474 | Update  | -0.329203 | -0.545878 |  0.036505 | 6.220843 |  9.875224 | 0.050000 |   14 |  0.000000 | 10.572558 |  6.770286 |  4.434357 |  872 |  13.308594 |     34.777344 |  36.144531 |  33.976562 | 244.000000 | 63.000000 | 138.000000 | 138.000000
 2475 | 2475 | Update  | -0.289698 | -0.021548 |  0.048629 | 6.077982 |  9.824597 | 0.050000 |   14 | 11.954373 | 10.522485 |  6.574733 |  4.454493 |  872 |   7.824219 |     25.753906 |  46.285156 |  31.863281 | 244.000000 | 63.000000 | 138.000000 | 138.000000
 2476 | 2476 | Predict | -1.448492 |  0.082600 |  0.037971 | 6.077982 |  9.824597 | 0.050000 |   14 | 11.954373 | 10.522485 |  6.574733 |  4.454493 |  872 |   7.824219 |     25.753906 |  46.285156 |  31.863281 | 244.000000 | 63.000000 | 138.000000 | 138.000000
 2477 | 2477 | Update  | -0.827197 |  1.539472 |  0.012790 | 6.109861 |  9.867422 | 0.050000 |   14 | 12.371017 | 10.542550 |  6.574734 |  4.384090 |  872 |  11.972656 |     18.589844 |  25.511719 |  15.160156 | 244.000000 | 63.000000 | 138.000000 | 138.000000
 2478 | 2478 | Predict |  0.761356 | -0.834379 |  0.030643 | 6.109861 |  9.867422 | 0.051000 |   14 | 12.371017 | 10.542550 |  6.574734 |  4.384090 |  873 |  11.972656 |     18.589844 |  25.511719 |  15.160156 | 244.000000 | 63.000000 | 138.000000 | 138.000000
 2479 | 2479 | Predict | -0.642843 |  0.044293 |  0.031309 | 6.109861 |  9.867422 | 0.050000 |   14 | 12.371017 | 10.542550 |  6.574734 |  4.384090 |  873 |  11.972656 |     18.589844 |  25.511719 |  15.160156 | 244.000000 | 63.000000 | 138.000000 | 138.000000
 2480 | 2480 | Update  |  0.636858 | -0.620098 | -0.016920 | 6.050262 |  9.845713 | 0.050000 |   14 |  0.000000 | 10.572558 |  6.574734 |  4.514821 |  873 |  11.972656 |     33.078125 |  48.179688 |  29.074219 | 244.000000 | 63.000000 | 138.000000 | 138.000000
 2481 | 2481 | Update  |  0.748188 |  0.278924 | -0.026913 | 5.992271 |  9.793775 | 0.051000 |   14 |  0.000000 | 10.482447 |  6.439342 |  4.444500 |  873 |  11.972656 |     29.304688 |  54.363281 |  20.000000 | 244.000000 | 63.000000 | 138.000000 | 138.000000
 2482 | 2482 | Predict | -0.383072 |  0.075417 |  0.024381 | 5.992271 |  9.793775 | 0.050000 |   14 |  0.000000 | 10.482447 |  6.439342 |  4.444500 |  873 |  11.972656 |     29.304688 |  54.363281 |  20.000000 | 244.000000 | 63.000000 | 138.000000 | 138.000000
 2483 | 2483 | Predict |  0.695516 | -0.715866 |  0.057423 | 5.992271 |  9.793775 | 0.050000 |   14 |  0.000000 | 10.482447 |  6.439342 |  4.444500 |  874 |  11.972656 |     29.304688 |  54.363281 |  20.000000 | 244.000000 | 63.000000 | 138.000000 | 138.000000
 2484 | 2484 | Update  |  1.454478 |  0.657208 |  0.005596 | 5.967617 | 10.043419 | 0.050000 |   13 | 11.775347 |  0.000000 |  6.514552 |  4.605334 |  874 |  10.027344 |     29.304688 |  55.851562 |  19.734375 | 244.000000 |  0.000000 | 138.000000 | 138.000000
 2485 | 2485 | Predict | -0.757765 |  1.532289 |  0.060753 | 5.967617 | 10.043419 | 0.050000 |   13 | 11.775347 |  0.000000 |  6.514552 |  4.605334 |  874 |  10.027344 |     29.304688 |  55.851562 |  19.734375 | 244.000000 |  0.000000 | 138.000000 | 138.000000
 2486 | 2486 | Update  | -1.557428 | -1.871069 |  0.053292 | 5.901798 |  9.865538 | 0.050000 |   14 |  0.000000 | 10.612597 |  6.379154 |  4.555008 |  874 |  10.027344 |     24.390625 |  38.242188 |  16.316406 | 244.000000 | 63.000000 | 138.000000 | 138.000000
 2487 | 2487 | Predict | -0.754174 |  1.163582 |  0.022516 | 5.901798 |  9.865538 | 0.050000 |   14 |  0.000000 | 10.612597 |  6.379154 |  4.555008 |  875 |  10.027344 |     24.390625 |  38.242188 |  16.316406 | 244.000000 | 63.000000 | 138.000000 | 138.000000
 2488 | 2488 | Predict | -0.191536 | -0.469264 | -0.006262 | 5.901798 |  9.865538 | 0.050000 |   14 |  0.000000 | 10.612597 |  6.379154 |  4.555008 |  875 |  10.027344 |     24.390625 |  38.242188 |  16.316406 | 244.000000 | 63.000000 | 138.000000 | 138.000000
 2489 | 2489 | Update  |  0.250194 | -0.283713 |  0.020518 | 5.852926 |  9.848177 | 0.050000 |   14 | 11.691401 | 10.592621 |  6.303936 |  4.555008 |  875 |   7.773438 |     19.402344 |  42.187500 |   9.894531 | 244.000000 | 63.000000 | 138.000000 | 138.000000
 2490 | 2490 | Predict | -0.764947 | -0.830788 |  0.005729 | 5.852926 |  9.848177 | 0.050000 |   14 | 11.691401 | 10.592621 |  6.303936 |  4.555008 |  876 |   7.773438 |     19.402344 |  42.187500 |   9.894531 | 244.000000 | 63.000000 | 138.000000 | 138.000000
 2491 | 2491 | Predict |  0.306458 | -0.817620 | -0.024115 | 5.852926 |  9.848177 | 0.050000 |   14 | 11.691401 | 10.592621 |  6.303936 |  4.555008 |  876 |   7.773438 |     19.402344 |  42.187500 |   9.894531 | 244.000000 | 63.000000 | 138.000000 | 138.000000
 2492 | 2492 | Update  | -1.344344 | -1.671153 | -0.062086 | 5.747528 |  9.824375 | 0.050000 |   14 | 11.712768 | 10.582591 |  6.168520 |  4.595269 |  876 |   7.804688 |     15.812500 |  32.207031 |   6.656250 | 244.000000 | 63.000000 | 138.000000 | 138.000000
 2493 | 2493 | Predict |  0.608127 |  1.187524 | -0.049962 | 5.747528 |  9.824375 | 0.050000 |   14 | 11.712768 | 10.582591 |  6.168520 |  4.595269 |  877 |   7.804688 |     15.812500 |  32.207031 |   6.656250 | 244.000000 | 63.000000 | 138.000000 | 138.000000
 2494 | 2494 | Predict | -0.105345 | -0.550666 | -0.104320 | 5.747528 |  9.824375 | 0.050000 |   14 | 11.712768 | 10.582591 |  6.168520 |  4.595269 |  877 |   7.804688 |     15.812500 |  32.207031 |   6.656250 | 244.000000 | 63.000000 | 138.000000 | 138.000000
 2495 | 2495 | Update  | -0.234632 | -0.656011 | -0.042634 | 5.626028 |  9.753235 | 0.050000 |   14 | 11.648943 | 10.612591 |  6.168518 |  4.846458 |  877 |  13.222656 |     24.281250 |  51.859375 |  10.117188 | 244.000000 | 63.000000 | 138.000000 | 138.000000
 2496 | 2496 | Update  |  0.618901 | -0.421380 |  0.010259 | 5.997845 |  9.777524 | 0.051000 |   11 | 11.650186 | 10.672699 |  0.000000 |  4.916800 |  877 |  11.507812 |     19.757812 |   0.000000 |   5.613281 | 244.000000 | 63.000000 |   0.000000 | 138.000000
 2497 | 2497 | Predict | -0.354342 |  0.136469 |  0.012790 | 5.997845 |  9.777524 | 0.050000 |   11 | 11.650186 | 10.672699 |  0.000000 |  4.916800 |  877 |  11.507812 |     19.757812 |   0.000000 |   5.613281 | 244.000000 | 63.000000 |   0.000000 | 138.000000
 2498 | 2498 | Update  | -0.307655 |  1.292869 |  0.045165 | 5.548651 |  9.703079 | 0.050000 |   14 | 11.576301 | 10.582591 |  6.093289 |  4.906741 |  877 |  10.390625 |     17.207031 |  30.214844 |   9.140625 | 244.000000 | 63.000000 | 138.000000 | 138.000000
 2499 | 2499 | Update  |  0.422577 |  0.512359 |  0.034240 | 5.469161 |  9.716449 | 0.050000 |   14 |  0.000000 | 10.602654 |  5.972883 |  4.916800 |  877 |  10.390625 |     14.765625 |  17.742188 |   7.757812 | 244.000000 | 63.000000 | 138.000000 | 138.000000
 2500 | 2500 | Predict | -1.145625 | -1.649605 |  0.029977 | 5.469161 |  9.716449 | 0.050000 |   14 |  0.000000 | 10.602654 |  5.972883 |  4.916800 |  877 |  10.390625 |     14.765625 |  17.742188 |   7.757812 | 244.000000 | 63.000000 | 138.000000 | 138.000000
 2501 | 2501 | Predict |  0.373495 | -2.255338 | -0.041968 | 5.469161 |  9.716449 | 0.050000 |   14 |  0.000000 | 10.602654 |  5.972883 |  4.916800 |  878 |  10.390625 |     14.765625 |  17.742188 |   7.757812 | 244.000000 | 63.000000 | 138.000000 | 138.000000
 2502 | 2502 | Predict | -0.682347 | -0.398635 |  0.075276 | 5.469161 |  9.716449 | 0.050000 |   14 |  0.000000 | 10.602654 |  5.972883 |  4.916800 |  879 |  10.390625 |     14.765625 |  17.742188 |   7.757812 | 244.000000 | 63.000000 | 138.000000 | 138.000000
 2503 | 2503 | Predict |  0.831985 |  0.150835 |  0.079672 | 5.469161 |  9.716449 | 0.050000 |   14 |  0.000000 | 10.602654 |  5.972883 |  4.916800 |  879 |  10.390625 |     14.765625 |  17.742188 |   7.757812 | 244.000000 | 63.000000 | 138.000000 | 138.000000
 2504 | 2504 | Predict |  0.289698 | -0.132878 |  0.054092 | 5.469161 |  9.716449 | 0.050000 |   14 |  0.000000 | 10.602654 |  5.972883 |  4.916800 |  880 |  10.390625 |     14.765625 |  17.742188 |   7.757812 | 244.000000 | 63.000000 | 138.000000 | 138.000000
 2505 | 2505 | Update  | -0.830788 | -0.351948 |  0.073943 | 5.207412 |  9.669543 | 0.050000 |   14 | 11.508636 | 10.672790 |  5.762175 |  5.177990 |  880 |  13.242188 |     21.945312 |  38.394531 |  16.625000 | 244.000000 | 63.000000 | 138.000000 | 138.000000
 2506 | 2506 | Predict | -0.539892 | -1.739388 |  0.058089 | 5.207412 |  9.669543 | 0.051000 |   14 | 11.508636 | 10.672790 |  5.762175 |  5.177990 |  880 |  13.242188 |     21.945312 |  38.394531 |  16.625000 | 244.000000 | 63.000000 | 138.000000 | 138.000000
 2507 | 2507 | Predict | -1.965640 | -0.847547 |  0.061553 | 5.207412 |  9.669543 | 0.050000 |   14 | 11.508636 | 10.672790 |  5.762175 |  5.177990 |  881 |  13.242188 |     21.945312 |  38.394531 |  16.625000 | 244.000000 | 63.000000 | 138.000000 | 138.000000
 2508 | 2508 | Predict | -1.994370 | -0.300472 |  0.033175 | 5.207412 |  9.669543 | 0.050000 |   14 | 11.508636 | 10.672790 |  5.762175 |  5.177990 |  882 |  13.242188 |     21.945312 |  38.394531 |  16.625000 | 244.000000 | 63.000000 | 138.000000 | 138.000000
 2509 | 2509 | Predict | -1.143231 | -0.308852 |  0.035040 | 5.207412 |  9.669543 | 0.050000 |   14 | 11.508636 | 10.672790 |  5.762175 |  5.177990 |  882 |  13.242188 |     21.945312 |  38.394531 |  16.625000 | 244.000000 | 63.000000 | 138.000000 | 138.000000
 2510 | 2510 | Update  | -0.932542 |  0.124498 |  0.050761 | 5.093349 |  9.595161 | 0.051000 |   14 |  0.000000 | 10.732798 |  5.837428 |  5.469096 |  882 |  13.242188 |     11.667969 |  19.589844 |  12.363281 | 244.000000 | 63.000000 | 138.000000 | 138.000000
 2511 | 2511 | Predict | -0.726640 | -0.258574 |  0.013590 | 5.093349 |  9.595161 | 0.050000 |   14 |  0.000000 | 10.732798 |  5.837428 |  5.469096 |  883 |  13.242188 |     11.667969 |  19.589844 |  12.363281 | 244.000000 | 63.000000 | 138.000000 | 138.000000
 2512 | 2512 | Predict | -1.470040 |  0.700304 |  0.086867 | 5.093349 |  9.595161 | 0.050000 |   14 |  0.000000 | 10.732798 |  5.837428 |  5.469096 |  883 |  13.242188 |     11.667969 |  19.589844 |  12.363281 | 244.000000 | 63.000000 | 138.000000 | 138.000000
 2513 | 2513 | Predict | -1.039083 | -1.434127 |  0.159478 | 5.093349 |  9.595161 | 0.050000 |   14 |  0.000000 | 10.732798 |  5.837428 |  5.469096 |  884 |  13.242188 |     11.667969 |  19.589844 |  12.363281 | 244.000000 | 63.000000 | 138.000000 | 138.000000
 2514 | 2514 | Update  |  1.130063 |  0.444124 |  0.235286 | 5.125655 |  9.747644 | 0.050000 |   14 | 11.494842 | 10.732796 |  5.566469 |  5.117654 |  884 |  11.203125 |     21.496094 |  26.675781 |  13.964844 | 244.000000 | 63.000000 | 138.000000 | 138.000000
 2515 | 2515 | Predict |  0.271742 | -1.143231 |  0.276455 | 5.125655 |  9.747644 | 0.050000 |   14 | 11.494842 | 10.732796 |  5.566469 |  5.117654 |  884 |  11.203125 |     21.496094 |  26.675781 |  13.964844 | 244.000000 | 63.000000 | 138.000000 | 138.000000
 2516 | 2516 | Predict | -1.077391 |  1.250970 |  0.281651 | 5.125655 |  9.747644 | 0.050000 |   14 | 11.494842 | 10.732796 |  5.566469 |  5.117654 |  885 |  11.203125 |     21.496094 |  26.675781 |  13.964844 | 244.000000 | 63.000000 | 138.000000 | 138.000000
 2517 | 2517 | Update  | -1.843535 | -1.295263 |  0.212504 | 5.203870 |  9.827246 | 0.050000 |   14 |  0.000000 | 10.822902 |  5.701958 |  5.117654 |  885 |  11.203125 |     13.394531 |  11.000000 |   9.429688 | 244.000000 | 63.000000 | 138.000000 | 138.000000
 2518 | 2518 | Predict |  0.241814 |  1.021127 |  0.283783 | 5.203870 |  9.827246 | 0.050000 |   14 |  0.000000 | 10.822902 |  5.701958 |  5.117654 |  885 |  11.203125 |     13.394531 |  11.000000 |   9.429688 | 244.000000 | 63.000000 | 138.000000 | 138.000000
 2519 | 2519 | Update  |  0.526724 | -0.196325 |  0.273923 | 5.161396 |  9.757818 | 0.050000 |   14 | 11.492351 | 10.782867 |  5.701958 |  5.198025 |  885 |   8.867188 |     12.582031 |  25.574219 |  10.523438 | 244.000000 | 63.000000 | 138.000000 | 138.000000
 2520 | 2520 | Update  | -0.787692 |  1.085770 |  0.374513 | 4.979698 |  9.701671 | 0.050000 |   14 | 11.439831 | 10.812965 |  5.566468 |  5.388827 |  885 |   9.589844 |     21.847656 |  28.406250 |  21.949219 | 244.000000 | 63.000000 | 138.000000 | 138.000000
 2521 | 2521 | Predict | -0.374693 |  0.228646 |  0.424208 | 4.979698 |  9.701671 | 0.050000 |   14 | 11.439831 | 10.812965 |  5.566468 |  5.388827 |  885 |   9.589844 |     21.847656 |  28.406250 |  21.949219 | 244.000000 | 63.000000 | 138.000000 | 138.000000
 2522 | 2522 | Predict |  0.190339 | -0.047884 |  0.447257 | 4.979698 |  9.701671 | 0.050000 |   14 | 11.439831 | 10.812965 |  5.566468 |  5.388827 |  886 |   9.589844 |     21.847656 |  28.406250 |  21.949219 | 244.000000 | 63.000000 | 138.000000 | 138.000000
 2523 | 2523 | Update  | -1.271321 | -0.705092 |  0.410219 | 5.029269 | 10.069827 | 0.051000 |   13 | 11.412272 |  0.000000 |  5.777212 |  5.519279 |  886 |   9.566406 |     21.847656 |  33.867188 |  40.609375 | 244.000000 |  0.000000 | 138.000000 | 138.000000
 2524 | 2524 | Predict | -0.092177 |  0.872687 |  0.309763 | 5.029269 | 10.069827 | 0.050000 |   13 | 11.412272 |  0.000000 |  5.777212 |  5.519279 |  886 |   9.566406 |     21.847656 |  33.867188 |  40.609375 | 244.000000 |  0.000000 | 138.000000 | 138.000000
 2525 | 2525 | Predict | -1.122881 | -1.113304 |  0.217700 | 5.029269 | 10.069827 | 0.050000 |   13 | 11.412272 |  0.000000 |  5.777212 |  5.519279 |  887 |   9.566406 |     21.847656 |  33.867188 |  40.609375 | 244.000000 |  0.000000 | 138.000000 | 138.000000
 2526 | 2526 | Update  | -0.034716 |  1.953669 |  0.184792 | 5.057912 |  9.657396 | 0.050000 |   14 |  0.000000 | 10.762897 |  5.701956 |  5.388827 |  887 |   9.566406 |     11.210938 |  35.472656 |  31.410156 | 244.000000 | 63.000000 | 138.000000 | 138.000000
 2527 | 2527 | Update  | -0.609324 | -0.333991 |  0.116844 | 5.018850 |  9.635003 | 0.053000 |   14 | 11.348446 | 10.772932 |  5.701958 |  5.459119 |  887 |  18.847656 |     22.996094 |  66.371094 |  44.113281 | 244.000000 | 63.000000 | 138.000000 | 138.000000
 2528 | 2528 | Predict | -0.609324 | -0.022745 |  0.151484 | 5.018850 |  9.635003 | 0.050000 |   14 | 11.348446 | 10.772932 |  5.701958 |  5.459119 |  887 |  18.847656 |     22.996094 |  66.371094 |  44.113281 | 244.000000 | 63.000000 | 138.000000 | 138.000000
 2529 | 2529 | Predict |  0.659603 | -1.037886 |  0.171335 | 5.018850 |  9.635003 | 0.050000 |   14 | 11.348446 | 10.772932 |  5.701958 |  5.459119 |  888 |  18.847656 |     22.996094 |  66.371094 |  44.113281 | 244.000000 | 63.000000 | 138.000000 | 138.000000
 2530 | 2530 | Predict | -0.999579 | -0.476446 |  0.202778 | 5.018850 |  9.635003 | 0.050000 |   14 | 11.348446 | 10.772932 |  5.701958 |  5.459119 |  888 |  18.847656 |     22.996094 |  66.371094 |  44.113281 | 244.000000 | 63.000000 | 138.000000 | 138.000000
 2531 | 2531 | Predict | -1.508347 |  0.341174 |  0.228358 | 5.018850 |  9.635003 | 0.050000 |   14 | 11.348446 | 10.772932 |  5.701958 |  5.459119 |  889 |  18.847656 |     22.996094 |  66.371094 |  44.113281 | 244.000000 | 63.000000 | 138.000000 | 138.000000
 2532 | 2532 | Predict | -1.218649 | -0.483629 |  0.203178 | 5.018850 |  9.635003 | 0.050000 |   14 | 11.348446 | 10.772932 |  5.701958 |  5.459119 |  890 |  18.847656 |     22.996094 |  66.371094 |  44.113281 | 244.000000 | 63.000000 | 138.000000 | 138.000000
 2533 | 2533 | Predict | -0.647632 |  0.306458 |  0.226626 | 5.018850 |  9.635003 | 0.050000 |   14 | 11.348446 | 10.772932 |  5.701958 |  5.459119 |  891 |  18.847656 |     22.996094 |  66.371094 |  44.113281 | 244.000000 | 63.000000 | 138.000000 | 138.000000
 2534 | 2534 | Predict | -0.197522 |  0.541090 |  0.216368 | 5.018850 |  9.635003 | 0.051000 |   14 | 11.348446 | 10.772932 |  5.701958 |  5.459119 |  891 |  18.847656 |     22.996094 |  66.371094 |  44.113281 | 244.000000 | 63.000000 | 138.000000 | 138.000000
 2535 | 2535 | Predict | -0.329203 |  0.544681 |  0.230623 | 5.018850 |  9.635003 | 0.050000 |   14 | 11.348446 | 10.772932 |  5.701958 |  5.459119 |  892 |  18.847656 |     22.996094 |  66.371094 |  44.113281 | 244.000000 | 63.000000 | 138.000000 | 138.000000
 2536 | 2536 | Predict | -0.651223 | -1.007959 |  0.223828 | 5.018850 |  9.635003 | 0.050000 |   14 | 11.348446 | 10.772932 |  5.701958 |  5.459119 |  892 |  18.847656 |     22.996094 |  66.371094 |  44.113281 | 244.000000 | 63.000000 | 138.000000 | 138.000000
 2537 | 2537 | Predict | -1.203086 | -0.660800 |  0.265930 | 5.018850 |  9.635003 | 0.050000 |   14 | 11.348446 | 10.772932 |  5.701958 |  5.459119 |  893 |  18.847656 |     22.996094 |  66.371094 |  44.113281 | 244.000000 | 63.000000 | 138.000000 | 138.000000
 2538 | 2538 | Predict | -0.295684 |  0.573411 |  0.198115 | 5.018850 |  9.635003 | 0.051000 |   14 | 11.348446 | 10.772932 |  5.701958 |  5.459119 |  894 |  18.847656 |     22.996094 |  66.371094 |  44.113281 | 244.000000 | 63.000000 | 138.000000 | 138.000000
 2539 | 2539 | Predict | -1.024718 | -0.026336 |  0.191453 | 5.018850 |  9.635003 | 0.050000 |   14 | 11.348446 | 10.772932 |  5.701958 |  5.459119 |  895 |  18.847656 |     22.996094 |  66.371094 |  44.113281 | 244.000000 | 63.000000 | 138.000000 | 138.000000
 2540 | 2540 | Predict | -1.156399 |  0.542287 |  0.207974 | 5.018850 |  9.635003 | 0.050000 |   14 | 11.348446 | 10.772932 |  5.701958 |  5.459119 |  895 |  18.847656 |     22.996094 |  66.371094 |  44.113281 | 244.000000 | 63.000000 | 138.000000 | 138.000000
 2541 | 2541 | Update  | -0.128090 | -0.342371 |  0.214769 | 4.840292 |  9.484789 | 0.050000 |   14 |  0.000000 | 10.732803 |  5.641731 |  5.710011 |  895 |  18.847656 |      8.851562 |  55.894531 |   8.734375 | 244.000000 | 63.000000 | 138.000000 | 138.000000
 2542 | 2542 | Predict | -1.796848 |  0.114922 |  0.159877 | 4.840292 |  9.484789 | 0.050000 |   14 |  0.000000 | 10.732803 |  5.641731 |  5.710011 |  895 |  18.847656 |      8.851562 |  55.894531 |   8.734375 | 244.000000 | 63.000000 | 138.000000 | 138.000000
 2543 | 2543 | Predict | -0.854730 | -1.006762 |  0.211971 | 4.840292 |  9.484789 | 0.050000 |   14 |  0.000000 | 10.732803 |  5.641731 |  5.710011 |  896 |  18.847656 |      8.851562 |  55.894531 |   8.734375 | 244.000000 | 63.000000 | 138.000000 | 138.000000
 2544 | 2544 | Update  |  0.846350 |  1.381454 |  0.183060 | 4.938628 |  9.598826 | 0.050000 |   14 |  0.000000 | 10.772934 |  5.641733 |  5.539382 |  896 |  18.847656 |     12.242188 |  55.718750 |   6.472656 | 244.000000 | 63.000000 | 138.000000 | 138.000000
 2545 | 2545 | Predict | -0.888249 | -0.763750 |  0.123905 | 4.938628 |  9.598826 | 0.050000 |   14 |  0.000000 | 10.772934 |  5.641733 |  5.539382 |  896 |  18.847656 |     12.242188 |  55.718750 |   6.472656 | 244.000000 | 63.000000 | 138.000000 | 138.000000
 2546 | 2546 | Predict | -0.893037 | -0.694318 |  0.209839 | 4.938628 |  9.598826 | 0.050000 |   14 |  0.000000 | 10.772934 |  5.641733 |  5.539382 |  897 |  18.847656 |     12.242188 |  55.718750 |   6.472656 | 244.000000 | 63.000000 | 138.000000 | 138.000000
 2547 | 2547 | Update  | -0.331597 | -0.551863 |  0.232222 | 5.464153 |  9.597860 | 0.050000 |   11 | 11.318397 | 10.802937 |  0.000000 |  5.599612 |  897 |  25.687500 |     16.550781 |   0.000000 |  13.992188 | 244.000000 | 63.000000 |   0.000000 | 138.000000
 2548 | 2548 | Predict | -0.508768 | -0.129287 |  0.195583 | 5.464153 |  9.597860 | 0.050000 |   11 | 11.318397 | 10.802937 |  0.000000 |  5.599612 |  898 |  25.687500 |     16.550781 |   0.000000 |  13.992188 | 244.000000 | 63.000000 |   0.000000 | 138.000000
 2549 | 2549 | Predict | -0.651223 | -0.210690 |  0.111648 | 5.464153 |  9.597860 | 0.050000 |   11 | 11.318397 | 10.802937 |  0.000000 |  5.599612 |  898 |  25.687500 |     16.550781 |   0.000000 |  13.992188 | 244.000000 | 63.000000 |   0.000000 | 138.000000
 2550 | 2550 | Update  | -0.502782 |  0.217872 |  0.047963 | 5.393305 |  9.997058 | 0.050000 |    7 | 11.228258 | 10.772839 |  5.566468 |  0.000000 |  898 |  15.046875 |     10.921875 |  50.546875 |   0.000000 | 244.000000 | 63.000000 | 138.000000 |   0.000000
 2551 | 2551 | Predict | -0.204704 |  0.901417 |  0.101655 | 5.393305 |  9.997058 | 0.050000 |    7 | 11.228258 | 10.772839 |  5.566468 |  0.000000 |  898 |  15.046875 |     10.921875 |  50.546875 |   0.000000 | 244.000000 | 63.000000 | 138.000000 |   0.000000
 2552 | 2552 | Predict |  0.424971 | -1.552640 |  0.030110 | 5.393305 |  9.997058 | 0.050000 |    7 | 11.228258 | 10.772839 |  5.566468 |  0.000000 |  899 |  15.046875 |     10.921875 |  50.546875 |   0.000000 | 244.000000 | 63.000000 | 138.000000 |   0.000000
 2553 | 2553 | Update  | -0.415394 | -0.586579 |  0.098991 | 4.761659 |  9.447629 | 0.050000 |   14 | 11.180817 | 10.722766 |  5.566465 |  5.770230 |  899 |  10.527344 |     10.515625 |  38.992188 |   5.796875 | 244.000000 | 63.000000 | 138.000000 | 138.000000
 2554 | 2554 | Update  | -0.149638 | -0.453701 |  0.144689 | 3.946913 |  8.858674 | 0.050000 |   14 |  0.000000 | 10.833035 |  5.641732 |  7.074108 |  899 |  10.527344 |     11.140625 |  43.195312 |   8.238281 | 244.000000 | 63.000000 | 138.000000 | 138.000000
 2555 | 2555 | Predict | -0.068235 | -0.123301 |  0.170403 | 3.946913 |  8.858674 | 0.050000 |   14 |  0.000000 | 10.833035 |  5.641732 |  7.074108 |  899 |  10.527344 |     11.140625 |  43.195312 |   8.238281 | 244.000000 | 63.000000 | 138.000000 | 138.000000
 2556 | 2556 | Update  | -0.839168 | -0.799663 |  0.176132 | 4.702576 |  9.876569 | 0.050000 |   13 | 11.134516 |  0.000000 |  5.641733 |  5.940746 |  899 |  14.523438 |     11.140625 |  69.011719 |   9.105469 | 244.000000 | 63.000000 | 138.000000 | 138.000000
 2557 | 2557 | Predict | -0.817620 |  1.504756 |  0.202245 | 4.702576 |  9.876569 | 0.050000 |   13 | 11.134516 |  0.000000 |  5.641733 |  5.940746 |  899 |  14.523438 |     11.140625 |  69.011719 |   9.105469 | 244.000000 | 63.000000 | 138.000000 | 138.000000
 2558 | 2558 | Predict | -0.238223 |  0.220267 |  0.098191 | 4.702576 |  9.876569 | 0.050000 |   13 | 11.134516 |  0.000000 |  5.641733 |  5.940746 |  900 |  14.523438 |     11.140625 |  69.011719 |   9.105469 | 244.000000 | 63.000000 | 138.000000 | 138.000000
 2559 | 2559 | Update  | -0.604536 |  0.069432 |  0.042368 | 3.845208 |  8.732122 | 0.050000 |   14 |  0.000000 | 10.742833 |  5.566464 |  7.154347 |  900 |  14.523438 |     12.039062 |  53.851562 |  11.234375 | 244.000000 | 63.000000 | 138.000000 | 138.000000
 2560 | 2560 | Predict | -0.539892 | -0.068235 |  0.008127 | 3.845208 |  8.732122 | 0.050000 |   14 |  0.000000 | 10.742833 |  5.566464 |  7.154347 |  900 |  14.523438 |     12.039062 |  53.851562 |  11.234375 | 244.000000 | 63.000000 | 138.000000 | 138.000000
 2561 | 2561 | Predict | -0.362722 | -1.683124 | -0.088599 | 3.845208 |  8.732122 | 0.050000 |   14 |  0.000000 | 10.742833 |  5.566464 |  7.154347 |  901 |  14.523438 |     12.039062 |  53.851562 |  11.234375 | 244.000000 | 63.000000 | 138.000000 | 138.000000
 2562 | 2562 | Predict |  0.524330 |  0.238223 | -0.101389 | 3.845208 |  8.732122 | 0.051000 |   14 |  0.000000 | 10.742833 |  5.566464 |  7.154347 |  902 |  14.523438 |     12.039062 |  53.851562 |  11.234375 | 244.000000 | 63.000000 | 138.000000 | 138.000000
 2563 | 2563 | Predict | -0.823605 | -0.533907 | -0.061286 | 3.845208 |  8.732122 | 0.050000 |   14 |  0.000000 | 10.742833 |  5.566464 |  7.154347 |  903 |  14.523438 |     12.039062 |  53.851562 |  11.234375 | 244.000000 | 63.000000 | 138.000000 | 138.000000
 2564 | 2564 | Predict | -0.769736 |  0.193930 | -0.041835 | 3.845208 |  8.732122 | 0.050000 |   14 |  0.000000 | 10.742833 |  5.566464 |  7.154347 |  903 |  14.523438 |     12.039062 |  53.851562 |  11.234375 | 244.000000 | 63.000000 | 138.000000 | 138.000000
 2565 | 2565 | Update  | -0.961272 | -1.422156 | -0.031176 | 5.193773 |  9.810974 | 0.050000 |    7 | 11.024216 | 10.742834 |  5.566468 |  5.790327 |  903 |  15.289062 |     19.445312 |  73.656250 |  10.265625 | 244.000000 | 63.000000 | 138.000000 | 138.000000
 2566 | 2566 | Predict | -1.103727 |  0.725443 |  0.005729 | 5.193773 |  9.810974 | 0.050000 |    7 | 11.024216 | 10.742834 |  5.566468 |  5.790327 |  904 |  15.289062 |     19.445312 |  73.656250 |  10.265625 | 244.000000 | 63.000000 | 138.000000 | 138.000000
 2567 | 2567 | Predict |  0.879869 | -0.805649 |  0.009193 | 5.193773 |  9.810974 | 0.050000 |    7 | 11.024216 | 10.742834 |  5.566468 |  5.790327 |  904 |  15.289062 |     19.445312 |  73.656250 |  10.265625 | 244.000000 | 63.000000 | 138.000000 | 138.000000
 2568 | 2568 | Predict | -0.213084 |  0.079009 | -0.003331 | 5.193773 |  9.810974 | 0.050000 |    7 | 11.024216 | 10.742834 |  5.566468 |  5.790327 |  905 |  15.289062 |     19.445312 |  73.656250 |  10.265625 | 244.000000 | 63.000000 | 138.000000 | 138.000000
 2569 | 2569 | Predict | -0.045490 | -0.195127 | -0.029444 | 5.193773 |  9.810974 | 0.050000 |    7 | 11.024216 | 10.742834 |  5.566468 |  5.790327 |  905 |  15.289062 |     19.445312 |  73.656250 |  10.265625 | 244.000000 | 63.000000 | 138.000000 | 138.000000
 2570 | 2570 | Update  | -0.611719 |  0.787692 | -0.092196 | 4.657909 |  9.445492 | 0.050000 |   14 |  0.000000 | 10.752865 |  5.445998 |  5.830446 |  905 |  15.289062 |     19.082031 |  40.605469 |  12.789062 | 244.000000 | 63.000000 | 138.000000 | 138.000000
 2571 | 2571 | Predict | -0.379481 |  0.775721 | -0.138561 | 4.657909 |  9.445492 | 0.051000 |   14 |  0.000000 | 10.752865 |  5.445998 |  5.830446 |  906 |  15.289062 |     19.082031 |  40.605469 |  12.789062 | 244.000000 | 63.000000 | 138.000000 | 138.000000
 2572 | 2572 | Predict | -0.694318 | -0.660800 | -0.172002 | 4.657909 |  9.445492 | 0.051000 |   14 |  0.000000 | 10.752865 |  5.445998 |  5.830446 |  907 |  15.289062 |     19.082031 |  40.605469 |  12.789062 | 244.000000 | 63.000000 | 138.000000 | 138.000000
 2573 | 2573 | Predict | -0.318429 |  0.444124 | -0.191587 | 4.657909 |  9.445492 | 0.050000 |   14 |  0.000000 | 10.752865 |  5.445998 |  5.830446 |  907 |  15.289062 |     19.082031 |  40.605469 |  12.789062 | 244.000000 | 63.000000 | 138.000000 | 138.000000
 2574 | 2574 | Update  | -0.077812 | -0.343568 | -0.152283 | 4.545716 |  9.364810 | 0.050000 |   14 |  0.000000 | 10.732800 |  5.385758 |  5.960841 |  907 |  15.289062 |     11.546875 |  57.523438 |   8.765625 | 244.000000 | 63.000000 | 138.000000 | 138.000000
 2575 | 2575 | Predict |  0.227449 |  0.119710 | -0.116444 | 4.545716 |  9.364810 | 0.050000 |   14 |  0.000000 | 10.732800 |  5.385758 |  5.960841 |  907 |  15.289062 |     11.546875 |  57.523438 |   8.765625 | 244.000000 | 63.000000 | 138.000000 | 138.000000
 2576 | 2576 | Predict |  0.214281 | -0.474052 | -0.050761 | 4.545716 |  9.364810 | 0.050000 |   14 |  0.000000 | 10.732800 |  5.385758 |  5.960841 |  908 |  15.289062 |     11.546875 |  57.523438 |   8.765625 | 244.000000 | 63.000000 | 138.000000 | 138.000000
 2577 | 2577 | Update  |  0.405817 | -0.262165 | -0.095660 | 4.609651 |  9.354060 | 0.050000 |   14 |  0.000000 | 10.692764 |  5.446001 |  5.910679 |  908 |  15.289062 |      8.375000 |  44.843750 |   8.792969 | 244.000000 | 63.000000 | 138.000000 | 138.000000
 2578 | 2578 | Update  | -0.708684 | -0.299275 | -0.131899 | 4.567933 |  9.380476 | 0.051000 |   14 | 10.877844 | 10.722861 |  5.370716 |  5.910680 |  908 |  11.125000 |      9.597656 |  53.253906 |   8.011719 | 244.000000 | 63.000000 | 138.000000 | 138.000000
 2579 | 2579 | Predict | -0.760159 |  1.227028 | -0.185191 | 4.567933 |  9.380476 | 0.050000 |   14 | 10.877844 | 10.722861 |  5.370716 |  5.910680 |  908 |  11.125000 |      9.597656 |  53.253906 |   8.011719 | 244.000000 | 63.000000 | 138.000000 | 138.000000
 2580 | 2580 | Predict | -0.053870 | -0.597353 | -0.174000 | 4.567933 |  9.380476 | 0.050000 |   14 | 10.877844 | 10.722861 |  5.370716 |  5.910680 |  909 |  11.125000 |      9.597656 |  53.253906 |   8.011719 | 244.000000 | 63.000000 | 138.000000 | 138.000000
 2581 | 2581 | Predict | -0.736217 | -0.287304 | -0.172268 | 4.567933 |  9.380476 | 0.050000 |   14 | 10.877844 | 10.722861 |  5.370716 |  5.910680 |  910 |  11.125000 |      9.597656 |  53.253906 |   8.011719 | 244.000000 | 63.000000 | 138.000000 | 138.000000
 2582 | 2582 | Predict | -1.335965 | -0.423774 | -0.207308 | 4.567933 |  9.380476 | 0.050000 |   14 | 10.877844 | 10.722861 |  5.370716 |  5.910680 |  910 |  11.125000 |      9.597656 |  53.253906 |   8.011719 | 244.000000 | 63.000000 | 138.000000 | 138.000000
 2583 | 2583 | Update  | -0.140061 |  1.367089 | -0.168671 | 4.455090 |  9.316492 | 0.050000 |   14 | 10.939186 | 10.722769 |  5.310472 |  6.041139 |  910 |  17.183594 |      9.628906 |  38.277344 |   8.261719 | 244.000000 | 63.000000 | 138.000000 | 138.000000
 2584 | 2584 | Update  | -1.031901 | -0.664391 | -0.165873 | 4.551802 |  9.360945 | 0.050000 |   14 |  0.000000 | 10.722867 |  5.385758 |  5.950868 |  910 |  17.183594 |     13.242188 |  56.808594 |   4.839844 | 244.000000 | 63.000000 | 138.000000 | 138.000000
 2585 | 2585 | Predict | -0.134075 | -0.597353 | -0.137228 | 4.551802 |  9.360945 | 0.050000 |   14 |  0.000000 | 10.722867 |  5.385758 |  5.950868 |  910 |  17.183594 |     13.242188 |  56.808594 |   4.839844 | 244.000000 | 63.000000 | 138.000000 | 138.000000
 2586 | 2586 | Predict | -0.742203 |  0.225055 | -0.124438 | 4.551802 |  9.360945 | 0.050000 |   14 |  0.000000 | 10.722867 |  5.385758 |  5.950868 |  911 |  17.183594 |     13.242188 |  56.808594 |   4.839844 | 244.000000 | 63.000000 | 138.000000 | 138.000000
 2587 | 2587 | Predict | -0.745794 |  0.509965 | -0.151484 | 4.551802 |  9.360945 | 0.050000 |   14 |  0.000000 | 10.722867 |  5.385758 |  5.950868 |  911 |  17.183594 |     13.242188 |  56.808594 |   4.839844 | 244.000000 | 63.000000 | 138.000000 | 138.000000
 2588 | 2588 | Predict | -0.699107 |  0.071826 | -0.219698 | 4.551802 |  9.360945 | 0.050000 |   14 |  0.000000 | 10.722867 |  5.385758 |  5.950868 |  912 |  17.183594 |     13.242188 |  56.808594 |   4.839844 | 244.000000 | 63.000000 | 138.000000 | 138.000000
 2589 | 2589 | Predict | -0.421380 |  0.081403 | -0.245145 | 4.551802 |  9.360945 | 0.050000 |   14 |  0.000000 | 10.722867 |  5.385758 |  5.950868 |  913 |  17.183594 |     13.242188 |  56.808594 |   4.839844 | 244.000000 | 63.000000 | 138.000000 | 138.000000
 2590 | 2590 | Predict | -0.270545 | -0.423774 | -0.208640 | 4.551802 |  9.360945 | 0.050000 |   14 |  0.000000 | 10.722867 |  5.385758 |  5.950868 |  913 |  17.183594 |     13.242188 |  56.808594 |   4.839844 | 244.000000 | 63.000000 | 138.000000 | 138.000000
 2591 | 2591 | Predict | -0.295684 | -1.152808 | -0.199447 | 4.551802 |  9.360945 | 0.050000 |   14 |  0.000000 | 10.722867 |  5.385758 |  5.950868 |  915 |  17.183594 |     13.242188 |  56.808594 |   4.839844 | 244.000000 | 63.000000 | 138.000000 | 138.000000
 2592 | 2592 | Predict | -0.818817 |  0.739808 | -0.227293 | 4.551802 |  9.360945 | 0.050000 |   14 |  0.000000 | 10.722867 |  5.385758 |  5.950868 |  915 |  17.183594 |     13.242188 |  56.808594 |   4.839844 | 244.000000 | 63.000000 | 138.000000 | 138.000000
 2593 | 2593 | Update  | -0.575805 |  1.069011 | -0.201845 | 4.348032 |  9.230846 | 0.050000 |   14 | 10.801459 | 10.722768 |  5.310470 |  6.211691 |  915 |  23.910156 |     14.093750 |  54.980469 |  18.718750 | 244.000000 | 63.000000 | 138.000000 | 138.000000
 2594 | 2594 | Predict | -0.488417 |  0.905008 | -0.175599 | 4.348032 |  9.230846 | 0.050000 |   14 | 10.801459 | 10.722768 |  5.310470 |  6.211691 |  915 |  23.910156 |     14.093750 |  54.980469 |  18.718750 | 244.000000 | 63.000000 | 138.000000 | 138.000000
 2595 | 2595 | Predict |  0.044293 | -0.445322 | -0.193185 | 4.348032 |  9.230846 | 0.050000 |   14 | 10.801459 | 10.722768 |  5.310470 |  6.211691 |  916 |  23.910156 |     14.093750 |  54.980469 |  18.718750 | 244.000000 | 63.000000 | 138.000000 | 138.000000
 2596 | 2596 | Predict | -0.810437 |  0.098162 | -0.160144 | 4.348032 |  9.230846 | 0.050000 |   14 | 10.801459 | 10.722768 |  5.310470 |  6.211691 |  917 |  23.910156 |     14.093750 |  54.980469 |  18.718750 | 244.000000 | 63.000000 | 138.000000 | 138.000000
 2597 | 2597 | Predict | -0.418985 | -0.331597 | -0.200913 | 4.348032 |  9.230846 | 0.050000 |   14 | 10.801459 | 10.722768 |  5.310470 |  6.211691 |  917 |  23.910156 |     14.093750 |  54.980469 |  18.718750 | 244.000000 | 63.000000 | 138.000000 | 138.000000
 2598 | 2598 | Predict |  0.296881 |  1.047463 | -0.180262 | 4.348032 |  9.230846 | 0.050000 |   14 | 10.801459 | 10.722768 |  5.310470 |  6.211691 |  918 |  23.910156 |     14.093750 |  54.980469 |  18.718750 | 244.000000 | 63.000000 | 138.000000 | 138.000000
 2599 | 2599 | Predict | -0.803255 | -0.435745 | -0.227026 | 4.348032 |  9.230846 | 0.050000 |   14 | 10.801459 | 10.722768 |  5.310470 |  6.211691 |  919 |  23.910156 |     14.093750 |  54.980469 |  18.718750 | 244.000000 | 63.000000 | 138.000000 | 138.000000
 2600 | 2600 | Predict | -2.005144 | -0.122104 | -0.217567 | 4.348032 |  9.230846 | 0.050000 |   14 | 10.801459 | 10.722768 |  5.310470 |  6.211691 |  919 |  23.910156 |     14.093750 |  54.980469 |  18.718750 | 244.000000 | 63.000000 | 138.000000 | 138.000000
 2601 | 2601 | Update  | -0.357933 |  0.119710 | -0.191453 | 4.152644 |  9.206853 | 0.050000 |   14 |  0.000000 | 10.842972 |  5.250222 |  6.462416 |  919 |  23.910156 |     15.250000 |  31.433594 |  19.945312 | 244.000000 | 63.000000 | 138.000000 | 138.000000
 2602 | 2602 | Predict | -0.274136 | -1.110910 | -0.179063 | 4.152644 |  9.206853 | 0.050000 |   14 |  0.000000 | 10.842972 |  5.250222 |  6.462416 |  919 |  23.910156 |     15.250000 |  31.433594 |  19.945312 | 244.000000 | 63.000000 | 138.000000 | 138.000000
 2603 | 2603 | Predict | -0.967257 | -0.082600 | -0.224228 | 4.152644 |  9.206853 | 0.050000 |   14 |  0.000000 | 10.842972 |  5.250222 |  6.462416 |  920 |  23.910156 |     15.250000 |  31.433594 |  19.945312 | 244.000000 | 63.000000 | 138.000000 | 138.000000
 2604 | 2604 | Update  |  0.146046 | -0.023942 | -0.210639 | 4.072204 |  9.187104 | 0.050000 |   14 |  0.000000 | 10.893041 |  5.250219 |  6.582780 |  920 |  23.910156 |     22.855469 |  38.683594 |  31.457031 | 244.000000 | 63.000000 | 138.000000 | 138.000000
 2605 | 2605 | Update  |  0.031125 |  0.594959 | -0.270060 | 4.119071 |  9.735382 | 0.051000 |   13 | 10.746307 | 10.823001 |  5.174920 |  6.452374 |  920 |  16.601562 |     20.050781 |  52.582031 |  42.375000 | 244.000000 | 63.000000 | 138.000000 | 138.000000
 2606 | 2606 | Predict |  0.107739 |  1.265336 | -0.229691 | 4.119071 |  9.735382 | 0.050000 |   13 | 10.746307 | 10.823001 |  5.174920 |  6.452374 |  920 |  16.601562 |     20.050781 |  52.582031 |  42.375000 | 244.000000 | 63.000000 | 138.000000 | 138.000000
 2607 | 2607 | Update  | -0.609324 |  0.243011 | -0.199181 | 4.072393 |  9.201610 | 0.050000 |   14 |  0.000000 | 10.873067 |  5.174922 |  6.522600 |  920 |  16.601562 |     13.265625 |  17.347656 |  11.234375 | 244.000000 | 63.000000 | 138.000000 | 138.000000
 2608 | 2608 | Predict |  0.763750 |  0.554258 | -0.239550 | 4.072393 |  9.201610 | 0.050000 |   14 |  0.000000 | 10.873067 |  5.174922 |  6.522600 |  921 |  16.601562 |     13.265625 |  17.347656 |  11.234375 | 244.000000 | 63.000000 | 138.000000 | 138.000000
 2609 | 2609 | Predict |  0.241814 |  0.790087 | -0.206508 | 4.072393 |  9.201610 | 0.050000 |   14 |  0.000000 | 10.873067 |  5.174922 |  6.522600 |  921 |  16.601562 |     13.265625 |  17.347656 |  11.234375 | 244.000000 | 63.000000 | 138.000000 | 138.000000
 2610 | 2610 | Update  | -1.321599 |  0.051475 | -0.171202 | 3.841926 |  9.087375 | 0.050000 |   14 |  0.000000 | 10.923136 |  5.114659 |  6.813437 |  921 |  16.601562 |     20.429688 |  45.136719 |  26.363281 | 244.000000 | 63.000000 | 138.000000 | 138.000000
 2611 | 2611 | Predict | -1.321599 | -0.417788 | -0.196783 | 3.841926 |  9.087375 | 0.050000 |   14 |  0.000000 | 10.923136 |  5.114659 |  6.813437 |  921 |  16.601562 |     20.429688 |  45.136719 |  26.363281 | 244.000000 | 63.000000 | 138.000000 | 138.000000
 2612 | 2612 | Update  |  0.480037 | -0.142455 | -0.174666 | 3.851512 |  9.648858 | 0.050000 |   13 | 10.582397 |  0.000000 |  5.039345 |  6.743225 |  921 |  14.203125 | 1.799435e+159 |  55.738281 |  28.660156 | 244.000000 |  0.000000 | 138.000000 | 138.000000
 2613 | 2613 | Predict | -1.179144 | -0.237026 | -0.172801 | 3.851512 |  9.648858 | 0.050000 |   13 | 10.582397 |  0.000000 |  5.039345 |  6.743225 |  922 |  14.203125 | 1.799435e+159 |  55.738281 |  28.660156 | 244.000000 |  0.000000 | 138.000000 | 138.000000
 2614 | 2614 | Update  | -1.171962 |  0.774524 | -0.152550 | 3.867640 |  9.229693 | 0.050000 |   14 |  0.000000 | 11.093310 |  5.189965 |  6.833520 |  922 |  14.203125 |     29.625000 |  48.773438 |  29.296875 | 244.000000 | 63.000000 | 138.000000 | 138.000000
 2615 | 2615 | Predict | -0.187945 | -0.422577 | -0.120175 | 3.867640 |  9.229693 | 0.050000 |   14 |  0.000000 | 11.093310 |  5.189965 |  6.833520 |  922 |  14.203125 |     29.625000 |  48.773438 |  29.296875 | 244.000000 | 63.000000 | 138.000000 | 138.000000
 2616 | 2616 | Predict | -0.503979 | -1.034295 | -0.097792 | 3.867640 |  9.229693 | 0.050000 |   14 |  0.000000 | 11.093310 |  5.189965 |  6.833520 |  923 |  14.203125 |     29.625000 |  48.773438 |  29.296875 | 244.000000 | 63.000000 | 138.000000 | 138.000000
 2617 | 2617 | Predict | -0.104148 | -1.498770 | -0.011058 | 3.867640 |  9.229693 | 0.050000 |   14 |  0.000000 | 11.093310 |  5.189965 |  6.833520 |  923 |  14.203125 |     29.625000 |  48.773438 |  29.296875 | 244.000000 | 63.000000 | 138.000000 | 138.000000
 2618 | 2618 | Predict |  0.228646 | -0.134075 |  0.006928 | 3.867640 |  9.229693 | 0.050000 |   14 |  0.000000 | 11.093310 |  5.189965 |  6.833520 |  924 |  14.203125 |     29.625000 |  48.773438 |  29.296875 | 244.000000 | 63.000000 | 138.000000 | 138.000000
 2619 | 2619 | Update  | -0.088585 | -0.927753 | -0.008260 | 3.834745 |  9.373264 | 0.050000 |   14 |  0.000000 | 11.123404 |  4.843458 |  6.622874 |  924 |  14.203125 |     23.316406 |  42.183594 |  18.777344 | 244.000000 | 63.000000 | 138.000000 | 138.000000
 2620 | 2620 | Predict | -0.215478 | -0.830788 |  0.005196 | 3.834745 |  9.373264 | 0.051000 |   14 |  0.000000 | 11.123404 |  4.843458 |  6.622874 |  925 |  14.203125 |     23.316406 |  42.183594 |  18.777344 | 244.000000 | 63.000000 | 138.000000 | 138.000000
 2621 | 2621 | Predict | -1.221043 |  0.299275 |  0.028778 | 3.834745 |  9.373264 | 0.050000 |   14 |  0.000000 | 11.123404 |  4.843458 |  6.622874 |  925 |  14.203125 |     23.316406 |  42.183594 |  18.777344 | 244.000000 | 63.000000 | 138.000000 | 138.000000
 2622 | 2622 | Predict |  0.229843 |  0.270545 |  0.070479 | 3.834745 |  9.373264 | 0.050000 |   14 |  0.000000 | 11.123404 |  4.843458 |  6.622874 |  926 |  14.203125 |     23.316406 |  42.183594 |  18.777344 | 244.000000 | 63.000000 | 138.000000 | 138.000000
 2623 | 2623 | Predict | -1.424550 |  1.313220 |  0.037038 | 3.834745 |  9.373264 | 0.051000 |   14 |  0.000000 | 11.123404 |  4.843458 |  6.622874 |  927 |  14.203125 |     23.316406 |  42.183594 |  18.777344 | 244.000000 | 63.000000 | 138.000000 | 138.000000
 2624 | 2624 | Predict | -0.741005 |  0.022745 |  0.081538 | 3.834745 |  9.373264 | 0.050000 |   14 |  0.000000 | 11.123404 |  4.843458 |  6.622874 |  927 |  14.203125 |     23.316406 |  42.183594 |  18.777344 | 244.000000 | 63.000000 | 138.000000 | 138.000000
 2625 | 2625 | Predict | -1.276109 | -0.424971 |  0.054625 | 3.834745 |  9.373264 | 0.050000 |   14 |  0.000000 | 11.123404 |  4.843458 |  6.622874 |  928 |  14.203125 |     23.316406 |  42.183594 |  18.777344 | 244.000000 | 63.000000 | 138.000000 | 138.000000
 2626 | 2626 | Update  | -1.374272 | -0.859518 |  0.116844 | 3.796895 |  9.665482 | 0.050000 |   13 | 10.544777 | 11.073339 |  4.918797 |  6.733258 |  928 |   6.378906 |     21.523438 |  53.203125 |  18.011719 | 244.000000 | 63.000000 | 138.000000 | 138.000000
 2627 | 2627 | Predict |  0.113725 |  0.184354 |  0.094194 | 3.796895 |  9.665482 | 0.050000 |   13 | 10.544777 | 11.073339 |  4.918797 |  6.733258 |  928 |   6.378906 |     21.523438 |  53.203125 |  18.011719 | 244.000000 | 63.000000 | 138.000000 | 138.000000
 2628 | 2628 | Update  | -1.006762 | -0.835576 |  0.061286 | 3.526608 |  9.142362 | 0.050000 |   14 |  0.000000 | 11.173469 |  4.918797 |  7.114266 |  928 |   6.378906 |     26.375000 |  85.765625 |  30.507812 | 244.000000 | 63.000000 | 138.000000 | 138.000000
 2629 | 2629 | Predict |  0.208296 | -0.591368 |  0.063418 | 3.526608 |  9.142362 | 0.050000 |   14 |  0.000000 | 11.173469 |  4.918797 |  7.114266 |  929 |   6.378906 |     26.375000 |  85.765625 |  30.507812 | 244.000000 | 63.000000 | 138.000000 | 138.000000
 2630 | 2630 | Predict | -0.373495 |  1.454478 |  0.019185 | 3.526608 |  9.142362 | 0.050000 |   14 |  0.000000 | 11.173469 |  4.918797 |  7.114266 |  929 |   6.378906 |     26.375000 |  85.765625 |  30.507812 | 244.000000 | 63.000000 | 138.000000 | 138.000000
 2631 | 2631 | Predict | -1.357512 |  0.548272 | -0.053559 | 3.526608 |  9.142362 | 0.050000 |   14 |  0.000000 | 11.173469 |  4.918797 |  7.114266 |  930 |   6.378906 |     26.375000 |  85.765625 |  30.507812 | 244.000000 | 63.000000 | 138.000000 | 138.000000
 2632 | 2632 | Predict | -0.644040 | -1.183933 | -0.043034 | 3.526608 |  9.142362 | 0.050000 |   14 |  0.000000 | 11.173469 |  4.918797 |  7.114266 |  930 |   6.378906 |     26.375000 |  85.765625 |  30.507812 | 244.000000 | 63.000000 | 138.000000 | 138.000000
 2633 | 2633 | Update  |  1.028310 |  0.438139 | -0.064351 | 3.675455 |  9.245831 | 0.050000 |   14 |  0.000000 | 11.123404 |  4.843461 |  6.853601 |  930 |   6.378906 |     28.746094 |  58.328125 |  29.089844 | 244.000000 | 63.000000 | 138.000000 | 138.000000
 2634 | 2634 | Update  |  0.079009 | -0.106542 | -0.098058 | 3.407776 |  9.128827 | 0.050000 |   14 |  0.000000 | 11.203568 |  4.783170 |  7.184464 |  930 |   6.378906 |     43.070312 |  41.523438 |  21.273438 | 244.000000 | 63.000000 | 138.000000 | 138.000000
 2635 | 2635 | Update  | -1.675941 |  0.910994 | -0.068214 | 3.546163 |  9.663332 | 0.051000 |   13 | 10.479695 | 11.193438 |  4.783169 |  6.993941 |  930 |  12.367188 |     34.250000 |  65.804688 |  20.007812 | 244.000000 | 63.000000 | 138.000000 | 138.000000
 2636 | 2636 | Predict |  0.549469 | -0.766145 | -0.042234 | 3.546163 |  9.663332 | 0.050000 |   13 | 10.479695 | 11.193438 |  4.783169 |  6.993941 |  930 |  12.367188 |     34.250000 |  65.804688 |  20.007812 | 244.000000 | 63.000000 | 138.000000 | 138.000000
 2637 | 2637 | Predict | -0.289698 | -1.086968 | -0.009859 | 3.546163 |  9.663332 | 0.050000 |   13 | 10.479695 | 11.193438 |  4.783169 |  6.993941 |  931 |  12.367188 |     34.250000 |  65.804688 |  20.007812 | 244.000000 | 63.000000 | 138.000000 | 138.000000
 2638 | 2638 | Predict | -0.842759 |  0.059855 |  0.009459 | 3.546163 |  9.663332 | 0.050000 |   13 | 10.479695 | 11.193438 |  4.783169 |  6.993941 |  932 |  12.367188 |     34.250000 |  65.804688 |  20.007812 | 244.000000 | 63.000000 | 138.000000 | 138.000000
 2639 | 2639 | Predict | -0.140061 | -0.897826 | -0.012657 | 3.546163 |  9.663332 | 0.050000 |   13 | 10.479695 | 11.193438 |  4.783169 |  6.993941 |  932 |  12.367188 |     34.250000 |  65.804688 |  20.007812 | 244.000000 | 63.000000 | 138.000000 | 138.000000
 2640 | 2640 | Predict | -1.650802 | -0.205901 | -0.004263 | 3.546163 |  9.663332 | 0.050000 |   13 | 10.479695 | 11.193438 |  4.783169 |  6.993941 |  933 |  12.367188 |     34.250000 |  65.804688 |  20.007812 | 244.000000 | 63.000000 | 138.000000 | 138.000000
 2641 | 2641 | Update  | -0.706290 | -0.307655 | -0.073677 | 3.236682 |  9.637973 | 0.050000 |   13 | 10.415858 | 11.313635 |  4.707819 |  7.364858 |  933 |  10.812500 |     29.175781 |  69.195312 |  29.933594 | 244.000000 | 63.000000 | 138.000000 | 138.000000
 2642 | 2642 | Predict |  1.357512 | -2.013524 | -0.066882 | 3.236682 |  9.637973 | 0.050000 |   13 | 10.415858 | 11.313635 |  4.707819 |  7.364858 |  933 |  10.812500 |     29.175781 |  69.195312 |  29.933594 | 244.000000 | 63.000000 | 138.000000 | 138.000000
 2643 | 2643 | Predict | -1.060631 | -0.263362 | -0.043034 | 3.236682 |  9.637973 | 0.050000 |   13 | 10.415858 | 11.313635 |  4.707819 |  7.364858 |  934 |  10.812500 |     29.175781 |  69.195312 |  29.933594 | 244.000000 | 63.000000 | 138.000000 | 138.000000
 2644 | 2644 | Update  | -0.421380 | -0.565032 | -0.011458 | 3.175481 |  9.003222 | 0.050000 |   14 |  0.000000 | 11.243503 |  4.722874 |  7.455049 |  934 |  10.812500 |     34.429688 |  93.519531 |  29.570312 | 244.000000 | 63.000000 | 138.000000 | 138.000000
 2645 | 2645 | Predict | -1.003170 | -0.396240 |  0.028911 | 3.175481 |  9.003222 | 0.050000 |   14 |  0.000000 | 11.243503 |  4.722874 |  7.455049 |  934 |  10.812500 |     34.429688 |  93.519531 |  29.570312 | 244.000000 | 63.000000 | 138.000000 | 138.000000
 2646 | 2646 | Update  |  0.926556 |  0.587777 |  0.072345 | 3.187252 |  9.706657 | 0.050000 |   13 | 10.435847 | 11.223535 |  4.572141 |  7.344857 |  934 |  14.554688 |     26.347656 |  73.359375 |  34.175781 | 244.000000 | 63.000000 | 138.000000 | 138.000000
 2647 | 2647 | Predict | -0.251391 |  0.761356 |  0.069014 | 3.187252 |  9.706657 | 0.050000 |   13 | 10.435847 | 11.223535 |  4.572141 |  7.344857 |  935 |  14.554688 |     26.347656 |  73.359375 |  34.175781 | 244.000000 | 63.000000 | 138.000000 | 138.000000
 2648 | 2648 | Predict | -0.180762 | -0.527921 |  0.019585 | 3.187252 |  9.706657 | 0.050000 |   13 | 10.435847 | 11.223535 |  4.572141 |  7.344857 |  935 |  14.554688 |     26.347656 |  73.359375 |  34.175781 | 244.000000 | 63.000000 | 138.000000 | 138.000000
 2649 | 2649 | Update  |  0.075417 | -0.311246 | -0.028245 | 3.159182 |  9.735593 | 0.050000 |   13 | 10.443419 | 11.303699 |  4.511823 |  7.344857 |  935 |  13.425781 |     20.191406 |  65.398438 |  28.390625 | 244.000000 | 63.000000 | 138.000000 | 138.000000
 2650 | 2650 | Predict | -2.721010 |  0.802058 | -0.021983 | 3.159182 |  9.735593 | 0.050000 |   13 | 10.443419 | 11.303699 |  4.511823 |  7.344857 |  935 |  13.425781 |     20.191406 |  65.398438 |  28.390625 | 244.000000 | 63.000000 | 138.000000 | 138.000000
 2651 | 2651 | Predict | -0.070629 | -0.985214 | -0.101256 | 3.159182 |  9.735593 | 0.050000 |   13 | 10.443419 | 11.303699 |  4.511823 |  7.344857 |  936 |  13.425781 |     20.191406 |  65.398438 |  28.390625 | 244.000000 | 63.000000 | 138.000000 | 138.000000
 2652 | 2652 | Update  | -1.517924 |  0.099359 | -0.128968 | 2.959586 |  9.655616 | 0.050000 |   13 | 10.349566 |  0.000000 |  4.511819 |  7.605459 |  936 |  19.000000 |     20.191406 |  80.472656 |  23.378906 | 244.000000 |  0.000000 | 138.000000 | 138.000000
 2653 | 2653 | Predict | -0.428562 |  0.802058 | -0.074610 | 2.959586 |  9.655616 | 0.050000 |   13 | 10.349566 |  0.000000 |  4.511819 |  7.605459 |  937 |  19.000000 |     20.191406 |  80.472656 |  23.378906 | 244.000000 |  0.000000 | 138.000000 | 138.000000
 2654 | 2654 | Predict | -0.314838 | -0.657208 | -0.098058 | 2.959586 |  9.655616 | 0.050000 |   13 | 10.349566 |  0.000000 |  4.511819 |  7.605459 |  937 |  19.000000 |     20.191406 |  80.472656 |  23.378906 | 244.000000 |  0.000000 | 138.000000 | 138.000000
 2655 | 2655 | Update  | -1.741782 |  0.065841 | -0.059155 | 3.244059 |  9.686404 | 0.050000 |   13 | 10.353268 |  0.000000 |  4.436428 |  7.184390 |  937 |  20.253906 |     20.191406 | 109.339844 |  26.425781 | 244.000000 |  0.000000 | 138.000000 | 138.000000
 2656 | 2656 | Predict |  0.088585 |  0.046687 | -0.066216 | 3.244059 |  9.686404 | 0.052000 |   13 | 10.353268 |  0.000000 |  4.436428 |  7.184390 |  938 |  20.253906 |     20.191406 | 109.339844 |  26.425781 | 244.000000 |  0.000000 | 138.000000 | 138.000000
 2657 | 2657 | Predict | -1.576582 |  0.089783 | -0.087000 | 3.244059 |  9.686404 | 0.050000 |   13 | 10.353268 |  0.000000 |  4.436428 |  7.184390 |  938 |  20.253906 |     20.191406 | 109.339844 |  26.425781 | 244.000000 |  0.000000 | 138.000000 | 138.000000
 2658 | 2658 | Predict |  0.353145 | -0.679953 | -0.063018 | 3.244059 |  9.686404 | 0.050000 |   13 | 10.353268 |  0.000000 |  4.436428 |  7.184390 |  939 |  20.253906 |     20.191406 | 109.339844 |  26.425781 | 244.000000 |  0.000000 | 138.000000 | 138.000000
 2659 | 2659 | Update  |  0.347159 | -0.908600 | -0.034240 | 3.100644 |  9.733919 | 0.050000 |   13 | 10.358248 |  0.000000 |  4.315747 |  7.304705 |  939 |  13.339844 |     20.191406 |  64.820312 |  18.292969 | 244.000000 |  0.000000 | 138.000000 | 138.000000
 2660 | 2660 | Predict |  1.102530 |  1.107318 |  0.025047 | 3.100644 |  9.733919 | 0.050000 |   13 | 10.358248 |  0.000000 |  4.315747 |  7.304705 |  939 |  13.339844 |     20.191406 |  64.820312 |  18.292969 | 244.000000 |  0.000000 | 138.000000 | 138.000000
 2661 | 2661 | Update  | -0.405817 | -0.518345 | -0.020917 | 3.020600 |  9.217693 | 0.050000 |   14 |  0.000000 | 11.473861 |  4.391158 |  7.455049 |  939 |  13.339844 |     32.804688 | 119.328125 |  35.242188 | 244.000000 | 63.000000 | 138.000000 | 138.000000
 2662 | 2662 | Predict | -1.344344 | -0.361524 | -0.041302 | 3.020600 |  9.217693 | 0.050000 |   14 |  0.000000 | 11.473861 |  4.391158 |  7.455049 |  940 |  13.339844 |     32.804688 | 119.328125 |  35.242188 | 244.000000 | 63.000000 | 138.000000 | 138.000000
 2663 | 2663 | Predict | -0.183156 |  0.794875 | -0.040636 | 3.020600 |  9.217693 | 0.050000 |   14 |  0.000000 | 11.473861 |  4.391158 |  7.455049 |  940 |  13.339844 |     32.804688 | 119.328125 |  35.242188 | 244.000000 | 63.000000 | 138.000000 | 138.000000
 2664 | 2664 | Predict |  0.928950 |  0.794875 | -0.029844 | 3.020600 |  9.217693 | 0.050000 |   14 |  0.000000 | 11.473861 |  4.391158 |  7.455049 |  941 |  13.339844 |     32.804688 | 119.328125 |  35.242188 | 244.000000 | 63.000000 | 138.000000 | 138.000000
 2665 | 2665 | Update  | -0.566229 | -0.172383 | -0.034107 | 2.876776 |  9.250567 | 0.051000 |   14 | 10.295654 | 11.573985 |  4.240324 |  7.555347 |  941 |  20.921875 |     36.464844 |  86.121094 |  18.242188 | 244.000000 | 63.000000 | 138.000000 | 138.000000
 2666 | 2666 | Predict | -0.526724 | -1.042675 |  0.023315 | 2.876776 |  9.250567 | 0.050000 |   14 | 10.295654 | 11.573985 |  4.240324 |  7.555347 |  941 |  20.921875 |     36.464844 |  86.121094 |  18.242188 | 244.000000 | 63.000000 | 138.000000 | 138.000000
 2667 | 2667 | Update  | -0.676362 |  0.010774 |  0.070213 | 2.803991 |  9.726113 | 0.050000 |   13 | 10.293164 |  0.000000 |  4.179961 |  7.615496 |  941 |  14.507812 |     36.464844 |  82.824219 |  13.164062 | 244.000000 |  0.000000 | 138.000000 | 138.000000
 2668 | 2668 | Predict | -0.439336 |  0.082600 |  0.040103 | 2.803991 |  9.726113 | 0.050000 |   13 | 10.293164 |  0.000000 |  4.179961 |  7.615496 |  942 |  14.507812 |     36.464844 |  82.824219 |  13.164062 | 244.000000 |  0.000000 | 138.000000 | 138.000000
 2669 | 2669 | Predict | -0.191536 | -0.470461 |  0.038104 | 2.803991 |  9.726113 | 0.050000 |   13 | 10.293164 |  0.000000 |  4.179961 |  7.615496 |  942 |  14.507812 |     36.464844 |  82.824219 |  13.164062 | 244.000000 |  0.000000 | 138.000000 | 138.000000
 2670 | 2670 | Predict | -1.240196 | -0.377087 |  0.007461 | 2.803991 |  9.726113 | 0.050000 |   13 | 10.293164 |  0.000000 |  4.179961 |  7.615496 |  943 |  14.507812 |     36.464844 |  82.824219 |  13.164062 | 244.000000 |  0.000000 | 138.000000 | 138.000000
 2671 | 2671 | Predict | -0.490811 |  1.351527 |  0.069413 | 2.803991 |  9.726113 | 0.050000 |   13 | 10.293164 |  0.000000 |  4.179961 |  7.615496 |  944 |  14.507812 |     36.464844 |  82.824219 |  13.164062 | 244.000000 |  0.000000 | 138.000000 | 138.000000
 2672 | 2672 | Predict | -1.204283 | -0.494403 |  0.042767 | 2.803991 |  9.726113 | 0.050000 |   13 | 10.293164 |  0.000000 |  4.179961 |  7.615496 |  944 |  14.507812 |     36.464844 |  82.824219 |  13.164062 | 244.000000 |  0.000000 | 138.000000 | 138.000000
 2673 | 2673 | Predict | -0.507571 | -0.537498 |  0.109383 | 2.803991 |  9.726113 | 0.050000 |   13 | 10.293164 |  0.000000 |  4.179961 |  7.615496 |  945 |  14.507812 |     36.464844 |  82.824219 |  13.164062 | 244.000000 |  0.000000 | 138.000000 | 138.000000
 2674 | 2674 | Predict |  0.041899 |  0.033519 |  0.100456 | 2.803991 |  9.726113 | 0.050000 |   13 | 10.293164 |  0.000000 |  4.179961 |  7.615496 |  946 |  14.507812 |     36.464844 |  82.824219 |  13.164062 | 244.000000 |  0.000000 | 138.000000 | 138.000000
 2675 | 2675 | Predict | -1.078588 |  0.690727 |  0.121773 | 2.803991 |  9.726113 | 0.050000 |   13 | 10.293164 |  0.000000 |  4.179961 |  7.615496 |  946 |  14.507812 |     36.464844 |  82.824219 |  13.164062 | 244.000000 |  0.000000 | 138.000000 | 138.000000
 2676 | 2676 | Predict | -0.878672 |  1.271321 |  0.142691 | 2.803991 |  9.726113 | 0.050000 |   13 | 10.293164 |  0.000000 |  4.179961 |  7.615496 |  947 |  14.507812 |     36.464844 |  82.824219 |  13.164062 | 244.000000 |  0.000000 | 138.000000 | 138.000000
 2677 | 2677 | Predict |  0.574608 | -1.042675 |  0.047564 | 2.803991 |  9.726113 | 0.051000 |   13 | 10.293164 |  0.000000 |  4.179961 |  7.615496 |  948 |  14.507812 |     36.464844 |  82.824219 |  13.164062 | 244.000000 |  0.000000 | 138.000000 | 138.000000
 2678 | 2678 | Predict |  1.098939 | -0.138864 |  0.054758 | 2.803991 |  9.726113 | 0.050000 |   13 | 10.293164 |  0.000000 |  4.179961 |  7.615496 |  948 |  14.507812 |     36.464844 |  82.824219 |  13.164062 | 244.000000 |  0.000000 | 138.000000 | 138.000000
 2679 | 2679 | Predict | -0.288501 | -0.047884 |  0.084735 | 2.803991 |  9.726113 | 0.050000 |   13 | 10.293164 |  0.000000 |  4.179961 |  7.615496 |  949 |  14.507812 |     36.464844 |  82.824219 |  13.164062 | 244.000000 |  0.000000 | 138.000000 | 138.000000
 2680 | 2680 | Predict |  1.532289 |  0.046687 |  0.177730 | 2.803991 |  9.726113 | 0.050000 |   13 | 10.293164 |  0.000000 |  4.179961 |  7.615496 |  950 |  14.507812 |     36.464844 |  82.824219 |  13.164062 | 244.000000 |  0.000000 | 138.000000 | 138.000000
 2681 | 2681 | Predict |  0.585382 |  0.434548 |  0.083936 | 2.803991 |  9.726113 | 0.050000 |   13 | 10.293164 |  0.000000 |  4.179961 |  7.615496 |  950 |  14.507812 |     36.464844 |  82.824219 |  13.164062 | 244.000000 |  0.000000 | 138.000000 | 138.000000
 2682 | 2682 | Update  | -0.440533 |  0.129287 |  0.076741 | 2.374441 |  9.033565 | 0.050000 |   14 |  0.000000 | 11.724270 |  4.119589 |  8.116621 |  950 |  14.035156 |     16.828125 |  72.050781 |  18.617188 | 244.000000 | 63.000000 | 138.000000 | 138.000000
 2683 | 2683 | Predict |  0.457293 |  1.509544 |  0.076342 | 2.374441 |  9.033565 | 0.050000 |   14 |  0.000000 | 11.724270 |  4.119589 |  8.116621 |  951 |  14.035156 |     16.828125 |  72.050781 |  18.617188 | 244.000000 | 63.000000 | 138.000000 | 138.000000
 2684 | 2684 | Predict |  0.269348 | -1.207875 |  0.123239 | 2.374441 |  9.033565 | 0.050000 |   14 |  0.000000 | 11.724270 |  4.119589 |  8.116621 |  951 |  14.035156 |     16.828125 |  72.050781 |  18.617188 | 244.000000 | 63.000000 | 138.000000 | 138.000000
 2685 | 2685 | Predict | -0.678756 | -0.077812 |  0.219165 | 2.374441 |  9.033565 | 0.050000 |   14 |  0.000000 | 11.724270 |  4.119589 |  8.116621 |  952 |  14.035156 |     16.828125 |  72.050781 |  18.617188 | 244.000000 | 63.000000 | 138.000000 | 138.000000
 2686 | 2686 | Predict |  0.233435 | -0.326809 |  0.289645 | 2.374441 |  9.033565 | 0.050000 |   14 |  0.000000 | 11.724270 |  4.119589 |  8.116621 |  953 |  14.035156 |     16.828125 |  72.050781 |  18.617188 | 244.000000 | 63.000000 | 138.000000 | 138.000000
 2687 | 2687 | Predict | -0.260968 |  0.320823 |  0.329081 | 2.374441 |  9.033565 | 0.050000 |   14 |  0.000000 | 11.724270 |  4.119589 |  8.116621 |  953 |  14.035156 |     16.828125 |  72.050781 |  18.617188 | 244.000000 | 63.000000 | 138.000000 | 138.000000
 2688 | 2688 | Predict |  0.191536 | -0.779313 |  0.321087 | 2.374441 |  9.033565 | 0.050000 |   14 |  0.000000 | 11.724270 |  4.119589 |  8.116621 |  954 |  14.035156 |     16.828125 |  72.050781 |  18.617188 | 244.000000 | 63.000000 | 138.000000 | 138.000000
 2689 | 2689 | Update  | -0.873884 |  1.080982 |  0.352263 | 2.449010 |  9.151023 | 0.050000 |   14 |  0.000000 | 11.784265 |  4.119589 |  8.026453 |  954 |  14.035156 |     19.925781 |  73.671875 |  34.660156 | 244.000000 | 63.000000 | 138.000000 | 138.000000
 2690 | 2690 | Predict |  0.196325 | -0.381875 |  0.259135 | 2.449010 |  9.151023 | 0.050000 |   14 |  0.000000 | 11.784265 |  4.119589 |  8.026453 |  954 |  14.035156 |     19.925781 |  73.671875 |  34.660156 | 244.000000 | 63.000000 | 138.000000 | 138.000000
 2691 | 2691 | Predict | -0.562637 |  0.420182 |  0.292709 | 2.449010 |  9.151023 | 0.050000 |   14 |  0.000000 | 11.784265 |  4.119589 |  8.026453 |  955 |  14.035156 |     19.925781 |  73.671875 |  34.660156 | 244.000000 | 63.000000 | 138.000000 | 138.000000
 2692 | 2692 | Predict | -0.527921 |  0.056264 |  0.263798 | 2.449010 |  9.151023 | 0.050000 |   14 |  0.000000 | 11.784265 |  4.119589 |  8.026453 |  956 |  14.035156 |     19.925781 |  73.671875 |  34.660156 | 244.000000 | 63.000000 | 138.000000 | 138.000000
 2693 | 2693 | Predict |  0.008380 |  1.171962 |  0.309363 | 2.449010 |  9.151023 | 0.050000 |   14 |  0.000000 | 11.784265 |  4.119589 |  8.026453 |  956 |  14.035156 |     19.925781 |  73.671875 |  34.660156 | 244.000000 | 63.000000 | 138.000000 | 138.000000
 2694 | 2694 | Predict | -0.851139 |  1.071405 |  0.280985 | 2.449010 |  9.151023 | 0.050000 |   14 |  0.000000 | 11.784265 |  4.119589 |  8.026453 |  957 |  14.035156 |     19.925781 |  73.671875 |  34.660156 | 244.000000 | 63.000000 | 138.000000 | 138.000000
 2695 | 2695 | Predict | -0.274136 | -0.804452 |  0.267795 | 2.449010 |  9.151023 | 0.051000 |   14 |  0.000000 | 11.784265 |  4.119589 |  8.026453 |  958 |  14.035156 |     19.925781 |  73.671875 |  34.660156 | 244.000000 | 63.000000 | 138.000000 | 138.000000
 2696 | 2696 | Predict |  0.377087 |  1.173159 |  0.279786 | 2.449010 |  9.151023 | 0.050000 |   14 |  0.000000 | 11.784265 |  4.119589 |  8.026453 |  958 |  14.035156 |     19.925781 |  73.671875 |  34.660156 | 244.000000 | 63.000000 | 138.000000 | 138.000000
 2697 | 2697 | Predict | -0.683545 | -0.481235 |  0.248077 | 2.449010 |  9.151023 | 0.050000 |   14 |  0.000000 | 11.784265 |  4.119589 |  8.026453 |  959 |  14.035156 |     19.925781 |  73.671875 |  34.660156 | 244.000000 | 63.000000 | 138.000000 | 138.000000
 2698 | 2698 | Predict | -0.897826 |  0.319626 |  0.255271 | 2.449010 |  9.151023 | 0.051000 |   14 |  0.000000 | 11.784265 |  4.119589 |  8.026453 |  960 |  14.035156 |     19.925781 |  73.671875 |  34.660156 | 244.000000 | 63.000000 | 138.000000 | 138.000000
 2699 | 2699 | Predict |  0.112527 | -0.381875 |  0.226893 | 2.449010 |  9.151023 | 0.050000 |   14 |  0.000000 | 11.784265 |  4.119589 |  8.026453 |  960 |  14.035156 |     19.925781 |  73.671875 |  34.660156 | 244.000000 | 63.000000 | 138.000000 | 138.000000
 2700 | 2700 | Predict |  0.096965 | -0.295684 |  0.265530 | 2.449010 |  9.151023 | 0.050000 |   14 |  0.000000 | 11.784265 |  4.119589 |  8.026453 |  961 |  14.035156 |     19.925781 |  73.671875 |  34.660156 | 244.000000 | 63.000000 | 138.000000 | 138.000000
 2701 | 2701 | Update  | -0.606930 |  0.463278 |  0.306165 | 3.240366 |  9.785946 | 0.050000 |    7 | 10.211827 | 11.674206 |  3.787392 |  0.000000 |  961 |  32.289062 |     39.109375 | 130.265625 |   0.000000 | 244.000000 | 63.000000 | 138.000000 |   0.000000
 2702 | 2702 | Predict | -0.520739 |  0.539892 |  0.391567 | 3.240366 |  9.785946 | 0.050000 |    7 | 10.211827 | 11.674206 |  3.787392 |  0.000000 |  961 |  32.289062 |     39.109375 | 130.265625 |   0.000000 | 244.000000 | 63.000000 | 138.000000 |   0.000000
 2703 | 2703 | Predict | -0.763750 |  0.622492 |  0.302568 | 3.240366 |  9.785946 | 0.050000 |    7 | 10.211827 | 11.674206 |  3.787392 |  0.000000 |  962 |  32.289062 |     39.109375 | 130.265625 |   0.000000 | 244.000000 | 63.000000 | 138.000000 |   0.000000
 2704 | 2704 | Predict |  0.305261 |  0.281319 |  0.262199 | 3.240366 |  9.785946 | 0.050000 |    7 | 10.211827 | 11.674206 |  3.787392 |  0.000000 |  963 |  32.289062 |     39.109375 | 130.265625 |   0.000000 | 244.000000 | 63.000000 | 138.000000 |   0.000000
 2705 | 2705 | Predict | -0.416591 | -0.035913 |  0.275389 | 3.240366 |  9.785946 | 0.050000 |    7 | 10.211827 | 11.674206 |  3.787392 |  0.000000 |  963 |  32.289062 |     39.109375 | 130.265625 |   0.000000 | 244.000000 | 63.000000 | 138.000000 |   0.000000
 2706 | 2706 | Update  | -0.247800 | -1.661576 |  0.240349 | 2.380080 |  9.232631 | 0.050000 |   14 | 10.264495 | 11.814355 |  3.787394 |  7.946244 |  963 |  19.941406 |     21.953125 |  84.234375 |  25.535156 | 244.000000 | 63.000000 | 138.000000 | 138.000000
 2707 | 2707 | Update  | -0.409408 | -0.450110 |  0.268861 | 2.411363 |  9.248723 | 0.050000 |   14 | 10.159295 | 11.844451 |  3.908245 |  7.966315 |  963 |  36.773438 |     42.355469 |  99.347656 |  37.839844 | 244.000000 | 63.000000 | 138.000000 | 138.000000
 2708 | 2708 | Predict |  0.057461 | -0.481235 |  0.259668 | 2.411363 |  9.248723 | 0.050000 |   14 | 10.159295 | 11.844451 |  3.908245 |  7.966315 |  963 |  36.773438 |     42.355469 |  99.347656 |  37.839844 | 244.000000 | 63.000000 | 138.000000 | 138.000000
 2709 | 2709 | Update  |  0.069432 | -0.282516 |  0.304433 | 2.433688 |  9.812974 | 0.050000 |   13 | 10.318271 |  0.000000 |  3.983734 |  7.976350 |  963 |  30.167969 |     42.355469 |  98.445312 |  32.867188 | 244.000000 | 63.000000 | 138.000000 | 138.000000
 2710 | 2710 | Predict | -0.590171 |  0.367510 |  0.307231 | 2.433688 |  9.812974 | 0.050000 |   13 | 10.318271 |  0.000000 |  3.983734 |  7.976350 |  964 |  30.167969 |     42.355469 |  98.445312 |  32.867188 | 244.000000 | 63.000000 | 138.000000 | 138.000000
 2711 | 2711 | Predict | -0.934936 | -0.966060 |  0.310296 | 2.433688 |  9.812974 | 0.050000 |   13 | 10.318271 |  0.000000 |  3.983734 |  7.976350 |  964 |  30.167969 |     42.355469 |  98.445312 |  32.867188 | 244.000000 | 63.000000 | 138.000000 | 138.000000
 2712 | 2712 | Update  |  0.039504 |  0.056264 |  0.336142 | 2.460264 |  9.219966 | 0.050000 |   14 |  0.000000 | 11.774327 |  3.908242 |  7.906175 |  964 |  30.167969 |     15.382812 |  88.492188 |  21.429688 | 244.000000 | 63.000000 | 138.000000 | 138.000000
 2713 | 2713 | Update  | -0.925359 | -0.180762 |  0.348666 | 2.322694 |  9.196446 | 0.051000 |   14 | 10.181774 | 11.824391 |  3.787391 |  8.016418 |  964 |  20.476562 |     20.972656 |  69.871094 |  22.445312 | 244.000000 | 63.000000 | 138.000000 | 138.000000
 2714 | 2714 | Predict | -1.219846 |  0.697910 |  0.397162 | 2.322694 |  9.196446 | 0.050000 |   14 | 10.181774 | 11.824391 |  3.787391 |  8.016418 |  964 |  20.476562 |     20.972656 |  69.871094 |  22.445312 | 244.000000 | 63.000000 | 138.000000 | 138.000000
 2715 | 2715 | Update  | -0.684742 |  0.384269 |  0.378243 | 2.277168 |  9.096162 | 0.050000 |   14 | 10.165487 | 11.734201 |  3.711853 |  8.036488 |  964 |  24.503906 |     22.019531 |  85.890625 |  36.253906 | 244.000000 | 63.000000 | 138.000000 | 138.000000
 2716 | 2716 | Update  | -0.452504 |  0.316035 |  0.378643 | 2.337286 |  9.063734 | 0.050000 |   14 | 10.200520 | 11.714231 |  3.908241 |  8.056558 |  964 |  17.621094 |     19.011719 |  57.964844 |  24.128906 | 244.000000 | 63.000000 | 138.000000 | 138.000000
 2717 | 2717 | Predict | -0.246603 |  0.209493 |  0.343070 | 2.337286 |  9.063734 | 0.050000 |   14 | 10.200520 | 11.714231 |  3.908241 |  8.056558 |  964 |  17.621094 |     19.011719 |  57.964844 |  24.128906 | 244.000000 | 63.000000 | 138.000000 | 138.000000
 2718 | 2718 | Update  | -1.170765 |  0.380678 |  0.291510 | 2.386803 |  9.662405 | 0.050000 |   13 | 10.109255 |  0.000000 |  3.908242 |  7.996346 |  964 |  16.777344 |     19.011719 |  70.417969 |  20.582031 | 244.000000 |  0.000000 | 138.000000 | 138.000000
 2719 | 2719 | Update  | -0.966060 | -0.031125 |  0.329614 | 3.050200 |  9.686787 | 0.050000 |    7 | 10.167975 | 11.794296 |  3.983734 |  0.000000 |  964 |  34.804688 |     22.878906 | 105.167969 |   0.000000 | 244.000000 | 63.000000 | 138.000000 |   0.000000
 2720 | 2720 | Predict | -0.383072 | -0.405817 |  0.364121 | 3.050200 |  9.686787 | 0.050000 |    7 | 10.167975 | 11.794296 |  3.983734 |  0.000000 |  964 |  34.804688 |     22.878906 | 105.167969 |   0.000000 | 244.000000 | 63.000000 | 138.000000 |   0.000000
 2721 | 2721 | Update  | -0.275333 |  0.061052 |  0.423142 | 2.342971 |  9.121004 | 0.050000 |   14 |  0.000000 | 11.794296 |  3.983734 |  8.086591 |  964 |  34.804688 |     12.042969 |  76.378906 |  24.800781 | 244.000000 | 63.000000 | 138.000000 | 138.000000
 2722 | 2722 | Predict | -1.036689 |  0.134075 |  0.448723 | 2.342971 |  9.121004 | 0.050000 |   14 |  0.000000 | 11.794296 |  3.983734 |  8.086591 |  965 |  34.804688 |     12.042969 |  76.378906 |  24.800781 | 244.000000 | 63.000000 | 138.000000 | 138.000000
 2723 | 2723 | Predict |  0.191536 |  1.182736 |  0.413550 | 2.342971 |  9.121004 | 0.050000 |   14 |  0.000000 | 11.794296 |  3.983734 |  8.086591 |  965 |  34.804688 |     12.042969 |  76.378906 |  24.800781 | 244.000000 | 63.000000 | 138.000000 | 138.000000
 2724 | 2724 | Predict | -0.701501 | -0.112527 |  0.353862 | 2.342971 |  9.121004 | 0.050000 |   14 |  0.000000 | 11.794296 |  3.983734 |  8.086591 |  966 |  34.804688 |     12.042969 |  76.378906 |  24.800781 | 244.000000 | 63.000000 | 138.000000 | 138.000000
 2725 | 2725 | Predict | -0.322020 |  0.201113 |  0.302968 | 2.342971 |  9.121004 | 0.050000 |   14 |  0.000000 | 11.794296 |  3.983734 |  8.086591 |  967 |  34.804688 |     12.042969 |  76.378906 |  24.800781 | 244.000000 | 63.000000 | 138.000000 | 138.000000
 2726 | 2726 | Predict | -0.628478 | -1.550246 |  0.391833 | 2.342971 |  9.121004 | 0.050000 |   14 |  0.000000 | 11.794296 |  3.983734 |  8.086591 |  967 |  34.804688 |     12.042969 |  76.378906 |  24.800781 | 244.000000 | 63.000000 | 138.000000 | 138.000000
 2727 | 2727 | Update  | -1.714248 | -0.884658 |  0.417813 | 2.916426 |  9.063116 | 0.051000 |   11 | 10.074085 | 11.824388 |  0.000000 |  8.216819 |  967 |  20.867188 |     19.476562 |   0.000000 |  42.214844 | 244.000000 | 63.000000 |   0.000000 | 138.000000
 2728 | 2728 | Predict | -0.665588 | -0.365116 |  0.369583 | 2.916426 |  9.063116 | 0.051000 |   11 | 10.074085 | 11.824388 |  0.000000 |  8.216819 |  968 |  20.867188 |     19.476562 |   0.000000 |  42.214844 | 244.000000 | 63.000000 |   0.000000 | 138.000000
 2729 | 2729 | Predict |  0.155623 | -1.223437 |  0.348933 | 2.916426 |  9.063116 | 0.050000 |   11 | 10.074085 | 11.824388 |  0.000000 |  8.216819 |  968 |  20.867188 |     19.476562 |   0.000000 |  42.214844 | 244.000000 | 63.000000 |   0.000000 | 138.000000
 2730 | 2730 | Update  | -0.403423 |  0.174777 |  0.370916 | 2.242644 |  9.554332 | 0.050000 |   13 | 10.007787 |  0.000000 |  3.983731 |  8.206784 |  968 |  35.199219 |     19.476562 | 146.175781 |  54.187500 | 244.000000 |  0.000000 | 138.000000 | 138.000000
 2731 | 2731 | Predict | -0.897826 | -0.019154 |  0.370250 | 2.242644 |  9.554332 | 0.051000 |   13 | 10.007787 |  0.000000 |  3.983731 |  8.206784 |  969 |  35.199219 |     19.476562 | 146.175781 |  54.187500 | 244.000000 |  0.000000 | 138.000000 | 138.000000
 2732 | 2732 | Predict | -0.361524 | -0.937330 |  0.459914 | 2.242644 |  9.554332 | 0.050000 |   13 | 10.007787 |  0.000000 |  3.983731 |  8.206784 |  969 |  35.199219 |     19.476562 | 146.175781 |  54.187500 | 244.000000 |  0.000000 | 138.000000 | 138.000000
 2733 | 2733 | Predict | -0.810437 |  0.169988 |  0.493489 | 2.242644 |  9.554332 | 0.050000 |   13 | 10.007787 |  0.000000 |  3.983731 |  8.206784 |  970 |  35.199219 |     19.476562 | 146.175781 |  54.187500 | 244.000000 |  0.000000 | 138.000000 | 138.000000
 2734 | 2734 | Update  | -0.737414 | -0.056264 |  0.582887 | 2.248381 |  8.972159 | 0.050000 |   14 |  0.000000 | 11.744233 |  4.059204 |  8.236889 |  970 |  22.777344 |     19.714844 | 120.695312 |  39.734375 | 244.000000 | 63.000000 | 138.000000 | 138.000000
 2735 | 2735 | Predict | -0.693121 | -0.757765 |  0.581021 | 2.248381 |  8.972159 | 0.051000 |   14 |  0.000000 | 11.744233 |  4.059204 |  8.236889 |  970 |  22.777344 |     19.714844 | 120.695312 |  39.734375 | 244.000000 | 63.000000 | 138.000000 | 138.000000
 2736 | 2736 | Predict | -0.572214 | -1.000776 |  0.623522 | 2.248381 |  8.972159 | 0.050000 |   14 |  0.000000 | 11.744233 |  4.059204 |  8.236889 |  971 |  22.777344 |     19.714844 | 120.695312 |  39.734375 | 244.000000 | 63.000000 | 138.000000 | 138.000000
 2737 | 2737 | Predict | -1.395820 | -1.574188 |  0.578357 | 2.248381 |  8.972159 | 0.050000 |   14 |  0.000000 | 11.744233 |  4.059204 |  8.236889 |  972 |  22.777344 |     19.714844 | 120.695312 |  39.734375 | 244.000000 | 63.000000 | 138.000000 | 138.000000
 2738 | 2738 | Predict | -0.466869 | -0.339977 |  0.557972 | 2.248381 |  8.972159 | 0.050000 |   14 |  0.000000 | 11.744233 |  4.059204 |  8.236889 |  972 |  22.777344 |     19.714844 | 120.695312 |  39.734375 | 244.000000 | 63.000000 | 138.000000 | 138.000000
 2739 | 2739 | Update  | -0.664391 | -0.836774 |  0.584352 | 1.902090 |  8.725210 | 0.050000 |   14 |  9.982681 | 11.724261 |  3.908243 |  8.567565 |  972 |  36.093750 |     19.832031 | 133.105469 |  15.199219 | 244.000000 | 63.000000 | 138.000000 | 138.000000
 2740 | 2740 | Update  | -0.311246 | -0.250194 |  0.547181 | 2.234139 |  9.024334 | 0.051000 |   14 |  0.000000 | 11.784358 |  3.983732 |  8.216893 |  972 |  36.093750 |     21.945312 | 169.839844 |  15.945312 | 244.000000 | 63.000000 | 138.000000 | 138.000000
 2741 | 2741 | Predict |  0.459687 | -0.841562 |  0.553443 | 2.234139 |  9.024334 | 0.050000 |   14 |  0.000000 | 11.784358 |  3.983732 |  8.216893 |  972 |  36.093750 |     21.945312 | 169.839844 |  15.945312 | 244.000000 | 63.000000 | 138.000000 | 138.000000
 2742 | 2742 | Update  |  0.319626 | -0.415394 |  0.536256 | 2.284581 |  9.392631 | 0.050000 |   13 |  9.808687 |  0.000000 |  3.983734 |  8.156759 |  972 |  23.980469 |     21.945312 | 140.835938 |  26.058594 | 244.000000 | 63.000000 | 138.000000 | 138.000000
 2743 | 2743 | Predict |  0.742203 | -1.055843 |  0.522400 | 2.284581 |  9.392631 | 0.050000 |   13 |  9.808687 |  0.000000 |  3.983734 |  8.156759 |  973 |  23.980469 |     21.945312 | 140.835938 |  26.058594 | 244.000000 | 63.000000 | 138.000000 | 138.000000
 2744 | 2744 | Update  | -0.624887 | -0.168791 |  0.477634 | 2.220494 |  9.047436 | 0.053000 |   14 |  9.761099 | 11.794293 |  3.908244 |  8.196824 |  973 |  51.351562 |     39.984375 | 175.445312 |  74.058594 | 244.000000 | 63.000000 | 138.000000 | 138.000000
 2745 | 2745 | Predict |  0.138864 |  0.496797 |  0.454985 | 2.220494 |  9.047436 | 0.050000 |   14 |  9.761099 | 11.794293 |  3.908244 |  8.196824 |  973 |  51.351562 |     39.984375 | 175.445312 |  74.058594 | 244.000000 | 63.000000 | 138.000000 | 138.000000
 2746 | 2746 | Predict | -0.705092 | -0.626084 |  0.457116 | 2.220494 |  9.047436 | 0.050000 |   14 |  9.761099 | 11.794293 |  3.908244 |  8.196824 |  974 |  51.351562 |     39.984375 | 175.445312 |  74.058594 | 244.000000 | 63.000000 | 138.000000 | 138.000000
 2747 | 2747 | Predict |  0.330400 |  0.390255 |  0.434467 | 2.220494 |  9.047436 | 0.050000 |   14 |  9.761099 | 11.794293 |  3.908244 |  8.196824 |  974 |  51.351562 |     39.984375 | 175.445312 |  74.058594 | 244.000000 | 63.000000 | 138.000000 | 138.000000
 2748 | 2748 | Update  |  0.086191 | -0.830788 |  0.392366 | 2.683329 |  9.286649 | 0.050000 |    7 |  9.700990 | 11.704197 |  4.044127 |  0.000000 |  974 |  38.000000 |     27.226562 | 128.843750 |   0.000000 | 244.000000 | 63.000000 | 138.000000 |   0.000000
 2749 | 2749 | Predict | -1.482011 |  0.533907 |  0.412884 | 2.683329 |  9.286649 | 0.051000 |    7 |  9.700990 | 11.704197 |  4.044127 |  0.000000 |  975 |  38.000000 |     27.226562 | 128.843750 |   0.000000 | 244.000000 | 63.000000 | 138.000000 |   0.000000
 2750 | 2750 | Update  | -0.345962 | -1.323994 |  0.355195 | 2.256786 |  8.948990 | 0.050000 |   14 |  0.000000 | 11.734201 |  4.119587 |  8.256884 |  975 |  38.000000 |     26.398438 |  72.464844 |  46.039062 | 244.000000 | 63.000000 | 138.000000 | 138.000000
 2751 | 2751 | Predict | -0.351948 | -0.059855 |  0.367052 | 2.256786 |  8.948990 | 0.050000 |   14 |  0.000000 | 11.734201 |  4.119587 |  8.256884 |  975 |  38.000000 |     26.398438 |  72.464844 |  46.039062 | 244.000000 | 63.000000 | 138.000000 | 138.000000
 2752 | 2752 | Update  |  0.799663 | -1.289278 |  0.369583 | 2.258977 |  8.918338 | 0.050000 |   14 |  9.670935 | 11.674108 |  4.044128 |  8.216893 |  975 |  25.273438 |     21.238281 |  59.847656 |  46.226562 | 244.000000 | 63.000000 | 138.000000 | 138.000000
 2753 | 2753 | Update  | -0.559046 |  0.594959 |  0.358259 | 2.259040 |  8.880146 | 0.051000 |   14 |  9.720981 | 11.634074 |  4.044128 |  8.216819 |  975 |  33.246094 |     38.800781 |  73.453125 |  59.945312 | 244.000000 | 63.000000 | 138.000000 | 138.000000
 2754 | 2754 | Predict | -0.174777 | -0.828394 |  0.338807 | 2.259040 |  8.880146 | 0.050000 |   14 |  9.720981 | 11.634074 |  4.044128 |  8.216819 |  975 |  33.246094 |     38.800781 |  73.453125 |  59.945312 | 244.000000 | 63.000000 | 138.000000 | 138.000000
 2755 | 2755 | Update  | -0.337582 |  0.530316 |  0.454452 | 2.233649 |  9.254922 | 0.050000 |   13 |  9.661008 |  0.000000 |  4.044127 |  8.246923 |  975 |  19.570312 |     38.800781 |  42.816406 |  39.171875 | 244.000000 | 63.000000 | 138.000000 | 138.000000
 2756 | 2756 | Predict | -0.363919 | -0.733823 |  0.350531 | 2.233649 |  9.254922 | 0.050000 |   13 |  9.661008 |  0.000000 |  4.044127 |  8.246923 |  975 |  19.570312 |     38.800781 |  42.816406 |  39.171875 | 244.000000 | 63.000000 | 138.000000 | 138.000000
 2757 | 2757 | Predict | -0.120907 | -1.051055 |  0.359058 | 2.233649 |  9.254922 | 0.050000 |   13 |  9.661008 |  0.000000 |  4.044127 |  8.246923 |  976 |  19.570312 |     38.800781 |  42.816406 |  39.171875 | 244.000000 | 63.000000 | 138.000000 | 138.000000
 2758 | 2758 | Predict | -1.295263 |  1.090559 |  0.435266 | 2.233649 |  9.254922 | 0.051000 |   13 |  9.661008 |  0.000000 |  4.044127 |  8.246923 |  977 |  19.570312 |     38.800781 |  42.816406 |  39.171875 | 244.000000 | 63.000000 | 138.000000 | 138.000000
 2759 | 2759 | Predict | -0.582988 | -0.872687 |  0.450055 | 2.233649 |  9.254922 | 0.050000 |   13 |  9.661008 |  0.000000 |  4.044127 |  8.246923 |  977 |  19.570312 |     38.800781 |  42.816406 |  39.171875 | 244.000000 | 63.000000 | 138.000000 | 138.000000
 2760 | 2760 | Predict | -0.478840 |  1.229423 |  0.411551 | 2.233649 |  9.254922 | 0.050000 |   13 |  9.661008 |  0.000000 |  4.044127 |  8.246923 |  978 |  19.570312 |     38.800781 |  42.816406 |  39.171875 | 244.000000 | 63.000000 | 138.000000 | 138.000000
 2761 | 2761 | Update  |  0.128090 | -0.300472 |  0.351730 | 2.561751 |  9.060024 | 0.050000 |    7 |  9.504367 | 11.644107 |  4.255396 |  0.000000 |  978 |  32.332031 |     35.714844 |  94.292969 |   0.000000 | 244.000000 | 63.000000 | 138.000000 |   0.000000
 2762 | 2762 | Predict | -0.164003 | -0.203507 |  0.312294 | 2.561751 |  9.060024 | 0.050000 |    7 |  9.504367 | 11.644107 |  4.255396 |  0.000000 |  978 |  32.332031 |     35.714844 |  94.292969 |   0.000000 | 244.000000 | 63.000000 | 138.000000 |   0.000000
 2763 | 2763 | Predict | -0.706290 | -1.088165 |  0.237818 | 2.561751 |  9.060024 | 0.050000 |    7 |  9.504367 | 11.644107 |  4.255396 |  0.000000 |  979 |  32.332031 |     35.714844 |  94.292969 |   0.000000 | 244.000000 | 63.000000 | 138.000000 |   0.000000
 2764 | 2764 | Predict |  0.075417 | -0.557849 |  0.262998 | 2.561751 |  9.060024 | 0.050000 |    7 |  9.504367 | 11.644107 |  4.255396 |  0.000000 |  980 |  32.332031 |     35.714844 |  94.292969 |   0.000000 | 244.000000 | 63.000000 | 138.000000 |   0.000000
 2765 | 2765 | Update  | -0.106542 | -1.207875 |  0.238484 | 2.306498 |  8.808142 | 0.050000 |   14 |  9.454455 | 11.594043 |  4.255397 |  8.266993 |  980 |  12.199219 |     15.632812 |  32.578125 |  24.675781 | 244.000000 | 63.000000 | 138.000000 | 138.000000
 2766 | 2766 | Predict | -0.111330 | -1.103727 |  0.264597 | 2.306498 |  8.808142 | 0.050000 |   14 |  9.454455 | 11.594043 |  4.255397 |  8.266993 |  980 |  12.199219 |     15.632812 |  32.578125 |  24.675781 | 244.000000 | 63.000000 | 138.000000 | 138.000000
 2767 | 2767 | Predict |  1.042675 | -0.520739 |  0.236485 | 2.306498 |  8.808142 | 0.050000 |   14 |  9.454455 | 11.594043 |  4.255397 |  8.266993 |  981 |  12.199219 |     15.632812 |  32.578125 |  24.675781 | 244.000000 | 63.000000 | 138.000000 | 138.000000
 2768 | 2768 | Predict | -0.755371 |  0.454898 |  0.242348 | 2.306498 |  8.808142 | 0.050000 |   14 |  9.454455 | 11.594043 |  4.255397 |  8.266993 |  981 |  12.199219 |     15.632812 |  32.578125 |  24.675781 | 244.000000 | 63.000000 | 138.000000 | 138.000000
 2769 | 2769 | Predict | -0.311246 |  0.379481 |  0.195051 | 2.306498 |  8.808142 | 0.050000 |   14 |  9.454455 | 11.594043 |  4.255397 |  8.266993 |  982 |  12.199219 |     15.632812 |  32.578125 |  24.675781 | 244.000000 | 63.000000 | 138.000000 | 138.000000
 2770 | 2770 | Update  | -0.345962 |  0.239420 |  0.149219 | 2.199878 |  8.750408 | 0.051000 |   14 |  0.000000 | 11.634078 |  4.285536 |  8.407248 |  982 |  16.777344 |     20.812500 |   8.234375 |  22.691406 | 244.000000 | 63.000000 | 138.000000 | 138.000000
 2771 | 2771 | Predict | -0.593762 |  0.389058 |  0.134297 | 2.199878 |  8.750408 | 0.050000 |   14 |  0.000000 | 11.634078 |  4.285536 |  8.407248 |  982 |  16.777344 |     20.812500 |   8.234375 |  22.691406 | 244.000000 | 63.000000 | 138.000000 | 138.000000
 2772 | 2772 | Update  | -0.423774 |  0.353145 |  0.106452 | 2.509500 |  8.802675 | 0.050000 |   14 |  0.000000 | 11.573979 |  4.662571 |  8.246922 |  982 |  16.777344 |     21.054688 |  12.164062 |  23.359375 | 244.000000 | 63.000000 | 138.000000 | 138.000000
 2773 | 2773 | Predict | -0.879869 |  0.245406 |  0.045832 | 2.509500 |  8.802675 | 0.050000 |   14 |  0.000000 | 11.573979 |  4.662571 |  8.246922 |  983 |  16.777344 |     21.054688 |  12.164062 |  23.359375 | 244.000000 | 63.000000 | 138.000000 | 138.000000
 2774 | 2774 | Update  | -0.970849 |  0.186748 |  0.099790 | 2.492521 |  8.850026 | 0.053000 |   13 |  9.425508 |  0.000000 |  4.662570 |  8.266993 |  983 |  27.734375 |      0.000000 |  24.292969 |  29.027344 | 244.000000 |  0.000000 | 138.000000 | 138.000000
 2775 | 2775 | Predict | -0.823605 | -0.135272 |  0.137095 | 2.492521 |  8.850026 | 0.050000 |   13 |  9.425508 |  0.000000 |  4.662570 |  8.266993 |  983 |  27.734375 |      0.000000 |  24.292969 |  29.027344 | 244.000000 |  0.000000 | 138.000000 | 138.000000
 2776 | 2776 | Update  | -0.059855 | -1.420959 |  0.036505 | 2.547889 |  8.823966 | 0.050000 |    7 |  9.391715 | 11.564045 |  4.662569 |  0.000000 |  983 |  19.890625 |     17.464844 |  33.597656 |   0.000000 | 244.000000 | 63.000000 | 138.000000 |   0.000000
 2777 | 2777 | Predict | -1.608904 |  1.541866 |  0.060221 | 2.547889 |  8.823966 | 0.051000 |    7 |  9.391715 | 11.564045 |  4.662569 |  0.000000 |  984 |  19.890625 |     17.464844 |  33.597656 |   0.000000 | 244.000000 | 63.000000 | 138.000000 |   0.000000
 2778 | 2778 | Predict | -0.344765 | -1.092953 |  0.024115 | 2.547889 |  8.823966 | 0.050000 |    7 |  9.391715 | 11.564045 |  4.662569 |  0.000000 |  984 |  19.890625 |     17.464844 |  33.597656 |   0.000000 | 244.000000 | 63.000000 | 138.000000 |   0.000000
 2779 | 2779 | Update  |  0.848745 | -0.191536 |  0.005462 | 2.456868 |  8.741748 | 0.050000 |   14 |  0.000000 | 11.523913 |  4.587199 |  8.266918 |  984 |  19.890625 |     15.292969 |  16.417969 |  19.960938 | 244.000000 | 63.000000 | 138.000000 | 138.000000
 2780 | 2780 | Predict | -1.148020 | -0.882263 |  0.023582 | 2.456868 |  8.741748 | 0.050000 |   14 |  0.000000 | 11.523913 |  4.587199 |  8.266918 |  985 |  19.890625 |     15.292969 |  16.417969 |  19.960938 | 244.000000 | 63.000000 | 138.000000 | 138.000000
 2781 | 2781 | Predict |  0.065841 | -0.712275 |  0.015721 | 2.456868 |  8.741748 | 0.050000 |   14 |  0.000000 | 11.523913 |  4.587199 |  8.266918 |  985 |  19.890625 |     15.292969 |  16.417969 |  19.960938 | 244.000000 | 63.000000 | 138.000000 | 138.000000
 2782 | 2782 | Predict | -0.612916 |  0.855927 | -0.035839 | 2.456868 |  8.741748 | 0.050000 |   14 |  0.000000 | 11.523913 |  4.587199 |  8.266918 |  986 |  19.890625 |     15.292969 |  16.417969 |  19.960938 | 244.000000 | 63.000000 | 138.000000 | 138.000000
 2783 | 2783 | Update  | -0.481235 |  0.191536 | -0.019052 | 2.614639 |  8.626297 | 0.050000 |   11 |  9.350486 | 11.473946 |  4.783168 |  8.367186 |  986 |  17.453125 |     21.265625 |  14.808594 |  20.359375 | 244.000000 | 63.000000 | 138.000000 | 138.000000
 2784 | 2784 | Predict | -0.602142 |  0.626084 | -0.028511 | 2.614639 |  8.626297 | 0.050000 |   11 |  9.350486 | 11.473946 |  4.783168 |  8.367186 |  986 |  17.453125 |     21.265625 |  14.808594 |  20.359375 | 244.000000 | 63.000000 | 138.000000 | 138.000000
 2785 | 2785 | Update  | -0.700304 | -0.829591 | -0.136962 | 2.472007 |  8.741844 | 0.050000 |   11 |  9.262770 | 11.524015 |  4.466557 |  8.266918 |  986 |  15.019531 |     15.179688 |  13.847656 |  16.894531 | 244.000000 | 63.000000 | 138.000000 | 138.000000
 2786 | 2786 | Predict | -0.169988 |  1.139640 | -0.155481 | 2.472007 |  8.741844 | 0.050000 |   11 |  9.262770 | 11.524015 |  4.466557 |  8.266918 |  987 |  15.019531 |     15.179688 |  13.847656 |  16.894531 | 244.000000 | 63.000000 | 138.000000 | 138.000000
 2787 | 2787 | Predict | -0.021548 |  0.316035 | -0.096060 | 2.472007 |  8.741844 | 0.050000 |   11 |  9.262770 | 11.524015 |  4.466557 |  8.266918 |  987 |  15.019531 |     15.179688 |  13.847656 |  16.894531 | 244.000000 | 63.000000 | 138.000000 | 138.000000
 2788 | 2788 | Update  | -1.464054 | -0.742203 | -0.037971 | 2.482682 |  8.683426 | 0.050000 |   13 |  9.268997 |  0.000000 |  4.783171 |  8.347118 |  987 |  13.617188 |     15.179688 |  11.480469 |  11.972656 | 244.000000 | 63.000000 | 138.000000 | 138.000000
 2789 | 2789 | Update  | -0.282516 |  1.059434 |  0.006262 | 2.324074 |  8.622882 | 0.050000 |   14 |  9.171350 | 11.433822 |  4.391159 |  8.317088 |  987 |  42.800781 |     34.777344 |  20.046875 |  35.265625 | 244.000000 | 63.000000 | 138.000000 | 138.000000
 2790 | 2790 | Predict | -0.599748 |  1.194707 |  0.035173 | 2.324074 |  8.622882 | 0.050000 |   14 |  9.171350 | 11.433822 |  4.391159 |  8.317088 |  987 |  42.800781 |     34.777344 |  20.046875 |  35.265625 | 244.000000 | 63.000000 | 138.000000 | 138.000000
 2791 | 2791 | Predict |  0.191536 | -1.195904 |  0.001732 | 2.324074 |  8.622882 | 0.050000 |   14 |  9.171350 | 11.433822 |  4.391159 |  8.317088 |  988 |  42.800781 |     34.777344 |  20.046875 |  35.265625 | 244.000000 | 63.000000 | 138.000000 | 138.000000
 2792 | 2792 | Predict | -0.464475 |  1.296460 | -0.005596 | 2.324074 |  8.622882 | 0.052000 |   14 |  9.171350 | 11.433822 |  4.391159 |  8.317088 |  989 |  42.800781 |     34.777344 |  20.046875 |  35.265625 | 244.000000 | 63.000000 | 138.000000 | 138.000000
 2793 | 2793 | Predict | -2.481590 | -0.602142 |  0.004663 | 2.324074 |  8.622882 | 0.050000 |   14 |  9.171350 | 11.433822 |  4.391159 |  8.317088 |  989 |  42.800781 |     34.777344 |  20.046875 |  35.265625 | 244.000000 | 63.000000 | 138.000000 | 138.000000
 2794 | 2794 | Predict |  0.077812 |  0.225055 | -0.007594 | 2.324074 |  8.622882 | 0.050000 |   14 |  9.171350 | 11.433822 |  4.391159 |  8.317088 |  990 |  42.800781 |     34.777344 |  20.046875 |  35.265625 | 244.000000 | 63.000000 | 138.000000 | 138.000000
 2795 | 2795 | Predict | -0.644040 |  0.952892 | -0.111515 | 2.324074 |  8.622882 | 0.050000 |   14 |  9.171350 | 11.433822 |  4.391159 |  8.317088 |  991 |  42.800781 |     34.777344 |  20.046875 |  35.265625 | 244.000000 | 63.000000 | 138.000000 | 138.000000
 2796 | 2796 | Predict | -0.999579 | -0.343568 | -0.001732 | 2.324074 |  8.622882 | 0.050000 |   14 |  9.171350 | 11.433822 |  4.391159 |  8.317088 |  991 |  42.800781 |     34.777344 |  20.046875 |  35.265625 | 244.000000 | 63.000000 | 138.000000 | 138.000000
 2797 | 2797 | Update  | -0.256180 |  0.703895 | -0.015721 | 2.355249 |  8.377225 | 0.050000 |   14 |  0.000000 | 11.333693 |  4.858512 |  8.537463 |  991 |  42.800781 |     21.355469 |  19.617188 |  16.000000 | 244.000000 | 63.000000 | 138.000000 | 138.000000
 2798 | 2798 | Update  | -0.011971 | -1.301249 |  0.015188 | 2.323631 |  8.386565 | 0.051000 |   14 |  9.081310 | 11.313623 |  4.722874 |  8.497404 |  991 |  33.230469 |     24.093750 |  26.886719 |  19.527344 | 244.000000 | 63.000000 | 138.000000 | 138.000000
 2799 | 2799 | Predict |  0.429759 | -1.011550 |  0.046498 | 2.323631 |  8.386565 | 0.050000 |   14 |  9.081310 | 11.313623 |  4.722874 |  8.497404 |  991 |  33.230469 |     24.093750 |  26.886719 |  19.527344 | 244.000000 | 63.000000 | 138.000000 | 138.000000
 2800 | 2800 | Update  | -0.004788 | -1.110910 |  0.071145 | 2.480322 |  8.418947 | 0.050000 |   11 |  8.996080 | 11.303592 |  4.722873 |  8.437350 |  991 |  24.589844 |     23.222656 |  18.433594 |  19.640625 | 244.000000 | 63.000000 | 138.000000 | 138.000000
 2801 | 2801 | Update  | -0.870292 | -0.064643 |  0.056623 | 2.447974 |  8.370364 | 0.050000 |   11 |  8.961040 | 11.303689 |  4.994122 |  8.507438 |  991 |  43.003906 |     29.343750 |  26.031250 |  27.710938 | 244.000000 | 63.000000 | 138.000000 | 138.000000
 2802 | 2802 | Predict | -0.005986 |  1.024718 |  0.057023 | 2.447974 |  8.370364 | 0.050000 |   11 |  8.961040 | 11.303689 |  4.994122 |  8.507438 |  991 |  43.003906 |     29.343750 |  26.031250 |  27.710938 | 244.000000 | 63.000000 | 138.000000 | 138.000000
 2803 | 2803 | Update  | -0.446519 | -0.676362 |  0.058622 | 2.405095 |  8.345029 | 0.050000 |   14 |  8.958583 | 11.223528 |  4.783170 |  8.437349 |  991 |  42.375000 |     23.421875 |  17.410156 |  22.285156 | 244.000000 | 63.000000 | 138.000000 | 138.000000
 2804 | 2804 | Predict |  1.312023 |  0.013168 |  0.101123 | 2.405095 |  8.345029 | 0.050000 |   14 |  8.958583 | 11.223528 |  4.783170 |  8.437349 |  992 |  42.375000 |     23.421875 |  17.410156 |  22.285156 | 244.000000 | 63.000000 | 138.000000 | 138.000000
 2805 | 2805 | Predict |  0.754174 |  0.335188 |  0.049695 | 2.405095 |  8.345029 | 0.050000 |   14 |  8.958583 | 11.223528 |  4.783170 |  8.437349 |  992 |  42.375000 |     23.421875 |  17.410156 |  22.285156 | 244.000000 | 63.000000 | 138.000000 | 138.000000
 2806 | 2806 | Predict | -0.839168 |  0.995988 |  0.025980 | 2.405095 |  8.345029 | 0.050000 |   14 |  8.958583 | 11.223528 |  4.783170 |  8.437349 |  993 |  42.375000 |     23.421875 |  17.410156 |  22.285156 | 244.000000 | 63.000000 | 138.000000 | 138.000000
 2807 | 2807 | Predict |  0.606930 | -0.203507 |  0.089531 | 2.405095 |  8.345029 | 0.050000 |   14 |  8.958583 | 11.223528 |  4.783170 |  8.437349 |  994 |  42.375000 |     23.421875 |  17.410156 |  22.285156 | 244.000000 | 63.000000 | 138.000000 | 138.000000
 2808 | 2808 | Predict | -0.331597 |  0.050278 |  0.053426 | 2.405095 |  8.345029 | 0.050000 |   14 |  8.958583 | 11.223528 |  4.783170 |  8.437349 |  994 |  42.375000 |     23.421875 |  17.410156 |  22.285156 | 244.000000 | 63.000000 | 138.000000 | 138.000000
 2809 | 2809 | Update  | -0.341174 | -0.833182 |  0.012790 | 2.536345 |  8.410757 | 0.050000 |    7 |  8.830732 | 11.123398 |  4.647512 |  0.000000 |  994 |  57.667969 |     23.726562 |  20.101562 |   0.000000 | 244.000000 | 63.000000 | 138.000000 |   0.000000
 2810 | 2810 | Update  |  0.143652 |  0.635661 | -0.003198 | 2.252427 |  8.174476 | 0.050000 |   14 |  8.771958 | 11.113360 |  4.647511 |  8.537539 |  994 |  56.261719 |     31.062500 |  13.593750 |  24.167969 | 244.000000 | 63.000000 | 138.000000 | 138.000000
 2811 | 2811 | Predict | -1.357512 |  1.134852 |  0.014522 | 2.252427 |  8.174476 | 0.050000 |   14 |  8.771958 | 11.113360 |  4.647511 |  8.537539 |  994 |  56.261719 |     31.062500 |  13.593750 |  24.167969 | 244.000000 | 63.000000 | 138.000000 | 138.000000
 2812 | 2812 | Update  | -1.392228 | -0.028730 |  0.051827 | 2.226117 |  8.135169 | 0.050000 |   14 |  8.810737 | 11.093300 |  4.647514 |  8.567565 |  994 |  30.226562 |     17.531250 |   8.308594 |  20.109375 | 244.000000 | 63.000000 | 138.000000 | 138.000000
 2813 | 2813 | Update  | -0.550666 | -0.603339 |  0.028778 | 2.189132 |  8.045340 | 0.051000 |   14 |  8.739304 | 11.033204 |  4.662570 |  8.617732 |  994 |  42.035156 |     26.835938 |  11.414062 |  17.992188 | 244.000000 | 63.000000 | 138.000000 | 138.000000
 2814 | 2814 | Predict | -0.604536 |  0.005986 |  0.073943 | 2.189132 |  8.045340 | 0.050000 |   14 |  8.739304 | 11.033204 |  4.662570 |  8.617732 |  994 |  42.035156 |     26.835938 |  11.414062 |  17.992188 | 244.000000 | 63.000000 | 138.000000 | 138.000000
 2815 | 2815 | Predict | -0.161609 | -1.327585 |  0.044766 | 2.189132 |  8.045340 | 0.050000 |   14 |  8.739304 | 11.033204 |  4.662570 |  8.617732 |  995 |  42.035156 |     26.835938 |  11.414062 |  17.992188 | 244.000000 | 63.000000 | 138.000000 | 138.000000
 2816 | 2816 | Update  |  1.459266 |  0.685939 |  0.027446 | 2.279823 |  8.094783 | 0.051000 |   14 |  8.689349 | 11.033298 |  4.722872 |  8.547572 |  995 |  28.421875 |     19.062500 |   5.359375 |  13.390625 | 244.000000 | 63.000000 | 138.000000 | 138.000000
 2817 | 2817 | Predict | -1.015141 | -0.580594 |  0.039570 | 2.279823 |  8.094783 | 0.050000 |   14 |  8.689349 | 11.033298 |  4.722872 |  8.547572 |  995 |  28.421875 |     19.062500 |   5.359375 |  13.390625 | 244.000000 | 63.000000 | 138.000000 | 138.000000
 2818 | 2818 | Update  |  0.506374 |  1.164779 |  0.011058 | 2.244658 |  8.066648 | 0.051000 |   14 |  8.665513 | 11.033297 |  4.722875 |  8.587632 |  995 |  36.449219 |     16.972656 |   5.925781 |  15.976562 | 244.000000 | 63.000000 | 138.000000 | 138.000000
 2819 | 2819 | Update  |  0.348356 |  0.312443 | -0.027712 | 2.188720 |  7.938404 | 0.050000 |   14 |  0.000000 | 11.033298 |  4.933846 |  8.767931 |  995 |  36.449219 |     19.484375 |   9.230469 |  12.078125 | 244.000000 | 63.000000 | 138.000000 | 138.000000
 2820 | 2820 | Predict |  0.582988 |  0.718261 | -0.077541 | 2.188720 |  7.938404 | 0.050000 |   14 |  0.000000 | 11.033298 |  4.933846 |  8.767931 |  995 |  36.449219 |     19.484375 |   9.230469 |  12.078125 | 244.000000 | 63.000000 | 138.000000 | 138.000000
 2821 | 2821 | Update  | -0.187945 | -0.812831 | -0.080072 | 2.369536 |  8.036405 | 0.050000 |   11 |  8.515165 | 11.023261 |  4.858512 |  8.617658 |  995 |  37.742188 |     20.179688 |   6.164062 |  11.289062 | 244.000000 | 63.000000 | 138.000000 | 138.000000
 2822 | 2822 | Update  |  0.688333 | -1.096544 | -0.056757 | 2.195731 |  7.965175 | 0.050000 |   14 |  8.570208 | 11.023263 |  4.858510 |  8.717916 |  995 |  37.468750 |     22.996094 |   8.554688 |  18.074219 | 244.000000 | 63.000000 | 138.000000 | 138.000000
 2823 | 2823 | Predict |  0.131681 |  0.039504 | -0.087133 | 2.195731 |  7.965175 | 0.050000 |   14 |  8.570208 | 11.023263 |  4.858510 |  8.717916 |  995 |  37.468750 |     22.996094 |   8.554688 |  18.074219 | 244.000000 | 63.000000 | 138.000000 | 138.000000
 2824 | 2824 | Predict | -0.713472 |  1.188721 | -0.079539 | 2.195731 |  7.965175 | 0.050000 |   14 |  8.570208 | 11.023263 |  4.858510 |  8.717916 |  996 |  37.468750 |     22.996094 |   8.554688 |  18.074219 | 244.000000 | 63.000000 | 138.000000 | 138.000000
 2825 | 2825 | Predict | -0.939724 |  0.107739 | -0.160810 | 2.195731 |  7.965175 | 0.050000 |   14 |  8.570208 | 11.023263 |  4.858510 |  8.717916 |  997 |  37.468750 |     22.996094 |   8.554688 |  18.074219 | 244.000000 | 63.000000 | 138.000000 | 138.000000
 2826 | 2826 | Predict |  0.638055 | -1.069011 | -0.220764 | 2.195731 |  7.965175 | 0.050000 |   14 |  8.570208 | 11.023263 |  4.858510 |  8.717916 |  997 |  37.468750 |     22.996094 |   8.554688 |  18.074219 | 244.000000 | 63.000000 | 138.000000 | 138.000000
 2827 | 2827 | Update  | -1.528698 |  1.030704 | -0.304300 | 2.233525 |  8.049500 | 0.050000 |   13 |  8.480017 |  0.000000 |  4.933849 |  8.717916 |  997 |  74.351562 |      0.000000 |  10.628906 |  23.781250 | 244.000000 |       nan | 138.000000 | 138.000000
 2828 | 2828 | Update  | -0.742203 | -2.202666 | -0.260467 | 2.195799 |  8.036464 | 0.051000 |   13 |  8.417534 |  0.000000 |  4.858514 |  8.717842 |  997 |  50.929688 |      0.000000 |   8.378906 |  23.816406 | 244.000000 |       nan | 138.000000 | 138.000000
 2829 | 2829 | Predict |  0.432153 |  0.713472 | -0.199181 | 2.195799 |  8.036464 | 0.050000 |   13 |  8.417534 |  0.000000 |  4.858514 |  8.717842 |  997 |  50.929688 |      0.000000 |   8.378906 |  23.816406 | 244.000000 |       nan | 138.000000 | 138.000000
 2830 | 2830 | Predict |  0.069432 | -0.114922 | -0.268194 | 2.195799 |  8.036464 | 0.050000 |   13 |  8.417534 |  0.000000 |  4.858514 |  8.717842 |  998 |  50.929688 |      0.000000 |   8.378906 |  23.816406 | 244.000000 |       nan | 138.000000 | 138.000000
 2831 | 2831 | Update  | -0.083797 | -0.405817 | -0.212237 | 2.491288 |  7.766081 | 0.050000 |   11 |  8.409925 | 10.833028 |  5.325514 |  8.757974 |  998 |  36.539062 |     21.570312 |  10.621094 |  19.328125 | 244.000000 | 63.000000 | 138.000000 | 138.000000
 2832 | 2832 | Predict |  0.061052 | -0.196325 | -0.197582 | 2.491288 |  7.766081 | 0.050000 |   11 |  8.409925 | 10.833028 |  5.325514 |  8.757974 |  998 |  36.539062 |     21.570312 |  10.621094 |  19.328125 | 244.000000 | 63.000000 | 138.000000 | 138.000000
 2833 | 2833 | Update  |  0.260968 | -0.178368 | -0.154015 | 2.232244 |  7.841166 | 0.050000 |   14 |  8.351176 | 10.893127 |  4.948897 |  8.727875 |  998 |  34.277344 |     15.808594 |  11.136719 |  21.394531 | 244.000000 | 63.000000 | 138.000000 | 138.000000
 2834 | 2834 | Predict |  0.517148 | -0.016759 | -0.201312 | 2.232244 |  7.841166 | 0.050000 |   14 |  8.351176 | 10.893127 |  4.948897 |  8.727875 |  999 |  34.277344 |     15.808594 |  11.136719 |  21.394531 | 244.000000 | 63.000000 | 138.000000 | 138.000000
 2835 | 2835 | Predict | -1.164779 | -0.011971 | -0.163342 | 2.232244 |  7.841166 | 0.050000 |   14 |  8.351176 | 10.893127 |  4.948897 |  8.727875 |  999 |  34.277344 |     15.808594 |  11.136719 |  21.394531 | 244.000000 | 63.000000 | 138.000000 | 138.000000
 2836 | 2836 | Update  | -0.094571 | -1.492785 | -0.179862 | 2.403043 |  7.684960 | 0.050000 |   13 |  8.326094 |  0.000000 |  5.536316 |  8.888251 |  999 |  21.207031 |     15.808594 |  12.824219 |  14.125000 | 244.000000 |  0.000000 | 138.000000 | 138.000000
 2837 | 2837 | Update  |  0.158017 |  1.102530 | -0.189855 | 2.436860 |  7.682298 | 0.051000 |   11 |  8.372420 | 10.852996 |  5.536316 |  8.898284 |  999 |  34.601562 |     22.339844 |  22.476562 |  24.125000 | 244.000000 | 63.000000 | 138.000000 | 138.000000
 2838 | 2838 | Predict | -1.746570 | -0.580594 | -0.252340 | 2.436860 |  7.682298 | 0.050000 |   11 |  8.372420 | 10.852996 |  5.536316 |  8.898284 |  999 |  34.601562 |     22.339844 |  22.476562 |  24.125000 | 244.000000 | 63.000000 | 138.000000 | 138.000000
 2839 | 2839 | Update  | -0.062249 | -0.401029 | -0.219432 | 2.374772 |  7.594064 | 0.050000 |   11 |  8.299731 | 10.852999 |  0.000000 |  9.018450 |  999 |  45.070312 |     25.242188 |   0.000000 |  30.832031 | 244.000000 | 63.000000 |   0.000000 | 138.000000
 2840 | 2840 | Predict | -1.594538 | -1.046266 | -0.236619 | 2.374772 |  7.594064 | 0.050000 |   11 |  8.299731 | 10.852999 |  0.000000 |  9.018450 | 1000 |  45.070312 |     25.242188 |   0.000000 |  30.832031 | 244.000000 | 63.000000 |   0.000000 | 138.000000
 2841 | 2841 | Predict | -0.732626 | -0.202310 | -0.193851 | 2.374772 |  7.594064 | 0.050000 |   11 |  8.299731 | 10.852999 |  0.000000 |  9.018450 | 1000 |  45.070312 |     25.242188 |   0.000000 |  30.832031 | 244.000000 | 63.000000 |   0.000000 | 138.000000
 2842 | 2842 | Update  | -0.459687 |  0.575805 | -0.179196 | 2.317955 |  7.559220 | 0.050000 |   13 |  8.180848 |  0.000000 |  5.596545 |  9.018450 | 1000 |  27.417969 |     25.242188 |  11.054688 |  18.855469 | 244.000000 |  0.000000 | 138.000000 | 138.000000
 2843 | 2843 | Update  | -0.050278 |  0.345962 | -0.204110 | 2.273127 |  7.345767 | 0.050000 |    7 |  8.139468 | 10.822990 |  5.987839 |  0.000000 | 1000 |  59.679688 |     26.484375 |  13.183594 |   0.000000 | 244.000000 | 63.000000 | 138.000000 |   0.000000
 2844 | 2844 | Predict | -0.092177 |  0.600945 | -0.159744 | 2.273127 |  7.345767 | 0.050000 |    7 |  8.139468 | 10.822990 |  5.987839 |  0.000000 | 1000 |  59.679688 |     26.484375 |  13.183594 |   0.000000 | 244.000000 | 63.000000 | 138.000000 |   0.000000
 2845 | 2845 | Update  |  0.380678 | -1.231817 | -0.190654 | 2.302122 |  7.458594 | 0.050000 |   14 |  8.198218 | 10.682726 |  5.536313 |  8.998385 | 1000 |  42.214844 |     20.203125 |   8.398438 |  28.105469 | 244.000000 | 63.000000 | 138.000000 | 138.000000
 2846 | 2846 | Predict | -0.702698 | -0.338780 | -0.238617 | 2.302122 |  7.458594 | 0.051000 |   14 |  8.198218 | 10.682726 |  5.536313 |  8.998385 | 1001 |  42.214844 |     20.203125 |   8.398438 |  28.105469 | 244.000000 | 63.000000 | 138.000000 | 138.000000
 2847 | 2847 | Predict | -1.162385 |  1.594538 | -0.180795 | 2.302122 |  7.458594 | 0.050000 |   14 |  8.198218 | 10.682726 |  5.536313 |  8.998385 | 1001 |  42.214844 |     20.203125 |   8.398438 |  28.105469 | 244.000000 | 63.000000 | 138.000000 | 138.000000
 2848 | 2848 | Update  | -0.426168 |  0.373495 | -0.211838 | 2.333546 |  7.412714 | 0.050000 |   14 |  8.151891 | 10.672695 |  5.671809 |  9.048547 | 1001 |  68.289062 |     19.417969 |  20.601562 |  40.160156 | 244.000000 | 63.000000 | 138.000000 | 138.000000
 2849 | 2849 | Update  | -0.760159 |  0.709881 | -0.212237 | 2.194786 |  7.354172 | 0.051000 |   14 |  8.133103 | 10.622624 |  5.461040 |  9.068536 | 1001 |  94.656250 |     27.980469 |  26.593750 |  40.199219 | 244.000000 | 63.000000 | 138.000000 | 138.000000
 2850 | 2850 | Predict |  0.248997 |  1.344344 | -0.172002 | 2.194786 |  7.354172 | 0.050000 |   14 |  8.133103 | 10.622624 |  5.461040 |  9.068536 | 1001 |  94.656250 |     27.980469 |  26.593750 |  40.199219 | 244.000000 | 63.000000 | 138.000000 | 138.000000
 2851 | 2851 | Update  | -0.150835 |  0.344765 | -0.154015 | 1.948105 |  7.737981 | 0.050000 |   13 |  8.150781 |  0.000000 |  5.144753 |  9.148720 | 1001 |  43.191406 |     27.980469 |   9.742188 |  19.472656 | 244.000000 |  0.000000 | 138.000000 | 138.000000
 2852 | 2852 | Predict |  0.489614 |  0.302867 | -0.163342 | 1.948105 |  7.737981 | 0.050000 |   13 |  8.150781 |  0.000000 |  5.144753 |  9.148720 | 1002 |  43.191406 |     27.980469 |   9.742188 |  19.472656 | 244.000000 |  0.000000 | 138.000000 | 138.000000
 2853 | 2853 | Predict |  0.260968 |  0.806846 | -0.194651 | 1.948105 |  7.737981 | 0.050000 |   13 |  8.150781 |  0.000000 |  5.144753 |  9.148720 | 1002 |  43.191406 |     27.980469 |   9.742188 |  19.472656 | 244.000000 |  0.000000 | 138.000000 | 138.000000
 2854 | 2854 | Predict | -0.365116 | -0.148441 | -0.178130 | 1.948105 |  7.737981 | 0.050000 |   13 |  8.150781 |  0.000000 |  5.144753 |  9.148720 | 1003 |  43.191406 |     27.980469 |   9.742188 |  19.472656 | 244.000000 |  0.000000 | 138.000000 | 138.000000
 2855 | 2855 | Predict |  0.484826 |  0.628478 | -0.120974 | 1.948105 |  7.737981 | 0.050000 |   13 |  8.150781 |  0.000000 |  5.144753 |  9.148720 | 1004 |  43.191406 |     27.980469 |   9.742188 |  19.472656 | 244.000000 |  0.000000 | 138.000000 | 138.000000
 2856 | 2856 | Predict | -0.897826 | -0.130484 | -0.104587 | 1.948105 |  7.737981 | 0.050000 |   13 |  8.150781 |  0.000000 |  5.144753 |  9.148720 | 1004 |  43.191406 |     27.980469 |   9.742188 |  19.472656 | 244.000000 |  0.000000 | 138.000000 | 138.000000
 2857 | 2857 | Predict | -0.282516 |  0.124498 | -0.102055 | 1.948105 |  7.737981 | 0.050000 |   13 |  8.150781 |  0.000000 |  5.144753 |  9.148720 | 1005 |  43.191406 |     27.980469 |   9.742188 |  19.472656 | 244.000000 |  0.000000 | 138.000000 | 138.000000
 2858 | 2858 | Predict | -0.071826 | -0.393846 | -0.103387 | 1.948105 |  7.737981 | 0.050000 |   13 |  8.150781 |  0.000000 |  5.144753 |  9.148720 | 1006 |  43.191406 |     27.980469 |   9.742188 |  19.472656 | 244.000000 |  0.000000 | 138.000000 | 138.000000
 2859 | 2859 | Predict | -0.532710 | -0.896629 | -0.113779 | 1.948105 |  7.737981 | 0.050000 |   13 |  8.150781 |  0.000000 |  5.144753 |  9.148720 | 1006 |  43.191406 |     27.980469 |   9.742188 |  19.472656 | 244.000000 |  0.000000 | 138.000000 | 138.000000
 2860 | 2860 | Predict | -0.411803 |  0.981623 | -0.143357 | 1.948105 |  7.737981 | 0.050000 |   13 |  8.150781 |  0.000000 |  5.144753 |  9.148720 | 1007 |  43.191406 |     27.980469 |   9.742188 |  19.472656 | 244.000000 |  0.000000 | 138.000000 | 138.000000
 2861 | 2861 | Predict | -0.234632 | -0.784101 | -0.197982 | 1.948105 |  7.737981 | 0.050000 |   13 |  8.150781 |  0.000000 |  5.144753 |  9.148720 | 1008 |  43.191406 |     27.980469 |   9.742188 |  19.472656 | 244.000000 |  0.000000 | 138.000000 | 138.000000
 2862 | 2862 | Predict | -0.848745 | -0.348356 | -0.187323 | 1.948105 |  7.737981 | 0.050000 |   13 |  8.150781 |  0.000000 |  5.144753 |  9.148720 | 1008 |  43.191406 |     27.980469 |   9.742188 |  19.472656 | 244.000000 |  0.000000 | 138.000000 | 138.000000
 2863 | 2863 | Update  | -0.656011 | -0.270545 | -0.146554 | 1.938533 |  7.533009 | 0.050000 |   13 |  8.059333 |  0.000000 |  5.476078 |  9.349056 | 1008 |  49.281250 |     27.980469 |  23.980469 |  13.222656 | 244.000000 |  0.000000 | 138.000000 | 138.000000
 2864 | 2864 | Update  | -0.397437 |  0.822408 | -0.188389 | 1.953278 |  7.074935 | 0.050000 |   14 |  8.009231 | 10.562614 |  5.536315 |  9.369120 | 1008 |  95.707031 |     11.976562 |  43.382812 |  17.902344 | 244.000000 | 63.000000 | 138.000000 | 138.000000
 2865 | 2865 | Predict | -0.870292 | -1.210269 | -0.222629 | 1.953278 |  7.074935 | 0.050000 |   14 |  8.009231 | 10.562614 |  5.536315 |  9.369120 | 1008 |  95.707031 |     11.976562 |  43.382812 |  17.902344 | 244.000000 | 63.000000 | 138.000000 | 138.000000
 2866 | 2866 | Update  | -0.847547 |  0.155623 | -0.163874 | 2.508781 |  7.536843 | 0.050000 |    7 |  8.014214 | 10.512554 |  5.400799 |  0.000000 | 1008 |  62.507812 |     11.765625 |  37.234375 |   0.000000 | 244.000000 | 63.000000 | 138.000000 |   0.000000
 2867 | 2867 | Predict | -1.063026 | -0.946907 | -0.174000 | 2.508781 |  7.536843 | 0.051000 |    7 |  8.014214 | 10.512554 |  5.400799 |  0.000000 | 1009 |  62.507812 |     11.765625 |  37.234375 |   0.000000 | 244.000000 | 63.000000 | 138.000000 |   0.000000
 2868 | 2868 | Predict | -0.736217 | -0.559046 | -0.168671 | 2.508781 |  7.536843 | 0.050000 |    7 |  8.014214 | 10.512554 |  5.400799 |  0.000000 | 1009 |  62.507812 |     11.765625 |  37.234375 |   0.000000 | 244.000000 | 63.000000 | 138.000000 |   0.000000
 2869 | 2869 | Update  | -1.139640 | -0.168791 | -0.145355 | 2.623534 |  6.761339 | 0.050000 |   11 |  7.918889 | 10.332232 |  0.000000 |  9.519366 | 1009 |  80.062500 |      7.707031 |        nan |  14.289062 | 244.000000 | 63.000000 |   0.000000 | 138.000000
 2870 | 2870 | Update  | -0.265756 | -0.397437 | -0.095260 | 2.595079 |  7.477799 | 0.050000 |    7 |  7.975322 | 10.402280 |  5.476081 |  0.000000 | 1009 |  89.824219 |      9.945312 |  50.144531 |   0.000000 | 244.000000 | 63.000000 | 138.000000 |   0.000000
 2871 | 2871 | Predict | -0.672771 | -0.648829 | -0.089398 | 2.595079 |  7.477799 | 0.051000 |    7 |  7.975322 | 10.402280 |  5.476081 |  0.000000 | 1009 |  89.824219 |      9.945312 |  50.144531 |   0.000000 | 244.000000 | 63.000000 | 138.000000 |   0.000000
 2872 | 2872 | Update  | -0.333991 |  1.121683 | -0.113113 | 2.506624 |  7.440590 | 0.050000 |    7 |  7.866325 | 10.402278 |  5.400802 |  0.000000 | 1009 |  62.585938 |     10.363281 |  37.445312 |   0.000000 | 244.000000 | 63.000000 | 138.000000 |   0.000000
 2873 | 2873 | Predict | -0.038307 | -0.471658 | -0.170003 | 2.506624 |  7.440590 | 0.050000 |    7 |  7.866325 | 10.402278 |  5.400802 |  0.000000 | 1010 |  62.585938 |     10.363281 |  37.445312 |   0.000000 | 244.000000 | 63.000000 | 138.000000 |   0.000000
 2874 | 2874 | Predict |  0.004788 | -0.556652 | -0.139093 | 2.506624 |  7.440590 | 0.050000 |    7 |  7.866325 | 10.402278 |  5.400802 |  0.000000 | 1010 |  62.585938 |     10.363281 |  37.445312 |   0.000000 | 244.000000 | 63.000000 | 138.000000 |   0.000000
 2875 | 2875 | Predict | -0.627281 |  1.465251 | -0.024115 | 2.506624 |  7.440590 | 0.050000 |    7 |  7.866325 | 10.402278 |  5.400802 |  0.000000 | 1011 |  62.585938 |     10.363281 |  37.445312 |   0.000000 | 244.000000 | 63.000000 | 138.000000 |   0.000000
 2876 | 2876 | Predict | -1.750161 |  0.234632 | -0.021850 | 2.506624 |  7.440590 | 0.050000 |    7 |  7.866325 | 10.402278 |  5.400802 |  0.000000 | 1012 |  62.585938 |     10.363281 |  37.445312 |   0.000000 | 244.000000 | 63.000000 | 138.000000 |   0.000000
 2877 | 2877 | Predict |  1.144428 |  0.271742 | -0.037838 | 2.506624 |  7.440590 | 0.050000 |    7 |  7.866325 | 10.402278 |  5.400802 |  0.000000 | 1012 |  62.585938 |     10.363281 |  37.445312 |   0.000000 | 244.000000 | 63.000000 | 138.000000 |   0.000000
 2878 | 2878 | Update  | -1.709460 |  0.768539 | -0.021583 | 1.837125 |  7.341218 | 0.050000 |   13 |  7.806184 |  0.000000 |  5.536314 |  9.489346 | 1012 |  64.945312 |     10.363281 |  41.125000 |   5.859375 | 244.000000 | 63.000000 | 138.000000 | 138.000000
 2879 | 2879 | Predict |  0.143652 | -0.386664 | -0.078606 | 1.837125 |  7.341218 | 0.050000 |   13 |  7.806184 |  0.000000 |  5.536314 |  9.489346 | 1013 |  64.945312 |     10.363281 |  41.125000 |   5.859375 | 244.000000 | 63.000000 | 138.000000 | 138.000000
 2880 | 2880 | Predict | -1.183933 | -0.679953 | -0.068747 | 1.837125 |  7.341218 | 0.050000 |   13 |  7.806184 |  0.000000 |  5.536314 |  9.489346 | 1014 |  64.945312 |     10.363281 |  41.125000 |   5.859375 | 244.000000 | 63.000000 | 138.000000 | 138.000000
 2881 | 2881 | Predict | -0.440533 |  1.719037 | -0.088998 | 1.837125 |  7.341218 | 0.050000 |   13 |  7.806184 |  0.000000 |  5.536314 |  9.489346 | 1014 |  64.945312 |     10.363281 |  41.125000 |   5.859375 | 244.000000 | 63.000000 | 138.000000 | 138.000000
 2882 | 2882 | Predict | -0.708684 | -0.474052 | -0.129900 | 1.837125 |  7.341218 | 0.050000 |   13 |  7.806184 |  0.000000 |  5.536314 |  9.489346 | 1015 |  64.945312 |     10.363281 |  41.125000 |   5.859375 | 244.000000 | 63.000000 | 138.000000 | 138.000000
 2883 | 2883 | Predict |  0.211887 | -0.441730 | -0.141092 | 1.837125 |  7.341218 | 0.050000 |   13 |  7.806184 |  0.000000 |  5.536314 |  9.489346 | 1015 |  64.945312 |     10.363281 |  41.125000 |   5.859375 | 244.000000 | 63.000000 | 138.000000 | 138.000000
 2884 | 2884 | Predict | -0.114922 | -1.508347 | -0.127769 | 1.837125 |  7.341218 | 0.050000 |   13 |  7.806184 |  0.000000 |  5.536314 |  9.489346 | 1016 |  64.945312 |     10.363281 |  41.125000 |   5.859375 | 244.000000 | 63.000000 | 138.000000 | 138.000000
 2885 | 2885 | Predict | -0.776918 |  0.353145 | -0.067815 | 1.837125 |  7.341218 | 0.050000 |   13 |  7.806184 |  0.000000 |  5.536314 |  9.489346 | 1017 |  64.945312 |     10.363281 |  41.125000 |   5.859375 | 244.000000 | 63.000000 | 138.000000 | 138.000000
 2886 | 2886 | Predict | -0.123301 | -0.559046 | -0.074610 | 1.837125 |  7.341218 | 0.050000 |   13 |  7.806184 |  0.000000 |  5.536314 |  9.489346 | 1017 |  64.945312 |     10.363281 |  41.125000 |   5.859375 | 244.000000 | 63.000000 | 138.000000 | 138.000000
 2887 | 2887 | Predict |  0.322020 | -0.295684 | -0.098591 | 1.837125 |  7.341218 | 0.050000 |   13 |  7.806184 |  0.000000 |  5.536314 |  9.489346 | 1018 |  64.945312 |     10.363281 |  41.125000 |   5.859375 | 244.000000 | 63.000000 | 138.000000 | 138.000000
 2888 | 2888 | Update  |  0.446519 | -0.846350 | -0.077541 | 1.807892 |  6.769844 | 0.050000 |   14 |  7.612082 | 10.342268 |  5.536313 |  9.519365 | 1018 |  90.984375 |      9.644531 |  44.765625 |   9.925781 | 244.000000 | 63.000000 | 138.000000 | 138.000000
 2889 | 2889 | Predict | -0.450110 |  0.154426 | -0.002531 | 1.807892 |  6.769844 | 0.050000 |   14 |  7.612082 | 10.342268 |  5.536313 |  9.519365 | 1018 |  90.984375 |      9.644531 |  44.765625 |   9.925781 | 244.000000 | 63.000000 | 138.000000 | 138.000000
 2890 | 2890 | Predict | -1.242591 | -1.750161 |  0.013057 | 1.807892 |  6.769844 | 0.050000 |   14 |  7.612082 | 10.342268 |  5.536313 |  9.519365 | 1019 |  90.984375 |      9.644531 |  44.765625 |   9.925781 | 244.000000 | 63.000000 | 138.000000 | 138.000000
 2891 | 2891 | Predict | -0.359130 | -0.093374 |  0.037838 | 1.807892 |  6.769844 | 0.050000 |   14 |  7.612082 | 10.342268 |  5.536313 |  9.519365 | 1020 |  90.984375 |      9.644531 |  44.765625 |   9.925781 | 244.000000 | 63.000000 | 138.000000 | 138.000000
 2892 | 2892 | Predict |  0.023942 |  0.736217 |  0.076874 | 1.807892 |  6.769844 | 0.050000 |   14 |  7.612082 | 10.342268 |  5.536313 |  9.519365 | 1020 |  90.984375 |      9.644531 |  44.765625 |   9.925781 | 244.000000 | 63.000000 | 138.000000 | 138.000000
 2893 | 2893 | Update  | -0.310049 |  0.229843 |  0.013190 | 1.895470 |  6.931764 | 0.050000 |   14 |  7.524319 | 10.522475 |  5.671809 |  9.509335 | 1020 |  77.976562 |      7.125000 |  23.214844 |   6.152344 | 244.000000 | 63.000000 | 138.000000 | 138.000000
 2894 | 2894 | Predict | -1.394622 |  0.256180 | -0.026113 | 1.895470 |  6.931764 | 0.051000 |   14 |  7.524319 | 10.522475 |  5.671809 |  9.509335 | 1021 |  77.976562 |      7.125000 |  23.214844 |   6.152344 | 244.000000 | 63.000000 | 138.000000 | 138.000000
 2895 | 2895 | Predict | -0.610521 | -1.169568 | -0.007594 | 1.895470 |  6.931764 | 0.050000 |   14 |  7.524319 | 10.522475 |  5.671809 |  9.509335 | 1021 |  77.976562 |      7.125000 |  23.214844 |   6.152344 | 244.000000 | 63.000000 | 138.000000 | 138.000000
 2896 | 2896 | Update  |  0.237026 |  0.451307 | -0.044899 | 1.722965 |  6.591376 | 0.050000 |   14 |  7.577024 | 10.252060 |  5.611581 |  9.649620 | 1021 | 117.210938 |     13.203125 |  60.101562 |   9.000000 | 244.000000 | 63.000000 | 138.000000 | 138.000000
 2897 | 2897 | Update  | -0.723049 | -0.324414 |  0.031176 | 1.756606 |  7.127503 | 0.050000 |   13 |  7.577024 |  0.000000 |  5.686845 |  9.659651 | 1021 |  71.339844 |     13.203125 |  41.042969 |   5.570312 | 244.000000 |  0.000000 | 138.000000 | 138.000000
 2898 | 2898 | Predict |  0.146046 | -0.793678 |  0.138694 | 1.756606 |  7.127503 | 0.050000 |   13 |  7.577024 |  0.000000 |  5.686845 |  9.659651 | 1021 |  71.339844 |     13.203125 |  41.042969 |   5.570312 | 244.000000 |  0.000000 | 138.000000 | 138.000000
 2899 | 2899 | Update  | -1.484405 |  1.672350 |  0.180928 | 1.737924 |  6.592371 | 0.050000 |   14 |  7.481819 | 10.272126 |  5.671807 |  9.669681 | 1021 | 146.093750 |     13.921875 |  49.527344 |  10.441406 | 244.000000 | 63.000000 | 138.000000 | 138.000000
 2900 | 2900 | Update  | -1.082179 |  0.336385 |  0.124704 | 2.361563 |  7.072899 | 0.050000 |    7 |  7.534421 | 10.292104 |  5.747065 |  0.000000 | 1021 | 108.867188 |     10.394531 |  51.410156 |   0.000000 | 244.000000 | 63.000000 | 138.000000 |   0.000000
 2901 | 2901 | Predict |  0.254982 | -0.636858 |  0.104720 | 2.361563 |  7.072899 | 0.050000 |    7 |  7.534421 | 10.292104 |  5.747065 |  0.000000 | 1021 | 108.867188 |     10.394531 |  51.410156 |   0.000000 | 244.000000 | 63.000000 | 138.000000 |   0.000000
 2902 | 2902 | Predict | -0.770933 | -0.130484 |  0.058888 | 2.361563 |  7.072899 | 0.050000 |    7 |  7.534421 | 10.292104 |  5.747065 |  0.000000 | 1022 | 108.867188 |     10.394531 |  51.410156 |   0.000000 | 244.000000 | 63.000000 | 138.000000 |   0.000000
 2903 | 2903 | Update  |  0.073023 | -0.345962 |  0.075009 | 1.631945 |  6.489285 | 0.050000 |   14 |  0.000000 | 10.292198 |  5.747065 |  9.819918 | 1022 |  67.121094 |      8.328125 |  54.718750 |   8.843750 | 244.000000 | 63.000000 | 138.000000 | 138.000000
 2904 | 2904 | Predict |  0.650026 |  0.259771 |  0.111381 | 1.631945 |  6.489285 | 0.050000 |   14 |  0.000000 | 10.292198 |  5.747065 |  9.819918 | 1022 |  67.121094 |      8.328125 |  54.718750 |   8.843750 | 244.000000 | 63.000000 | 138.000000 | 138.000000
 2905 | 2905 | Predict | -1.040281 | -0.864307 |  0.117510 | 1.631945 |  6.489285 | 0.050000 |   14 |  0.000000 | 10.292198 |  5.747065 |  9.819918 | 1023 |  67.121094 |      8.328125 |  54.718750 |   8.843750 | 244.000000 | 63.000000 | 138.000000 | 138.000000
 2906 | 2906 | Update  | -0.752976 |  1.027112 |  0.180662 | 1.241561 |  6.151620 | 0.050000 |   14 |  7.411597 | 10.262097 |  5.747066 | 10.200544 | 1023 | 117.316406 |      9.812500 |  58.070312 |   8.585938 | 244.000000 | 63.000000 | 138.000000 | 138.000000
 2907 | 2907 | Predict |  0.579397 |  1.057040 |  0.116044 | 1.241561 |  6.151620 | 0.050000 |   14 |  7.411597 | 10.262097 |  5.747066 | 10.200544 | 1023 | 117.316406 |      9.812500 |  58.070312 |   8.585938 | 244.000000 | 63.000000 | 138.000000 | 138.000000
 2908 | 2908 | Update  | -1.228225 | -0.915782 |  0.141092 | 1.587922 |  7.012387 | 0.050000 |   13 |  7.377782 |  0.000000 |  5.671809 |  9.819918 | 1023 |  82.656250 |      9.812500 |  44.621094 |   5.503906 | 244.000000 |  0.000000 | 138.000000 | 138.000000
 2909 | 2909 | Update  |  0.017957 | -0.263362 |  0.139493 | 1.763896 |  6.486959 | 0.050000 |   14 |  7.436585 | 10.232091 |  5.867497 |  9.759809 | 1023 | 117.269531 |     13.039062 |  55.718750 |   5.707031 | 244.000000 | 63.000000 | 138.000000 | 138.000000
 2910 | 2910 | Predict | -0.386664 | -0.873884 |  0.150285 | 1.763896 |  6.486959 | 0.051000 |   14 |  7.436585 | 10.232091 |  5.867497 |  9.759809 | 1023 | 117.269531 |     13.039062 |  55.718750 |   5.707031 | 244.000000 | 63.000000 | 138.000000 | 138.000000
 2911 | 2911 | Update  |  0.241814 |  0.057461 |  0.140026 | 1.272886 |  6.176680 | 0.050000 |   14 |  7.372695 | 10.262097 |  5.747067 | 10.170528 | 1023 | 118.414062 |     10.382812 |  50.183594 |   5.398438 | 244.000000 | 63.000000 | 138.000000 | 138.000000
 2912 | 2912 | Update  | -1.423353 |  0.439336 |  0.130833 | 1.302732 |  6.126366 | 0.051000 |   14 |  7.337635 | 10.242028 |  5.867498 | 10.210573 | 1023 |  92.242188 |      9.953125 |  31.933594 |  12.691406 | 244.000000 | 63.000000 | 138.000000 | 138.000000
 2913 | 2913 | Predict | -0.895431 | -1.036689 |  0.145222 | 1.302732 |  6.126366 | 0.051000 |   14 |  7.337635 | 10.242028 |  5.867498 | 10.210573 | 1023 |  92.242188 |      9.953125 |  31.933594 |  12.691406 | 244.000000 | 63.000000 | 138.000000 | 138.000000
 2914 | 2914 | Update  | -0.559046 |  0.846350 |  0.171069 | 0.792416 |  7.017664 | 0.050000 |   13 |  7.386504 |  0.000000 |  5.671810 | 10.581071 | 1023 | 103.871094 |      9.953125 |  23.613281 |   9.054688 | 244.000000 | 63.000000 | 138.000000 | 138.000000
 2915 | 2915 | Update  | -1.067814 | -0.395043 |  0.206242 | 2.352783 |  7.008641 | 0.050000 |    7 |  7.371585 | 10.181922 |  5.671810 |  0.000000 | 1023 |  99.695312 |     10.769531 |  20.187500 |   0.000000 | 244.000000 | 63.000000 | 138.000000 |   0.000000
 2916 | 2916 | Update  |  0.254982 | -0.741005 |  0.228225 | 0.550970 |  5.525503 | 0.051000 |   14 |  7.224903 | 10.131847 |  5.671808 | 10.801485 | 1023 | 116.082031 |      9.851562 |  25.531250 |  19.128906 | 244.000000 | 63.000000 | 138.000000 | 138.000000
 2917 | 2917 | Predict | -1.244985 |  0.943315 |  0.209706 | 0.550970 |  5.525503 | 0.050000 |   14 |  7.224903 | 10.131847 |  5.671808 | 10.801485 | 1023 | 116.082031 |      9.851562 |  25.531250 |  19.128906 | 244.000000 | 63.000000 | 138.000000 | 138.000000
 2918 | 2918 | Predict | -0.483629 | -0.699107 |  0.160677 | 0.550970 |  5.525503 | 0.050000 |   14 |  7.224903 | 10.131847 |  5.671808 | 10.801485 | 1024 | 116.082031 |      9.851562 |  25.531250 |  19.128906 | 244.000000 | 63.000000 | 138.000000 | 138.000000
 2919 | 2919 | Predict | -0.814029 |  0.669179 |  0.182660 | 0.550970 |  5.525503 | 0.050000 |   14 |  7.224903 | 10.131847 |  5.671808 | 10.801485 | 1024 | 116.082031 |      9.851562 |  25.531250 |  19.128906 | 244.000000 | 63.000000 | 138.000000 | 138.000000
 2920 | 2920 | Update  | -0.410606 | -0.126893 |  0.162942 | 1.406066 |  6.067823 | 0.050000 |   14 |  7.247402 | 10.151918 |  6.002947 | 10.190514 | 1024 |  71.234375 |      6.167969 |  14.894531 |   6.785156 | 244.000000 | 63.000000 | 138.000000 | 138.000000
 2921 | 2921 | Update  | -0.475249 | -0.002394 |  0.199580 | 1.801264 |  6.709786 | 0.050000 |    7 |  7.262458 | 10.622628 |  6.153414 |  0.000000 | 1024 |  99.820312 |     11.050781 |   3.085938 |   0.000000 | 244.000000 | 63.000000 | 138.000000 |   0.000000
 2922 | 2922 | Update  | -0.101754 |  0.149638 |  0.196649 | 1.607384 |  6.730791 | 0.050000 |    7 |  7.297656 | 10.822997 |  6.153413 |  0.000000 | 1024 | 112.906250 |      8.523438 |  23.062500 |   0.000000 | 244.000000 | 63.000000 | 138.000000 |   0.000000
 2923 | 2923 | Predict | -0.937330 |  0.088585 |  0.200646 | 1.607384 |  6.730791 | 0.050000 |    7 |  7.297656 | 10.822997 |  6.153413 |  0.000000 | 1024 | 112.906250 |      8.523438 |  23.062500 |   0.000000 | 244.000000 | 63.000000 | 138.000000 |   0.000000
 2924 | 2924 | Update  | -0.887052 |  0.621295 |  0.175332 | 2.091375 |  6.649310 | 0.050000 |    7 |  7.147231 | 10.272141 |  6.138382 |  0.000000 | 1024 |  64.519531 |     10.269531 |  17.328125 |   0.000000 | 244.000000 | 63.000000 | 138.000000 |   0.000000
 2925 | 2925 | Update  | -0.840365 |  0.205901 |  0.179596 | 2.004194 |  6.702957 | 0.051000 |    7 |  7.187245 | 10.382304 |  6.078185 |  0.000000 | 1024 |  60.707031 |     10.339844 |  15.027344 |   0.000000 | 244.000000 | 63.000000 | 138.000000 |   0.000000
 2926 | 2926 | Predict | -1.642422 |  0.019154 |  0.156680 | 2.004194 |  6.702957 | 0.050000 |    7 |  7.187245 | 10.382304 |  6.078185 |  0.000000 | 1024 |  60.707031 |     10.339844 |  15.027344 |   0.000000 | 244.000000 | 63.000000 | 138.000000 |   0.000000
 2927 | 2927 | Update  | -1.055843 |  1.320402 |  0.172135 | 1.555084 |  6.719603 | 0.050000 |    7 |  7.152181 | 10.772932 |  6.002949 |  0.000000 | 1024 |  59.453125 |      6.035156 |   9.695312 |   0.000000 | 244.000000 | 63.000000 | 138.000000 |   0.000000
 2928 | 2928 | Predict | -0.665588 | -0.640449 |  0.166139 | 1.555084 |  6.719603 | 0.050000 |    7 |  7.152181 | 10.772932 |  6.002949 |  0.000000 | 1024 |  59.453125 |      6.035156 |   9.695312 |   0.000000 | 244.000000 | 63.000000 | 138.000000 |   0.000000
 2929 | 2929 | Update  | -0.900220 |  1.209072 |  0.113779 | 1.480671 |  6.724958 | 0.050000 |    7 |  7.110920 | 10.812959 |  5.942743 |  0.000000 | 1024 |  87.804688 |     14.019531 |   8.660156 |   0.000000 | 244.000000 | 63.000000 | 138.000000 |   0.000000
 2930 | 2930 | Predict |  0.123301 | -0.930147 |  0.139760 | 1.480671 |  6.724958 | 0.050000 |    7 |  7.110920 | 10.812959 |  5.942743 |  0.000000 | 1025 |  87.804688 |     14.019531 |   8.660156 |   0.000000 | 244.000000 | 63.000000 | 138.000000 |   0.000000
 2931 | 2931 | Predict | -0.883460 | -0.214281 |  0.144156 | 1.480671 |  6.724958 | 0.050000 |    7 |  7.110920 | 10.812959 |  5.942743 |  0.000000 | 1026 |  87.804688 |     14.019531 |   8.660156 |   0.000000 | 244.000000 | 63.000000 | 138.000000 |   0.000000
 2932 | 2932 | Predict | -0.587777 | -0.879869 |  0.105786 | 1.480671 |  6.724958 | 0.050000 |    7 |  7.110920 | 10.812959 |  5.942743 |  0.000000 | 1026 |  87.804688 |     14.019531 |   8.660156 |   0.000000 | 244.000000 | 63.000000 | 138.000000 |   0.000000
 2933 | 2933 | Update  | -1.671153 |  0.465672 |  0.091530 | 1.375853 |  6.554010 | 0.051000 |   14 |  7.046884 | 10.672691 |  5.867498 | 10.140438 | 1026 |  93.816406 |     11.843750 |   9.531250 |  16.484375 | 244.000000 | 63.000000 | 138.000000 | 138.000000
 2934 | 2934 | Predict |  0.010774 | -1.435324 |  0.067948 | 1.375853 |  6.554010 | 0.051000 |   14 |  7.046884 | 10.672691 |  5.867498 | 10.140438 | 1026 |  93.816406 |     11.843750 |   9.531250 |  16.484375 | 244.000000 | 63.000000 | 138.000000 | 138.000000
 2935 | 2935 | Update  |  0.916979 | -1.310825 |  0.036772 | 1.396596 |  6.614598 | 0.050000 |   14 |  7.001778 | 10.722862 |  5.867498 | 10.120454 | 1026 | 110.382812 |     18.355469 |  15.535156 |  22.929688 | 244.000000 | 63.000000 | 138.000000 | 138.000000
 2936 | 2936 | Predict | -1.034295 | -0.396240 |  0.105519 | 1.396596 |  6.614598 | 0.050000 |   14 |  7.001778 | 10.722862 |  5.867498 | 10.120454 | 1027 | 110.382812 |     18.355469 |  15.535156 |  22.929688 | 244.000000 | 63.000000 | 138.000000 | 138.000000
 2937 | 2937 | Update  |  0.184354 | -0.146046 |  0.042234 | 1.334087 |  6.304162 | 0.053000 |   14 |  6.940367 | 10.422346 |  5.867496 | 10.180557 | 1027 | 113.625000 |      8.796875 |  16.757812 |  18.703125 | 244.000000 | 63.000000 | 138.000000 | 138.000000
 2938 | 2938 | Predict |  0.043096 | -1.732205 |  0.035573 | 1.334087 |  6.304162 | 0.050000 |   14 |  6.940367 | 10.422346 |  5.867496 | 10.180557 | 1027 | 113.625000 |      8.796875 |  16.757812 |  18.703125 | 244.000000 | 63.000000 | 138.000000 | 138.000000
 2939 | 2939 | Update  | -0.237026 | -0.427365 |  0.087400 | 1.316811 |  6.126513 | 0.050000 |   14 |  6.995546 | 10.272125 |  5.942742 | 10.240588 | 1027 |  65.003906 |     11.835938 |   8.371094 |  12.375000 | 244.000000 | 63.000000 | 138.000000 | 138.000000
 2940 | 2940 | Update  | -0.466869 |  0.223858 |  0.152816 | 1.253562 |  6.472487 | 0.052000 |   14 |  6.886534 | 10.732798 |  5.942743 | 10.300693 | 1027 |  84.253906 |     14.082031 |   9.199219 |  12.230469 | 244.000000 | 63.000000 | 138.000000 | 138.000000
 2941 | 2941 | Predict | -0.890643 | -0.532710 |  0.141358 | 1.253562 |  6.472487 | 0.050000 |   14 |  6.886534 | 10.732798 |  5.942743 | 10.300693 | 1027 |  84.253906 |     14.082031 |   9.199219 |  12.230469 | 244.000000 | 63.000000 | 138.000000 | 138.000000
 2942 | 2942 | Update  | -1.843535 |  1.264138 |  0.134031 | 1.395209 |  6.448360 | 0.050000 |   11 |  6.930429 | 10.772836 |  0.000000 | 10.370825 | 1027 |  60.652344 |      7.351562 |   0.000000 |   7.070312 | 244.000000 | 63.000000 |   0.000000 | 138.000000
 2943 | 2943 | Update  |  1.285686 | -0.234632 |  0.057556 | 1.358878 |  6.582685 | 0.050000 |   11 |  6.847759 | 10.752865 |  6.138385 | 10.190514 | 1027 |  71.015625 |     15.800781 |  11.000000 |  11.113281 | 244.000000 | 63.000000 | 138.000000 | 138.000000
 2944 | 2944 | Predict | -0.165200 |  0.517148 |  0.016387 | 1.358878 |  6.582685 | 0.050000 |   11 |  6.847759 | 10.752865 |  6.138385 | 10.190514 | 1027 |  71.015625 |     15.800781 |  11.000000 |  11.113281 | 244.000000 | 63.000000 | 138.000000 | 138.000000
 2945 | 2945 | Update  | -1.927332 |  0.150835 | -0.022916 | 1.364056 |  6.220519 | 0.050000 |   14 |  6.768654 | 10.452352 |  6.138385 | 10.310722 | 1027 |  77.527344 |      9.042969 |   9.308594 |  13.578125 | 244.000000 | 63.000000 | 138.000000 | 138.000000
 2946 | 2946 | Predict |  0.600945 |  0.742203 |  0.040502 | 1.364056 |  6.220519 | 0.050000 |   14 |  6.768654 | 10.452352 |  6.138385 | 10.310722 | 1028 |  77.527344 |      9.042969 |   9.308594 |  13.578125 | 244.000000 | 63.000000 | 138.000000 | 138.000000
 2947 | 2947 | Predict | -1.011550 | -1.005565 |  0.092329 | 1.364056 |  6.220519 | 0.050000 |   14 |  6.768654 | 10.452352 |  6.138385 | 10.310722 | 1028 |  77.527344 |      9.042969 |   9.308594 |  13.578125 | 244.000000 | 63.000000 | 138.000000 | 138.000000
 2948 | 2948 | Update  | -1.332373 | -2.018312 |  0.125104 | 1.369757 |  6.436371 | 0.050000 |   11 |  6.721185 | 10.662751 |  6.138383 | 10.270678 | 1028 |  97.468750 |     11.242188 |  14.851562 |  14.371094 | 244.000000 | 63.000000 | 138.000000 | 138.000000
 2949 | 2949 | Predict |  0.082600 | -0.123301 |  0.147354 | 1.369757 |  6.436371 | 0.050000 |   11 |  6.721185 | 10.662751 |  6.138383 | 10.270678 | 1029 |  97.468750 |     11.242188 |  14.851562 |  14.371094 | 244.000000 | 63.000000 | 138.000000 | 138.000000
 2950 | 2950 | Predict |  1.391031 |  0.781707 |  0.050628 | 1.369757 |  6.436371 | 0.050000 |   11 |  6.721185 | 10.662751 |  6.138383 | 10.270678 | 1029 |  97.468750 |     11.242188 |  14.851562 |  14.371094 | 244.000000 | 63.000000 | 138.000000 | 138.000000
 2951 | 2951 | Update  | -0.411803 |  0.853533 |  0.021717 | 1.364056 |  6.194848 | 0.050000 |   14 |  6.721050 | 10.422346 |  6.138385 | 10.310722 | 1029 | 113.687500 |     13.582031 |  21.109375 |  17.593750 | 244.000000 | 63.000000 | 138.000000 | 138.000000
 2952 | 2952 | Update  | -0.736217 | -0.398635 |  0.044499 | 1.481828 |  6.151954 | 0.051000 |   14 |  6.685976 | 10.342176 |  6.273803 | 10.280706 | 1029 |  66.945312 |     11.386719 |   8.570312 |  12.414062 | 244.000000 | 63.000000 | 138.000000 | 138.000000
 2953 | 2953 | Predict | -0.748188 |  0.934936 |  0.042234 | 1.481828 |  6.151954 | 0.050000 |   14 |  6.685976 | 10.342176 |  6.273803 | 10.280706 | 1030 |  66.945312 |     11.386719 |   8.570312 |  12.414062 | 244.000000 | 63.000000 | 138.000000 | 138.000000
 2954 | 2954 | Predict | -0.270545 | -0.047884 |  0.060887 | 1.481828 |  6.151954 | 0.050000 |   14 |  6.685976 | 10.342176 |  6.273803 | 10.280706 | 1030 |  66.945312 |     11.386719 |   8.570312 |  12.414062 | 244.000000 | 63.000000 | 138.000000 | 138.000000
 2955 | 2955 | Update  | -0.110133 | -0.779313 |  0.053426 | 1.294646 |  5.848274 | 0.050000 |   14 |  6.575697 | 10.121906 |  6.213612 | 10.420897 | 1030 | 100.414062 |     20.164062 |   9.195312 |  12.867188 | 244.000000 | 63.000000 | 138.000000 | 138.000000
 2956 | 2956 | Predict | -1.766921 | -0.667982 |  0.051694 | 1.294646 |  5.848274 | 0.050000 |   14 |  6.575697 | 10.121906 |  6.213612 | 10.420897 | 1030 | 100.414062 |     20.164062 |   9.195312 |  12.867188 | 244.000000 | 63.000000 | 138.000000 | 138.000000
 2957 | 2957 | Update  | -0.258574 | -1.643619 | -0.005862 | 1.365152 |  6.256295 | 0.050000 |   13 |  6.570711 |  0.000000 |  6.273806 | 10.390884 | 1030 |  85.406250 |     20.164062 |   8.191406 |  13.515625 | 244.000000 |  0.000000 | 138.000000 | 138.000000
 2958 | 2958 | Update  | -0.132878 |  0.556652 |  0.039170 | 1.466975 |  6.135251 | 0.051000 |   14 |  6.564374 | 10.382317 |  6.349026 | 10.340811 | 1030 |  84.269531 |     14.839844 |   6.441406 |  10.078125 | 244.000000 | 63.000000 | 138.000000 | 138.000000
 2959 | 2959 | Predict | -1.380257 | -0.093374 |  0.005729 | 1.466975 |  6.135251 | 0.050000 |   14 |  6.564374 | 10.382317 |  6.349026 | 10.340811 | 1030 |  84.269531 |     14.839844 |   6.441406 |  10.078125 | 244.000000 | 63.000000 | 138.000000 | 138.000000
 2960 | 2960 | Update  | -0.691924 |  0.189142 | -0.005063 | 1.279479 |  5.813664 | 0.050000 |   14 |  6.545608 | 10.131938 |  6.273803 | 10.471045 | 1030 |  68.925781 |     13.402344 |   6.613281 |   8.992188 | 244.000000 | 63.000000 | 138.000000 | 138.000000
 2961 | 2961 | Update  |  0.090980 | -0.477643 |  0.040103 | 1.353398 |  5.720876 | 0.050000 |   14 |  6.449101 | 10.071828 |  6.469395 | 10.521043 | 1030 | 105.371094 |     21.292969 |  12.113281 |  11.289062 | 244.000000 | 63.000000 | 138.000000 | 138.000000
 2962 | 2962 | Predict | -0.696713 | -0.578200 |  0.067015 | 1.353398 |  5.720876 | 0.050000 |   14 |  6.449101 | 10.071828 |  6.469395 | 10.521043 | 1030 | 105.371094 |     21.292969 |  12.113281 |  11.289062 | 244.000000 | 63.000000 | 138.000000 | 138.000000
 2963 | 2963 | Update  | -1.124078 | -0.193930 |  0.013856 | 1.267603 |  6.044478 | 0.050000 |    7 |  6.440272 | 10.582584 |  6.544604 |  0.000000 | 1030 |  61.289062 |      7.898438 |   3.531250 |   0.000000 | 244.000000 | 63.000000 | 138.000000 |   0.000000
 2964 | 2964 | Update  | -0.500388 | -1.098939 | -0.056890 | 1.716565 |  5.720879 | 0.050000 |   14 |  0.000000 | 10.071831 |  6.995861 | 10.521043 | 1030 |  61.289062 |     13.605469 |   9.339844 |   8.347656 | 244.000000 | 63.000000 | 138.000000 | 138.000000
 2965 | 2965 | Predict | -0.156820 |  0.657208 |  0.017320 | 1.716565 |  5.720879 | 0.050000 |   14 |  0.000000 | 10.071831 |  6.995861 | 10.521043 | 1030 |  61.289062 |     13.605469 |   9.339844 |   8.347656 | 244.000000 | 63.000000 | 138.000000 | 138.000000
 2966 | 2966 | Update  | -0.256180 |  0.112527 |  0.034507 | 1.148712 |  6.109919 | 0.050000 |   11 |  6.324988 | 10.622628 |  6.815359 | 10.611230 | 1030 |  77.132812 |     29.894531 |   8.714844 |  10.800781 | 244.000000 | 63.000000 | 138.000000 | 138.000000
 2967 | 2967 | Update  |  0.077812 |  0.216675 |  0.019185 | 1.542575 |  5.819229 | 0.050000 |   11 |  6.304970 | 10.242030 |  6.875529 | 10.571188 | 1030 |  64.972656 |     19.101562 |   8.769531 |   7.542969 | 244.000000 | 63.000000 | 138.000000 | 138.000000
 2968 | 2968 | Predict | -1.559822 |  0.580594 |  0.036239 | 1.542575 |  5.819229 | 0.050000 |   11 |  6.304970 | 10.242030 |  6.875529 | 10.571188 | 1030 |  64.972656 |     19.101562 |   8.769531 |   7.542969 | 244.000000 | 63.000000 | 138.000000 | 138.000000
 2969 | 2969 | Update  |  0.082600 | -0.466869 |  0.052093 | 1.630126 |  5.628067 | 0.050000 |   14 |  6.377729 | 10.011737 |  6.950720 | 10.571190 | 1030 |  72.960938 |     14.503906 |  10.402344 |  10.265625 | 244.000000 | 63.000000 | 138.000000 | 138.000000
 2970 | 2970 | Update  | -1.452083 |  0.063446 |  0.057822 | 1.641065 |  5.417870 | 0.051000 |   14 |  6.286063 |  9.741281 |  6.950720 | 10.561086 | 1030 |  92.039062 |     10.652344 |  13.816406 |  12.304688 | 244.000000 | 63.000000 | 138.000000 | 138.000000
 2971 | 2971 | Predict |  0.858321 |  0.152032 |  0.027979 | 1.641065 |  5.417870 | 0.050000 |   14 |  6.286063 |  9.741281 |  6.950720 | 10.561086 | 1030 |  92.039062 |     10.652344 |  13.816406 |  12.304688 | 244.000000 | 63.000000 | 138.000000 | 138.000000
 2972 | 2972 | Update  | -0.532710 |  0.219069 | -0.004930 | 1.485071 |  5.801110 | 0.050000 |   11 |  6.264797 | 10.272132 |  7.071047 | 10.621187 | 1030 |  84.324219 |     15.222656 |  12.179688 |   9.492188 | 244.000000 | 63.000000 | 138.000000 | 138.000000
 2973 | 2973 | Update  |  0.286107 | -1.024718 |  0.058755 | 1.994584 |  5.305216 | 0.050000 |   11 |  6.194662 |  9.731247 |  0.000000 | 10.681287 | 1030 |  78.964844 |     13.921875 |        nan |   8.953125 | 244.000000 | 63.000000 |   0.000000 | 138.000000
 2974 | 2974 | Predict | -0.743400 |  0.017957 |  0.064884 | 1.994584 |  5.305216 | 0.050000 |   11 |  6.194662 |  9.731247 |  0.000000 | 10.681287 | 1030 |  78.964844 |     13.921875 |        nan |   8.953125 | 244.000000 | 63.000000 |   0.000000 | 138.000000
 2975 | 2975 | Update  | -0.565032 |  1.473631 |  0.040502 | 1.986420 |  5.718229 | 0.050000 |    7 |  6.244779 |  9.771384 |  6.950717 |  0.000000 | 1030 |  69.109375 |      7.691406 |  19.445312 |   0.000000 | 244.000000 | 63.000000 | 138.000000 |   0.000000
 2976 | 2976 | Predict |  0.852336 | -0.513556 |  0.045432 | 1.986420 |  5.718229 | 0.050000 |    7 |  6.244779 |  9.771384 |  6.950717 |  0.000000 | 1030 |  69.109375 |      7.691406 |  19.445312 |   0.000000 | 244.000000 | 63.000000 | 138.000000 |   0.000000
 2977 | 2977 | Update  | -0.893037 | -0.563834 |  0.030510 | 1.502177 |  5.666636 | 0.050000 |    7 |  6.143161 | 10.182020 |  6.950720 |  0.000000 | 1030 |  82.687500 |     16.062500 |  24.566406 |   0.000000 | 244.000000 | 63.000000 | 138.000000 |   0.000000
 2978 | 2978 | Update  | -0.159214 | -1.109712 |  0.004663 | 1.541765 |  5.333489 | 0.050000 |   14 |  6.099242 |  9.821362 |  7.071045 | 10.731358 | 1030 |  60.250000 |     10.359375 |  20.640625 |   7.531250 | 244.000000 | 63.000000 | 138.000000 | 138.000000
 2979 | 2979 | Update  |  0.183156 | -0.150835 |  0.013323 | 1.596524 |  5.503602 | 0.053000 |   13 |  6.042885 |  0.000000 |  7.146228 | 10.731358 | 1030 |  58.085938 |      0.000000 |  15.957031 |   4.214844 | 244.000000 |  0.000000 | 138.000000 | 138.000000
 2980 | 2980 | Predict |  0.237026 | -0.181959 |  0.021317 | 1.596524 |  5.503602 | 0.050000 |   13 |  6.042885 |  0.000000 |  7.146228 | 10.731358 | 1030 |  58.085938 |      0.000000 |  15.957031 |   4.214844 | 244.000000 |  0.000000 | 138.000000 | 138.000000
 2981 | 2981 | Update  | -0.733823 |  1.758541 |  0.023848 | 1.530179 |  5.304692 | 0.050000 |   14 |  6.049119 |  9.851477 |  7.146231 | 10.791531 | 1030 |  67.878906 |     16.683594 |  22.382812 |  10.097656 | 244.000000 | 63.000000 | 138.000000 | 138.000000
 2982 | 2982 | Update  | -1.303643 | -1.091756 | -0.015588 | 1.218897 |  5.674593 | 0.050000 |   11 |  5.992761 | 10.362331 |  7.146231 | 10.851628 | 1030 |  50.816406 |     11.562500 |  18.515625 |   7.183594 | 244.000000 | 63.000000 | 138.000000 | 138.000000
 2983 | 2983 | Predict |  0.792481 |  0.035913 | -0.006129 | 1.218897 |  5.674593 | 0.050000 |   11 |  5.992761 | 10.362331 |  7.146231 | 10.851628 | 1030 |  50.816406 |     11.562500 |  18.515625 |   7.183594 | 244.000000 | 63.000000 | 138.000000 | 138.000000
 2984 | 2984 | Update  | -0.736217 |  0.822408 | -0.029444 | 1.473055 |  5.375480 | 0.050000 |    7 |  5.944992 | 10.091903 |  7.281567 |  0.000000 | 1030 |  38.726562 |     11.164062 |  10.238281 |   0.000000 | 244.000000 | 63.000000 | 138.000000 |   0.000000
 2985 | 2985 | Update  | -1.164779 | -1.495179 | -0.068081 | 1.615485 |  5.357842 | 0.050000 |    7 |  5.908685 |  9.931561 |  7.281567 |  0.000000 | 1030 |  31.558594 |     10.050781 |   8.796875 |   0.000000 | 244.000000 | 63.000000 | 138.000000 |   0.000000
 2986 | 2986 | Predict | -1.898602 | -0.187945 | -0.130433 | 1.615485 |  5.357842 | 0.050000 |    7 |  5.908685 |  9.931561 |  7.281567 |  0.000000 | 1030 |  31.558594 |     10.050781 |   8.796875 |   0.000000 | 244.000000 | 63.000000 | 138.000000 |   0.000000
 2987 | 2987 | Update  | -0.433351 |  0.894234 | -0.035972 | 1.752326 |  5.088407 | 0.050000 |   11 |  5.867355 |  9.771288 |  0.000000 | 10.961795 | 1030 |  37.824219 |      8.250000 |        nan |   6.242188 | 244.000000 | 63.000000 |   0.000000 | 138.000000
 2988 | 2988 | Update  | -1.515530 | -1.053449 | -0.050361 | 1.364092 |  5.460806 | 0.051000 |   11 |  5.902450 | 10.171992 |  7.281566 | 10.911725 | 1030 |  59.687500 |     11.269531 |  15.949219 |   7.187500 | 244.000000 | 63.000000 | 138.000000 | 138.000000
 2989 | 2989 | Predict | -0.033519 |  0.038307 | -0.098724 | 1.364092 |  5.460806 | 0.050000 |   11 |  5.902450 | 10.171992 |  7.281566 | 10.911725 | 1030 |  59.687500 |     11.269531 |  15.949219 |   7.187500 | 244.000000 | 63.000000 | 138.000000 | 138.000000
 2990 | 2990 | Update  | -1.133654 |  0.505177 | -0.041701 | 1.316111 |  5.337312 | 0.050000 |   13 |  5.866141 |  0.000000 |  7.281566 | 11.071961 | 1030 |  79.195312 |     11.269531 |  22.472656 |  11.125000 | 244.000000 | 63.000000 | 138.000000 | 138.000000
 2991 | 2991 | Update  |  0.594959 |  0.739808 | -0.005329 | 1.186462 |  5.419238 | 0.051000 |   11 |  5.763210 | 10.262186 |  7.206387 | 11.041877 | 1030 |  61.574219 |     14.476562 |  16.855469 |   8.636719 | 244.000000 | 63.000000 | 138.000000 | 138.000000
 2992 | 2992 | Predict | -0.009577 |  0.837971 | -0.017187 | 1.186462 |  5.419238 | 0.050000 |   11 |  5.763210 | 10.262186 |  7.206387 | 11.041877 | 1030 |  61.574219 |     14.476562 |  16.855469 |   8.636719 | 244.000000 | 63.000000 | 138.000000 | 138.000000
 2993 | 2993 | Update  | -1.024718 |  1.425747 | -0.014256 | 1.372509 |  5.189633 | 0.050000 |   13 |  5.726897 |  0.000000 |  7.416893 | 11.112000 | 1030 |  50.167969 |     14.476562 |  15.347656 |   7.734375 | 244.000000 | 63.000000 | 138.000000 | 138.000000
 2994 | 2994 | Update  | -1.244985 |  0.654814 | -0.069280 | 1.201153 |  4.876997 | 0.051000 |   14 |  5.682962 |  9.791359 |  7.341722 | 11.212135 | 1030 |  72.136719 |     17.667969 |  19.218750 |   8.835938 | 244.000000 | 63.000000 | 138.000000 | 138.000000
 2995 | 2995 | Predict | -0.254982 |  0.472855 | -0.056890 | 1.201153 |  4.876997 | 0.050000 |   14 |  5.682962 |  9.791359 |  7.341722 | 11.212135 | 1030 |  72.136719 |     17.667969 |  19.218750 |   8.835938 | 244.000000 | 63.000000 | 138.000000 | 138.000000
 2996 | 2996 | Update  |  1.616086 | -1.013944 |  0.003864 | 1.372510 |  4.888640 | 0.050000 |   14 |  5.635180 |  9.691200 |  7.416895 | 11.112000 | 1030 |  44.187500 |     10.808594 |  10.203125 |   5.445312 | 244.000000 | 63.000000 | 138.000000 | 138.000000
 2997 | 2997 | Predict | -0.399832 |  0.231040 | -0.030377 | 1.372510 |  4.888640 | 0.050000 |   14 |  5.635180 |  9.691200 |  7.416895 | 11.112000 | 1031 |  44.187500 |     10.808594 |  10.203125 |   5.445312 | 244.000000 | 63.000000 | 138.000000 | 138.000000
 2998 | 2998 | Predict | -1.028310 | -1.789666 | -0.012923 | 1.372510 |  4.888640 | 0.050000 |   14 |  5.635180 |  9.691200 |  7.416895 | 11.112000 | 1031 |  44.187500 |     10.808594 |  10.203125 |   5.445312 | 244.000000 | 63.000000 | 138.000000 | 138.000000
 2999 | 2999 | Update  | -0.766145 |  0.633266 | -0.028112 | 1.223467 |  4.857429 | 0.050000 |   14 |  5.551179 |  9.801383 |  7.416894 | 11.242146 | 1031 |  62.242188 |     13.621094 |  16.824219 |   8.367188 | 244.000000 | 63.000000 | 138.000000 | 138.000000
 3000 | 3000 | Update  | -1.328782 | -0.220267 | -0.041701 | 1.485711 |  4.872337 | 0.050000 |   11 |  5.513610 |  9.831400 |  0.000000 | 11.252173 | 1031 |  36.945312 |     14.074219 |   0.000000 |   5.757812 | 244.000000 | 63.000000 |   0.000000 | 138.000000
 3001 | 3001 | Predict | -0.679953 |  0.875081 | -0.008260 | 1.485711 |  4.872337 | 0.050000 |   11 |  5.513610 |  9.831400 |  0.000000 | 11.252173 | 1031 |  36.945312 |     14.074219 |   0.000000 |   5.757812 | 244.000000 | 63.000000 |   0.000000 | 138.000000
 3002 | 3002 | Update  | -1.055843 |  0.064643 |  0.015721 | 1.095869 |  4.683287 | 0.050000 |   14 |  5.472128 |  9.711270 |  7.416894 | 11.352382 | 1031 |  59.398438 |     17.562500 |  14.429688 |   7.472656 | 244.000000 | 63.000000 | 138.000000 | 138.000000
 3003 | 3003 | Predict |  2.069787 | -1.248576 | -0.002931 | 1.095869 |  4.683287 | 0.050000 |   14 |  5.472128 |  9.711270 |  7.416894 | 11.352382 | 1032 |  59.398438 |     17.562500 |  14.429688 |   7.472656 | 244.000000 | 63.000000 | 138.000000 | 138.000000
 3004 | 3004 | Predict | -1.563414 | -0.994791 | -0.014655 | 1.095869 |  4.683287 | 0.050000 |   14 |  5.472128 |  9.711270 |  7.416894 | 11.352382 | 1032 |  59.398438 |     17.562500 |  14.429688 |   7.472656 | 244.000000 | 63.000000 | 138.000000 | 138.000000
 3005 | 3005 | Predict | -1.806425 | -0.057461 |  0.025047 | 1.095869 |  4.683287 | 0.050000 |   14 |  5.472128 |  9.711270 |  7.416894 | 11.352382 | 1033 |  59.398438 |     17.562500 |  14.429688 |   7.472656 | 244.000000 | 63.000000 | 138.000000 | 138.000000
 3006 | 3006 | Predict | -0.772130 | -0.987608 |  0.014123 | 1.095869 |  4.683287 | 0.050000 |   14 |  5.472128 |  9.711270 |  7.416894 | 11.352382 | 1034 |  59.398438 |     17.562500 |  14.429688 |   7.472656 | 244.000000 | 63.000000 | 138.000000 | 138.000000
 3007 | 3007 | Predict | -0.598550 |  1.824382 |  0.001998 | 1.095869 |  4.683287 | 0.050000 |   14 |  5.472128 |  9.711270 |  7.416894 | 11.352382 | 1034 |  59.398438 |     17.562500 |  14.429688 |   7.472656 | 244.000000 | 63.000000 | 138.000000 | 138.000000
 3008 | 3008 | Predict |  0.057461 | -1.314417 |  0.036772 | 1.095869 |  4.683287 | 0.050000 |   14 |  5.472128 |  9.711270 |  7.416894 | 11.352382 | 1035 |  59.398438 |     17.562500 |  14.429688 |   7.472656 | 244.000000 | 63.000000 | 138.000000 | 138.000000
 3009 | 3009 | Predict |  1.277307 | -0.551863 |  0.022383 | 1.095869 |  4.683287 | 0.050000 |   14 |  5.472128 |  9.711270 |  7.416894 | 11.352382 | 1036 |  59.398438 |     17.562500 |  14.429688 |   7.472656 | 244.000000 | 63.000000 | 138.000000 | 138.000000
 3010 | 3010 | Predict | -0.995988 | -1.535880 | -0.011191 | 1.095869 |  4.683287 | 0.050000 |   14 |  5.472128 |  9.711270 |  7.416894 | 11.352382 | 1036 |  59.398438 |     17.562500 |  14.429688 |   7.472656 | 244.000000 | 63.000000 | 138.000000 | 138.000000
 3011 | 3011 | Update  |  0.232238 |  2.694674 | -0.035839 | 0.998815 |  4.733671 | 0.050000 |   13 |  5.166038 |  0.000000 |  7.747669 | 11.652773 | 1036 |  54.253906 |     12.460938 |  11.492188 |  11.402344 | 244.000000 |  0.000000 | 138.000000 | 138.000000
 3012 | 3012 | Update  | -1.006762 | -1.775301 | -0.071678 | 1.212303 |  4.491472 | 0.050000 |   14 |  5.261413 |  9.611023 |  7.747670 | 11.472569 | 1036 |  67.242188 |     15.496094 |  10.343750 |   8.578125 | 244.000000 | 63.000000 | 138.000000 | 138.000000
 3013 | 3013 | Predict | -0.525527 | -0.561440 | -0.031576 | 1.212303 |  4.491472 | 0.050000 |   14 |  5.261413 |  9.611023 |  7.747670 | 11.472569 | 1036 |  67.242188 |     15.496094 |  10.343750 |   8.578125 | 244.000000 | 63.000000 | 138.000000 | 138.000000
 3014 | 3014 | Update  | -0.301669 | -0.656011 | -0.001066 | 1.419847 |  3.899476 | 0.050000 |   11 |  5.192286 |  9.721215 |  0.000000 | 12.173529 | 1036 |  40.503906 |      9.660156 |        nan |   8.187500 | 244.000000 | 63.000000 |   0.000000 | 138.000000
 3015 | 3015 | Update  |  1.403002 | -0.958878 |  0.027845 | 1.399938 |  4.720892 | 0.050000 |    7 |  5.135773 |  9.711178 |  7.747669 |  0.000000 | 1036 |  85.312500 |     18.429688 |  11.718750 |   0.000000 | 244.000000 | 63.000000 | 138.000000 |   0.000000
 3016 | 3016 | Predict | -1.456872 | -0.930147 |  0.001732 | 1.399938 |  4.720892 | 0.050000 |    7 |  5.135773 |  9.711178 |  7.747669 |  0.000000 | 1036 |  85.312500 |     18.429688 |  11.718750 |   0.000000 | 244.000000 | 63.000000 | 138.000000 |   0.000000
 3017 | 3017 | Predict | -0.191536 |  0.671574 |  0.014389 | 1.399938 |  4.720892 | 0.050000 |    7 |  5.135773 |  9.711178 |  7.747669 |  0.000000 | 1037 |  85.312500 |     18.429688 |  11.718750 |   0.000000 | 244.000000 | 63.000000 | 138.000000 |   0.000000
 3018 | 3018 | Update  | -0.574608 | -0.305261 | -0.006928 | 1.157380 |  4.312315 | 0.050000 |   14 |  5.034173 |  9.661191 |  8.018266 | 11.702910 | 1037 |  66.800781 |     14.492188 |  13.847656 |   8.656250 | 244.000000 | 63.000000 | 138.000000 | 138.000000
 3019 | 3019 | Predict | -0.199916 |  0.233435 | -0.053026 | 1.157380 |  4.312315 | 0.050000 |   14 |  5.034173 |  9.661191 |  8.018266 | 11.702910 | 1037 |  66.800781 |     14.492188 |  13.847656 |   8.656250 | 244.000000 | 63.000000 | 138.000000 | 138.000000
 3020 | 3020 | Update  | -0.770933 | -1.077391 |  0.029444 | 1.409167 |  4.505806 | 0.050000 |    7 |  5.039270 |  9.651161 |  8.018266 |  0.000000 | 1037 |  55.730469 |     11.687500 |  13.785156 |   0.000000 | 244.000000 | 63.000000 | 138.000000 |   0.000000
 3021 | 3021 | Predict |  0.551863 | -1.072602 |  0.050495 | 1.409167 |  4.505806 | 0.050000 |    7 |  5.039270 |  9.651161 |  8.018266 |  0.000000 | 1038 |  55.730469 |     11.687500 |  13.785156 |   0.000000 | 244.000000 | 63.000000 | 138.000000 |   0.000000
 3022 | 3022 | Predict |  0.524330 | -2.096124 |  0.009193 | 1.409167 |  4.505806 | 0.050000 |    7 |  5.039270 |  9.651161 |  8.018266 |  0.000000 | 1038 |  55.730469 |     11.687500 |  13.785156 |   0.000000 | 244.000000 | 63.000000 | 138.000000 |   0.000000
 3023 | 3023 | Predict | -1.810017 | -0.106542 |  0.013856 | 1.409167 |  4.505806 | 0.050000 |    7 |  5.039270 |  9.651161 |  8.018266 |  0.000000 | 1039 |  55.730469 |     11.687500 |  13.785156 |   0.000000 | 244.000000 | 63.000000 | 138.000000 |   0.000000
 3024 | 3024 | Update  | -0.460884 |  0.604536 |  0.003331 | 1.097222 |  4.272141 | 0.050000 |   14 |  4.872244 |  9.671227 |  8.018265 | 11.752975 | 1039 | 118.054688 |     22.574219 |  19.496094 |  11.042969 | 244.000000 | 63.000000 | 138.000000 | 138.000000
 3025 | 3025 | Predict | -1.181539 | -0.582988 |  0.037571 | 1.097222 |  4.272141 | 0.050000 |   14 |  4.872244 |  9.671227 |  8.018265 | 11.752975 | 1039 | 118.054688 |     22.574219 |  19.496094 |  11.042969 | 244.000000 | 63.000000 | 138.000000 | 138.000000
 3026 | 3026 | Update  | -0.675165 | -0.729034 |  0.021850 | 0.963222 |  4.119389 | 0.050000 |   14 |  4.854557 |  9.551000 |  7.943110 | 11.813065 | 1039 |  66.843750 |     11.531250 |  12.894531 |   8.160156 | 244.000000 | 63.000000 | 138.000000 | 138.000000
 3027 | 3027 | Predict | -1.136049 |  1.294066 |  0.031443 | 0.963222 |  4.119389 | 0.050000 |   14 |  4.854557 |  9.551000 |  7.943110 | 11.813065 | 1040 |  66.843750 |     11.531250 |  12.894531 |   8.160156 | 244.000000 | 63.000000 | 138.000000 | 138.000000
 3028 | 3028 | Predict | -2.731784 |  0.124498 |  0.028112 | 0.963222 |  4.119389 | 0.050000 |   14 |  4.854557 |  9.551000 |  7.943110 | 11.813065 | 1041 |  66.843750 |     11.531250 |  12.894531 |   8.160156 | 244.000000 | 63.000000 | 138.000000 | 138.000000
 3029 | 3029 | Predict | -0.876278 |  0.451307 | -0.024115 | 0.963222 |  4.119389 | 0.050000 |   14 |  4.854557 |  9.551000 |  7.943110 | 11.813065 | 1041 |  66.843750 |     11.531250 |  12.894531 |   8.160156 | 244.000000 | 63.000000 | 138.000000 | 138.000000
 3030 | 3030 | Predict | -1.279701 | -0.620098 |  0.010792 | 0.963222 |  4.119389 | 0.050000 |   14 |  4.854557 |  9.551000 |  7.943110 | 11.813065 | 1042 |  66.843750 |     11.531250 |  12.894531 |   8.160156 | 244.000000 | 63.000000 | 138.000000 | 138.000000
 3031 | 3031 | Predict | -0.708684 |  0.769736 | -0.013456 | 0.963222 |  4.119389 | 0.050000 |   14 |  4.854557 |  9.551000 |  7.943110 | 11.813065 | 1042 |  66.843750 |     11.531250 |  12.894531 |   8.160156 | 244.000000 | 63.000000 | 138.000000 | 138.000000
 3032 | 3032 | Update  | -1.486799 | -0.076614 | -0.001332 | 1.293077 |  4.202709 | 0.050000 |    7 |  4.707673 |  9.600986 |  8.273819 |  0.000000 | 1042 | 112.015625 |     20.046875 |  15.628906 |   0.000000 | 244.000000 | 63.000000 | 138.000000 |   0.000000
 3033 | 3033 | Update  |  0.591368 |  1.993173 |  0.005462 | 0.879982 |  3.890436 | 0.051000 |   14 |  4.594658 |  9.520894 |  8.153553 | 12.023343 | 1042 | 114.398438 |     24.332031 |  21.140625 |  15.035156 | 244.000000 | 63.000000 | 138.000000 | 138.000000
 3034 | 3034 | Predict | -0.180762 |  0.172383 | -0.019452 | 0.879982 |  3.890436 | 0.050000 |   14 |  4.594658 |  9.520894 |  8.153553 | 12.023343 | 1042 | 114.398438 |     24.332031 |  21.140625 |  15.035156 | 244.000000 | 63.000000 | 138.000000 | 138.000000
 3035 | 3035 | Predict | -0.441730 | -0.086191 | -0.003198 | 0.879982 |  3.890436 | 0.050000 |   14 |  4.594658 |  9.520894 |  8.153553 | 12.023343 | 1043 | 114.398438 |     24.332031 |  21.140625 |  15.035156 | 244.000000 | 63.000000 | 138.000000 | 138.000000
 3036 | 3036 | Predict | -0.056264 | -0.463278 |  0.041835 | 0.879982 |  3.890436 | 0.051000 |   14 |  4.594658 |  9.520894 |  8.153553 | 12.023343 | 1044 | 114.398438 |     24.332031 |  21.140625 |  15.035156 | 244.000000 | 63.000000 | 138.000000 | 138.000000
 3037 | 3037 | Predict | -0.808043 | -0.213084 | -0.033041 | 0.879982 |  3.890436 | 0.050000 |   14 |  4.594658 |  9.520894 |  8.153553 | 12.023343 | 1044 | 114.398438 |     24.332031 |  21.140625 |  15.035156 | 244.000000 | 63.000000 | 138.000000 | 138.000000
 3038 | 3038 | Predict | -0.731429 |  2.221819 | -0.036372 | 0.879982 |  3.890436 | 0.050000 |   14 |  4.594658 |  9.520894 |  8.153553 | 12.023343 | 1045 | 114.398438 |     24.332031 |  21.140625 |  15.035156 | 244.000000 | 63.000000 | 138.000000 | 138.000000
 3039 | 3039 | Update  | -1.926135 |  0.263362 |  0.016121 | 0.848070 |  3.636902 | 0.050000 |   14 |  0.000000 |  9.450745 |  8.409096 | 12.223591 | 1045 |  99.148438 |     19.460938 |  29.808594 |  11.710938 | 244.000000 | 63.000000 | 138.000000 | 138.000000
 3040 | 3040 | Predict |  1.535880 | -0.525527 |  0.053692 | 0.848070 |  3.636902 | 0.051000 |   14 |  0.000000 |  9.450745 |  8.409096 | 12.223591 | 1045 |  99.148438 |     19.460938 |  29.808594 |  11.710938 | 244.000000 | 63.000000 | 138.000000 | 138.000000
 3041 | 3041 | Update  | -0.918176 | -0.055067 | -0.037704 | 1.350198 |  4.015395 | 0.050000 |    7 |  4.455170 |  9.420736 |  8.409096 | 12.273651 | 1045 | 145.812500 |     28.156250 |  35.425781 |  13.871094 | 244.000000 | 63.000000 | 138.000000 | 138.000000
 3042 | 3042 | Predict |  0.191536 | -0.403423 | -0.026646 | 1.350198 |  4.015395 | 0.051000 |    7 |  4.455170 |  9.420736 |  8.409096 | 12.273651 | 1046 | 145.812500 |     28.156250 |  35.425781 |  13.871094 | 244.000000 | 63.000000 | 138.000000 | 138.000000
 3043 | 3043 | Predict | -0.208296 | -1.307234 |  0.026913 | 1.350198 |  4.015395 | 0.050000 |    7 |  4.455170 |  9.420736 |  8.409096 | 12.273651 | 1047 | 145.812500 |     28.156250 |  35.425781 |  13.871094 | 244.000000 | 63.000000 | 138.000000 | 138.000000
 3044 | 3044 | Predict |  0.299275 |  0.111330 |  0.005995 | 1.350198 |  4.015395 | 0.050000 |    7 |  4.455170 |  9.420736 |  8.409096 | 12.273651 | 1047 | 145.812500 |     28.156250 |  35.425781 |  13.871094 | 244.000000 | 63.000000 | 138.000000 | 138.000000
 3045 | 3045 | Predict | -1.598130 | -0.300472 | -0.019319 | 1.350198 |  4.015395 | 0.050000 |    7 |  4.455170 |  9.420736 |  8.409096 | 12.273651 | 1048 | 145.812500 |     28.156250 |  35.425781 |  13.871094 | 244.000000 | 63.000000 | 138.000000 | 138.000000
 3046 | 3046 | Predict | -1.018733 |  0.866701 |  0.031309 | 1.350198 |  4.015395 | 0.050000 |    7 |  4.455170 |  9.420736 |  8.409096 | 12.273651 | 1048 | 145.812500 |     28.156250 |  35.425781 |  13.871094 | 244.000000 | 63.000000 | 138.000000 | 138.000000
 3047 | 3047 | Predict | -1.282095 |  0.955287 | -0.013456 | 1.350198 |  4.015395 | 0.050000 |    7 |  4.455170 |  9.420736 |  8.409096 | 12.273651 | 1049 | 145.812500 |     28.156250 |  35.425781 |  13.871094 | 244.000000 | 63.000000 | 138.000000 | 138.000000
 3048 | 3048 | Update  |  0.407014 |  0.663194 |  0.005063 | 1.189632 |  3.296259 | 0.051000 |   11 |  4.202431 |  9.470819 |  0.000000 | 12.574088 | 1049 | 155.027344 |     21.398438 |   0.000000 |  14.968750 | 244.000000 | 63.000000 |   0.000000 | 138.000000
 3049 | 3049 | Update  | -0.505177 | -0.384269 |  0.010392 | 1.142631 |  3.722055 | 0.050000 |    7 |  4.161026 |  9.500926 |  8.679630 |  0.000000 | 1049 | 131.820312 |     15.253906 |  17.292969 |   0.000000 | 244.000000 | 63.000000 | 138.000000 |   0.000000
 3050 | 3050 | Predict |  0.020351 | -0.375890 |  0.026513 | 1.142631 |  3.722055 | 0.050000 |    7 |  4.161026 |  9.500926 |  8.679630 |  0.000000 | 1049 | 131.820312 |     15.253906 |  17.292969 |   0.000000 | 244.000000 | 63.000000 | 138.000000 |   0.000000
 3051 | 3051 | Predict |  0.831985 |  0.190339 |  0.091263 | 1.142631 |  3.722055 | 0.050000 |    7 |  4.161026 |  9.500926 |  8.679630 |  0.000000 | 1050 | 131.820312 |     15.253906 |  17.292969 |   0.000000 | 244.000000 | 63.000000 | 138.000000 |   0.000000
 3052 | 3052 | Predict |  0.211887 | -0.939724 |  0.032642 | 1.142631 |  3.722055 | 0.050000 |    7 |  4.161026 |  9.500926 |  8.679630 |  0.000000 | 1051 | 131.820312 |     15.253906 |  17.292969 |   0.000000 | 244.000000 | 63.000000 | 138.000000 |   0.000000
 3053 | 3053 | Predict |  0.015562 | -0.280122 |  0.011724 | 1.142631 |  3.722055 | 0.052000 |    7 |  4.161026 |  9.500926 |  8.679630 |  0.000000 | 1051 | 131.820312 |     15.253906 |  17.292969 |   0.000000 | 244.000000 | 63.000000 | 138.000000 |   0.000000
 3054 | 3054 | Predict |  1.854309 | -2.482787 |  0.013590 | 1.142631 |  3.722055 | 0.050000 |    7 |  4.161026 |  9.500926 |  8.679630 |  0.000000 | 1052 | 131.820312 |     15.253906 |  17.292969 |   0.000000 | 244.000000 | 63.000000 | 138.000000 |   0.000000
 3055 | 3055 | Predict | -0.037110 | -0.156820 |  0.037704 | 1.142631 |  3.722055 | 0.050000 |    7 |  4.161026 |  9.500926 |  8.679630 |  0.000000 | 1053 | 131.820312 |     15.253906 |  17.292969 |   0.000000 | 244.000000 | 63.000000 | 138.000000 |   0.000000
 3056 | 3056 | Predict |  1.012747 |  0.173580 |  0.035839 | 1.142631 |  3.722055 | 0.050000 |    7 |  4.161026 |  9.500926 |  8.679630 |  0.000000 | 1053 | 131.820312 |     15.253906 |  17.292969 |   0.000000 | 244.000000 | 63.000000 | 138.000000 |   0.000000
 3057 | 3057 | Update  |  0.695516 | -0.703895 |  0.003864 | 1.140241 |  3.553234 | 0.050000 |    7 |  3.944768 |  9.410701 |  8.814890 |  0.000000 | 1053 | 152.488281 |     23.132812 |  36.554688 |   0.000000 | 244.000000 | 63.000000 | 138.000000 |   0.000000
 3058 | 3058 | Predict | -1.613692 | -0.784101 |  0.009060 | 1.140241 |  3.553234 | 0.051000 |    7 |  3.944768 |  9.410701 |  8.814890 |  0.000000 | 1054 | 152.488281 |     23.132812 |  36.554688 |   0.000000 | 244.000000 | 63.000000 | 138.000000 |   0.000000
 3059 | 3059 | Predict |  0.961272 | -1.012747 | -0.014655 | 1.140241 |  3.553234 | 0.050000 |    7 |  3.944768 |  9.410701 |  8.814890 |  0.000000 | 1054 | 152.488281 |     23.132812 |  36.554688 |   0.000000 | 244.000000 | 63.000000 | 138.000000 |   0.000000
 3060 | 3060 | Predict |  0.907402 |  0.257377 |  0.007861 | 1.140241 |  3.553234 | 0.050000 |    7 |  3.944768 |  9.410701 |  8.814890 |  0.000000 | 1055 | 152.488281 |     23.132812 |  36.554688 |   0.000000 | 244.000000 | 63.000000 | 138.000000 |   0.000000
 3061 | 3061 | Predict | -0.699107 | -1.098939 | -0.016521 | 1.140241 |  3.553234 | 0.050000 |    7 |  3.944768 |  9.410701 |  8.814890 |  0.000000 | 1055 | 152.488281 |     23.132812 |  36.554688 |   0.000000 | 244.000000 | 63.000000 | 138.000000 |   0.000000
 3062 | 3062 | Predict | -1.552640 |  0.835576 |  0.020518 | 1.140241 |  3.553234 | 0.050000 |    7 |  3.944768 |  9.410701 |  8.814890 |  0.000000 | 1056 | 152.488281 |     23.132812 |  36.554688 |   0.000000 | 244.000000 | 63.000000 | 138.000000 |   0.000000
 3063 | 3063 | Update  | -0.507571 |  0.671574 |  0.027046 | 0.687582 |  3.221281 | 0.050000 |   13 |  3.697905 |  0.000000 |  9.160526 | 12.874441 | 1056 |  96.390625 |     14.937500 |  23.121094 |  11.050781 | 244.000000 |  0.000000 | 138.000000 | 138.000000
 3064 | 3064 | Update  |  0.671574 |  0.070629 |  0.007061 | 1.102237 |  3.255194 | 0.050000 |    7 |  3.623697 |  9.320575 |  9.085397 | 12.854463 | 1056 | 118.179688 |     21.171875 |  32.566406 |  18.085938 | 244.000000 | 63.000000 | 138.000000 | 138.000000
 3065 | 3065 | Predict | -0.244209 |  0.243011 | -0.038770 | 1.102237 |  3.255194 | 0.050000 |    7 |  3.623697 |  9.320575 |  9.085397 | 12.854463 | 1056 | 118.179688 |     21.171875 |  32.566406 |  18.085938 | 244.000000 | 63.000000 | 138.000000 | 138.000000
 3066 | 3066 | Update  | -1.535880 | -0.523133 | -0.025580 | 0.620518 |  2.940606 | 0.050000 |   14 |  3.605954 |  9.470816 |  9.145515 | 12.914548 | 1056 |  84.925781 |     16.089844 |  19.691406 |  12.695312 | 244.000000 | 63.000000 | 138.000000 | 138.000000
 3067 | 3067 | Predict | -1.391031 |  0.590171 |  0.017853 | 0.620518 |  2.940606 | 0.050000 |   14 |  3.605954 |  9.470816 |  9.145515 | 12.914548 | 1057 |  84.925781 |     16.089844 |  19.691406 |  12.695312 | 244.000000 | 63.000000 | 138.000000 | 138.000000
 3068 | 3068 | Predict | -0.401029 |  0.603339 | -0.017853 | 0.620518 |  2.940606 | 0.050000 |   14 |  3.605954 |  9.470816 |  9.145515 | 12.914548 | 1057 |  84.925781 |     16.089844 |  19.691406 |  12.695312 | 244.000000 | 63.000000 | 138.000000 | 138.000000
 3069 | 3069 | Update  |  0.797269 |  0.029928 | -0.031443 | 1.010119 |  3.118394 | 0.050000 |    7 |  3.502724 |  9.370654 |  9.220643 | 13.074746 | 1057 | 118.250000 |     20.417969 |  32.496094 |  14.277344 | 244.000000 | 63.000000 | 138.000000 | 138.000000
 3070 | 3070 | Predict | -1.052252 | -0.187945 |  0.004930 | 1.010119 |  3.118394 | 0.050000 |    7 |  3.502724 |  9.370654 |  9.220643 | 13.074746 | 1058 | 118.250000 |     20.417969 |  32.496094 |  14.277344 | 244.000000 | 63.000000 | 138.000000 | 138.000000
 3071 | 3071 | Predict |  1.526304 |  0.699107 |  0.001199 | 1.010119 |  3.118394 | 0.050000 |    7 |  3.502724 |  9.370654 |  9.220643 | 13.074746 | 1058 | 118.250000 |     20.417969 |  32.496094 |  14.277344 | 244.000000 | 63.000000 | 138.000000 | 138.000000
 3072 | 3072 | Update  | -0.268151 | -0.816423 |  0.013590 | 0.985623 |  3.003547 | 0.051000 |    7 |  3.461088 |  9.380691 |  9.355885 |  0.000000 | 1058 | 147.679688 |     27.503906 |  50.593750 |   0.000000 | 244.000000 | 63.000000 | 138.000000 |   0.000000
 3073 | 3073 | Update  | -1.541866 | -0.229843 |  0.016521 | 0.946064 |  3.036925 | 0.050000 |    7 |  3.375420 |  9.390628 |  9.280759 | 13.074746 | 1058 |  88.617188 |     14.382812 |  24.964844 |  11.953125 | 244.000000 | 63.000000 | 138.000000 | 138.000000
 3074 | 3074 | Predict | -2.865860 | -1.069011 |  0.022783 | 0.946064 |  3.036925 | 0.050000 |    7 |  3.375420 |  9.390628 |  9.280759 | 13.074746 | 1058 |  88.617188 |     14.382812 |  24.964844 |  11.953125 | 244.000000 | 63.000000 | 138.000000 | 138.000000
 3075 | 3075 | Update  |  0.864307 | -0.561440 |  0.047564 | 0.516260 |  2.667037 | 0.050000 |   14 |  3.400534 |  9.490887 |  9.415998 | 13.184887 | 1058 |  95.632812 |     14.054688 |  25.257812 |  15.140625 | 244.000000 | 63.000000 | 138.000000 | 138.000000
 3076 | 3076 | Update  |  0.537498 | -0.296881 |  0.037305 | 0.880974 |  2.950684 | 0.051000 |    7 |  3.269438 |  9.420733 |  9.355883 | 13.244970 | 1058 | 124.863281 |     27.277344 |  42.667969 |  23.003906 | 244.000000 | 63.000000 | 138.000000 | 138.000000
 3077 | 3077 | Predict | -0.132878 |  0.053870 |  0.004397 | 0.880974 |  2.950684 | 0.050000 |    7 |  3.269438 |  9.420733 |  9.355883 | 13.244970 | 1058 | 124.863281 |     27.277344 |  42.667969 |  23.003906 | 244.000000 | 63.000000 | 138.000000 | 138.000000
 3078 | 3078 | Predict | -0.214281 | -1.559822 |  0.060753 | 0.880974 |  2.950684 | 0.050000 |    7 |  3.269438 |  9.420733 |  9.355883 | 13.244970 | 1059 | 124.863281 |     27.277344 |  42.667969 |  23.003906 | 244.000000 | 63.000000 | 138.000000 | 138.000000
 3079 | 3079 | Predict | -3.349488 | -1.176750 |  0.032642 | 0.880974 |  2.950684 | 0.050000 |    7 |  3.269438 |  9.420733 |  9.355883 | 13.244970 | 1060 | 124.863281 |     27.277344 |  42.667969 |  23.003906 | 244.000000 | 63.000000 | 138.000000 | 138.000000
 3080 | 3080 | Predict | -0.019154 | -0.350751 |  0.044233 | 0.880974 |  2.950684 | 0.050000 |    7 |  3.269438 |  9.420733 |  9.355883 | 13.244970 | 1060 | 124.863281 |     27.277344 |  42.667969 |  23.003906 | 244.000000 | 63.000000 | 138.000000 | 138.000000
 3081 | 3081 | Update  |  2.294842 |  1.073799 |  0.054758 | 0.576919 |  2.687307 | 0.050000 |   13 |  3.249293 |  0.000000 |  9.686465 | 13.335057 | 1060 |  77.183594 |     27.277344 |  22.164062 |  10.515625 | 244.000000 | 63.000000 | 138.000000 | 138.000000
 3082 | 3082 | Predict | -0.798466 | -0.125696 |  0.061420 | 0.576919 |  2.687307 | 0.050000 |   13 |  3.249293 |  0.000000 |  9.686465 | 13.335057 | 1060 |  77.183594 |     27.277344 |  22.164062 |  10.515625 | 244.000000 | 63.000000 | 138.000000 | 138.000000
 3083 | 3083 | Update  | -1.786075 | -0.972046 |  0.033441 | 0.858076 |  2.410798 | 0.050000 |   11 |  3.049788 |  9.370654 |  0.000000 | 13.335130 | 1060 | 130.566406 |     22.523438 |        nan |  16.746094 | 244.000000 | 63.000000 |   0.000000 | 138.000000
 3084 | 3084 | Update  | -1.404199 | -0.071826 |  0.008527 | 0.903688 |  2.633929 | 0.050000 |    7 |  3.042284 |  9.320575 |  9.686465 | 13.465246 | 1060 | 126.238281 |     22.992188 |  26.019531 |  15.851562 | 244.000000 | 63.000000 | 138.000000 | 138.000000
 3085 | 3085 | Predict |  0.316035 |  1.027112 |  0.060620 | 0.903688 |  2.633929 | 0.050000 |    7 |  3.042284 |  9.320575 |  9.686465 | 13.465246 | 1060 | 126.238281 |     22.992188 |  26.019531 |  15.851562 | 244.000000 | 63.000000 | 138.000000 | 138.000000
 3086 | 3086 | Predict |  1.835156 |  1.076194 |  0.052893 | 0.903688 |  2.633929 | 0.050000 |    7 |  3.042284 |  9.320575 |  9.686465 | 13.465246 | 1061 | 126.238281 |     22.992188 |  26.019531 |  15.851562 | 244.000000 | 63.000000 | 138.000000 | 138.000000
 3087 | 3087 | Predict |  0.001197 | -0.229843 |  0.001865 | 0.903688 |  2.633929 | 0.050000 |    7 |  3.042284 |  9.320575 |  9.686465 | 13.465246 | 1062 | 126.238281 |     22.992188 |  26.019531 |  15.851562 | 244.000000 | 63.000000 | 138.000000 | 138.000000
 3088 | 3088 | Predict | -0.051475 | -0.430956 | -0.027712 | 0.903688 |  2.633929 | 0.050000 |    7 |  3.042284 |  9.320575 |  9.686465 | 13.465246 | 1062 | 126.238281 |     22.992188 |  26.019531 |  15.851562 | 244.000000 | 63.000000 | 138.000000 | 138.000000
 3089 | 3089 | Predict |  0.505177 | -0.571017 |  0.036905 | 0.903688 |  2.633929 | 0.050000 |    7 |  3.042284 |  9.320575 |  9.686465 | 13.465246 | 1063 | 126.238281 |     22.992188 |  26.019531 |  15.851562 | 244.000000 | 63.000000 | 138.000000 | 138.000000
 3090 | 3090 | Update  | -0.390255 |  0.693121 |  0.041568 | 0.826415 |  1.992644 | 0.050000 |   11 |  2.914653 |  9.360619 |  0.000000 | 13.705498 | 1063 | 136.808594 |     32.152344 |   0.000000 |  22.257812 | 244.000000 | 63.000000 |   0.000000 | 138.000000
 3091 | 3091 | Update  | -2.797625 |  0.008380 |  0.016254 | 0.834973 |  2.429973 | 0.050000 |    7 |  2.846287 |  9.330610 |  9.881802 | 13.625439 | 1063 | 154.996094 |     33.437500 |  39.542969 |  23.742188 | 244.000000 | 63.000000 | 138.000000 | 138.000000
 3092 | 3092 | Predict | -0.842759 |  1.253365 |  0.027312 | 0.834973 |  2.429973 | 0.050000 |    7 |  2.846287 |  9.330610 |  9.881802 | 13.625439 | 1063 | 154.996094 |     33.437500 |  39.542969 |  23.742188 | 244.000000 | 63.000000 | 138.000000 | 138.000000
 3093 | 3093 | Predict | -0.814029 |  0.432153 |  0.061420 | 0.834973 |  2.429973 | 0.050000 |    7 |  2.846287 |  9.330610 |  9.881802 | 13.625439 | 1064 | 154.996094 |     33.437500 |  39.542969 |  23.742188 | 244.000000 | 63.000000 | 138.000000 | 138.000000
 3094 | 3094 | Update  |  0.409408 | -0.141258 |  0.057956 | 0.726643 |  2.359250 | 0.050000 |    7 |  2.804625 |  9.430772 |  9.956919 |  0.000000 | 1064 | 166.890625 |     42.398438 |  28.519531 |   0.000000 | 244.000000 | 63.000000 | 138.000000 |   0.000000
 3095 | 3095 | Predict | -0.960075 |  0.186748 |  0.071545 | 0.726643 |  2.359250 | 0.050000 |    7 |  2.804625 |  9.430772 |  9.956919 |  0.000000 | 1064 | 166.890625 |     42.398438 |  28.519531 |   0.000000 | 244.000000 | 63.000000 | 138.000000 |   0.000000
 3096 | 3096 | Update  | -0.416591 |  0.402226 |  0.062885 | 0.727779 |  2.336924 | 0.050000 |    7 |  2.705768 |  9.400666 |  9.956919 | 13.745601 | 1064 | 136.984375 |     29.507812 |  27.523438 |  18.996094 | 244.000000 | 63.000000 | 138.000000 | 138.000000
 3097 | 3097 | Predict | -0.466869 | -0.351948 |  0.065550 | 0.727779 |  2.336924 | 0.050000 |    7 |  2.705768 |  9.400666 |  9.956919 | 13.745601 | 1064 | 136.984375 |     29.507812 |  27.523438 |  18.996094 | 244.000000 | 63.000000 | 138.000000 | 138.000000
 3098 | 3098 | Update  |  0.967257 | -0.044293 |  0.073943 | 0.724562 |  2.285219 | 0.050000 |    7 |  2.694465 |  9.400760 | 10.017025 |  0.000000 | 1064 | 162.613281 |     39.664062 |  33.996094 |   0.000000 | 244.000000 | 63.000000 | 138.000000 |   0.000000
 3099 | 3099 | Predict | -0.312443 |  0.037110 |  0.081671 | 0.724562 |  2.285219 | 0.051000 |    7 |  2.694465 |  9.400760 | 10.017025 |  0.000000 | 1065 | 162.613281 |     39.664062 |  33.996094 |   0.000000 | 244.000000 | 63.000000 | 138.000000 |   0.000000
 3100 | 3100 | Predict |  0.269348 |  0.640449 |  0.092063 | 0.724562 |  2.285219 | 0.051000 |    7 |  2.694465 |  9.400760 | 10.017025 |  0.000000 | 1066 | 162.613281 |     39.664062 |  33.996094 |   0.000000 | 244.000000 | 63.000000 | 138.000000 |   0.000000
 3101 | 3101 | Predict | -1.091756 | -1.492785 |  0.135363 | 0.724562 |  2.285219 | 0.050000 |    7 |  2.694465 |  9.400760 | 10.017025 |  0.000000 | 1066 | 162.613281 |     39.664062 |  33.996094 |   0.000000 | 244.000000 | 63.000000 | 138.000000 |   0.000000
 3102 | 3102 | Update  | -1.228225 |  0.766145 |  0.128168 | 0.700189 |  2.265646 | 0.050000 |    7 |  2.604334 |  9.400663 | 10.017025 |  0.000000 | 1066 | 148.199219 |     39.289062 |  30.019531 |   0.000000 | 244.000000 | 63.000000 | 138.000000 |   0.000000
 3103 | 3103 | Predict |  0.361524 |  0.132878 |  0.161609 | 0.700189 |  2.265646 | 0.050000 |    7 |  2.604334 |  9.400663 | 10.017025 |  0.000000 | 1066 | 148.199219 |     39.289062 |  30.019531 |   0.000000 | 244.000000 | 63.000000 | 138.000000 |   0.000000
 3104 | 3104 | Predict | -1.128866 |  0.330400 |  0.217833 | 0.700189 |  2.265646 | 0.050000 |    7 |  2.604334 |  9.400663 | 10.017025 |  0.000000 | 1067 | 148.199219 |     39.289062 |  30.019531 |   0.000000 | 244.000000 | 63.000000 | 138.000000 |   0.000000
 3105 | 3105 | Update  | -1.526304 | -1.134852 |  0.279386 | 0.651196 |  1.808276 | 0.050000 |   11 |  2.414116 |  9.400756 |  0.000000 | 13.895764 | 1067 | 147.808594 |     31.542969 |        nan |  19.835938 | 244.000000 | 63.000000 |   0.000000 | 138.000000
 3106 | 3106 | Predict | -0.069432 |  0.107739 |  0.299637 | 0.651196 |  1.808276 | 0.050000 |   11 |  2.414116 |  9.400756 |  0.000000 | 13.895764 | 1068 | 147.808594 |     31.542969 |        nan |  19.835938 | 244.000000 | 63.000000 |   0.000000 | 138.000000
 3107 | 3107 | Predict | -0.056264 | -1.559822 |  0.324818 | 0.651196 |  1.808276 | 0.050000 |   11 |  2.414116 |  9.400756 |  0.000000 | 13.895764 | 1068 | 147.808594 |     31.542969 |        nan |  19.835938 | 244.000000 | 63.000000 |   0.000000 | 138.000000
 3108 | 3108 | Update  | -0.071826 |  1.149217 |  0.352397 | 0.674283 |  1.712780 | 0.050000 |   11 |  2.429347 |  9.380689 |  0.000000 | 13.965868 | 1068 | 139.898438 |     28.851562 |        nan |  27.566406 | 244.000000 | 63.000000 |   0.000000 | 138.000000
 3109 | 3109 | Predict | -0.781707 | -0.536301 |  0.267262 | 0.674283 |  1.712780 | 0.050000 |   11 |  2.429347 |  9.380689 |  0.000000 | 13.965868 | 1068 | 139.898438 |     28.851562 |        nan |  27.566406 | 244.000000 | 63.000000 |   0.000000 | 138.000000
 3110 | 3110 | Predict | -1.971625 |  1.015141 |  0.206775 | 0.674283 |  1.712780 | 0.050000 |   11 |  2.429347 |  9.380689 |  0.000000 | 13.965868 | 1069 | 139.898438 |     28.851562 |        nan |  27.566406 | 244.000000 | 63.000000 |   0.000000 | 138.000000
 3111 | 3111 | Update  | -0.508768 |  1.510741 |  0.167072 | 0.700890 |  2.058093 | 0.050000 |    7 |  2.381084 |  9.340546 | 10.212350 | 13.935865 | 1069 |  89.621094 |     14.863281 |   6.277344 |  28.800781 | 244.000000 | 63.000000 | 138.000000 | 138.000000
 3112 | 3112 | Predict |  0.684742 |  0.226252 |  0.058222 | 0.700890 |  2.058093 | 0.052000 |    7 |  2.381084 |  9.340546 | 10.212350 | 13.935865 | 1070 |  89.621094 |     14.863281 |   6.277344 |  28.800781 | 244.000000 | 63.000000 | 138.000000 | 138.000000
 3113 | 3113 | Predict | -1.228225 |  0.274136 |  0.110449 | 0.700890 |  2.058093 | 0.050000 |    7 |  2.381084 |  9.340546 | 10.212350 | 13.935865 | 1070 |  89.621094 |     14.863281 |   6.277344 |  28.800781 | 244.000000 | 63.000000 | 138.000000 | 138.000000
 3114 | 3114 | Predict | -1.133654 |  0.268151 |  0.140559 | 0.700890 |  2.058093 | 0.050000 |    7 |  2.381084 |  9.340546 | 10.212350 | 13.935865 | 1071 |  89.621094 |     14.863281 |   6.277344 |  28.800781 | 244.000000 | 63.000000 | 138.000000 | 138.000000
 3115 | 3115 | Predict | -0.113725 | -0.149638 |  0.157346 | 0.700890 |  2.058093 | 0.050000 |    7 |  2.381084 |  9.340546 | 10.212350 | 13.935865 | 1072 |  89.621094 |     14.863281 |   6.277344 |  28.800781 | 244.000000 | 63.000000 | 138.000000 | 138.000000
 3116 | 3116 | Predict | -0.195127 | -0.664391 |  0.079273 | 0.700890 |  2.058093 | 0.050000 |    7 |  2.381084 |  9.340546 | 10.212350 | 13.935865 | 1072 |  89.621094 |     14.863281 |   6.277344 |  28.800781 | 244.000000 | 63.000000 | 138.000000 | 138.000000
 3117 | 3117 | Update  | -1.678335 |  0.056264 |  0.102721 | 0.623793 |  1.971761 | 0.050000 |    7 |  2.258936 |  9.390631 | 10.287459 |  0.000000 | 1072 | 116.050781 |     25.859375 |  11.835938 |   0.000000 | 244.000000 | 63.000000 | 138.000000 |   0.000000
 3118 | 3118 | Predict | -0.092177 | -1.221043 |  0.129368 | 0.623793 |  1.971761 | 0.050000 |    7 |  2.258936 |  9.390631 | 10.287459 |  0.000000 | 1073 | 116.050781 |     25.859375 |  11.835938 |   0.000000 | 244.000000 | 63.000000 | 138.000000 |   0.000000
 3119 | 3119 | Predict |  0.225055 | -0.168791 |  0.114446 | 0.623793 |  1.971761 | 0.050000 |    7 |  2.258936 |  9.390631 | 10.287459 |  0.000000 | 1073 | 116.050781 |     25.859375 |  11.835938 |   0.000000 | 244.000000 | 63.000000 | 138.000000 |   0.000000
 3120 | 3120 | Update  | -1.088165 |  1.449689 |  0.086867 | 0.654257 |  1.528432 | 0.050000 |   11 |  2.224564 |  9.350678 |  0.000000 | 14.106078 | 1073 |  80.812500 |     17.406250 |   0.000000 |  23.027344 | 244.000000 | 63.000000 |   0.000000 | 138.000000
 3121 | 3121 | Predict | -2.080561 |  0.503979 |  0.077940 | 0.654257 |  1.528432 | 0.050000 |   11 |  2.224564 |  9.350678 |  0.000000 | 14.106078 | 1073 |  80.812500 |     17.406250 |   0.000000 |  23.027344 | 244.000000 | 63.000000 |   0.000000 | 138.000000
 3122 | 3122 | Update  |  0.628478 |  0.251391 |  0.134297 | 0.570519 |  1.778341 | 0.050000 |    7 |  2.107157 |  9.410695 | 10.482776 |  0.000000 | 1073 | 123.179688 |     30.613281 |  17.281250 |   0.000000 | 244.000000 | 63.000000 | 138.000000 |   0.000000
 3123 | 3123 | Update  |  0.408211 | -0.693121 |  0.074077 | 0.682738 |  1.509530 | 0.050000 |   11 |  2.048374 |  9.280431 |  0.000000 | 14.076003 | 1073 | 113.121094 |     27.132812 |        nan |  32.046875 | 244.000000 | 63.000000 |   0.000000 | 138.000000
 3124 | 3124 | Update  | -1.504756 |  0.153229 |  0.071279 | 0.591926 |  1.678540 | 0.051000 |    7 |  2.204082 |  9.410695 | 10.617985 |  0.000000 | 1073 | 138.210938 |     21.886719 |  15.242188 |   0.000000 | 244.000000 | 63.000000 | 138.000000 |   0.000000
 3125 | 3125 | Predict | -0.980426 |  1.023521 |  0.106052 | 0.591926 |  1.678540 | 0.050000 |    7 |  2.204082 |  9.410695 | 10.617985 |  0.000000 | 1073 | 138.210938 |     21.886719 |  15.242188 |   0.000000 | 244.000000 | 63.000000 | 138.000000 |   0.000000
 3126 | 3126 | Predict |  0.784101 |  0.640449 |  0.048629 | 0.591926 |  1.678540 | 0.050000 |    7 |  2.204082 |  9.410695 | 10.617985 |  0.000000 | 1074 | 138.210938 |     21.886719 |  15.242188 |   0.000000 | 244.000000 | 63.000000 | 138.000000 |   0.000000
 3127 | 3127 | Predict | -2.407370 |  0.623690 |  0.093129 | 0.591926 |  1.678540 | 0.050000 |    7 |  2.204082 |  9.410695 | 10.617985 |  0.000000 | 1074 | 138.210938 |     21.886719 |  15.242188 |   0.000000 | 244.000000 | 63.000000 | 138.000000 |   0.000000
 3128 | 3128 | Predict | -0.612916 | -0.593762 |  0.115911 | 0.591926 |  1.678540 | 0.050000 |    7 |  2.204082 |  9.410695 | 10.617985 |  0.000000 | 1075 | 138.210938 |     21.886719 |  15.242188 |   0.000000 | 244.000000 | 63.000000 | 138.000000 |   0.000000
 3129 | 3129 | Predict | -0.268151 |  1.860295 |  0.051560 | 0.591926 |  1.678540 | 0.050000 |    7 |  2.204082 |  9.410695 | 10.617985 |  0.000000 | 1076 | 138.210938 |     21.886719 |  15.242188 |   0.000000 | 244.000000 | 63.000000 | 138.000000 |   0.000000
 3130 | 3130 | Update  | -1.089362 |  0.129287 |  0.097259 | 0.667337 |  1.369893 | 0.052000 |   14 |  2.001042 |  9.310534 | 10.948491 | 14.216211 | 1076 | 128.027344 |     25.531250 |  32.402344 |  40.218750 | 244.000000 | 63.000000 | 138.000000 | 138.000000
 3131 | 3131 | Predict | -0.588974 | -0.196325 |  0.100590 | 0.667337 |  1.369893 | 0.050000 |   14 |  2.001042 |  9.310534 | 10.948491 | 14.216211 | 1076 | 128.027344 |     25.531250 |  32.402344 |  40.218750 | 244.000000 | 63.000000 | 138.000000 | 138.000000
 3132 | 3132 | Update  | -0.418985 | -0.398635 |  0.054758 | 0.510561 |  1.341173 | 0.050000 |   11 |  1.958894 |  9.440801 |  0.000000 | 14.326343 | 1076 | 163.863281 |     36.136719 |        nan |  54.304688 | 244.000000 | 63.000000 |   0.000000 | 138.000000
 3133 | 3133 | Predict | -0.369904 |  0.626084 |  0.055291 | 0.510561 |  1.341173 | 0.050000 |   11 |  1.958894 |  9.440801 |  0.000000 | 14.326343 | 1077 | 163.863281 |     36.136719 |        nan |  54.304688 | 244.000000 | 63.000000 |   0.000000 | 138.000000
 3134 | 3134 | Predict | -1.525106 |  0.667982 |  0.099790 | 0.510561 |  1.341173 | 0.050000 |   11 |  1.958894 |  9.440801 |  0.000000 | 14.326343 | 1077 | 163.863281 |     36.136719 |        nan |  54.304688 | 244.000000 | 63.000000 |   0.000000 | 138.000000
 3135 | 3135 | Predict | -0.474052 | -0.821211 |  0.082870 | 0.510561 |  1.341173 | 0.050000 |   11 |  1.958894 |  9.440801 |  0.000000 | 14.326343 | 1078 | 163.863281 |     36.136719 |        nan |  54.304688 | 244.000000 | 63.000000 |   0.000000 | 138.000000
 3136 | 3136 | Update  | -0.195127 |  0.910994 |  0.067815 | 0.379017 |  1.344436 | 0.050000 |   11 |  1.833189 |  9.550904 |  0.000000 | 14.396373 | 1078 | 128.621094 |     17.648438 |   0.000000 |  16.890625 | 244.000000 | 63.000000 |   0.000000 | 138.000000
 3137 | 3137 | Predict | -0.865504 | -0.721852 |  0.054092 | 0.379017 |  1.344436 | 0.050000 |   11 |  1.833189 |  9.550904 |  0.000000 | 14.396373 | 1078 | 128.621094 |     17.648438 |   0.000000 |  16.890625 | 244.000000 | 63.000000 |   0.000000 | 138.000000
 3138 | 3138 | Update  | -0.696713 | -0.404620 |  0.086067 | 0.474247 |  1.427125 | 0.050000 |   11 |  1.872918 |  9.460874 |  0.000000 | 14.266263 | 1078 | 153.167969 |     19.316406 |        nan |  19.062500 | 244.000000 | 63.000000 |   0.000000 | 138.000000
 3139 | 3139 | Predict |  0.211887 |  0.266953 |  0.058622 | 0.474247 |  1.427125 | 0.050000 |   11 |  1.872918 |  9.460874 |  0.000000 | 14.266263 | 1079 | 153.167969 |     19.316406 |        nan |  19.062500 | 244.000000 | 63.000000 |   0.000000 | 138.000000
 3140 | 3140 | Predict |  0.113725 |  0.362722 |  0.070879 | 0.474247 |  1.427125 | 0.050000 |   11 |  1.872918 |  9.460874 |  0.000000 | 14.266263 | 1079 | 153.167969 |     19.316406 |        nan |  19.062500 | 244.000000 | 63.000000 |   0.000000 | 138.000000
 3141 | 3141 | Update  | -0.033519 | -0.135272 |  0.050228 | 0.965749 |  0.824305 | 0.050000 |   13 |  1.810112 |  0.000000 | 11.489275 | 14.436399 | 1079 | 150.894531 |     26.867188 |  10.460938 |  23.976562 | 244.000000 | 63.000000 | 138.000000 | 138.000000
 3142 | 3142 | Predict | -0.296881 | -0.658405 |  0.103654 | 0.965749 |  0.824305 | 0.050000 |   13 |  1.810112 |  0.000000 | 11.489275 | 14.436399 | 1080 | 150.894531 |     26.867188 |  10.460938 |  23.976562 | 244.000000 | 63.000000 | 138.000000 | 138.000000
 3143 | 3143 | Predict | -1.138443 |  0.948104 |  0.076874 | 0.965749 |  0.824305 | 0.050000 |   13 |  1.810112 |  0.000000 | 11.489275 | 14.436399 | 1080 | 150.894531 |     26.867188 |  10.460938 |  23.976562 | 244.000000 | 63.000000 | 138.000000 | 138.000000
 3144 | 3144 | Predict | -0.641646 | -0.395043 |  0.127636 | 0.965749 |  0.824305 | 0.050000 |   13 |  1.810112 |  0.000000 | 11.489275 | 14.436399 | 1081 | 150.894531 |     26.867188 |  10.460938 |  23.976562 | 244.000000 | 63.000000 | 138.000000 | 138.000000
 3145 | 3145 | Predict |  0.379481 | -1.547851 |  0.093928 | 0.965749 |  0.824305 | 0.050000 |   13 |  1.810112 |  0.000000 | 11.489275 | 14.436399 | 1082 | 150.894531 |     26.867188 |  10.460938 |  23.976562 | 244.000000 | 63.000000 | 138.000000 | 138.000000
 3146 | 3146 | Predict | -0.132878 |  0.858321 |  0.069946 | 0.965749 |  0.824305 | 0.050000 |   13 |  1.810112 |  0.000000 | 11.489275 | 14.436399 | 1082 | 150.894531 |     26.867188 |  10.460938 |  23.976562 | 244.000000 | 63.000000 | 138.000000 | 138.000000
 3147 | 3147 | Update  |  1.088165 |  0.423774 |  0.097659 | 0.387047 |  1.273596 | 0.050000 |   11 |  1.716114 |  9.520897 |  0.000000 | 14.436472 | 1082 | 169.082031 |     21.910156 |   0.000000 |  39.167969 | 244.000000 | 63.000000 |   0.000000 | 138.000000
 3148 | 3148 | Predict | -0.864307 | -0.877475 |  0.127636 | 0.387047 |  1.273596 | 0.050000 |   11 |  1.716114 |  9.520897 |  0.000000 | 14.436472 | 1082 | 169.082031 |     21.910156 |   0.000000 |  39.167969 | 244.000000 | 63.000000 |   0.000000 | 138.000000
 3149 | 3149 | Predict | -0.727837 | -0.260968 |  0.133098 | 0.387047 |  1.273596 | 0.050000 |   11 |  1.716114 |  9.520897 |  0.000000 | 14.436472 | 1083 | 169.082031 |     21.910156 |   0.000000 |  39.167969 | 244.000000 | 63.000000 |   0.000000 | 138.000000
 3150 | 3150 | Update  | -0.045490 |  0.252588 |  0.108051 | 0.546680 |  1.296311 | 0.050000 |    7 |  1.630782 |  9.340549 | 10.948491 | 14.466475 | 1083 | 172.816406 |     30.167969 |   5.214844 |  22.035156 | 244.000000 | 63.000000 | 138.000000 | 138.000000
 3151 | 3151 | Predict |  0.598550 | -0.031125 |  0.124305 | 0.546680 |  1.296311 | 0.051000 |    7 |  1.630782 |  9.340549 | 10.948491 | 14.466475 | 1084 | 172.816406 |     30.167969 |   5.214844 |  22.035156 | 244.000000 | 63.000000 | 138.000000 | 138.000000
 3152 | 3152 | Predict | -0.936133 | -0.282516 |  0.153616 | 0.546680 |  1.296311 | 0.050000 |    7 |  1.630782 |  9.340549 | 10.948491 | 14.466475 | 1084 | 172.816406 |     30.167969 |   5.214844 |  22.035156 | 244.000000 | 63.000000 | 138.000000 | 138.000000
 3153 | 3153 | Predict | -0.554258 | -0.335188 |  0.222230 | 0.546680 |  1.296311 | 0.050000 |    7 |  1.630782 |  9.340549 | 10.948491 | 14.466475 | 1085 | 172.816406 |     30.167969 |   5.214844 |  22.035156 | 244.000000 | 63.000000 | 138.000000 | 138.000000
 3154 | 3154 | Predict |  0.659603 |  1.130063 |  0.251141 | 0.546680 |  1.296311 | 0.050000 |    7 |  1.630782 |  9.340549 | 10.948491 | 14.466475 | 1086 | 172.816406 |     30.167969 |   5.214844 |  22.035156 | 244.000000 | 63.000000 | 138.000000 | 138.000000
 3155 | 3155 | Predict | -0.612916 |  0.703895 |  0.293908 | 0.546680 |  1.296311 | 0.050000 |    7 |  1.630782 |  9.340549 | 10.948491 | 14.466475 | 1086 | 172.816406 |     30.167969 |   5.214844 |  22.035156 | 244.000000 | 63.000000 | 138.000000 | 138.000000
 3156 | 3156 | Update  | -0.624887 | -0.800860 |  0.350265 | 0.474571 |  1.057365 | 0.050000 |   11 |  1.602287 |  9.410701 |  0.000000 | 14.546532 | 1086 | 137.214844 |     39.250000 |   0.000000 |  18.816406 | 244.000000 | 63.000000 |   0.000000 | 138.000000
 3157 | 3157 | Predict | -0.792481 | -0.913388 |  0.323619 | 0.474571 |  1.057365 | 0.051000 |   11 |  1.602287 |  9.410701 |  0.000000 | 14.546532 | 1087 | 137.214844 |     39.250000 |   0.000000 |  18.816406 | 244.000000 | 63.000000 |   0.000000 | 138.000000
 3158 | 3158 | Predict |  0.584185 |  1.556231 |  0.351597 | 0.474571 |  1.057365 | 0.050000 |   11 |  1.602287 |  9.410701 |  0.000000 | 14.546532 | 1087 | 137.214844 |     39.250000 |   0.000000 |  18.816406 | 244.000000 | 63.000000 |   0.000000 | 138.000000
 3159 | 3159 | Predict | -0.762553 | -0.415394 |  0.353862 | 0.474571 |  1.057365 | 0.050000 |   11 |  1.602287 |  9.410701 |  0.000000 | 14.546532 | 1088 | 137.214844 |     39.250000 |   0.000000 |  18.816406 | 244.000000 | 63.000000 |   0.000000 | 138.000000
 3160 | 3160 | Predict | -1.169568 |  0.925359 |  0.397695 | 0.474571 |  1.057365 | 0.050000 |   11 |  1.602287 |  9.410701 |  0.000000 | 14.546532 | 1089 | 137.214844 |     39.250000 |   0.000000 |  18.816406 | 244.000000 | 63.000000 |   0.000000 | 138.000000
 3161 | 3161 | Predict | -0.717063 |  1.052252 |  0.395164 | 0.474571 |  1.057365 | 0.050000 |   11 |  1.602287 |  9.410701 |  0.000000 | 14.546532 | 1089 | 137.214844 |     39.250000 |   0.000000 |  18.816406 | 244.000000 | 63.000000 |   0.000000 | 138.000000
 3162 | 3162 | Predict |  1.090559 | -1.713051 |  0.337075 | 0.474571 |  1.057365 | 0.050000 |   11 |  1.602287 |  9.410701 |  0.000000 | 14.546532 | 1090 | 137.214844 |     39.250000 |   0.000000 |  18.816406 | 244.000000 | 63.000000 |   0.000000 | 138.000000
 3163 | 3163 | Predict | -0.736217 |  1.037886 |  0.366786 | 0.474571 |  1.057365 | 0.050000 |   11 |  1.602287 |  9.410701 |  0.000000 | 14.546532 | 1091 | 137.214844 |     39.250000 |   0.000000 |  18.816406 | 244.000000 | 63.000000 |   0.000000 | 138.000000
 3164 | 3164 | Predict | -0.515950 | -0.007183 |  0.360524 | 0.474571 |  1.057365 | 0.050000 |   11 |  1.602287 |  9.410701 |  0.000000 | 14.546532 | 1091 | 137.214844 |     39.250000 |   0.000000 |  18.816406 | 244.000000 | 63.000000 |   0.000000 | 138.000000
 3165 | 3165 | Predict | -0.360327 | -1.368286 |  0.350665 | 0.474571 |  1.057365 | 0.050000 |   11 |  1.602287 |  9.410701 |  0.000000 | 14.546532 | 1092 | 137.214844 |     39.250000 |   0.000000 |  18.816406 | 244.000000 | 63.000000 |   0.000000 | 138.000000
 3166 | 3166 | Predict |  0.381875 | -0.299275 |  0.365320 | 0.474571 |  1.057365 | 0.050000 |   11 |  1.602287 |  9.410701 |  0.000000 | 14.546532 | 1093 | 137.214844 |     39.250000 |   0.000000 |  18.816406 | 244.000000 | 63.000000 |   0.000000 | 138.000000
 3167 | 3167 | Predict | -0.469264 |  0.667982 |  0.360923 | 0.474571 |  1.057365 | 0.050000 |   11 |  1.602287 |  9.410701 |  0.000000 | 14.546532 | 1093 | 137.214844 |     39.250000 |   0.000000 |  18.816406 | 244.000000 | 63.000000 |   0.000000 | 138.000000
 3168 | 3168 | Predict |  0.167594 | -2.141613 |  0.266995 | 0.474571 |  1.057365 | 0.050000 |   11 |  1.602287 |  9.410701 |  0.000000 | 14.546532 | 1094 | 137.214844 |     39.250000 |   0.000000 |  18.816406 | 244.000000 | 63.000000 |   0.000000 | 138.000000
 3169 | 3169 | Predict | -1.517924 | -0.386664 |  0.328681 | 0.474571 |  1.057365 | 0.050000 |   11 |  1.602287 |  9.410701 |  0.000000 | 14.546532 | 1095 | 137.214844 |     39.250000 |   0.000000 |  18.816406 | 244.000000 | 63.000000 |   0.000000 | 138.000000
 3170 | 3170 | Predict | -0.369904 | -0.739808 |  0.272191 | 0.474571 |  1.057365 | 0.050000 |   11 |  1.602287 |  9.410701 |  0.000000 | 14.546532 | 1095 | 137.214844 |     39.250000 |   0.000000 |  18.816406 | 244.000000 | 63.000000 |   0.000000 | 138.000000
 3171 | 3171 | Predict | -1.562217 |  0.978031 |  0.365187 | 0.474571 |  1.057365 | 0.050000 |   11 |  1.602287 |  9.410701 |  0.000000 | 14.546532 | 1096 | 137.214844 |     39.250000 |   0.000000 |  18.816406 | 244.000000 | 63.000000 |   0.000000 | 138.000000
 3172 | 3172 | Update  | -0.849942 |  1.289278 |  0.367851 | 0.603126 |  0.939043 | 0.050000 |   11 |  1.378453 |  9.240385 |  0.000000 | 14.536577 | 1096 | 155.742188 |     29.812500 |   0.000000 |  19.972656 | 244.000000 | 63.000000 |   0.000000 | 138.000000
 3173 | 3173 | Predict | -0.173580 | -1.379060 |  0.308164 | 0.603126 |  0.939043 | 0.050000 |   11 |  1.378453 |  9.240385 |  0.000000 | 14.536577 | 1096 | 155.742188 |     29.812500 |   0.000000 |  19.972656 | 244.000000 | 63.000000 |   0.000000 | 138.000000
 3174 | 3174 | Predict | -0.293290 | -0.554258 |  0.358925 | 0.603126 |  0.939043 | 0.050000 |   11 |  1.378453 |  9.240385 |  0.000000 | 14.536577 | 1097 | 155.742188 |     29.812500 |   0.000000 |  19.972656 | 244.000000 | 63.000000 |   0.000000 | 138.000000
 3175 | 3175 | Predict |  1.835156 | -0.377087 |  0.363855 | 0.603126 |  0.939043 | 0.051000 |   11 |  1.378453 |  9.240385 |  0.000000 | 14.536577 | 1098 | 155.742188 |     29.812500 |   0.000000 |  19.972656 | 244.000000 | 63.000000 |   0.000000 | 138.000000
 3176 | 3176 | Predict |  0.186748 | -1.148020 |  0.342404 | 0.603126 |  0.939043 | 0.050000 |   11 |  1.378453 |  9.240385 |  0.000000 | 14.536577 | 1098 | 155.742188 |     29.812500 |   0.000000 |  19.972656 | 244.000000 | 63.000000 |   0.000000 | 138.000000
 3177 | 3177 | Predict | -0.526724 |  0.667982 |  0.332012 | 0.603126 |  0.939043 | 0.050000 |   11 |  1.378453 |  9.240385 |  0.000000 | 14.536577 | 1099 | 155.742188 |     29.812500 |   0.000000 |  19.972656 | 244.000000 | 63.000000 |   0.000000 | 138.000000
 3178 | 3178 | Predict | -1.045069 | -1.345541 |  0.370383 | 0.603126 |  0.939043 | 0.050000 |   11 |  1.378453 |  9.240385 |  0.000000 | 14.536577 | 1100 | 155.742188 |     29.812500 |   0.000000 |  19.972656 | 244.000000 | 63.000000 |   0.000000 | 138.000000
 3179 | 3179 | Predict |  0.034716 | -0.118513 |  0.419012 | 0.603126 |  0.939043 | 0.050000 |   11 |  1.378453 |  9.240385 |  0.000000 | 14.536577 | 1100 | 155.742188 |     29.812500 |   0.000000 |  19.972656 | 244.000000 | 63.000000 |   0.000000 | 138.000000
 3180 | 3180 | Predict | -1.228225 | -0.890643 |  0.371715 | 0.603126 |  0.939043 | 0.050000 |   11 |  1.378453 |  9.240385 |  0.000000 | 14.536577 | 1101 | 155.742188 |     29.812500 |   0.000000 |  19.972656 | 244.000000 | 63.000000 |   0.000000 | 138.000000
 3181 | 3181 | Predict |  0.519542 |  0.101754 |  0.399694 | 0.603126 |  0.939043 | 0.050000 |   11 |  1.378453 |  9.240385 |  0.000000 | 14.536577 | 1102 | 155.742188 |     29.812500 |   0.000000 |  19.972656 | 244.000000 | 63.000000 |   0.000000 | 138.000000
 3182 | 3182 | Predict | -0.233435 | -0.294487 |  0.461380 | 0.603126 |  0.939043 | 0.050000 |   11 |  1.378453 |  9.240385 |  0.000000 | 14.536577 | 1102 | 155.742188 |     29.812500 |   0.000000 |  19.972656 | 244.000000 | 63.000000 |   0.000000 | 138.000000
 3183 | 3183 | Update  |  0.693121 |  0.141258 |  0.493222 | 0.709719 |  0.435507 | 0.050000 |   11 |  1.187054 |  9.100163 |  0.000000 | 14.866963 | 1102 | 179.964844 |     17.515625 |        nan |   6.261719 | 244.000000 | 63.000000 |   0.000000 | 138.000000
 3184 | 3184 | Predict | -0.701501 | -0.211887 |  0.446724 | 0.709719 |  0.435507 | 0.050000 |   11 |  1.187054 |  9.100163 |  0.000000 | 14.866963 | 1103 | 179.964844 |     17.515625 |        nan |   6.261719 | 244.000000 | 63.000000 |   0.000000 | 138.000000
 3185 | 3185 | Predict | -0.658405 |  2.724602 |  0.440862 | 0.709719 |  0.435507 | 0.050000 |   11 |  1.187054 |  9.100163 |  0.000000 | 14.866963 | 1103 | 179.964844 |     17.515625 |        nan |   6.261719 | 244.000000 | 63.000000 |   0.000000 | 138.000000
 3186 | 3186 | Update  | -0.147243 | -1.847127 |  0.369717 | 0.739104 |  0.179834 | 0.050000 |   11 |  1.198920 |  9.070154 |  0.000000 | 15.057216 | 1103 | 170.703125 |     14.589844 |   0.000000 |  11.730469 | 244.000000 | 63.000000 |   0.000000 | 138.000000
 3187 | 3187 | Update  |  0.408211 | -0.259771 |  0.346801 | 0.791189 |  0.753465 | 0.050000 |    7 |  1.244189 |  9.020066 | 11.489275 | 14.957114 | 1103 | 194.406250 |     15.882812 |   4.941406 |  13.937500 | 244.000000 | 63.000000 | 138.000000 | 138.000000
 3188 | 3188 | Predict | -2.230199 | -0.561440 |  0.287513 | 0.791189 |  0.753465 | 0.050000 |    7 |  1.244189 |  9.020066 | 11.489275 | 14.957114 | 1103 | 194.406250 |     15.882812 |   4.941406 |  13.937500 | 244.000000 | 63.000000 | 138.000000 | 138.000000
 3189 | 3189 | Update  |  0.520739 | -1.721431 |  0.322553 | 0.881492 |  0.623921 | 0.050000 |    7 |  1.229595 |  8.919797 | 11.624466 | 14.967065 | 1103 | 188.843750 |     27.285156 |  21.847656 |  29.710938 | 244.000000 | 63.000000 | 138.000000 | 138.000000
 3190 | 3190 | Update  | -0.798466 |  1.211466 |  0.370250 | 0.762553 |  0.177298 | 0.050000 |   11 |  1.237499 |  9.050081 |  0.000000 | 15.047190 | 1103 | 183.429688 |     32.164062 |   0.000000 |  28.648438 | 244.000000 | 63.000000 |   0.000000 | 138.000000
 3191 | 3191 | Predict | -0.729034 |  0.945710 |  0.396763 | 0.762553 |  0.177298 | 0.050000 |   11 |  1.237499 |  9.050081 |  0.000000 | 15.047190 | 1103 | 183.429688 |     32.164062 |   0.000000 |  28.648438 | 244.000000 | 63.000000 |   0.000000 | 138.000000
 3192 | 3192 | Predict | -1.316811 | -0.702698 |  0.374380 | 0.762553 |  0.177298 | 0.050000 |   11 |  1.237499 |  9.050081 |  0.000000 | 15.047190 | 1104 | 183.429688 |     32.164062 |   0.000000 |  28.648438 | 244.000000 | 63.000000 |   0.000000 | 138.000000
 3193 | 3193 | Predict | -0.362722 | -0.532710 |  0.367452 | 0.762553 |  0.177298 | 0.050000 |   11 |  1.237499 |  9.050081 |  0.000000 | 15.047190 | 1105 | 183.429688 |     32.164062 |   0.000000 |  28.648438 | 244.000000 | 63.000000 |   0.000000 | 138.000000
 3194 | 3194 | Predict | -0.392649 | -0.575805 |  0.370516 | 0.762553 |  0.177298 | 0.050000 |   11 |  1.237499 |  9.050081 |  0.000000 | 15.047190 | 1105 | 183.429688 |     32.164062 |   0.000000 |  28.648438 | 244.000000 | 63.000000 |   0.000000 | 138.000000
 3195 | 3195 | Predict | -0.026336 |  0.521936 |  0.299104 | 0.762553 |  0.177298 | 0.050000 |   11 |  1.237499 |  9.050081 |  0.000000 | 15.047190 | 1106 | 183.429688 |     32.164062 |   0.000000 |  28.648438 | 244.000000 | 63.000000 |   0.000000 | 138.000000
 3196 | 3196 | Predict | -1.029507 |  0.320823 |  0.342404 | 0.762553 |  0.177298 | 0.050000 |   11 |  1.237499 |  9.050081 |  0.000000 | 15.047190 | 1107 | 183.429688 |     32.164062 |   0.000000 |  28.648438 | 244.000000 | 63.000000 |   0.000000 | 138.000000
 3197 | 3197 | Predict | -1.085770 | -0.342371 |  0.334011 | 0.762553 |  0.177298 | 0.050000 |   11 |  1.237499 |  9.050081 |  0.000000 | 15.047190 | 1107 | 183.429688 |     32.164062 |   0.000000 |  28.648438 | 244.000000 | 63.000000 |   0.000000 | 138.000000
 3198 | 3198 | Predict |  1.568202 |  0.167594 |  0.350531 | 0.762553 |  0.177298 | 0.050000 |   11 |  1.237499 |  9.050081 |  0.000000 | 15.047190 | 1108 | 183.429688 |     32.164062 |   0.000000 |  28.648438 | 244.000000 | 63.000000 |   0.000000 | 138.000000
 3199 | 3199 | Predict | -1.533486 |  1.213860 |  0.356260 | 0.762553 |  0.177298 | 0.050000 |   11 |  1.237499 |  9.050081 |  0.000000 | 15.047190 | 1109 | 183.429688 |     32.164062 |   0.000000 |  28.648438 | 244.000000 | 63.000000 |   0.000000 | 138.000000
 3200 | 3200 | Predict |  1.237802 |  0.313640 |  0.404757 | 0.762553 |  0.177298 | 0.050000 |   11 |  1.237499 |  9.050081 |  0.000000 | 15.047190 | 1109 | 183.429688 |     32.164062 |   0.000000 |  28.648438 | 244.000000 | 63.000000 |   0.000000 | 138.000000
 3201 | 3201 | Predict |  0.196325 | -0.483629 |  0.366652 | 0.762553 |  0.177298 | 0.050000 |   11 |  1.237499 |  9.050081 |  0.000000 | 15.047190 | 1110 | 183.429688 |     32.164062 |   0.000000 |  28.648438 | 244.000000 | 63.000000 |   0.000000 | 138.000000
 3202 | 3202 | Predict | -0.325611 | -0.556652 |  0.332678 | 0.762553 |  0.177298 | 0.050000 |   11 |  1.237499 |  9.050081 |  0.000000 | 15.047190 | 1111 | 183.429688 |     32.164062 |   0.000000 |  28.648438 | 244.000000 | 63.000000 |   0.000000 | 138.000000
 3203 | 3203 | Predict | -0.209493 | -0.773327 |  0.323885 | 0.762553 |  0.177298 | 0.050000 |   11 |  1.237499 |  9.050081 |  0.000000 | 15.047190 | 1111 | 183.429688 |     32.164062 |   0.000000 |  28.648438 | 244.000000 | 63.000000 |   0.000000 | 138.000000
 3204 | 3204 | Predict | -0.737414 | -0.914585 |  0.346002 | 0.762553 |  0.177298 | 0.050000 |   11 |  1.237499 |  9.050081 |  0.000000 | 15.047190 | 1112 | 183.429688 |     32.164062 |   0.000000 |  28.648438 | 244.000000 | 63.000000 |   0.000000 | 138.000000
 3205 | 3205 | Predict |  0.041899 |  0.399832 |  0.408221 | 0.762553 |  0.177298 | 0.050000 |   11 |  1.237499 |  9.050081 |  0.000000 | 15.047190 | 1113 | 183.429688 |     32.164062 |   0.000000 |  28.648438 | 244.000000 | 63.000000 |   0.000000 | 138.000000
 3206 | 3206 | Predict | -0.423774 |  0.075417 |  0.386237 | 0.762553 |  0.177298 | 0.050000 |   11 |  1.237499 |  9.050081 |  0.000000 | 15.047190 | 1113 | 183.429688 |     32.164062 |   0.000000 |  28.648438 | 244.000000 | 63.000000 |   0.000000 | 138.000000
 3207 | 3207 | Update  | -0.338780 | -1.285686 |  0.490824 | 0.850800 |  0.438982 | 0.050000 |   13 |  1.255994 |  0.000000 | 11.819744 | 14.776885 | 1113 | 170.382812 |     13.554688 |  53.195312 |  36.613281 | 244.000000 |  0.000000 | 138.000000 | 138.000000
 3208 | 3208 | Predict |  1.357512 |  1.807622 |  0.561436 | 0.850800 |  0.438982 | 0.050000 |   13 |  1.255994 |  0.000000 | 11.819744 | 14.776885 | 1114 | 170.382812 |     13.554688 |  53.195312 |  36.613281 | 244.000000 |  0.000000 | 138.000000 | 138.000000
 3209 | 3209 | Predict | -0.614113 | -0.837971 |  0.446191 | 0.850800 |  0.438982 | 0.050000 |   13 |  1.255994 |  0.000000 | 11.819744 | 14.776885 | 1114 | 170.382812 |     13.554688 |  53.195312 |  36.613281 | 244.000000 |  0.000000 | 138.000000 | 138.000000
 3210 | 3210 | Predict | -1.485602 |  0.855927 |  0.450855 | 0.850800 |  0.438982 | 0.050000 |   13 |  1.255994 |  0.000000 | 11.819744 | 14.776885 | 1115 | 170.382812 |     13.554688 |  53.195312 |  36.613281 | 244.000000 |  0.000000 | 138.000000 | 138.000000
 3211 | 3211 | Predict | -0.164003 |  0.580594 |  0.420478 | 0.850800 |  0.438982 | 0.050000 |   13 |  1.255994 |  0.000000 | 11.819744 | 14.776885 | 1116 | 170.382812 |     13.554688 |  53.195312 |  36.613281 | 244.000000 |  0.000000 | 138.000000 | 138.000000
 3212 | 3212 | Predict | -1.255759 | -0.490811 |  0.308430 | 0.850800 |  0.438982 | 0.050000 |   13 |  1.255994 |  0.000000 | 11.819744 | 14.776885 | 1116 | 170.382812 |     13.554688 |  53.195312 |  36.613281 | 244.000000 |  0.000000 | 138.000000 | 138.000000
 3213 | 3213 | Update  | -0.310049 | -1.183933 |  0.324951 | 1.086274 |  0.448111 | 0.050000 |    7 |  1.341744 |  8.709410 | 11.819745 | 14.796864 | 1116 | 175.812500 |     26.320312 |  23.589844 |  20.597656 | 244.000000 | 63.000000 | 138.000000 | 138.000000
 3214 | 3214 | Predict | -0.411803 |  0.609324 |  0.330413 | 1.086274 |  0.448111 | 0.050000 |    7 |  1.341744 |  8.709410 | 11.819745 | 14.796864 | 1117 | 175.812500 |     26.320312 |  23.589844 |  20.597656 | 244.000000 | 63.000000 | 138.000000 | 138.000000
 3215 | 3215 | Predict |  0.679953 | -0.706290 |  0.293375 | 1.086274 |  0.448111 | 0.050000 |    7 |  1.341744 |  8.709410 | 11.819745 | 14.796864 | 1118 | 175.812500 |     26.320312 |  23.589844 |  20.597656 | 244.000000 | 63.000000 | 138.000000 | 138.000000
 3216 | 3216 | Predict | -1.535880 | -1.013944 |  0.368118 | 1.086274 |  0.448111 | 0.050000 |    7 |  1.341744 |  8.709410 | 11.819745 | 14.796864 | 1118 | 175.812500 |     26.320312 |  23.589844 |  20.597656 | 244.000000 | 63.000000 | 138.000000 | 138.000000
 3217 | 3217 | Predict |  0.189142 | -0.043096 |  0.309763 | 1.086274 |  0.448111 | 0.050000 |    7 |  1.341744 |  8.709410 | 11.819745 | 14.796864 | 1119 | 175.812500 |     26.320312 |  23.589844 |  20.597656 | 244.000000 | 63.000000 | 138.000000 | 138.000000
 3218 | 3218 | Predict |  0.110133 | -1.510741 |  0.303368 | 1.086274 |  0.448111 | 0.050000 |    7 |  1.341744 |  8.709410 | 11.819745 | 14.796864 | 1119 | 175.812500 |     26.320312 |  23.589844 |  20.597656 | 244.000000 | 63.000000 | 138.000000 | 138.000000
 3219 | 3219 | Update  | -0.079009 | -0.144849 |  0.320954 | 1.132460 |  0.177349 | 0.050000 |    7 |  1.287690 |  8.649284 | 12.090113 |  0.000000 | 1119 | 140.304688 |     37.804688 |  49.671875 |   0.000000 | 244.000000 | 63.000000 | 138.000000 |   0.000000
 3220 | 3220 | Predict |  0.067038 |  0.061052 |  0.253806 | 1.132460 |  0.177349 | 0.050000 |    7 |  1.287690 |  8.649284 | 12.090113 |  0.000000 | 1120 | 140.304688 |     37.804688 |  49.671875 |   0.000000 | 244.000000 | 63.000000 | 138.000000 |   0.000000
 3221 | 3221 | Predict | -0.009577 | -0.344765 |  0.302701 | 1.132460 |  0.177349 | 0.050000 |    7 |  1.287690 |  8.649284 | 12.090113 |  0.000000 | 1120 | 140.304688 |     37.804688 |  49.671875 |   0.000000 | 244.000000 | 63.000000 | 138.000000 |   0.000000
 3222 | 3222 | Predict | -0.287304 |  0.359130 |  0.231023 | 1.132460 |  0.177349 | 0.050000 |    7 |  1.287690 |  8.649284 | 12.090113 |  0.000000 | 1121 | 140.304688 |     37.804688 |  49.671875 |   0.000000 | 244.000000 | 63.000000 | 138.000000 |   0.000000
 3223 | 3223 | Predict |  0.616507 |  0.567426 |  0.311761 | 1.132460 |  0.177349 | 0.050000 |    7 |  1.287690 |  8.649284 | 12.090113 |  0.000000 | 1122 | 140.304688 |     37.804688 |  49.671875 |   0.000000 | 244.000000 | 63.000000 | 138.000000 |   0.000000
 3224 | 3224 | Predict | -0.659603 | -0.651223 |  0.274190 | 1.132460 |  0.177349 | 0.050000 |    7 |  1.287690 |  8.649284 | 12.090113 |  0.000000 | 1122 | 140.304688 |     37.804688 |  49.671875 |   0.000000 | 244.000000 | 63.000000 | 138.000000 |   0.000000
 3225 | 3225 | Update  |  0.008380 |  0.338780 |  0.330547 | 1.332771 |  0.008875 | 0.050000 |   11 |  1.404531 |  8.438875 |  0.000000 | 14.826937 | 1122 | 171.425781 |     66.671875 |        nan |  52.570312 | 244.000000 | 63.000000 |   0.000000 | 138.000000
 3226 | 3226 | Predict | -0.939724 | -0.051475 |  0.306698 | 1.332771 |  0.008875 | 0.050000 |   11 |  1.404531 |  8.438875 |  0.000000 | 14.826937 | 1123 | 171.425781 |     66.671875 |        nan |  52.570312 | 244.000000 | 63.000000 |   0.000000 | 138.000000
 3227 | 3227 | Predict | -0.899023 | -0.887052 |  0.304833 | 1.332771 |  0.008875 | 0.050000 |   11 |  1.404531 |  8.438875 |  0.000000 | 14.826937 | 1123 | 171.425781 |     66.671875 |        nan |  52.570312 | 244.000000 | 63.000000 |   0.000000 | 138.000000
 3228 | 3228 | Predict | -1.145625 |  0.402226 |  0.333345 | 1.332771 |  0.008875 | 0.050000 |   11 |  1.404531 |  8.438875 |  0.000000 | 14.826937 | 1124 | 171.425781 |     66.671875 |        nan |  52.570312 | 244.000000 | 63.000000 |   0.000000 | 138.000000
 3229 | 3229 | Predict | -0.523133 |  0.638055 |  0.319089 | 1.332771 |  0.008875 | 0.050000 |   11 |  1.404531 |  8.438875 |  0.000000 | 14.826937 | 1125 | 171.425781 |     66.671875 |        nan |  52.570312 | 244.000000 | 63.000000 |   0.000000 | 138.000000
 3230 | 3230 | Predict | -0.420182 | -0.275333 |  0.318289 | 1.332771 |  0.008875 | 0.050000 |   11 |  1.404531 |  8.438875 |  0.000000 | 14.826937 | 1125 | 171.425781 |     66.671875 |        nan |  52.570312 | 244.000000 | 63.000000 |   0.000000 | 138.000000
 3231 | 3231 | Predict |  0.645237 | -1.437718 |  0.375712 | 1.332771 |  0.008875 | 0.050000 |   11 |  1.404531 |  8.438875 |  0.000000 | 14.826937 | 1126 | 171.425781 |     66.671875 |        nan |  52.570312 | 244.000000 | 63.000000 |   0.000000 | 138.000000
 3232 | 3232 | Predict |  0.244209 |  0.751779 |  0.320954 | 1.332771 |  0.008875 | 0.050000 |   11 |  1.404531 |  8.438875 |  0.000000 | 14.826937 | 1127 | 171.425781 |     66.671875 |        nan |  52.570312 | 244.000000 | 63.000000 |   0.000000 | 138.000000
 3233 | 3233 | Predict | -0.149638 | -0.351948 |  0.336542 | 1.332771 |  0.008875 | 0.050000 |   11 |  1.404531 |  8.438875 |  0.000000 | 14.826937 | 1127 | 171.425781 |     66.671875 |        nan |  52.570312 | 244.000000 | 63.000000 |   0.000000 | 138.000000
 3234 | 3234 | Predict |  0.271742 |  0.478840 |  0.335743 | 1.332771 |  0.008875 | 0.050000 |   11 |  1.404531 |  8.438875 |  0.000000 | 14.826937 | 1128 | 171.425781 |     66.671875 |        nan |  52.570312 | 244.000000 | 63.000000 |   0.000000 | 138.000000
 3235 | 3235 | Predict | -0.208296 | -0.573411 |  0.229024 | 1.332771 |  0.008875 | 0.050000 |   11 |  1.404531 |  8.438875 |  0.000000 | 14.826937 | 1128 | 171.425781 |     66.671875 |        nan |  52.570312 | 244.000000 | 63.000000 |   0.000000 | 138.000000
 3236 | 3236 | Predict | -0.907402 |  0.948104 |  0.249542 | 1.332771 |  0.008875 | 0.050000 |   11 |  1.404531 |  8.438875 |  0.000000 | 14.826937 | 1129 | 171.425781 |     66.671875 |        nan |  52.570312 | 244.000000 | 63.000000 |   0.000000 | 138.000000
 3237 | 3237 | Update  |  0.378284 | -0.165200 |  0.197715 | 1.457479 |  0.413134 | 0.050000 |    7 |  1.651567 |  8.338782 | 11.894839 | 14.696756 | 1129 | 167.222656 |     71.621094 |  35.765625 |  49.773438 | 244.000000 | 63.000000 | 138.000000 | 138.000000
 3238 | 3238 | Predict | -1.175553 | -1.113304 |  0.220364 | 1.457479 |  0.413134 | 0.050000 |    7 |  1.651567 |  8.338782 | 11.894839 | 14.696756 | 1130 | 167.222656 |     71.621094 |  35.765625 |  49.773438 | 244.000000 | 63.000000 | 138.000000 | 138.000000
 3239 | 3239 | Predict | -0.812831 |  1.641225 |  0.308031 | 1.457479 |  0.413134 | 0.051000 |    7 |  1.651567 |  8.338782 | 11.894839 | 14.696756 | 1131 | 167.222656 |     71.621094 |  35.765625 |  49.773438 | 244.000000 | 63.000000 | 138.000000 | 138.000000
 3240 | 3240 | Predict |  0.068235 | -1.376666 |  0.242481 | 1.457479 |  0.413134 | 0.050000 |    7 |  1.651567 |  8.338782 | 11.894839 | 14.696756 | 1131 | 167.222656 |     71.621094 |  35.765625 |  49.773438 | 244.000000 | 63.000000 | 138.000000 | 138.000000
 3241 | 3241 | Update  |  0.602142 |  0.623690 |  0.258602 | 1.517464 |  0.426983 | 0.052000 |    7 |  1.750894 |  8.288687 | 11.894841 |  0.000000 | 1131 | 141.613281 |     57.027344 |  40.863281 |   0.000000 | 244.000000 | 63.000000 | 138.000000 |   0.000000
 3242 | 3242 | Predict | -0.368707 |  0.939724 |  0.186923 | 1.517464 |  0.426983 | 0.050000 |    7 |  1.750894 |  8.288687 | 11.894841 |  0.000000 | 1131 | 141.613281 |     57.027344 |  40.863281 |   0.000000 | 244.000000 | 63.000000 | 138.000000 |   0.000000
 3243 | 3243 | Update  | -1.471237 | -0.754174 |  0.159478 | 1.500558 |  0.047682 | 0.050000 |   11 |  1.798394 |  8.318709 |  0.000000 | 14.726761 | 1131 | 119.832031 |     46.257812 |   0.000000 |  31.316406 | 244.000000 | 63.000000 |   0.000000 | 138.000000
 3244 | 3244 | Update  |  0.062249 |  0.900220 |  0.140825 | 1.593185 |  0.081506 | 0.050000 |   11 |  1.794556 |  8.208475 |  0.000000 | 14.636608 | 1131 |  86.656250 |     37.527344 |   0.000000 |  31.136719 | 244.000000 | 63.000000 |   0.000000 | 138.000000
 3245 | 3245 | Predict |  0.482432 | -0.645237 |  0.127636 | 1.593185 |  0.081506 | 0.050000 |   11 |  1.794556 |  8.208475 |  0.000000 | 14.636608 | 1131 |  86.656250 |     37.527344 |   0.000000 |  31.136719 | 244.000000 | 63.000000 |   0.000000 | 138.000000
 3246 | 3246 | Update  |  0.044293 |  0.096965 |  0.139227 | 1.646322 |  0.106332 | 0.050000 |   11 |  1.763667 |  8.138300 |  0.000000 | 14.576605 | 1131 | 131.488281 |     79.882812 |        nan |  51.949219 | 244.000000 | 63.000000 |   0.000000 | 138.000000
 3247 | 3247 | Predict |  0.967257 | -0.257377 |  0.195450 | 1.646322 |  0.106332 | 0.050000 |   11 |  1.763667 |  8.138300 |  0.000000 | 14.576605 | 1132 | 131.488281 |     79.882812 |        nan |  51.949219 | 244.000000 | 63.000000 |   0.000000 | 138.000000
 3248 | 3248 | Predict |  0.343568 |  1.152808 |  0.186524 | 1.646322 |  0.106332 | 0.050000 |   11 |  1.763667 |  8.138300 |  0.000000 | 14.576605 | 1132 | 131.488281 |     79.882812 |        nan |  51.949219 | 244.000000 | 63.000000 |   0.000000 | 138.000000
 3249 | 3249 | Update  |  0.580594 | -0.256180 |  0.168005 | 1.665997 |  0.313487 | 0.050000 |    7 |  1.780378 |  8.118318 | 12.015018 | 14.536504 | 1132 |  80.097656 |     58.144531 |  40.382812 |  42.125000 | 244.000000 | 63.000000 | 138.000000 | 138.000000
 3250 | 3250 | Update  |  0.089783 |  0.424971 |  0.181194 | 1.675752 |  0.057138 | 0.050000 |   11 |  1.833084 |  8.118320 |  0.000000 | 14.606607 | 1132 |  65.570312 |     68.929688 |   0.000000 |  42.074219 | 244.000000 | 63.000000 |   0.000000 | 138.000000
 3251 | 3251 | Predict | -0.114922 | -0.525527 |  0.134564 | 1.675752 |  0.057138 | 0.050000 |   11 |  1.833084 |  8.118320 |  0.000000 | 14.606607 | 1132 |  65.570312 |     68.929688 |   0.000000 |  42.074219 | 244.000000 | 63.000000 |   0.000000 | 138.000000
 3252 | 3252 | Predict |  0.101754 | -0.368707 |  0.083403 | 1.675752 |  0.057138 | 0.050000 |   11 |  1.833084 |  8.118320 |  0.000000 | 14.606607 | 1133 |  65.570312 |     68.929688 |   0.000000 |  42.074219 | 244.000000 | 63.000000 |   0.000000 | 138.000000
 3253 | 3253 | Predict | -0.009577 | -0.229843 |  0.081271 | 1.675752 |  0.057138 | 0.050000 |   11 |  1.833084 |  8.118320 |  0.000000 | 14.606607 | 1134 |  65.570312 |     68.929688 |   0.000000 |  42.074219 | 244.000000 | 63.000000 |   0.000000 | 138.000000
 3254 | 3254 | Predict | -0.296881 |  0.268151 |  0.040369 | 1.675752 |  0.057138 | 0.050000 |   11 |  1.833084 |  8.118320 |  0.000000 | 14.606607 | 1135 |  65.570312 |     68.929688 |   0.000000 |  42.074219 | 244.000000 | 63.000000 |   0.000000 | 138.000000
 3255 | 3255 | Predict |  0.280122 | -0.362722 |  0.118709 | 1.675752 |  0.057138 | 0.050000 |   11 |  1.833084 |  8.118320 |  0.000000 | 14.606607 | 1135 |  65.570312 |     68.929688 |   0.000000 |  42.074219 | 244.000000 | 63.000000 |   0.000000 | 138.000000
 3256 | 3256 | Predict |  0.262165 | -0.499191 |  0.223029 | 1.675752 |  0.057138 | 0.050000 |   11 |  1.833084 |  8.118320 |  0.000000 | 14.606607 | 1136 |  65.570312 |     68.929688 |   0.000000 |  42.074219 | 244.000000 | 63.000000 |   0.000000 | 138.000000
 3257 | 3257 | Predict | -0.203507 |  0.216675 |  0.158945 | 1.675752 |  0.057138 | 0.050000 |   11 |  1.833084 |  8.118320 |  0.000000 | 14.606607 | 1136 |  65.570312 |     68.929688 |   0.000000 |  42.074219 | 244.000000 | 63.000000 |   0.000000 | 138.000000
 3258 | 3258 | Predict | -0.513556 |  0.379481 |  0.030776 | 1.675752 |  0.057138 | 0.050000 |   11 |  1.833084 |  8.118320 |  0.000000 | 14.606607 | 1137 |  65.570312 |     68.929688 |   0.000000 |  42.074219 | 244.000000 | 63.000000 |   0.000000 | 138.000000
 3259 | 3259 | Predict | -0.632069 | -0.088585 | -0.002132 | 1.675752 |  0.057138 | 0.050000 |   11 |  1.833084 |  8.118320 |  0.000000 | 14.606607 | 1138 |  65.570312 |     68.929688 |   0.000000 |  42.074219 | 244.000000 | 63.000000 |   0.000000 | 138.000000
 3260 | 3260 | Predict | -0.490811 |  0.093374 |  0.015855 | 1.675752 |  0.057138 | 0.050000 |   11 |  1.833084 |  8.118320 |  0.000000 | 14.606607 | 1139 |  65.570312 |     68.929688 |   0.000000 |  42.074219 | 244.000000 | 63.000000 |   0.000000 | 138.000000
 3261 | 3261 | Predict | -0.445322 | -0.215478 |  0.011325 | 1.675752 |  0.057138 | 0.050000 |   11 |  1.833084 |  8.118320 |  0.000000 | 14.606607 | 1139 |  65.570312 |     68.929688 |   0.000000 |  42.074219 | 244.000000 | 63.000000 |   0.000000 | 138.000000
 3262 | 3262 | Predict | -0.202310 |  0.074220 |  0.016787 | 1.675752 |  0.057138 | 0.050000 |   11 |  1.833084 |  8.118320 |  0.000000 | 14.606607 | 1140 |  65.570312 |     68.929688 |   0.000000 |  42.074219 | 244.000000 | 63.000000 |   0.000000 | 138.000000
 3263 | 3263 | Predict | -0.428562 | -0.173580 |  0.015455 | 1.675752 |  0.057138 | 0.050000 |   11 |  1.833084 |  8.118320 |  0.000000 | 14.606607 | 1141 |  65.570312 |     68.929688 |   0.000000 |  42.074219 | 244.000000 | 63.000000 |   0.000000 | 138.000000
 3264 | 3264 | Predict | -0.551863 | -0.023942 |  0.005196 | 1.675752 |  0.057138 | 0.050000 |   11 |  1.833084 |  8.118320 |  0.000000 | 14.606607 | 1141 |  65.570312 |     68.929688 |   0.000000 |  42.074219 | 244.000000 | 63.000000 |   0.000000 | 138.000000
 3265 | 3265 | Predict | -0.326809 | -0.119710 |  0.014789 | 1.675752 |  0.057138 | 0.050000 |   11 |  1.833084 |  8.118320 |  0.000000 | 14.606607 | 1142 |  65.570312 |     68.929688 |   0.000000 |  42.074219 | 244.000000 | 63.000000 |   0.000000 | 138.000000
 3266 | 3266 | Predict | -0.350751 | -0.032322 |  0.011458 | 1.675752 |  0.057138 | 0.050000 |   11 |  1.833084 |  8.118320 |  0.000000 | 14.606607 | 1142 |  65.570312 |     68.929688 |   0.000000 |  42.074219 | 244.000000 | 63.000000 |   0.000000 | 138.000000
 3267 | 3267 | Predict | -0.335188 | -0.096965 |  0.010392 | 1.675752 |  0.057138 | 0.050000 |   11 |  1.833084 |  8.118320 |  0.000000 | 14.606607 | 1143 |  65.570312 |     68.929688 |   0.000000 |  42.074219 | 244.000000 | 63.000000 |   0.000000 | 138.000000
 3268 | 3268 | Update  | -0.462081 | -0.049081 |  0.010925 | 1.777909 | -0.021134 | 0.050000 |   11 |  1.933241 |  8.018119 |  0.000000 | 14.616631 | 1143 |  95.199219 |     68.437500 |   0.000000 |  37.847656 | 244.000000 | 63.000000 |   0.000000 | 138.000000
 3269 | 3269 | Predict | -0.483629 | -0.065841 |  0.011591 | 1.777909 | -0.021134 | 0.050000 |   11 |  1.933241 |  8.018119 |  0.000000 | 14.616631 | 1143 |  95.199219 |     68.437500 |   0.000000 |  37.847656 | 244.000000 | 63.000000 |   0.000000 | 138.000000
 3270 | 3270 | Predict | -0.339977 | -0.051475 |  0.012257 | 1.777909 | -0.021134 | 0.050000 |   11 |  1.933241 |  8.018119 |  0.000000 | 14.616631 | 1144 |  95.199219 |     68.437500 |   0.000000 |  37.847656 | 244.000000 | 63.000000 |   0.000000 | 138.000000
 3271 | 3271 | Predict | -0.361524 | -0.114922 |  0.009992 | 1.777909 | -0.021134 | 0.050000 |   11 |  1.933241 |  8.018119 |  0.000000 | 14.616631 | 1145 |  95.199219 |     68.437500 |   0.000000 |  37.847656 | 244.000000 | 63.000000 |   0.000000 | 138.000000
 3272 | 3272 | Predict | -0.407014 | -0.050278 |  0.011058 | 1.777909 | -0.021134 | 0.050000 |   11 |  1.933241 |  8.018119 |  0.000000 | 14.616631 | 1145 |  95.199219 |     68.437500 |   0.000000 |  37.847656 | 244.000000 | 63.000000 |   0.000000 | 138.000000
 3273 | 3273 | Update  | -0.454898 | -0.086191 |  0.010792 | 1.742612 |  0.348122 | 0.050000 |    7 |  2.003725 |  8.078164 | 12.015020 |  0.000000 | 1145 |  91.621094 |     75.761719 |  26.773438 |   0.000000 | 244.000000 | 63.000000 | 138.000000 |   0.000000
 3274 | 3274 | Update  | -0.401029 | -0.053870 |  0.009459 | 1.732918 |  0.451491 | 0.050000 |    7 |  1.914050 |  8.068125 | 11.894839 |  0.000000 | 1145 | 112.468750 |     55.230469 |  26.960938 |   0.000000 | 244.000000 | 63.000000 | 138.000000 |   0.000000
 3275 | 3275 | Predict | -0.343568 | -0.062249 |  0.010525 | 1.732918 |  0.451491 | 0.050000 |    7 |  1.914050 |  8.068125 | 11.894839 |  0.000000 | 1145 | 112.468750 |     55.230469 |  26.960938 |   0.000000 | 244.000000 | 63.000000 | 138.000000 |   0.000000
 3276 | 3276 | Predict | -0.383072 | -0.068235 |  0.011724 | 1.732918 |  0.451491 | 0.050000 |    7 |  1.914050 |  8.068125 | 11.894839 |  0.000000 | 1146 | 112.468750 |     55.230469 |  26.960938 |   0.000000 | 244.000000 | 63.000000 | 138.000000 |   0.000000
 3277 | 3277 | Predict | -0.426168 | -0.088585 |  0.010392 | 1.732918 |  0.451491 | 0.050000 |    7 |  1.914050 |  8.068125 | 11.894839 |  0.000000 | 1147 | 112.468750 |     55.230469 |  26.960938 |   0.000000 | 244.000000 | 63.000000 | 138.000000 |   0.000000
 3278 | 3278 | Predict | -0.447716 | -0.067038 |  0.011325 | 1.732918 |  0.451491 | 0.050000 |    7 |  1.914050 |  8.068125 | 11.894839 |  0.000000 | 1147 | 112.468750 |     55.230469 |  26.960938 |   0.000000 | 244.000000 | 63.000000 | 138.000000 |   0.000000
 3279 | 3279 | Predict | -0.381875 | -0.068235 |  0.011325 | 1.732918 |  0.451491 | 0.050000 |    7 |  1.914050 |  8.068125 | 11.894839 |  0.000000 | 1148 | 112.468750 |     55.230469 |  26.960938 |   0.000000 | 244.000000 | 63.000000 | 138.000000 |   0.000000
 3280 | 3280 | Update  | -0.354342 | -0.062249 |  0.013590 | 1.810688 |  0.540545 | 0.050000 |    7 |  2.013868 |  7.998039 | 11.819744 | 14.566579 | 1148 | 167.968750 |     62.667969 |  23.949219 |  44.027344 | 244.000000 | 63.000000 | 138.000000 | 138.000000
 3281 | 3281 | Predict | -0.434548 | -0.057461 |  0.009992 | 1.810688 |  0.540545 | 0.050000 |    7 |  2.013868 |  7.998039 | 11.819744 | 14.566579 | 1148 | 167.968750 |     62.667969 |  23.949219 |  44.027344 | 244.000000 | 63.000000 | 138.000000 | 138.000000
 3282 | 3282 | Predict | -0.416591 | -0.064643 |  0.011325 | 1.810688 |  0.540545 | 0.050000 |    7 |  2.013868 |  7.998039 | 11.819744 | 14.566579 | 1149 | 167.968750 |     62.667969 |  23.949219 |  44.027344 | 244.000000 | 63.000000 | 138.000000 | 138.000000
 3283 | 3283 | Predict | -0.441730 | -0.061052 |  0.011724 | 1.810688 |  0.540545 | 0.050000 |    7 |  2.013868 |  7.998039 | 11.819744 | 14.566579 | 1150 | 167.968750 |     62.667969 |  23.949219 |  44.027344 | 244.000000 | 63.000000 | 138.000000 | 138.000000
 3284 | 3284 | Predict | -0.359130 | -0.075417 |  0.007727 | 1.810688 |  0.540545 | 0.050000 |    7 |  2.013868 |  7.998039 | 11.819744 | 14.566579 | 1150 | 167.968750 |     62.667969 |  23.949219 |  44.027344 | 244.000000 | 63.000000 | 138.000000 | 138.000000
 3285 | 3285 | Predict | -0.377087 | -0.084994 |  0.012524 | 1.810688 |  0.540545 | 0.050000 |    7 |  2.013868 |  7.998039 | 11.819744 | 14.566579 | 1151 | 167.968750 |     62.667969 |  23.949219 |  44.027344 | 244.000000 | 63.000000 | 138.000000 | 138.000000
 3286 | 3286 | Predict | -0.452504 | -0.069432 |  0.010126 | 1.810688 |  0.540545 | 0.050000 |    7 |  2.013868 |  7.998039 | 11.819744 | 14.566579 | 1152 | 167.968750 |     62.667969 |  23.949219 |  44.027344 | 244.000000 | 63.000000 | 138.000000 | 138.000000
 3287 | 3287 | Predict | -0.372298 | -0.062249 |  0.009193 | 1.810688 |  0.540545 | 0.050000 |    7 |  2.013868 |  7.998039 | 11.819744 | 14.566579 | 1152 | 167.968750 |     62.667969 |  23.949219 |  44.027344 | 244.000000 | 63.000000 | 138.000000 | 138.000000
 3288 | 3288 | Predict | -0.390255 | -0.052672 |  0.011591 | 1.810688 |  0.540545 | 0.050000 |    7 |  2.013868 |  7.998039 | 11.819744 | 14.566579 | 1153 | 167.968750 |     62.667969 |  23.949219 |  44.027344 | 244.000000 | 63.000000 | 138.000000 | 138.000000
 3289 | 3289 | Predict | -0.368707 | -0.092177 |  0.010792 | 1.810688 |  0.540545 | 0.050000 |    7 |  2.013868 |  7.998039 | 11.819744 | 14.566579 | 1154 | 167.968750 |     62.667969 |  23.949219 |  44.027344 | 244.000000 | 63.000000 | 138.000000 | 138.000000
 3290 | 3290 | Predict | -0.402226 | -0.076614 |  0.011991 | 1.810688 |  0.540545 | 0.050000 |    7 |  2.013868 |  7.998039 | 11.819744 | 14.566579 | 1155 | 167.968750 |     62.667969 |  23.949219 |  44.027344 | 244.000000 | 63.000000 | 138.000000 | 138.000000
 3291 | 3291 | Predict | -0.421380 | -0.070629 |  0.010126 | 1.810688 |  0.540545 | 0.050000 |    7 |  2.013868 |  7.998039 | 11.819744 | 14.566579 | 1155 | 167.968750 |     62.667969 |  23.949219 |  44.027344 | 244.000000 | 63.000000 | 138.000000 | 138.000000
 3292 | 3292 | Predict | -0.344765 | -0.016759 |  0.011724 | 1.810688 |  0.540545 | 0.050000 |    7 |  2.013868 |  7.998039 | 11.819744 | 14.566579 | 1156 | 167.968750 |     62.667969 |  23.949219 |  44.027344 | 244.000000 | 63.000000 | 138.000000 | 138.000000
 3293 | 3293 | Predict | -0.397437 | -0.081403 |  0.010792 | 1.810688 |  0.540545 | 0.050000 |    7 |  2.013868 |  7.998039 | 11.819744 | 14.566579 | 1156 | 167.968750 |     62.667969 |  23.949219 |  44.027344 | 244.000000 | 63.000000 | 138.000000 | 138.000000
 3294 | 3294 | Predict | -0.389058 | -0.046687 |  0.011058 | 1.810688 |  0.540545 | 0.050000 |    7 |  2.013868 |  7.998039 | 11.819744 | 14.566579 | 1157 | 167.968750 |     62.667969 |  23.949219 |  44.027344 | 244.000000 | 63.000000 | 138.000000 | 138.000000
 3295 | 3295 | Predict | -0.430956 | -0.062249 |  0.011991 | 1.810688 |  0.540545 | 0.050000 |    7 |  2.013868 |  7.998039 | 11.819744 | 14.566579 | 1158 | 167.968750 |     62.667969 |  23.949219 |  44.027344 | 244.000000 | 63.000000 | 138.000000 | 138.000000
 3296 | 3296 | Predict | -0.367510 | -0.095768 |  0.010392 | 1.810688 |  0.540545 | 0.050000 |    7 |  2.013868 |  7.998039 | 11.819744 | 14.566579 | 1158 | 167.968750 |     62.667969 |  23.949219 |  44.027344 | 244.000000 | 63.000000 | 138.000000 | 138.000000
 3297 | 3297 | Predict | -0.363919 | -0.059855 |  0.011191 | 1.810688 |  0.540545 | 0.050000 |    7 |  2.013868 |  7.998039 | 11.819744 | 14.566579 | 1159 | 167.968750 |     62.667969 |  23.949219 |  44.027344 | 244.000000 | 63.000000 | 138.000000 | 138.000000
 3298 | 3298 | Predict | -0.407014 | -0.065841 |  0.010925 | 1.810688 |  0.540545 | 0.050000 |    7 |  2.013868 |  7.998039 | 11.819744 | 14.566579 | 1160 | 167.968750 |     62.667969 |  23.949219 |  44.027344 | 244.000000 | 63.000000 | 138.000000 | 138.000000
 3299 | 3299 | Predict | -0.402226 | -0.064643 |  0.011058 | 1.810688 |  0.540545 | 0.050000 |    7 |  2.013868 |  7.998039 | 11.819744 | 14.566579 | 1160 | 167.968750 |     62.667969 |  23.949219 |  44.027344 | 244.000000 | 63.000000 | 138.000000 | 138.000000
 3300 | 3300 | Predict | -0.422577 | -0.065841 |  0.012257 | 1.810688 |  0.540545 | 0.050000 |    7 |  2.013868 |  7.998039 | 11.819744 | 14.566579 | 1161 | 167.968750 |     62.667969 |  23.949219 |  44.027344 | 244.000000 | 63.000000 | 138.000000 | 138.000000
 3301 | 3301 | Update  | -0.373495 | -0.087388 |  0.011991 | 1.681616 |  0.057138 | 0.050000 |   11 |  1.864049 |  8.118320 |  0.000000 | 14.606607 | 1161 |  79.671875 |     18.753906 |   0.000000 |  43.648438 | 244.000000 | 63.000000 |   0.000000 | 138.000000
 3302 | 3302 | Predict | -0.391452 | -0.074220 |  0.010525 | 1.681616 |  0.057138 | 0.050000 |   11 |  1.864049 |  8.118320 |  0.000000 | 14.606607 | 1161 |  79.671875 |     18.753906 |   0.000000 |  43.648438 | 244.000000 | 63.000000 |   0.000000 | 138.000000
 3303 | 3303 | Update  | -0.410606 | -0.063446 |  0.010525 | 1.543366 |  0.182436 | 0.050000 |    7 |  1.799673 |  8.268611 | 12.150201 |  0.000000 | 1161 |  77.304688 |     26.691406 |  36.261719 |   0.000000 | 244.000000 | 63.000000 | 138.000000 |   0.000000
 3304 | 3304 | Predict | -0.385466 | -0.067038 |  0.009992 | 1.543366 |  0.182436 | 0.050000 |    7 |  1.799673 |  8.268611 | 12.150201 |  0.000000 | 1162 |  77.304688 |     26.691406 |  36.261719 |   0.000000 | 244.000000 | 63.000000 | 138.000000 |   0.000000
 3305 | 3305 | Predict | -0.397437 | -0.082600 |  0.010525 | 1.543366 |  0.182436 | 0.050000 |    7 |  1.799673 |  8.268611 | 12.150201 |  0.000000 | 1162 |  77.304688 |     26.691406 |  36.261719 |   0.000000 | 244.000000 | 63.000000 | 138.000000 |   0.000000
 3306 | 3306 | Predict | -0.374693 | -0.069432 |  0.011724 | 1.543366 |  0.182436 | 0.050000 |    7 |  1.799673 |  8.268611 | 12.150201 |  0.000000 | 1163 |  77.304688 |     26.691406 |  36.261719 |   0.000000 | 244.000000 | 63.000000 | 138.000000 |   0.000000
 3307 | 3307 | Predict | -0.405817 | -0.059855 |  0.010925 | 1.543366 |  0.182436 | 0.050000 |    7 |  1.799673 |  8.268611 | 12.150201 |  0.000000 | 1164 |  77.304688 |     26.691406 |  36.261719 |   0.000000 | 244.000000 | 63.000000 | 138.000000 |   0.000000
 3308 | 3308 | Predict | -0.416591 | -0.064643 |  0.011591 | 1.543366 |  0.182436 | 0.050000 |    7 |  1.799673 |  8.268611 | 12.150201 |  0.000000 | 1164 |  77.304688 |     26.691406 |  36.261719 |   0.000000 | 244.000000 | 63.000000 | 138.000000 |   0.000000
 3309 | 3309 | Update  | -0.402226 | -0.079009 |  0.011724 | 1.651902 |  0.095773 | 0.050000 |   11 |  1.883264 |  8.158380 |  0.000000 | 14.596653 | 1164 | 108.546875 |     26.917969 |        nan |  49.542969 | 244.000000 | 63.000000 |   0.000000 | 138.000000
 3310 | 3310 | Update  | -0.377087 | -0.074220 |  0.010792 | 1.700654 |  0.003795 | 0.050000 |   11 |  2.002348 |  8.128360 |  0.000000 | 14.656658 | 1164 |  77.003906 |     13.058594 |   0.000000 |  20.144531 | 244.000000 | 63.000000 |   0.000000 | 138.000000
 3311 | 3311 | Predict | -0.387861 | -0.068235 |  0.010792 | 1.700654 |  0.003795 | 0.050000 |   11 |  2.002348 |  8.128360 |  0.000000 | 14.656658 | 1164 |  77.003906 |     13.058594 |   0.000000 |  20.144531 | 244.000000 | 63.000000 |   0.000000 | 138.000000
 3312 | 3312 | Update  | -0.409408 | -0.074220 |  0.011458 | 1.700451 |  0.152717 | 0.050000 |   11 |  1.960168 |  8.118316 |  0.000000 | 14.526553 | 1164 |  80.570312 |     16.097656 |        nan |  23.562500 | 244.000000 | 63.000000 |   0.000000 | 138.000000
 3313 | 3313 | Predict | -0.396240 | -0.055067 |  0.012124 | 1.700451 |  0.152717 | 0.050000 |   11 |  1.960168 |  8.118316 |  0.000000 | 14.526553 | 1165 |  80.570312 |     16.097656 |        nan |  23.562500 | 244.000000 | 63.000000 |   0.000000 | 138.000000
 3314 | 3314 | Predict | -0.395043 | -0.067038 |  0.011458 | 1.700451 |  0.152717 | 0.050000 |   11 |  1.960168 |  8.118316 |  0.000000 | 14.526553 | 1165 |  80.570312 |     16.097656 |        nan |  23.562500 | 244.000000 | 63.000000 |   0.000000 | 138.000000
 3315 | 3315 | Predict | -0.392649 | -0.059855 |  0.011325 | 1.700451 |  0.152717 | 0.050000 |   11 |  1.960168 |  8.118316 |  0.000000 | 14.526553 | 1166 |  80.570312 |     16.097656 |        nan |  23.562500 | 244.000000 | 63.000000 |   0.000000 | 138.000000
 3316 | 3316 | Update  | -0.403423 | -0.069432 |  0.012124 | 1.700640 |  0.146127 | 0.050000 |   11 |  1.919116 |  8.108274 |  0.000000 | 14.526480 | 1166 | 120.531250 |     16.441406 |        nan |  50.621094 | 244.000000 | 63.000000 |   0.000000 | 138.000000
 3317 | 3317 | Predict | -0.393846 | -0.067038 |  0.010792 | 1.700640 |  0.146127 | 0.050000 |   11 |  1.919116 |  8.108274 |  0.000000 | 14.526480 | 1166 | 120.531250 |     16.441406 |        nan |  50.621094 | 244.000000 | 63.000000 |   0.000000 | 138.000000
 3318 | 3318 | Update  | -0.383072 | -0.062249 |  0.011858 | 1.733012 |  0.414164 | 0.050000 |    7 |  1.956381 |  8.078157 | 11.939926 | 14.636681 | 1166 |  78.914062 |     10.699219 |   8.523438 |  23.171875 | 244.000000 | 63.000000 | 138.000000 | 138.000000
 3319 | 3319 | Predict | -0.380678 | -0.059855 |  0.011724 | 1.733012 |  0.414164 | 0.050000 |    7 |  1.956381 |  8.078157 | 11.939926 | 14.636681 | 1167 |  78.914062 |     10.699219 |   8.523438 |  23.171875 | 244.000000 | 63.000000 | 138.000000 | 138.000000
 3320 | 3320 | Predict | -0.389058 | -0.071826 |  0.010259 | 1.733012 |  0.414164 | 0.050000 |    7 |  1.956381 |  8.078157 | 11.939926 | 14.636681 | 1167 |  78.914062 |     10.699219 |   8.523438 |  23.171875 | 244.000000 | 63.000000 | 138.000000 | 138.000000
 3321 | 3321 | Predict | -0.396240 | -0.053870 |  0.010925 | 1.733012 |  0.414164 | 0.050000 |    7 |  1.956381 |  8.078157 | 11.939926 | 14.636681 | 1168 |  78.914062 |     10.699219 |   8.523438 |  23.171875 | 244.000000 | 63.000000 | 138.000000 | 138.000000
 3322 | 3322 | Predict | -0.397437 | -0.076614 |  0.010925 | 1.733012 |  0.414164 | 0.050000 |    7 |  1.956381 |  8.078157 | 11.939926 | 14.636681 | 1169 |  78.914062 |     10.699219 |   8.523438 |  23.171875 | 244.000000 | 63.000000 | 138.000000 | 138.000000
 3323 | 3323 | Predict | -0.392649 | -0.090980 |  0.010259 | 1.733012 |  0.414164 | 0.050000 |    7 |  1.956381 |  8.078157 | 11.939926 | 14.636681 | 1169 |  78.914062 |     10.699219 |   8.523438 |  23.171875 | 244.000000 | 63.000000 | 138.000000 | 138.000000
 3324 | 3324 | Predict | -0.403423 | -0.044293 |  0.011325 | 1.733012 |  0.414164 | 0.050000 |    7 |  1.956381 |  8.078157 | 11.939926 | 14.636681 | 1170 |  78.914062 |     10.699219 |   8.523438 |  23.171875 | 244.000000 | 63.000000 | 138.000000 | 138.000000
 3325 | 3325 | Update  | -0.403423 | -0.079009 |  0.011724 | 1.721607 |  0.405041 | 0.050000 |    7 |  1.898644 |  8.078161 | 11.939927 | 14.586630 | 1170 |  74.109375 |     11.828125 |  14.058594 |  22.480469 | 244.000000 | 63.000000 | 138.000000 | 138.000000
 3326 | 3326 | Predict | -0.386664 | -0.070629 |  0.011591 | 1.721607 |  0.405041 | 0.050000 |    7 |  1.898644 |  8.078161 | 11.939927 | 14.586630 | 1170 |  74.109375 |     11.828125 |  14.058594 |  22.480469 | 244.000000 | 63.000000 | 138.000000 | 138.000000
 3327 | 3327 | Update  | -0.393846 | -0.064643 |  0.011724 | 1.726036 |  0.334924 | 0.050000 |    7 |  1.921666 |  8.078254 | 12.015018 | 14.576605 | 1170 |  88.417969 |     11.445312 |  15.343750 |  23.472656 | 244.000000 | 63.000000 | 138.000000 | 138.000000
 3328 | 3328 | Update  | -0.386664 | -0.080206 |  0.011058 | 1.657764 |  0.145158 | 0.051000 |   11 |  1.997259 |  8.178453 |  0.000000 | 14.566579 | 1170 | 112.628906 |     16.128906 |   0.000000 |  22.617188 | 244.000000 | 63.000000 |   0.000000 | 138.000000
 3329 | 3329 | Predict | -0.397437 | -0.071826 |  0.010792 | 1.657764 |  0.145158 | 0.050000 |   11 |  1.997259 |  8.178453 |  0.000000 | 14.566579 | 1170 | 112.628906 |     16.128906 |   0.000000 |  22.617188 | 244.000000 | 63.000000 |   0.000000 | 138.000000
 3330 | 3330 | Update  | -0.409408 | -0.073023 |  0.010925 | 1.539515 |  0.198954 | 0.050000 |   14 |  1.914050 |  8.098236 | 12.015018 | 14.476427 | 1170 |  43.765625 |      8.531250 |  10.980469 |  13.464844 | 244.000000 | 63.000000 | 138.000000 | 138.000000
 3331 | 3331 | Update  | -0.396240 | -0.076614 |  0.010925 | 1.536290 |  0.263436 | 0.050000 |   14 |  1.969186 |  8.088197 | 11.939927 | 14.416348 | 1170 | 114.007812 |     17.332031 |  21.691406 |  27.277344 | 244.000000 | 63.000000 | 138.000000 | 138.000000
 3332 | 3332 | Predict | -0.398635 | -0.069432 |  0.011991 | 1.536290 |  0.263436 | 0.050000 |   14 |  1.969186 |  8.088197 | 11.939927 | 14.416348 | 1170 | 114.007812 |     17.332031 |  21.691406 |  27.277344 | 244.000000 | 63.000000 | 138.000000 | 138.000000
 3333 | 3333 | Update  | -0.391452 | -0.065841 |  0.009992 | 1.726394 |  0.185557 | 0.050000 |   11 |  1.923078 |  8.078157 |  0.000000 | 14.476500 | 1170 | 131.609375 |     21.257812 |        nan |  38.562500 | 244.000000 | 63.000000 |   0.000000 | 138.000000
 3334 | 3334 | Predict | -0.408211 | -0.069432 |  0.011591 | 1.726394 |  0.185557 | 0.050000 |   11 |  1.923078 |  8.078157 |  0.000000 | 14.476500 | 1171 | 131.609375 |     21.257812 |        nan |  38.562500 | 244.000000 | 63.000000 |   0.000000 | 138.000000
 3335 | 3335 | Predict | -0.403423 | -0.075417 |  0.010525 | 1.726394 |  0.185557 | 0.050000 |   11 |  1.923078 |  8.078157 |  0.000000 | 14.476500 | 1171 | 131.609375 |     21.257812 |        nan |  38.562500 | 244.000000 | 63.000000 |   0.000000 | 138.000000
 3336 | 3336 | Update  | -0.385466 | -0.082600 |  0.011591 | 1.678615 |  0.410677 | 0.050000 |    7 |  1.934515 |  8.138390 | 11.939926 | 14.516527 | 1171 | 117.250000 |     15.746094 |  27.191406 |  28.179688 | 244.000000 | 63.000000 | 138.000000 | 138.000000
 3337 | 3337 | Predict | -0.403423 | -0.071826 |  0.011991 | 1.678615 |  0.410677 | 0.051000 |    7 |  1.934515 |  8.138390 | 11.939926 | 14.516527 | 1172 | 117.250000 |     15.746094 |  27.191406 |  28.179688 | 244.000000 | 63.000000 | 138.000000 | 138.000000
 3338 | 3338 | Predict | -0.379481 | -0.061052 |  0.011858 | 1.678615 |  0.410677 | 0.050000 |    7 |  1.934515 |  8.138390 | 11.939926 | 14.516527 | 1172 | 117.250000 |     15.746094 |  27.191406 |  28.179688 | 244.000000 | 63.000000 | 138.000000 | 138.000000
 3339 | 3339 | Predict | -0.416591 | -0.067038 |  0.011325 | 1.678615 |  0.410677 | 0.050000 |    7 |  1.934515 |  8.138390 | 11.939926 | 14.516527 | 1173 | 117.250000 |     15.746094 |  27.191406 |  28.179688 | 244.000000 | 63.000000 | 138.000000 | 138.000000
 3340 | 3340 | Predict | -0.405817 | -0.069432 |  0.011058 | 1.678615 |  0.410677 | 0.050000 |    7 |  1.934515 |  8.138390 | 11.939926 | 14.516527 | 1174 | 117.250000 |     15.746094 |  27.191406 |  28.179688 | 244.000000 | 63.000000 | 138.000000 | 138.000000
 3341 | 3341 | Predict | -0.395043 | -0.074220 |  0.009992 | 1.678615 |  0.410677 | 0.050000 |    7 |  1.934515 |  8.138390 | 11.939926 | 14.516527 | 1174 | 117.250000 |     15.746094 |  27.191406 |  28.179688 | 244.000000 | 63.000000 | 138.000000 | 138.000000
 3342 | 3342 | Update  | -0.399832 | -0.081403 |  0.010525 | 1.753422 |  0.404034 | 0.050000 |    7 |  1.892162 |  8.038101 | 11.939927 | 14.506501 | 1174 |  98.925781 |     15.812500 |  20.343750 |  24.835938 | 244.000000 | 63.000000 | 138.000000 | 138.000000
 3343 | 3343 | Update  | -0.416591 | -0.055067 |  0.011991 | 1.744095 |  0.263520 | 0.050000 |    7 |  1.843409 |  8.038098 | 12.075109 | 14.486452 | 1174 |  53.335938 |      8.558594 |  21.644531 |  24.882812 | 244.000000 | 63.000000 | 138.000000 | 138.000000
 3344 | 3344 | Predict | -0.392649 | -0.083797 |  0.011325 | 1.744095 |  0.263520 | 0.050000 |    7 |  1.843409 |  8.038098 | 12.075109 | 14.486452 | 1174 |  53.335938 |      8.558594 |  21.644531 |  24.882812 | 244.000000 | 63.000000 | 138.000000 | 138.000000
 3345 | 3345 | Predict | -0.398635 | -0.071826 |  0.011325 | 1.744095 |  0.263520 | 0.050000 |    7 |  1.843409 |  8.038098 | 12.075109 | 14.486452 | 1175 |  53.335938 |      8.558594 |  21.644531 |  24.882812 | 244.000000 | 63.000000 | 138.000000 | 138.000000
 3346 | 3346 | Update  | -0.405817 | -0.061052 |  0.010792 | 1.727664 |  0.270194 | 0.050000 |    7 |  1.887059 |  8.068122 | 12.075109 | 14.566579 | 1175 | 107.304688 |     19.582031 |  36.523438 |  35.082031 | 244.000000 | 63.000000 | 138.000000 | 138.000000
 3347 | 3347 | Predict | -0.403423 | -0.079009 |  0.009992 | 1.727664 |  0.270194 | 0.050000 |    7 |  1.887059 |  8.068122 | 12.075109 | 14.566579 | 1175 | 107.304688 |     19.582031 |  36.523438 |  35.082031 | 244.000000 | 63.000000 | 138.000000 | 138.000000
 3348 | 3348 | Update  | -0.392649 | -0.083797 |  0.011058 | 1.539198 |  0.119484 | 0.050000 |   14 |  1.934515 |  8.068217 | 12.075109 | 14.526552 | 1175 |  96.785156 |     18.164062 |  31.191406 |  35.261719 | 244.000000 | 63.000000 | 138.000000 | 138.000000
 3349 | 3349 | Predict | -0.390255 | -0.075417 |  0.010792 | 1.539198 |  0.119484 | 0.050000 |   14 |  1.934515 |  8.068217 | 12.075109 | 14.526552 | 1176 |  96.785156 |     18.164062 |  31.191406 |  35.261719 | 244.000000 | 63.000000 | 138.000000 | 138.000000
 3350 | 3350 | Predict | -0.404620 | -0.086191 |  0.011591 | 1.539198 |  0.119484 | 0.050000 |   14 |  1.934515 |  8.068217 | 12.075109 | 14.526552 | 1176 |  96.785156 |     18.164062 |  31.191406 |  35.261719 | 244.000000 | 63.000000 | 138.000000 | 138.000000
 3351 | 3351 | Update  | -0.393846 | -0.081403 |  0.011458 | 1.676708 |  0.389099 | 0.050000 |    7 |  1.793277 |  8.108274 | 11.939926 | 14.446424 | 1176 |  64.125000 |     11.312500 |  16.066406 |  15.015625 | 244.000000 | 63.000000 | 138.000000 | 138.000000
 3352 | 3352 | Predict | -0.408211 | -0.073023 |  0.010792 | 1.676708 |  0.389099 | 0.050000 |    7 |  1.793277 |  8.108274 | 11.939926 | 14.446424 | 1177 |  64.125000 |     11.312500 |  16.066406 |  15.015625 | 244.000000 | 63.000000 | 138.000000 | 138.000000
 3353 | 3353 | Predict | -0.399832 | -0.069432 |  0.011724 | 1.676708 |  0.389099 | 0.050000 |    7 |  1.793277 |  8.108274 | 11.939926 | 14.446424 | 1178 |  64.125000 |     11.312500 |  16.066406 |  15.015625 | 244.000000 | 63.000000 | 138.000000 | 138.000000
 3354 | 3354 | Predict | -0.397437 | -0.073023 |  0.010792 | 1.676708 |  0.389099 | 0.050000 |    7 |  1.793277 |  8.108274 | 11.939926 | 14.446424 | 1178 |  64.125000 |     11.312500 |  16.066406 |  15.015625 | 244.000000 | 63.000000 | 138.000000 | 138.000000
 3355 | 3355 | Predict | -0.391452 | -0.083797 |  0.011458 | 1.676708 |  0.389099 | 0.050000 |    7 |  1.793277 |  8.108274 | 11.939926 | 14.446424 | 1179 |  64.125000 |     11.312500 |  16.066406 |  15.015625 | 244.000000 | 63.000000 | 138.000000 | 138.000000
 3356 | 3356 | Predict | -0.399832 | -0.051475 |  0.012124 | 1.676708 |  0.389099 | 0.050000 |    7 |  1.793277 |  8.108274 | 11.939926 | 14.446424 | 1179 |  64.125000 |     11.312500 |  16.066406 |  15.015625 | 244.000000 | 63.000000 | 138.000000 | 138.000000
 3357 | 3357 | Update  | -0.409408 | -0.067038 |  0.011591 | 1.659798 |  0.269214 | 0.050000 |    7 |  1.880713 |  8.148338 | 12.075109 |  0.000000 | 1179 |  61.792969 |      5.832031 |  18.082031 |   0.000000 | 244.000000 | 63.000000 | 138.000000 |   0.000000
 3358 | 3358 | Update  | -0.403423 | -0.049081 |  0.011724 | 1.692183 |  0.341054 | 0.050000 |    7 |  1.960201 |  8.128258 | 12.015018 |  0.000000 | 1179 | 121.761719 |     15.660156 |  24.246094 |   0.000000 | 244.000000 | 63.000000 | 138.000000 |   0.000000
 3359 | 3359 | Predict | -0.405817 | -0.055067 |  0.010126 | 1.692183 |  0.341054 | 0.050000 |    7 |  1.960201 |  8.128258 | 12.015018 |  0.000000 | 1180 | 121.761719 |     15.660156 |  24.246094 |   0.000000 | 244.000000 | 63.000000 | 138.000000 |   0.000000
 3360 | 3360 | Predict | -0.389058 | -0.073023 |  0.012257 | 1.692183 |  0.341054 | 0.051000 |    7 |  1.960201 |  8.128258 | 12.015018 |  0.000000 | 1180 | 121.761719 |     15.660156 |  24.246094 |   0.000000 | 244.000000 | 63.000000 | 138.000000 |   0.000000
 3361 | 3361 | Predict | -0.416591 | -0.076614 |  0.011458 | 1.692183 |  0.341054 | 0.050000 |    7 |  1.960201 |  8.128258 | 12.015018 |  0.000000 | 1181 | 121.761719 |     15.660156 |  24.246094 |   0.000000 | 244.000000 | 63.000000 | 138.000000 |   0.000000
 3362 | 3362 | Predict | -0.393846 | -0.083797 |  0.010925 | 1.692183 |  0.341054 | 0.050000 |    7 |  1.960201 |  8.128258 | 12.015018 |  0.000000 | 1181 | 121.761719 |     15.660156 |  24.246094 |   0.000000 | 244.000000 | 63.000000 | 138.000000 |   0.000000
 3363 | 3363 | Update  | -0.402226 | -0.059855 |  0.012124 | 1.569021 |  0.149984 | 0.050000 |   14 |  1.937064 |  8.078254 | 12.075109 | 14.506501 | 1181 |  70.617188 |     10.617188 |  14.496094 |  24.191406 | 244.000000 | 63.000000 | 138.000000 | 138.000000
 3364 | 3364 | Update  | -0.393846 | -0.081403 |  0.010792 | 1.777156 |  0.336146 | 0.050000 |    7 |  1.929417 |  8.018114 | 12.015018 | 14.486452 | 1181 | 104.445312 |     15.300781 |  22.234375 |  23.757812 | 244.000000 | 63.000000 | 138.000000 | 138.000000
 3365 | 3365 | Predict | -0.391452 | -0.062249 |  0.010658 | 1.777156 |  0.336146 | 0.050000 |    7 |  1.929417 |  8.018114 | 12.015018 | 14.486452 | 1182 | 104.445312 |     15.300781 |  22.234375 |  23.757812 | 244.000000 | 63.000000 | 138.000000 | 138.000000
 3366 | 3366 | Predict | -0.392649 | -0.071826 |  0.011591 | 1.777156 |  0.336146 | 0.050000 |    7 |  1.929417 |  8.018114 | 12.015018 | 14.486452 | 1182 | 104.445312 |     15.300781 |  22.234375 |  23.757812 | 244.000000 | 63.000000 | 138.000000 | 138.000000
 3367 | 3367 | Update  | -0.389058 | -0.088585 |  0.012524 | 1.770950 |  0.404842 | 0.050000 |    7 |  1.897368 |  8.018021 | 11.939927 | 14.436399 | 1182 |  98.152344 |     15.210938 |  19.148438 |  28.765625 | 244.000000 | 63.000000 | 138.000000 | 138.000000
 3368 | 3368 | Predict | -0.389058 | -0.076614 |  0.009859 | 1.770950 |  0.404842 | 0.050000 |    7 |  1.897368 |  8.018021 | 11.939927 | 14.436399 | 1182 |  98.152344 |     15.210938 |  19.148438 |  28.765625 | 244.000000 | 63.000000 | 138.000000 | 138.000000
 3369 | 3369 | Update  | -0.405817 | -0.079009 |  0.012124 | 1.759641 |  0.328738 | 0.050000 |    7 |  1.881989 |  8.028156 | 12.015018 | 14.476427 | 1182 |  90.824219 |     15.957031 |  23.140625 |  29.449219 | 244.000000 | 63.000000 | 138.000000 | 138.000000
 3370 | 3370 | Predict | -0.384269 | -0.079009 |  0.012524 | 1.759641 |  0.328738 | 0.050000 |    7 |  1.881989 |  8.028156 | 12.015018 | 14.476427 | 1183 |  90.824219 |     15.957031 |  23.140625 |  29.449219 | 244.000000 | 63.000000 | 138.000000 | 138.000000
 3371 | 3371 | Predict | -0.396240 | -0.069432 |  0.011991 | 1.759641 |  0.328738 | 0.050000 |    7 |  1.881989 |  8.028156 | 12.015018 | 14.476427 | 1183 |  90.824219 |     15.957031 |  23.140625 |  29.449219 | 244.000000 | 63.000000 | 138.000000 | 138.000000
 3372 | 3372 | Predict | -0.414197 | -0.065841 |  0.010259 | 1.759641 |  0.328738 | 0.050000 |    7 |  1.881989 |  8.028156 | 12.015018 | 14.476427 | 1184 |  90.824219 |     15.957031 |  23.140625 |  29.449219 | 244.000000 | 63.000000 | 138.000000 | 138.000000
 3373 | 3373 | Update  | -0.392649 | -0.067038 |  0.010792 | 1.726363 |  0.408847 | 0.050000 |    7 |  1.922940 |  8.078161 | 11.939926 | 14.516527 | 1184 |  67.503906 |     14.476562 |  15.238281 |  21.375000 | 244.000000 | 63.000000 | 138.000000 | 138.000000
 3374 | 3374 | Predict | -0.410606 | -0.077812 |  0.011325 | 1.726363 |  0.408847 | 0.050000 |    7 |  1.922940 |  8.078161 | 11.939926 | 14.516527 | 1184 |  67.503906 |     14.476562 |  15.238281 |  21.375000 | 244.000000 | 63.000000 | 138.000000 | 138.000000
 3375 | 3375 | Predict | -0.392649 | -0.058658 |  0.009326 | 1.726363 |  0.408847 | 0.050000 |    7 |  1.922940 |  8.078161 | 11.939926 | 14.516527 | 1185 |  67.503906 |     14.476562 |  15.238281 |  21.375000 | 244.000000 | 63.000000 | 138.000000 | 138.000000
 3376 | 3376 | Predict | -0.396240 | -0.075417 |  0.012257 | 1.726363 |  0.408847 | 0.050000 |    7 |  1.922940 |  8.078161 | 11.939926 | 14.516527 | 1186 |  67.503906 |     14.476562 |  15.238281 |  21.375000 | 244.000000 | 63.000000 | 138.000000 | 138.000000
 3377 | 3377 | Predict | -0.369904 | -0.075417 |  0.011058 | 1.726363 |  0.408847 | 0.050000 |    7 |  1.922940 |  8.078161 | 11.939926 | 14.516527 | 1186 |  67.503906 |     14.476562 |  15.238281 |  21.375000 | 244.000000 | 63.000000 | 138.000000 | 138.000000
 3378 | 3378 | Update  | -0.403423 | -0.050278 |  0.011458 | 1.703712 |  0.270983 | 0.050000 |    7 |  1.892162 |  8.098236 | 12.075109 | 14.566579 | 1186 | 122.039062 |     16.238281 |  32.289062 |  31.324219 | 244.000000 | 63.000000 | 138.000000 | 138.000000
 3379 | 3379 | Update  | -0.378284 | -0.076614 |  0.011058 | 1.714287 |  0.272786 | 0.050000 |    7 |  1.903745 |  8.088200 | 12.075109 | 14.616631 | 1186 |  52.437500 |      7.875000 |  22.554688 |  25.250000 | 244.000000 | 63.000000 | 138.000000 | 138.000000
 3380 | 3380 | Predict | -0.391452 | -0.062249 |  0.012524 | 1.714287 |  0.272786 | 0.050000 |    7 |  1.903745 |  8.088200 | 12.075109 | 14.616631 | 1186 |  52.437500 |      7.875000 |  22.554688 |  25.250000 | 244.000000 | 63.000000 | 138.000000 | 138.000000
 3381 | 3381 | Predict | -0.398635 | -0.064643 |  0.011991 | 1.714287 |  0.272786 | 0.050000 |    7 |  1.903745 |  8.088200 | 12.075109 | 14.616631 | 1187 |  52.437500 |      7.875000 |  22.554688 |  25.250000 | 244.000000 | 63.000000 | 138.000000 | 138.000000
 3382 | 3382 | Update  | -0.391452 | -0.063446 |  0.010658 | 1.692671 |  0.401871 | 0.050000 |    7 |  1.878160 |  8.108277 | 11.939926 | 14.526552 | 1187 |  85.730469 |     10.617188 |  14.148438 |  29.152344 | 244.000000 | 63.000000 | 138.000000 | 138.000000
 3383 | 3383 | Predict | -0.395043 | -0.062249 |  0.010792 | 1.692671 |  0.401871 | 0.050000 |    7 |  1.878160 |  8.108277 | 11.939926 | 14.526552 | 1187 |  85.730469 |     10.617188 |  14.148438 |  29.152344 | 244.000000 | 63.000000 | 138.000000 | 138.000000
 3384 | 3384 | Update  | -0.389058 | -0.055067 |  0.010792 | 1.694661 |  0.403463 | 0.050000 |    7 |  1.888472 |  8.108277 | 11.939926 | 14.626657 | 1187 | 141.421875 |     20.816406 |  36.148438 |  43.007812 | 244.000000 | 63.000000 | 138.000000 | 138.000000
 3385 | 3385 | Update  | -0.384269 | -0.083797 |  0.010259 | 1.694387 |  0.403243 | 0.050000 |    7 |  1.887059 |  8.108277 | 11.939927 | 14.556555 | 1187 | 106.921875 |     19.468750 |  27.027344 |  41.902344 | 244.000000 | 63.000000 | 138.000000 | 138.000000
 3386 | 3386 | Predict | -0.409408 | -0.057461 |  0.011325 | 1.694387 |  0.403243 | 0.050000 |    7 |  1.887059 |  8.108277 | 11.939927 | 14.556555 | 1187 | 106.921875 |     19.468750 |  27.027344 |  41.902344 | 244.000000 | 63.000000 | 138.000000 | 138.000000
 3387 | 3387 | Predict | -0.393846 | -0.083797 |  0.011325 | 1.694387 |  0.403243 | 0.050000 |    7 |  1.887059 |  8.108277 | 11.939927 | 14.556555 | 1188 | 106.921875 |     19.468750 |  27.027344 |  41.902344 | 244.000000 | 63.000000 | 138.000000 | 138.000000
 3388 | 3388 | Update  | -0.384269 | -0.073023 |  0.011991 | 1.764284 |  0.039901 | 0.050000 |   11 |  1.947360 |  8.038096 |  0.000000 | 14.576605 | 1188 |  76.136719 |     12.058594 |        nan |  26.085938 | 244.000000 | 63.000000 |   0.000000 | 138.000000
 3389 | 3389 | Predict | -0.391452 | -0.079009 |  0.012257 | 1.764284 |  0.039901 | 0.050000 |   11 |  1.947360 |  8.038096 |  0.000000 | 14.576605 | 1188 |  76.136719 |     12.058594 |        nan |  26.085938 | 244.000000 | 63.000000 |   0.000000 | 138.000000
 3390 | 3390 | Update  | -0.411803 | -0.073023 |  0.010658 | 1.731572 | -0.048175 | 0.050000 |   11 |  1.907571 |  8.068217 |  0.000000 | 14.666683 | 1188 | 102.156250 |     17.664062 |        nan |  48.835938 | 244.000000 | 63.000000 |   0.000000 | 138.000000
 3391 | 3391 | Predict | -0.405817 | -0.073023 |  0.011991 | 1.731572 | -0.048175 | 0.050000 |   11 |  1.907571 |  8.068217 |  0.000000 | 14.666683 | 1189 | 102.156250 |     17.664062 |        nan |  48.835938 | 244.000000 | 63.000000 |   0.000000 | 138.000000
 3392 | 3392 | Predict | -0.401029 | -0.061052 |  0.012257 | 1.731572 | -0.048175 | 0.050000 |   11 |  1.907571 |  8.068217 |  0.000000 | 14.666683 | 1189 | 102.156250 |     17.664062 |        nan |  48.835938 | 244.000000 | 63.000000 |   0.000000 | 138.000000
 3393 | 3393 | Update  | -0.403423 | -0.045490 |  0.011458 | 1.688268 |  0.027864 | 0.050000 |   11 |  1.941023 |  8.128357 |  0.000000 | 14.636608 | 1189 |  60.824219 |      9.703125 |   0.000000 |  24.437500 | 244.000000 | 63.000000 |   0.000000 | 138.000000
 3394 | 3394 | Update  | -0.396240 | -0.075417 |  0.011724 | 1.647733 |  0.090573 | 0.050000 |   11 |  1.905020 |  8.168411 |  0.000000 | 14.606607 | 1189 |  73.199219 |     10.667969 |   0.000000 |  24.992188 | 244.000000 | 63.000000 |   0.000000 | 138.000000
 3395 | 3395 | Predict | -0.391452 | -0.077812 |  0.009459 | 1.647733 |  0.090573 | 0.050000 |   11 |  1.905020 |  8.168411 |  0.000000 | 14.606607 | 1189 |  73.199219 |     10.667969 |   0.000000 |  24.992188 | 244.000000 | 63.000000 |   0.000000 | 138.000000
 3396 | 3396 | Update  | -0.381875 | -0.052672 |  0.009992 | 1.765206 |  0.021311 | 0.050000 |   11 |  1.910225 |  8.028060 |  0.000000 | 14.586630 | 1189 |  64.203125 |     11.644531 |        nan |  26.187500 | 244.000000 | 63.000000 |   0.000000 | 138.000000
 3397 | 3397 | Update  | -0.396240 | -0.084994 |  0.011058 | 1.688292 |  0.405041 | 0.050000 |    7 |  1.898644 |  8.118312 | 11.939927 | 14.586630 | 1189 | 133.546875 |     17.367188 |  31.000000 |  55.511719 | 244.000000 | 63.000000 | 138.000000 | 138.000000
 3398 | 3398 | Predict | -0.399832 | -0.067038 |  0.011058 | 1.688292 |  0.405041 | 0.050000 |    7 |  1.898644 |  8.118312 | 11.939927 | 14.586630 | 1189 | 133.546875 |     17.367188 |  31.000000 |  55.511719 | 244.000000 | 63.000000 | 138.000000 | 138.000000
 3399 | 3399 | Update  | -0.391452 | -0.056264 |  0.011858 | 1.729405 |  0.007749 | 0.050000 |   11 |  2.020365 |  8.098241 |  0.000000 | 14.636681 | 1189 | 110.406250 |     11.503906 |   0.000000 |  37.394531 | 244.000000 | 63.000000 |   0.000000 | 138.000000
 3400 | 3400 | Update  | -0.386664 | -0.079009 |  0.011191 | 1.836942 |  0.398712 | 0.050000 |    7 |  1.857528 |  7.927856 | 11.939926 |  0.000000 | 1189 | 107.667969 |      8.214844 |  27.214844 |   0.000000 | 244.000000 | 63.000000 | 138.000000 |   0.000000
 3401 | 3401 | Predict | -0.391452 | -0.071826 |  0.011458 | 1.836942 |  0.398712 | 0.050000 |    7 |  1.857528 |  7.927856 | 11.939926 |  0.000000 | 1189 | 107.667969 |      8.214844 |  27.214844 |   0.000000 | 244.000000 | 63.000000 | 138.000000 |   0.000000
 3402 | 3402 | Predict | -0.390255 | -0.074220 |  0.011591 | 1.836942 |  0.398712 | 0.050000 |    7 |  1.857528 |  7.927856 | 11.939926 |  0.000000 | 1190 | 107.667969 |      8.214844 |  27.214844 |   0.000000 | 244.000000 | 63.000000 | 138.000000 |   0.000000
 3403 | 3403 | Update  | -0.393846 | -0.073023 |  0.011991 | 1.539196 |  0.264309 | 0.050000 |   13 |  1.848623 |  8.749554 | 12.075109 | 14.526553 | 1190 | 108.531250 |      5.570312 |  29.386719 |  44.121094 | 244.000000 | 63.000000 | 138.000000 | 138.000000
 3404 | 3404 | Predict | -0.409408 | -0.071826 |  0.011858 | 1.539196 |  0.264309 | 0.050000 |   13 |  1.848623 |  8.749554 | 12.075109 | 14.526553 | 1191 | 108.531250 |      5.570312 |  29.386719 |  44.121094 | 244.000000 | 63.000000 | 138.000000 | 138.000000
 3405 | 3405 | Predict | -0.384269 | -0.061052 |  0.009992 | 1.539196 |  0.264309 | 0.050000 |   13 |  1.848623 |  8.749554 | 12.075109 | 14.526553 | 1191 | 108.531250 |      5.570312 |  29.386719 |  44.121094 | 244.000000 | 63.000000 | 138.000000 | 138.000000
 3406 | 3406 | Predict | -0.399832 | -0.073023 |  0.010792 | 1.539196 |  0.264309 | 0.050000 |   13 |  1.848623 |  8.749554 | 12.075109 | 14.526553 | 1192 | 108.531250 |      5.570312 |  29.386719 |  44.121094 | 244.000000 | 63.000000 | 138.000000 | 138.000000
 3407 | 3407 | Predict | -0.389058 | -0.064643 |  0.011991 | 1.539196 |  0.264309 | 0.050000 |   13 |  1.848623 |  8.749554 | 12.075109 | 14.526553 | 1192 | 108.531250 |      5.570312 |  29.386719 |  44.121094 | 244.000000 | 63.000000 | 138.000000 | 138.000000
 3408 | 3408 | Update  | -0.381875 | -0.062249 |  0.010126 | 1.667689 |  0.028565 | 0.050000 |    7 |  1.878193 |  8.138300 | 12.315463 |  0.000000 | 1192 |  51.546875 |     18.601562 |  14.851562 |   0.000000 | 244.000000 | 63.000000 | 138.000000 |   0.000000
 3409 | 3409 | Update  | -0.407014 | -0.076614 |  0.011591 | 1.713373 |  0.398518 | 0.050000 |    7 |  1.856251 |  8.078257 | 11.939926 | 14.566578 | 1192 | 136.597656 |     18.621094 |  25.648438 |  49.484375 | 244.000000 | 63.000000 | 138.000000 | 138.000000
 3410 | 3410 | Predict | -0.415394 | -0.069432 |  0.011458 | 1.713373 |  0.398518 | 0.050000 |    7 |  1.856251 |  8.078257 | 11.939926 | 14.566578 | 1192 | 136.597656 |     18.621094 |  25.648438 |  49.484375 | 244.000000 | 63.000000 | 138.000000 | 138.000000
 3411 | 3411 | Predict | -0.384269 | -0.081403 |  0.011058 | 1.713373 |  0.398518 | 0.050000 |    7 |  1.856251 |  8.078257 | 11.939926 | 14.566578 | 1193 | 136.597656 |     18.621094 |  25.648438 |  49.484375 | 244.000000 | 63.000000 | 138.000000 | 138.000000
 3412 | 3412 | Update  | -0.392649 | -0.069432 |  0.012790 | 1.715074 |  0.031787 | 0.050000 |   11 |  1.949908 |  8.098241 |  0.000000 | 14.616631 | 1193 | 128.738281 |      6.308594 |   0.000000 |  52.117188 | 244.000000 | 63.000000 |   0.000000 | 138.000000
 3413 | 3413 | Predict | -0.389058 | -0.071826 |  0.011458 | 1.715074 |  0.031787 | 0.050000 |   11 |  1.949908 |  8.098241 |  0.000000 | 14.616631 | 1194 | 128.738281 |      6.308594 |   0.000000 |  52.117188 | 244.000000 | 63.000000 |   0.000000 | 138.000000
 3414 | 3414 | Predict | -0.402226 | -0.051475 |  0.010525 | 1.715074 |  0.031787 | 0.050000 |   11 |  1.949908 |  8.098241 |  0.000000 | 14.616631 | 1194 | 128.738281 |      6.308594 |   0.000000 |  52.117188 | 244.000000 | 63.000000 |   0.000000 | 138.000000
 3415 | 3415 | Predict | -0.396240 | -0.076614 |  0.011325 | 1.715074 |  0.031787 | 0.050000 |   11 |  1.949908 |  8.098241 |  0.000000 | 14.616631 | 1195 | 128.738281 |      6.308594 |   0.000000 |  52.117188 | 244.000000 | 63.000000 |   0.000000 | 138.000000
 3416 | 3416 | Predict | -0.391452 | -0.065841 |  0.010792 | 1.715074 |  0.031787 | 0.050000 |   11 |  1.949908 |  8.098241 |  0.000000 | 14.616631 | 1195 | 128.738281 |      6.308594 |   0.000000 |  52.117188 | 244.000000 | 63.000000 |   0.000000 | 138.000000
 3417 | 3417 | Update  | -0.411803 | -0.080206 |  0.011591 | 1.008966 |  0.638090 | 0.050000 |   11 |  1.908983 |  8.899820 |  0.000000 | 14.576605 | 1195 | 134.316406 |      8.351562 |   0.000000 |  40.066406 | 244.000000 | 63.000000 |   0.000000 | 138.000000
 3418 | 3418 | Predict | -0.384269 | -0.069432 |  0.011325 | 1.008966 |  0.638090 | 0.050000 |   11 |  1.908983 |  8.899820 |  0.000000 | 14.576605 | 1196 | 134.316406 |      8.351562 |   0.000000 |  40.066406 | 244.000000 | 63.000000 |   0.000000 | 138.000000
 3419 | 3419 | Predict | -0.381875 | -0.046687 |  0.009193 | 1.008966 |  0.638090 | 0.050000 |   11 |  1.908983 |  8.899820 |  0.000000 | 14.576605 | 1196 | 134.316406 |      8.351562 |   0.000000 |  40.066406 | 244.000000 | 63.000000 |   0.000000 | 138.000000
 3420 | 3420 | Update  | -0.414197 | -0.113725 |  0.010392 | 0.985646 |  0.712448 | 0.050000 |   11 |  1.883264 |  8.919892 |  0.000000 | 14.526553 | 1196 | 137.382812 |      6.683594 |        nan |  42.984375 | 244.000000 | 63.000000 |   0.000000 | 138.000000
 3421 | 3421 | Predict | -0.404620 | -0.058658 |  0.011991 | 0.985646 |  0.712448 | 0.050000 |   11 |  1.883264 |  8.919892 |  0.000000 | 14.526553 | 1197 | 137.382812 |      6.683594 |        nan |  42.984375 | 244.000000 | 63.000000 |   0.000000 | 138.000000
 3422 | 3422 | Predict | -0.331597 | -0.100556 |  0.014123 | 0.985646 |  0.712448 | 0.050000 |   11 |  1.883264 |  8.919892 |  0.000000 | 14.526553 | 1197 | 137.382812 |      6.683594 |        nan |  42.984375 | 244.000000 | 63.000000 |   0.000000 | 138.000000
 3423 | 3423 | Update  | -0.407014 | -0.064643 |  0.007328 | 1.268295 |  0.448238 | 0.050000 |   14 |  1.922940 |  8.669448 | 11.939926 | 14.596654 | 1197 | 130.742188 |      4.730469 |  25.644531 |  50.894531 | 244.000000 | 63.000000 | 138.000000 | 138.000000
 3424 | 3424 | Predict | -0.389058 | -0.044293 |  0.013456 | 1.268295 |  0.448238 | 0.050000 |   14 |  1.922940 |  8.669448 | 11.939926 | 14.596654 | 1198 | 130.742188 |      4.730469 |  25.644531 |  50.894531 | 244.000000 | 63.000000 | 138.000000 | 138.000000
 3425 | 3425 | Predict | -0.462081 | -0.120907 |  0.013856 | 1.268295 |  0.448238 | 0.050000 |   14 |  1.922940 |  8.669448 | 11.939926 | 14.596654 | 1198 | 130.742188 |      4.730469 |  25.644531 |  50.894531 | 244.000000 | 63.000000 | 138.000000 | 138.000000
 3426 | 3426 | Predict | -0.374693 | -0.038307 |  0.006262 | 1.268295 |  0.448238 | 0.050000 |   14 |  1.922940 |  8.669448 | 11.939926 | 14.596654 | 1199 | 130.742188 |      4.730469 |  25.644531 |  50.894531 | 244.000000 | 63.000000 | 138.000000 | 138.000000
 3427 | 3427 | Update  | -0.380678 | -0.092177 |  0.013856 | 1.223378 |  0.418079 | 0.050000 |   13 |  1.980643 |  0.000000 | 11.939925 | 14.626657 | 1199 |  70.863281 |      5.781250 |  18.781250 |  35.253906 | 244.000000 | 63.000000 | 138.000000 | 138.000000
 3428 | 3428 | Predict | -0.381875 | -0.059855 |  0.009326 | 1.223378 |  0.418079 | 0.050000 |   13 |  1.980643 |  0.000000 | 11.939925 | 14.626657 | 1200 |  70.863281 |      5.781250 |  18.781250 |  35.253906 | 244.000000 | 63.000000 | 138.000000 | 138.000000
 3429 | 3429 | Predict | -0.442927 | -0.062249 |  0.010525 | 1.223378 |  0.418079 | 0.050000 |   13 |  1.980643 |  0.000000 | 11.939925 | 14.626657 | 1200 |  70.863281 |      5.781250 |  18.781250 |  35.253906 | 244.000000 | 63.000000 | 138.000000 | 138.000000
 3430 | 3430 | Predict | -0.530316 | -0.076614 |  0.011325 | 1.223378 |  0.418079 | 0.050000 |   13 |  1.980643 |  0.000000 | 11.939925 | 14.626657 | 1201 |  70.863281 |      5.781250 |  18.781250 |  35.253906 | 244.000000 | 63.000000 | 138.000000 | 138.000000
 3431 | 3431 | Predict | -0.398635 | -0.107739 |  0.016787 | 1.223378 |  0.418079 | 0.050000 |   13 |  1.980643 |  0.000000 | 11.939925 | 14.626657 | 1201 |  70.863281 |      5.781250 |  18.781250 |  35.253906 | 244.000000 | 63.000000 | 138.000000 | 138.000000
 3432 | 3432 | Update  | -0.384269 | -0.107739 |  0.007061 | 1.296222 |  0.658741 | 0.050000 |   14 |  1.867879 |  8.829657 | 11.864830 | 14.516527 | 1201 |  71.882812 |      8.773438 |  19.472656 |  32.089844 | 244.000000 | 63.000000 | 138.000000 | 138.000000
 3433 | 3433 | Update  | -0.367510 | -0.011971 |  0.011058 | 1.311128 |  1.097291 | 0.050000 |   14 |  1.858805 |  9.400663 | 11.864830 | 14.506501 | 1201 |  74.308594 |     10.335938 |  16.878906 |  51.226562 | 244.000000 | 63.000000 | 138.000000 | 138.000000
 3434 | 3434 | Predict | -0.474052 | -0.088585 |  0.015055 | 1.311128 |  1.097291 | 0.050000 |   14 |  1.858805 |  9.400663 | 11.864830 | 14.506501 | 1201 |  74.308594 |     10.335938 |  16.878906 |  51.226562 | 244.000000 | 63.000000 | 138.000000 | 138.000000
 3435 | 3435 | Predict | -0.381875 | -0.098162 |  0.008660 | 1.311128 |  1.097291 | 0.050000 |   14 |  1.858805 |  9.400663 | 11.864830 | 14.506501 | 1202 |  74.308594 |     10.335938 |  16.878906 |  51.226562 | 244.000000 | 63.000000 | 138.000000 | 138.000000
 3436 | 3436 | Predict | -0.350751 | -0.016759 |  0.014522 | 1.311128 |  1.097291 | 0.050000 |   14 |  1.858805 |  9.400663 | 11.864830 | 14.506501 | 1203 |  74.308594 |     10.335938 |  16.878906 |  51.226562 | 244.000000 | 63.000000 | 138.000000 | 138.000000
 3437 | 3437 | Predict | -0.366313 | -0.130484 |  0.010925 | 1.311128 |  1.097291 | 0.050000 |   14 |  1.858805 |  9.400663 | 11.864830 | 14.506501 | 1203 |  74.308594 |     10.335938 |  16.878906 |  51.226562 | 244.000000 | 63.000000 | 138.000000 | 138.000000
 3438 | 3438 | Update  | -0.377087 |  0.071826 |  0.007061 | 0.469464 |  1.155677 | 0.050000 |   11 |  1.847345 |  9.460780 |  0.000000 | 14.496476 | 1203 |  52.843750 |      9.179688 |        nan |  44.523438 | 244.000000 | 63.000000 |   0.000000 | 138.000000
 3439 | 3439 | Update  | -0.336385 | -0.243011 |  0.012524 | 0.595507 |  0.840021 | 0.050000 |   11 |  1.851177 |  9.330604 |  0.000000 | 14.676636 | 1203 |  60.886719 |      8.378906 |   0.000000 |  45.375000 | 244.000000 | 63.000000 |   0.000000 | 138.000000
 3440 | 3440 | Predict | -0.278924 |  0.004788 |  0.005862 | 0.595507 |  0.840021 | 0.050000 |   11 |  1.851177 |  9.330604 |  0.000000 | 14.676636 | 1203 |  60.886719 |      8.378906 |   0.000000 |  45.375000 | 244.000000 | 63.000000 |   0.000000 | 138.000000
 3441 | 3441 | Predict | -0.386664 | -0.028730 |  0.020917 | 0.595507 |  0.840021 | 0.050000 |   11 |  1.851177 |  9.330604 |  0.000000 | 14.676636 | 1204 |  60.886719 |      8.378906 |   0.000000 |  45.375000 | 244.000000 | 63.000000 |   0.000000 | 138.000000
 3442 | 3442 | Update  | -0.357933 | -0.105345 |  0.006395 | 1.446687 |  0.332803 | 0.050000 |   13 |  1.811286 |  9.230436 | 12.000014 | 14.526480 | 1204 | 101.160156 |      9.199219 |  28.523438 |  74.957031 | 244.000000 | 63.000000 | 138.000000 | 138.000000
 3443 | 3443 | Predict | -0.466869 | -0.005986 |  0.010392 | 1.446687 |  0.332803 | 0.050000 |   13 |  1.811286 |  9.230436 | 12.000014 | 14.526480 | 1204 | 101.160156 |      9.199219 |  28.523438 |  74.957031 | 244.000000 | 63.000000 | 138.000000 | 138.000000
 3444 | 3444 | Update  | -0.385466 | -0.106542 |  0.014655 | 1.055165 |  0.462386 | 0.050000 |   11 |  1.865326 |  8.839696 |  0.000000 | 14.686661 | 1204 |  88.542969 |      9.031250 |   0.000000 |  85.539062 | 244.000000 | 63.000000 |   0.000000 | 138.000000
 3445 | 3445 | Update  | -0.260968 | -0.064643 |  0.006928 | 1.367888 |  0.412133 | 0.050000 |   11 |  1.917875 |  8.499098 |  0.000000 | 14.526480 | 1204 |  79.351562 |      4.121094 |        nan |  66.941406 | 244.000000 | 63.000000 |   0.000000 | 138.000000
 3446 | 3446 | Predict | -0.440533 | -0.056264 |  0.013989 | 1.367888 |  0.412133 | 0.050000 |   11 |  1.917875 |  8.499098 |  0.000000 | 14.526480 | 1204 |  79.351562 |      4.121094 |        nan |  66.941406 | 244.000000 | 63.000000 |   0.000000 | 138.000000
 3447 | 3447 | Predict | -0.289698 | -0.118513 |  0.008926 | 1.367888 |  0.412133 | 0.050000 |   11 |  1.917875 |  8.499098 |  0.000000 | 14.526480 | 1205 |  79.351562 |      4.121094 |        nan |  66.941406 | 244.000000 | 63.000000 |   0.000000 | 138.000000
 3448 | 3448 | Update  | -0.561440 |  0.039504 |  0.017320 | 1.080248 |  0.639547 | 0.050000 |   11 |  1.901195 |  8.819620 |  0.000000 | 14.526553 | 1205 |  74.761719 |      8.734375 |        nan |  73.058594 | 244.000000 | 63.000000 |   0.000000 | 138.000000
 3449 | 3449 | Predict | -0.326809 | -0.205901 |  0.010126 | 1.080248 |  0.639547 | 0.050000 |   11 |  1.901195 |  8.819620 |  0.000000 | 14.526553 | 1205 |  74.761719 |      8.734375 |        nan |  73.058594 | 244.000000 | 63.000000 |   0.000000 | 138.000000
 3450 | 3450 | Update  | -0.357933 | -0.007183 |  0.009060 | 1.256288 |  0.381681 | 0.050000 |   11 |  1.839577 |  8.609234 |  0.000000 | 14.616631 | 1205 |  48.804688 |      5.191406 |        nan |  44.890625 | 244.000000 | 63.000000 |   0.000000 | 138.000000
 3451 | 3451 | Update  | -0.452504 | -0.088585 |  0.017320 | 1.268295 |  0.483862 | 0.050000 |   14 |  1.902470 |  8.719434 | 11.939925 | 14.596653 | 1205 |  39.488281 |      5.148438 |   9.398438 |  36.546875 | 244.000000 | 63.000000 | 138.000000 | 138.000000
 3452 | 3452 | Predict | -0.350751 | -0.063446 |  0.003997 | 1.268295 |  0.483862 | 0.050000 |   14 |  1.902470 |  8.719434 | 11.939925 | 14.596653 | 1205 |  39.488281 |      5.148438 |   9.398438 |  36.546875 | 244.000000 | 63.000000 | 138.000000 | 138.000000
 3453 | 3453 | Update  | -0.617704 | -0.041899 |  0.013057 | 1.251637 |  0.383849 | 0.050000 |   11 |  1.907708 |  8.629311 |  0.000000 | 14.626657 | 1205 |  72.621094 |      5.207031 |        nan |  59.218750 | 244.000000 | 63.000000 |   0.000000 | 138.000000
 3454 | 3454 | Update  | -0.233435 | -0.130484 |  0.012657 | 1.287051 |  0.295494 | 0.050000 |   11 |  1.907708 |  8.589163 |  0.000000 | 14.676636 | 1205 |  69.449219 |      6.597656 |   0.000000 |  62.386719 | 244.000000 | 63.000000 |   0.000000 | 138.000000
 3455 | 3455 | Predict | -0.439336 | -0.047884 |  0.009193 | 1.287051 |  0.295494 | 0.050000 |   11 |  1.907708 |  8.589163 |  0.000000 | 14.676636 | 1205 |  69.449219 |      6.597656 |   0.000000 |  62.386719 | 244.000000 | 63.000000 |   0.000000 | 138.000000
 3456 | 3456 | Update  | -0.336385 | -0.056264 |  0.015322 | 1.387881 |  0.254507 | 0.050000 |   11 |  1.930725 |  8.479025 |  0.000000 | 14.646634 | 1205 |  82.804688 |      6.097656 |   0.000000 |  79.011719 | 244.000000 | 63.000000 |   0.000000 | 138.000000
 3457 | 3457 | Predict | -0.442927 | -0.119710 |  0.009992 | 1.387881 |  0.254507 | 0.050000 |   11 |  1.930725 |  8.479025 |  0.000000 | 14.646634 | 1206 |  82.804688 |      6.097656 |   0.000000 |  79.011719 | 244.000000 | 63.000000 |   0.000000 | 138.000000
 3458 | 3458 | Predict | -0.375890 | -0.010774 |  0.012124 | 1.387881 |  0.254507 | 0.050000 |   11 |  1.930725 |  8.479025 |  0.000000 | 14.646634 | 1206 |  82.804688 |      6.097656 |   0.000000 |  79.011719 | 244.000000 | 63.000000 |   0.000000 | 138.000000
 3459 | 3459 | Predict | -0.338780 | -0.135272 |  0.012257 | 1.387881 |  0.254507 | 0.050000 |   11 |  1.930725 |  8.479025 |  0.000000 | 14.646634 | 1207 |  82.804688 |      6.097656 |   0.000000 |  79.011719 | 244.000000 | 63.000000 |   0.000000 | 138.000000
 3460 | 3460 | Predict | -0.487220 | -0.076614 |  0.009726 | 1.387881 |  0.254507 | 0.050000 |   11 |  1.930725 |  8.479025 |  0.000000 | 14.646634 | 1208 |  82.804688 |      6.097656 |   0.000000 |  79.011719 | 244.000000 | 63.000000 |   0.000000 | 138.000000
 3461 | 3461 | Predict | -0.330400 | -0.083797 |  0.011724 | 1.387881 |  0.254507 | 0.050000 |   11 |  1.930725 |  8.479025 |  0.000000 | 14.646634 | 1208 |  82.804688 |      6.097656 |   0.000000 |  79.011719 | 244.000000 | 63.000000 |   0.000000 | 138.000000
 3462 | 3462 | Predict | -0.405817 | -0.108936 |  0.010259 | 1.387881 |  0.254507 | 0.050000 |   11 |  1.930725 |  8.479025 |  0.000000 | 14.646634 | 1209 |  82.804688 |      6.097656 |   0.000000 |  79.011719 | 244.000000 | 63.000000 |   0.000000 | 138.000000
 3463 | 3463 | Predict | -0.355539 | -0.074220 |  0.009992 | 1.387881 |  0.254507 | 0.050000 |   11 |  1.930725 |  8.479025 |  0.000000 | 14.646634 | 1210 |  82.804688 |      6.097656 |   0.000000 |  79.011719 | 244.000000 | 63.000000 |   0.000000 | 138.000000
 3464 | 3464 | Predict | -0.403423 | -0.062249 |  0.009726 | 1.387881 |  0.254507 | 0.050000 |   11 |  1.930725 |  8.479025 |  0.000000 | 14.646634 | 1210 |  82.804688 |      6.097656 |   0.000000 |  79.011719 | 244.000000 | 63.000000 |   0.000000 | 138.000000
 3465 | 3465 | Update  | -0.380678 | -0.154426 |  0.013856 | 1.267524 |  0.489335 | 0.050000 |   11 |  1.898677 |  8.609327 |  0.000000 | 14.526553 | 1210 |  90.347656 |      8.015625 |        nan |  75.847656 | 244.000000 | 63.000000 |   0.000000 | 138.000000
 3466 | 3466 | Update  | -0.305261 | -0.069432 |  0.007194 | 1.358070 |  0.613270 | 0.050000 |   14 |  1.906296 |  8.799644 | 11.939927 | 14.536504 | 1210 |  46.687500 |      8.515625 |  12.664062 |  44.593750 | 244.000000 | 63.000000 | 138.000000 | 138.000000
 3467 | 3467 | Predict | -0.384269 | -0.052672 |  0.013057 | 1.358070 |  0.613270 | 0.050000 |   14 |  1.906296 |  8.799644 | 11.939927 | 14.536504 | 1210 |  46.687500 |      8.515625 |  12.664062 |  44.593750 | 244.000000 | 63.000000 | 138.000000 | 138.000000
 3468 | 3468 | Update  | -0.383072 | -0.082600 |  0.012923 | 1.355491 |  0.244390 | 0.050000 |   11 |  1.853731 |  8.499102 |  0.000000 | 14.666684 | 1210 |  72.050781 |      7.000000 |   0.000000 |  62.394531 | 244.000000 | 63.000000 |   0.000000 | 138.000000
 3469 | 3469 | Update  | -0.387861 | -0.087388 |  0.008527 | 1.186343 |  0.373558 | 0.050000 |   11 |  1.892195 |  8.699459 |  0.000000 | 14.676708 | 1210 |  53.652344 |      6.429688 |   0.000000 |  48.492188 | 244.000000 | 63.000000 |   0.000000 | 138.000000
 3470 | 3470 | Predict | -0.381875 | -0.009577 |  0.014389 | 1.186343 |  0.373558 | 0.050000 |   11 |  1.892195 |  8.699459 |  0.000000 | 14.676708 | 1211 |  53.652344 |      6.429688 |   0.000000 |  48.492188 | 244.000000 | 63.000000 |   0.000000 | 138.000000
 3471 | 3471 | Predict | -0.422577 | -0.135272 |  0.011591 | 1.186343 |  0.373558 | 0.050000 |   11 |  1.892195 |  8.699459 |  0.000000 | 14.676708 | 1211 |  53.652344 |      6.429688 |   0.000000 |  48.492188 | 244.000000 | 63.000000 |   0.000000 | 138.000000
 3472 | 3472 | Update  | -0.408211 | -0.016759 |  0.008660 | 1.618670 |  0.081418 | 0.050000 |   11 |  1.928176 |  8.208472 |  0.000000 | 14.636681 | 1211 | 113.664062 |     13.218750 |   0.000000 |  68.242188 | 244.000000 | 63.000000 |   0.000000 | 138.000000
 3473 | 3473 | Predict | -0.208296 | -0.168791 |  0.013456 | 1.618670 |  0.081418 | 0.050000 |   11 |  1.928176 |  8.208472 |  0.000000 | 14.636681 | 1211 | 113.664062 |     13.218750 |   0.000000 |  68.242188 | 244.000000 | 63.000000 |   0.000000 | 138.000000
 3474 | 3474 | Update  | -0.237026 | -0.040701 |  0.009459 | 1.605821 |  0.166961 | 0.050000 |   11 |  1.948634 |  8.228558 |  0.000000 | 14.576532 | 1211 |  48.625000 |      6.113281 |        nan |  27.652344 | 244.000000 | 63.000000 |   0.000000 | 138.000000
 3475 | 3475 | Update  | -0.466869 | -0.038307 |  0.015988 | 1.704727 |  0.478112 | 0.050000 |    7 |  1.897401 |  8.098239 | 11.864830 | 14.576532 | 1211 |  62.476562 |      6.519531 |  20.718750 |  38.007812 | 244.000000 | 63.000000 | 138.000000 | 138.000000
 3476 | 3476 | Predict | -0.478840 | -0.135272 |  0.008926 | 1.704727 |  0.478112 | 0.050000 |    7 |  1.897401 |  8.098239 | 11.864830 | 14.576532 | 1211 |  62.476562 |      6.519531 |  20.718750 |  38.007812 | 244.000000 | 63.000000 | 138.000000 | 138.000000
 3477 | 3477 | Predict | -0.365116 | -0.095768 |  0.009859 | 1.704727 |  0.478112 | 0.050000 |    7 |  1.897401 |  8.098239 | 11.864830 | 14.576532 | 1212 |  62.476562 |      6.519531 |  20.718750 |  38.007812 | 244.000000 | 63.000000 | 138.000000 | 138.000000
 3478 | 3478 | Update  | -0.371101 | -0.051475 |  0.016121 | 1.687302 |  0.404253 | 0.050000 |    7 |  1.893575 |  8.118318 | 11.939927 | 14.566507 | 1212 |  78.011719 |     13.968750 |  15.742188 |  68.050781 | 244.000000 | 63.000000 | 138.000000 | 138.000000
 3479 | 3479 | Predict | -0.411803 | -0.084994 |  0.007861 | 1.687302 |  0.404253 | 0.050000 |    7 |  1.893575 |  8.118318 | 11.939927 | 14.566507 | 1212 |  78.011719 |     13.968750 |  15.742188 |  68.050781 | 244.000000 | 63.000000 | 138.000000 | 138.000000
